Record_ID,Tarikh,Tahun,Bulan,Bulan_No,Suku_Tahun,Daerah,Wilayah,Nama_Loji,Jenis_Kawasan,Kapasiti_Loji_m3_hari,Umur_Loji_Tahun,Populasi_Dilayan,Akaun_Pelanggan,Pengeluaran_m3,Bil_Domestik_m3,Bil_Komersial_m3,Bil_Industri_m3,Bahagian_Kehilangan_Fizikal,Tarif_Purata_RM_m3,Tenaga_kWh,Tarif_Tenaga_RM_kWh,Kos_Kimia_RM,Kos_Penyelenggaraan_RM,Bil_Kakitangan,Panjang_Paip_km,Kejadian_Pecah_Paip,Umur_Meter_Purata_Tahun,Aduan_Pelanggan,Jam_Gangguan_Bekalan,Tekanan_Purata_bar,Hujan_mm,Suhu_Purata_C,Kekeruhan_Air_Mentah_NTU,Pematuhan_Kualiti_Air_pct,Jumlah_Dibilkan_m3,NRW_m3,NRW_Peratus,Kehilangan_Fizikal_m3,Kehilangan_Komersial_m3,Penggunaan_Kapasiti_pct,Hasil_Bil_RM,Kos_Tenaga_RM,Jumlah_Kos_Operasi_RM,Kos_per_m3_RM,Margin_Operasi_pct,Hasil_per_Akaun_RM,NRW_per_km_m3,Penggunaan_per_Kapita_L_hari,Kecekapan_Tenaga_kWh_m3
1,01/01/2023,2023,Jan,1,Q1,KUANTAN,PANTAI TIMUR,SEMAMBU,Bandar,"286,400",14,"733,316","169,563","5,807,521","2,579,319","839,317","681,382",61.5%,1.280,"2,642,255",0.3681,"471,135","124,720",94,437,17,8.6,237,74.6,3.38,226,26.9,19.6,98.6,"4,100,018","1,707,503",29.4%,"1,050,114","657,389",65.4%,"5,248,023.04","972,614.07","1,568,469.07",0.270,70.1%,30.95,"3,907.3",180.4,0.455
2,01/02/2023,2023,Feb,2,Q1,KUANTAN,PANTAI TIMUR,SEMAMBU,Bandar,"286,400",14,"733,316","170,836","5,574,113","2,316,879","799,497","729,220",61.5%,1.280,"2,625,639",0.3849,"360,830","88,705",94,437,20,8.6,340,53.2,2.97,168,26.8,23.2,96.8,"3,845,596","1,728,517",31.0%,"1,063,038","665,479",69.5%,"4,922,362.88","1,010,608.45","1,460,143.45",0.262,70.3%,28.81,"3,955.4",187.3,0.471
3,01/03/2023,2023,Mar,3,Q1,KUANTAN,PANTAI TIMUR,SEMAMBU,Bandar,"286,400",14,"733,316","168,988","5,986,163","2,619,454","910,520","728,822",61.5%,1.280,"2,945,064",0.3671,"439,705","96,858",94,437,10,8.6,216,45.4,2.07,130,27.5,19.4,98.5,"4,258,796","1,727,367",28.9%,"1,062,331","665,036",67.4%,"5,451,258.88","1,081,132.99","1,617,695.99",0.270,70.3%,32.26,"3,952.8",187.3,0.492
4,01/04/2023,2023,Apr,4,Q2,KUANTAN,PANTAI TIMUR,SEMAMBU,Bandar,"286,400",14,"733,316","167,250","6,159,167","2,822,115","841,107","687,616",61.5%,1.280,"3,022,003",0.3769,"511,265","75,044",94,437,10,8.6,304,46.4,2.13,185,27.7,22.6,97.7,"4,350,838","1,808,329",29.4%,"1,112,122","696,207",71.7%,"5,569,072.64","1,138,992.93","1,725,301.93",0.280,69.0%,33.30,"4,138.1",197.8,0.491
5,01/05/2023,2023,May,5,Q2,KUANTAN,PANTAI TIMUR,SEMAMBU,Bandar,"286,400",14,"733,316","179,994","6,279,624","2,640,062","1,051,301","708,811",61.5%,1.280,"2,883,733",0.3831,"489,287","93,770",94,437,12,8.6,247,44.7,3.07,152,27.8,22.4,100,"4,400,174","1,879,450",29.9%,"1,155,862","723,588",70.7%,"5,632,222.72","1,104,758.11","1,687,815.11",0.269,70.0%,31.29,"4,300.8",193.6,0.459
6,01/06/2023,2023,Jun,6,Q2,KUANTAN,PANTAI TIMUR,SEMAMBU,Bandar,"286,400",14,"733,316","165,707","6,581,193","2,835,750","1,001,433","911,233",61.5%,1.280,"2,877,882",0.3823,"434,382","96,177",94,437,17,8.6,122,43.9,2.31,207,28.6,16.7,96.9,"4,748,416","1,832,777",27.8%,"1,127,158","705,619",76.6%,"6,077,972.48","1,100,214.29","1,630,773.29",0.248,73.2%,36.68,"4,194.0",215.8,0.437
7,01/07/2023,2023,Jul,7,Q3,KUANTAN,PANTAI TIMUR,SEMAMBU,Bandar,"286,400",14,"733,316","165,488","6,434,086","2,586,659","1,060,391","911,294",61.5%,1.280,"2,879,205",0.3825,"541,407","120,262",94,437,20,8.6,142,42.1,3.34,157,27.9,21.4,99.7,"4,558,344","1,875,742",29.2%,"1,153,581","722,161",72.5%,"5,834,680.32","1,101,295.91","1,762,964.91",0.274,69.8%,35.26,"4,292.3",200.5,0.447
8,01/08/2023,2023,Aug,8,Q3,KUANTAN,PANTAI TIMUR,SEMAMBU,Bandar,"286,400",14,"733,316","168,138","6,638,370","2,971,412","1,063,961","780,181",61.5%,1.280,"3,163,077",0.3760,"468,201","113,503",94,437,18,8.6,296,53.5,3.2,164,28.2,30,98.2,"4,815,554","1,822,816",27.5%,"1,121,032","701,784",74.8%,"6,163,909.12","1,189,316.95","1,771,020.95",0.267,71.3%,36.66,"4,171.2",211.8,0.476
9,01/09/2023,2023,Sep,9,Q3,KUANTAN,PANTAI TIMUR,SEMAMBU,Bandar,"286,400",14,"733,316","170,943","6,308,476","2,779,894","969,297","887,605",61.5%,1.280,"2,766,888",0.3827,"477,051","104,875",94,437,16,8.6,275,31.4,2.32,190,26.8,25.5,98.2,"4,636,796","1,671,680",26.5%,"1,028,083","643,597",73.4%,"5,935,098.88","1,058,888.04","1,640,814.04",0.260,72.4%,34.72,"3,825.4",210.8,0.439
10,01/10/2023,2023,Oct,10,Q4,KUANTAN,PANTAI TIMUR,SEMAMBU,Bandar,"286,400",14,"733,316","177,222","6,418,196","2,774,723","880,424","988,217",61.5%,1.280,"2,840,354",0.3819,"542,677","96,887",94,437,22,8.6,345,98,2.16,194,26.6,35,99.3,"4,643,364","1,774,832",27.7%,"1,091,522","683,310",72.3%,"5,943,505.92","1,084,731.19","1,724,295.19",0.269,71.0%,33.54,"4,061.4",204.3,0.443
11,01/11/2023,2023,Nov,11,Q4,KUANTAN,PANTAI TIMUR,SEMAMBU,Bandar,"286,400",14,"733,316","170,243","6,055,184","2,570,961","1,001,910","785,027",61.5%,1.280,"2,781,727",0.3811,"429,438","121,466",94,437,21,8.6,229,56.5,1.86,552,27.1,37.4,98.7,"4,357,898","1,697,286",28.0%,"1,043,831","653,455",70.5%,"5,578,109.44","1,060,116.16","1,611,020.16",0.266,71.1%,32.77,"3,883.9",198.1,0.459
12,01/12/2023,2023,Dec,12,Q4,KUANTAN,PANTAI TIMUR,SEMAMBU,Bandar,"286,400",14,"733,316","171,210","5,648,538","2,191,425","916,479","855,784",61.5%,1.280,"2,701,426",0.3727,"374,628","89,601",94,437,16,8.6,187,32.6,2.55,569,26.1,40.2,98.5,"3,963,688","1,684,850",29.8%,"1,036,183","648,667",63.6%,"5,073,520.64","1,006,821.47","1,471,050.47",0.260,71.0%,29.63,"3,855.5",174.4,0.478
13,01/01/2024,2024,Jan,1,Q1,KUANTAN,PANTAI TIMUR,SEMAMBU,Bandar,"286,400",15,"751,080","180,053","5,946,214","2,586,738","985,173","776,177",61.5%,1.280,"2,715,191",0.3917,"458,408","113,057",94,437,15,9.6,259,73.2,2.07,154,26.4,26.7,99.2,"4,348,088","1,598,126",26.9%,"982,847","615,279",67.0%,"5,565,552.64","1,063,540.31","1,635,005.31",0.275,70.6%,30.91,"3,657.0",186.7,0.457
14,01/02/2024,2024,Feb,2,Q1,KUANTAN,PANTAI TIMUR,SEMAMBU,Bandar,"286,400",15,"751,080","170,672","5,782,752","2,474,432","908,064","851,228",61.5%,1.280,"2,751,024",0.3921,"490,730","94,666",94,437,9,9.6,223,38.3,1.85,169,27.8,19.6,99.9,"4,233,724","1,549,028",26.8%,"952,652","596,376",69.6%,"5,419,166.72","1,078,676.51","1,664,072.51",0.288,69.3%,31.75,"3,544.7",194.4,0.476
15,01/03/2024,2024,Mar,3,Q1,KUANTAN,PANTAI TIMUR,SEMAMBU,Bandar,"286,400",15,"751,080","175,113","6,738,908","3,011,908","919,135","856,219",61.5%,1.280,"3,302,736",0.3821,"501,800","84,498",94,437,10,9.6,307,43.7,2.35,188,27.3,,96.9,"4,787,262","1,951,646",29.0%,"1,200,262","751,384",75.9%,"6,127,695.36","1,261,975.43","1,848,273.43",0.274,69.8%,34.99,"4,466.0",205.6,0.490
16,01/04/2024,2024,Apr,4,Q2,KUANTAN,PANTAI TIMUR,SEMAMBU,Bandar,"286,400",15,"751,080","173,111","6,088,051","2,655,176","937,121","790,485",61.5%,1.280,"2,851,133",0.3951,"485,847","96,671",94,437,8,9.6,237,17.5,1.98,212,27.7,29.5,98.1,"4,382,782","1,705,269",28.0%,"1,048,740","656,529",70.9%,"5,609,960.96","1,126,482.65","1,709,000.65",0.281,69.5%,32.41,"3,902.2",194.5,0.468
17,01/05/2024,2024,May,5,Q2,KUANTAN,PANTAI TIMUR,SEMAMBU,Bandar,"286,400",15,"751,080","184,084","6,790,179","3,179,656","1,083,507","787,125",61.5%,1.280,"3,056,639",0.3945,"556,148","133,349",94,437,20,9.6,145,96.2,2.73,168,29.1,19.7,98.7,"5,050,288","1,739,891",25.6%,"1,070,033","669,858",76.5%,"6,464,368.64","1,205,844.09","1,895,341.09",0.279,70.7%,35.12,"3,981.4",216.9,0.450
18,01/06/2024,2024,Jun,6,Q2,KUANTAN,PANTAI TIMUR,SEMAMBU,Bandar,"286,400",15,"751,080","179,286","6,782,397","2,912,200","1,119,316","1,007,595",61.5%,1.280,"2,961,281",0.3787,"502,695","130,256",94,437,19,9.6,257,40.8,3.37,96,28,,96.8,"5,039,111","1,743,286",25.7%,"1,072,121","671,165",78.9%,"6,450,062.08","1,121,437.11","1,754,388.11",0.259,72.8%,35.98,"3,989.2",223.6,0.437
19,01/07/2024,2024,Jul,7,Q3,KUANTAN,PANTAI TIMUR,SEMAMBU,Bandar,"286,400",15,"751,080","169,473","6,973,373","2,967,810","975,247","1,053,472",61.5%,1.280,"3,171,454",0.3949,"451,912","68,068",94,437,7,9.6,152,21.1,3.17,120,27.5,23.6,97.9,"4,996,529","1,976,844",28.3%,"1,215,759","761,085",78.5%,"6,395,557.12","1,252,407.18","1,772,387.18",0.254,72.3%,37.74,"4,523.7",214.6,0.455
20,01/08/2024,2024,Aug,8,Q3,KUANTAN,PANTAI TIMUR,SEMAMBU,Bandar,"286,400",15,"751,080","182,995","6,933,869","2,951,601","1,033,483","933,578",61.5%,1.280,"3,261,530",0.3939,"538,757","99,506",94,437,12,9.6,176,53.4,3.11,226,28.3,16.2,98.8,"4,918,662","2,015,207",29.1%,"1,239,352","775,855",78.1%,"6,295,887.36","1,284,716.67","1,922,979.67",0.277,69.5%,34.40,"4,611.5",211.3,0.470
21,01/09/2024,2024,Sep,9,Q3,KUANTAN,PANTAI TIMUR,SEMAMBU,Bandar,"286,400",15,"751,080","180,364","6,165,140","2,664,746","1,044,156","691,650",61.5%,1.280,"2,960,329",0.3845,"496,651","129,190",94,437,19,9.6,188,75.4,1.9,226,27,38.9,98.6,"4,400,552","1,764,588",28.6%,"1,085,222","679,366",71.8%,"5,632,706.56","1,138,246.50","1,764,087.50",0.286,68.7%,31.23,"4,038.0",195.3,0.480
22,01/10/2024,2024,Oct,10,Q4,KUANTAN,PANTAI TIMUR,SEMAMBU,Bandar,"286,400",15,"751,080","175,466","6,269,579","2,754,234","1,026,234","943,567",61.5%,1.280,"2,811,611",0.3838,"465,926","97,450",94,437,17,9.6,130,57.5,2.61,217,27.5,18.7,96.9,"4,724,035","1,545,544",24.7%,"950,510","595,034",70.6%,"6,046,764.80","1,079,096.30","1,642,472.30",0.262,72.8%,34.46,"3,536.7",202.9,0.448
23,01/11/2024,2024,Nov,11,Q4,KUANTAN,PANTAI TIMUR,SEMAMBU,Bandar,"286,400",15,"751,080","168,679","5,893,902","2,701,503","901,136","694,610",61.5%,1.280,"2,852,165",0.3927,"496,819","93,740",94,437,10,9.6,343,33.1,2.52,303,26.5,28,97.1,"4,297,249","1,596,653",27.1%,"981,942","614,711",68.6%,"5,500,478.72","1,120,045.20","1,710,604.20",0.290,68.9%,32.61,"3,653.7",190.7,0.484
24,01/12/2024,2024,Dec,12,Q4,KUANTAN,PANTAI TIMUR,SEMAMBU,Bandar,"286,400",15,"751,080","183,803","6,367,244","2,578,646","1,029,985","898,439",61.5%,1.280,"2,673,913",0.3942,"500,463","128,746",94,437,18,9.6,191,33.9,2.16,395,27.1,29.8,97.9,"4,507,070","1,860,174",29.2%,"1,144,007","716,167",71.7%,"5,769,049.60","1,054,056.50","1,683,265.50",0.264,70.8%,31.39,"4,256.7",193.6,0.420
25,01/01/2025,2025,Jan,1,Q1,KUANTAN,PANTAI TIMUR,SEMAMBU,Bandar,"286,400",16,"765,403","180,232","6,355,683","2,771,759","1,107,273","805,522",61.5%,1.280,"2,870,886",0.4025,"512,755","63,262",94,437,8,10.6,150,32.6,2.41,181,26.5,26.6,97.4,"4,684,554","1,671,129",26.3%,"1,027,744","643,385",71.6%,"5,996,229.12","1,155,531.62","1,731,548.62",0.272,71.1%,33.27,"3,824.1",197.4,0.452
26,01/02/2025,2025,Feb,2,Q1,KUANTAN,PANTAI TIMUR,SEMAMBU,Bandar,"286,400",16,"765,403","189,116","5,469,813","2,360,345","926,285","832,569",61.5%,1.280,"2,375,835",0.4049,"421,283","67,759",94,437,8,10.6,212,15.6,2.28,128,27,16.4,99.9,"4,119,199","1,350,614",24.7%,"830,628","519,986",68.2%,"5,272,574.72","961,975.59","1,451,017.59",0.265,72.5%,27.88,"3,090.6",192.2,0.434
27,01/03/2025,2025,Mar,3,Q1,KUANTAN,PANTAI TIMUR,SEMAMBU,Bandar,"286,400",16,"765,403","181,936","6,463,351","2,821,211","970,111","934,126",61.5%,1.280,"2,798,849",0.3993,"540,526","78,028",94,437,15,10.6,271,51.1,1.83,184,27.7,30,98.4,"4,725,448","1,737,903",26.9%,"1,068,810","669,093",72.8%,"6,048,573.44","1,117,580.41","1,736,134.41",0.269,71.3%,33.25,"3,976.9",199.2,0.433
28,01/04/2025,2025,Apr,4,Q2,KUANTAN,PANTAI TIMUR,SEMAMBU,Bandar,"286,400",16,"765,403","173,113","6,687,850","3,197,414","1,033,005","840,361",61.5%,1.280,"2,841,247",0.3950,"471,807","88,190",94,437,12,10.6,235,57.4,2.76,193,27.7,30,99.3,"5,070,780","1,617,070",24.2%,"994,498","622,572",77.8%,"6,490,598.40","1,122,292.57","1,682,289.57",0.252,74.1%,37.49,"3,700.4",220.8,0.425
29,01/05/2025,2025,May,5,Q2,KUANTAN,PANTAI TIMUR,SEMAMBU,Bandar,"286,400",16,"765,403","185,045","7,151,742","3,119,192","1,222,897","1,038,683",61.5%,1.280,"3,390,537",0.3988,"466,944","95,977",94,437,8,10.6,344,32.1,2.99,181,29,30.3,99.3,"5,380,772","1,770,970",24.8%,"1,089,147","681,823",80.6%,"6,887,388.16","1,352,146.16","1,915,067.16",0.268,72.2%,37.22,"4,052.6",226.8,0.474
30,01/06/2025,2025,Jun,6,Q2,KUANTAN,PANTAI TIMUR,SEMAMBU,Bandar,"286,400",16,"765,403","175,786","6,333,864","2,636,469","1,057,890","976,253",61.5%,1.280,"3,051,986",0.4089,"500,512","114,785",94,437,14,10.6,354,46.6,1.91,174,28.8,31.1,96.8,"4,670,612","1,663,252",26.3%,"1,022,900","640,352",73.7%,"5,978,383.36","1,247,957.08","1,863,254.08",0.294,68.8%,34.01,"3,806.1",203.4,0.482
31,01/07/2025,2025,Jul,7,Q3,KUANTAN,PANTAI TIMUR,SEMAMBU,Bandar,"286,400",16,"765,403","185,178","7,246,302","3,293,869","1,261,175","982,229",61.5%,1.280,"3,252,457",0.4089,"584,073","90,323",94,437,10,10.6,151,37,2.15,118,28.5,23.1,98.9,"5,537,273","1,709,029",23.6%,"1,051,053","657,976",81.6%,"7,087,709.44","1,329,929.67","2,004,325.67",0.277,71.7%,38.28,"3,910.8",233.4,0.449
32,01/08/2025,2025,Aug,8,Q3,KUANTAN,PANTAI TIMUR,SEMAMBU,Bandar,"286,400",16,"765,403","185,860","6,650,428","2,937,681","1,010,243","912,404",61.5%,1.280,"3,115,445",0.3899,"560,633","131,122",94,437,17,10.6,326,45.8,2.39,101,27.4,18.5,99.4,"4,860,328","1,790,100",26.9%,"1,100,912","689,189",74.9%,"6,221,219.84","1,214,712.01","1,906,467.01",0.287,69.4%,33.47,"4,096.3",204.8,0.468
33,01/09/2025,2025,Sep,9,Q3,KUANTAN,PANTAI TIMUR,SEMAMBU,Bandar,"286,400",16,"765,403","180,749","6,116,328","2,649,966","1,038,872","946,614",61.5%,1.280,"2,982,547",0.3952,"498,045","80,681",94,437,8,10.6,338,35.9,2.06,211,28.1,23.1,97,"4,635,452","1,480,876",24.2%,"910,739","570,137",71.2%,"5,933,378.56","1,178,702.57","1,757,428.57",0.287,70.4%,32.83,"3,388.7",201.9,0.488
34,01/10/2025,2025,Oct,10,Q4,KUANTAN,PANTAI TIMUR,SEMAMBU,Bandar,"286,400",16,"765,403","175,568","6,326,758","2,888,664","891,250","871,045",61.5%,1.280,"3,005,578",0.4061,"474,347","104,506",94,437,14,10.6,307,43.8,3.18,208,27.8,38.5,97.5,"4,650,959","1,675,799",26.5%,"1,030,616","645,183",71.3%,"5,953,227.52","1,220,565.23","1,799,418.23",0.284,69.8%,33.91,"3,834.8",196.0,0.475
35,01/11/2025,2025,Nov,11,Q4,KUANTAN,PANTAI TIMUR,SEMAMBU,Bandar,"286,400",16,"765,403","185,307","6,368,872","2,870,970","969,102","827,481",61.5%,1.280,"3,102,152",0.3947,"462,255","121,345",94,437,14,10.6,204,62.7,2,241,27.3,40.2,99.3,"4,667,553","1,701,319",26.7%,"1,046,311","655,008",74.1%,"5,974,467.84","1,224,419.39","1,808,019.39",0.284,69.7%,32.24,"3,893.2",203.3,0.487
36,01/12/2025,2025,Dec,12,Q4,KUANTAN,PANTAI TIMUR,SEMAMBU,Bandar,"286,400",16,"765,403","176,553","6,465,338","2,671,916","1,051,126","1,019,515",61.5%,1.280,"2,792,673",0.3893,"522,930","89,588",94,437,8,10.6,220,27.8,2.53,498,26.2,29.8,98.1,"4,742,557","1,722,781",26.6%,"1,059,510","663,271",72.8%,"6,070,472.96","1,087,187.60","1,699,705.60",0.263,72.0%,34.38,"3,942.3",199.9,0.432
37,01/01/2023,2023,Jan,1,Q1,KUANTAN,PANTAI TIMUR,BUKIT UBI,Bandar,"178,300",35,"497,203","125,295","4,171,079","2,004,455","515,918","356,348",62.5%,1.364,"2,134,720",0.3827,"280,808","52,379",68,238,8,13.9,178,33.3,2.47,143,26.6,30,97.7,"2,876,721","1,294,358",31.0%,"808,974","485,384",75.5%,"3,923,847.44","816,957.34","1,150,144.34",0.276,70.7%,31.32,"5,438.5",186.6,0.512
38,01/02/2023,2023,Feb,2,Q1,KUANTAN,PANTAI TIMUR,BUKIT UBI,Bandar,"178,300",35,"497,203","113,458","3,580,140","1,609,652","484,554","424,651",62.5%,1.364,"1,778,290",0.3819,"212,257","53,422",68,238,9,13.9,85,30.5,3.32,149,26.8,25.2,96.7,"2,518,857","1,061,283",29.6%,"663,302","397,981",71.7%,"3,435,720.95","679,128.95","944,807.95",0.264,72.5%,30.28,"4,459.2",180.9,0.497
39,01/03/2023,2023,Mar,3,Q1,KUANTAN,PANTAI TIMUR,BUKIT UBI,Bandar,"178,300",35,"497,203","120,160","4,328,271","2,034,063","607,151","475,023",62.5%,1.364,"2,245,679",0.3766,"272,033","70,867",68,238,9,13.9,190,23.5,,210,27.8,29.9,98.2,"3,116,237","1,212,034",28.0%,"757,521","454,513",78.3%,"4,250,547.27","845,722.71","1,188,622.71",0.275,72.0%,35.37,"5,092.6",202.2,0.519
40,01/04/2023,2023,Apr,4,Q2,KUANTAN,PANTAI TIMUR,BUKIT UBI,Bandar,"178,300",35,"497,203","114,680","4,423,914","2,062,681","629,141","412,963",62.5%,1.364,"2,185,887",0.3786,"284,612","47,676",68,238,5,13.9,73,16,2.28,306,27.6,28.3,97,"3,104,785","1,319,129",29.8%,"824,456","494,673",82.7%,"4,234,926.74","827,576.82","1,159,864.82",0.262,72.6%,36.93,"5,542.6",208.2,0.494
41,01/05/2023,2023,May,5,Q2,KUANTAN,PANTAI TIMUR,BUKIT UBI,Bandar,"178,300",35,"497,203","122,507","4,430,598","2,024,315","533,148","513,970",62.5%,1.364,"2,512,516",0.3657,"226,135","76,935",68,238,14,13.9,227,40.7,2.22,233,28.1,28,96.7,"3,071,433","1,359,165",30.7%,"849,478","509,687",80.2%,"4,189,434.61","918,827.10","1,221,897.10",0.276,70.8%,34.20,"5,710.8",199.3,0.567
42,01/06/2023,2023,Jun,6,Q2,KUANTAN,PANTAI TIMUR,BUKIT UBI,Bandar,"178,300",35,"497,203","113,296","4,256,229","2,000,740","557,737","403,788",62.5%,1.364,"2,106,878",0.3810,"225,876","53,801",68,238,9,13.9,216,35.6,2.58,105,28.6,22.3,97,"2,962,265","1,293,964",30.4%,"808,728","485,237",79.6%,"4,040,529.46","802,720.52","1,082,397.52",0.254,73.2%,35.66,"5,436.8",198.6,0.495
43,01/07/2023,2023,Jul,7,Q3,KUANTAN,PANTAI TIMUR,BUKIT UBI,Bandar,"178,300",35,"497,203","116,683","4,455,178","2,164,857","492,882","371,795",62.5%,1.364,"2,174,124",0.3777,"283,015","38,852",68,238,7,13.9,85,32.1,2.43,97,27.9,24.2,99.8,"3,029,534","1,425,644",32.0%,"891,028","534,617",80.6%,"4,132,284.38","821,166.63","1,143,033.63",0.257,72.3%,35.41,"5,990.1",196.6,0.488
44,01/08/2023,2023,Aug,8,Q3,KUANTAN,PANTAI TIMUR,BUKIT UBI,Bandar,"178,300",35,"497,203","121,690","4,503,248","2,104,499","632,008","409,769",62.5%,1.364,"2,385,089",0.3682,"290,734","76,038",68,238,13,13.9,136,29,2.43,185,26.9,24.7,97.5,"3,146,276","1,356,972",30.1%,"848,108","508,865",81.5%,"4,291,520.46","878,189.77","1,244,961.77",0.276,71.0%,35.27,"5,701.6",204.1,0.530
45,01/09/2023,2023,Sep,9,Q3,KUANTAN,PANTAI TIMUR,BUKIT UBI,Bandar,"178,300",35,"497,203","120,148","4,050,886","1,836,138","517,010","441,375",62.5%,1.364,"2,144,760",0.3736,"275,314","57,606",68,238,12,13.9,169,44.6,2.36,138,26.8,13.9,98,"2,794,523","1,256,363",31.0%,"785,227","471,136",75.7%,"3,811,729.37","801,282.34","1,134,202.34",0.280,70.2%,31.73,"5,278.8",187.3,0.529
46,01/10/2023,2023,Oct,10,Q4,KUANTAN,PANTAI TIMUR,BUKIT UBI,Bandar,"178,300",35,"497,203","115,007","4,117,484","1,803,948","516,240","470,787",62.5%,1.364,"2,289,160",0.3697,"245,084","50,408",68,238,10,13.9,91,29.1,2.47,374,27.9,47.3,97.6,"2,790,975","1,326,509",32.2%,"829,068","497,441",74.5%,"3,806,889.90","846,302.45","1,141,794.45",0.277,70.0%,33.10,"5,573.6",181.1,0.556
47,01/11/2023,2023,Nov,11,Q4,KUANTAN,PANTAI TIMUR,BUKIT UBI,Bandar,"178,300",35,"497,203","116,845","3,766,991","1,797,184","452,264","313,652",62.5%,1.364,"1,902,288",0.3725,"228,251","34,115",68,238,4,13.9,113,13.5,3.28,543,27.4,40.3,98,"2,563,100","1,203,891",32.0%,"752,432","451,459",70.4%,"3,496,068.40","708,602.28","970,968.28",0.258,72.2%,29.92,"5,058.4",171.8,0.505
48,01/12/2023,2023,Dec,12,Q4,KUANTAN,PANTAI TIMUR,BUKIT UBI,Bandar,"178,300",35,"497,203","112,802","4,160,008","1,967,983","540,511","455,555",62.5%,1.364,"2,203,392",0.3676,"261,764","57,574",68,238,5,13.9,138,10.3,2.71,400,26.8,34.7,98.7,"2,964,049","1,195,959",28.7%,"747,474","448,485",75.3%,"4,042,962.84","809,966.90","1,129,304.90",0.271,72.1%,35.84,"5,025.0",192.3,0.530
49,01/01/2024,2024,Jan,1,Q1,KUANTAN,PANTAI TIMUR,BUKIT UBI,Bandar,"178,300",36,"507,796","122,967","3,983,955","1,839,005","516,878","458,593",62.5%,1.364,"2,164,055",0.3868,"252,599","73,298",68,238,11,14.9,171,24.9,2.54,188,27.1,17.2,99.9,"2,814,476","1,169,479",29.4%,"730,924","438,555",72.1%,"3,838,945.26","837,056.47","1,162,953.47",0.292,69.7%,31.22,"4,913.8",178.8,0.543
50,01/02/2024,2024,Feb,2,Q1,KUANTAN,PANTAI TIMUR,BUKIT UBI,Bandar,"178,300",36,"507,796","119,372","3,728,498","1,779,284","440,332","365,397",62.5%,1.364,"2,117,325",0.3850,"200,217","41,219",68,238,7,14.9,108,31.6,3.1,123,27.7,24.8,98.9,"2,585,013","1,143,485",30.7%,"714,678","428,807",72.1%,"3,525,957.73","815,170.13","1,056,606.13",0.283,70.0%,29.54,"4,804.6",175.5,0.568
51,01/03/2024,2024,Mar,3,Q1,KUANTAN,PANTAI TIMUR,BUKIT UBI,Bandar,"178,300",36,"507,796","120,886","4,171,441","2,006,575","488,955","417,625",62.5%,1.364,"2,253,528",0.3938,"240,039","35,598",68,238,5,14.9,145,15,2.69,210,27.6,25.4,97.3,"2,913,155","1,258,286",30.2%,"786,429","471,857",75.5%,"3,973,543.42","887,439.33","1,163,076.33",0.279,70.7%,32.87,"5,286.9",185.1,0.540
52,01/04/2024,2024,Apr,4,Q2,KUANTAN,PANTAI TIMUR,BUKIT UBI,Bandar,"178,300",36,"507,796","123,861","4,129,963","1,909,273","488,955","410,187",62.5%,1.364,"2,269,938",0.3881,"262,366","64,450",68,238,10,14.9,97,20.7,2.41,245,28.7,30,99.8,"2,808,415","1,321,548",32.0%,"825,968","495,581",77.2%,"3,830,678.06","880,962.94","1,207,778.94",0.292,68.5%,30.93,"5,552.7",184.4,0.550
53,01/05/2024,2024,May,5,Q2,KUANTAN,PANTAI TIMUR,BUKIT UBI,Bandar,"178,300",36,"507,796","125,116","4,641,052","2,260,182","647,828","434,164",62.5%,1.364,"2,359,774",0.3782,"293,011","83,430",68,238,13,14.9,149,25.2,1.89,249,28,35.7,98.2,"3,342,174","1,298,878",28.0%,"811,799","487,079",84.0%,"4,558,725.34","892,466.53","1,268,907.53",0.273,72.2%,36.44,"5,457.5",212.3,0.508
54,01/06/2024,2024,Jun,6,Q2,KUANTAN,PANTAI TIMUR,BUKIT UBI,Bandar,"178,300",36,"507,796","114,065","4,482,827","2,110,665","592,343","517,305",62.5%,1.364,"2,564,320",0.3908,"272,822","71,570",68,238,11,14.9,169,24.4,2.9,141,27.6,26,99.1,"3,220,313","1,262,514",28.2%,"789,071","473,443",83.8%,"4,392,506.93","1,002,136.26","1,346,528.26",0.300,69.3%,38.51,"5,304.7",211.4,0.572
55,01/07/2024,2024,Jul,7,Q3,KUANTAN,PANTAI TIMUR,BUKIT UBI,Bandar,"178,300",36,"507,796","127,525","4,502,964","2,005,688","591,004","528,181",62.5%,1.364,"2,266,093",0.3862,"292,315","34,999",68,238,5,14.9,161,22.5,3.03,137,27.3,18.5,100,"3,124,873","1,378,091",30.6%,"861,307","516,784",81.5%,"4,262,326.77","875,165.12","1,202,479.12",0.267,71.8%,33.42,"5,790.3",198.5,0.503
56,01/08/2024,2024,Aug,8,Q3,KUANTAN,PANTAI TIMUR,BUKIT UBI,Bandar,"178,300",36,"507,796","114,467","4,437,611","2,103,946","512,894","449,981",62.5%,1.364,"2,457,358",0.3937,"295,489","81,004",68,238,14,14.9,239,44.6,2.01,193,28.1,30.1,97,"3,066,821","1,370,790",30.9%,"856,744","514,046",80.3%,"4,183,143.84","967,461.84","1,343,954.84",0.303,67.9%,36.54,"5,759.6",194.8,0.554
57,01/09/2024,2024,Sep,9,Q3,KUANTAN,PANTAI TIMUR,BUKIT UBI,Bandar,"178,300",36,"507,796","115,990","4,138,998","1,905,917","534,787","354,447",62.5%,1.364,"2,147,160",0.3783,"232,701","60,639",68,238,10,14.9,173,38.9,3.11,276,27.8,22.8,99.4,"2,795,151","1,343,847",32.5%,"839,904","503,943",77.4%,"3,812,585.96","812,270.63","1,105,610.63",0.267,71.0%,32.87,"5,646.4",183.5,0.519
58,01/10/2024,2024,Oct,10,Q4,KUANTAN,PANTAI TIMUR,BUKIT UBI,Bandar,"178,300",36,"507,796","123,298","4,201,080","1,817,080","580,659","488,400",62.5%,1.364,"2,152,421",0.3921,"240,650","74,867",68,238,11,14.9,217,54,2.35,384,27.6,30.5,99.2,"2,886,139","1,314,941",31.3%,"821,838","493,103",76.0%,"3,936,693.60","843,964.27","1,159,481.27",0.276,70.5%,31.93,"5,525.0",183.3,0.512
59,01/11/2024,2024,Nov,11,Q4,KUANTAN,PANTAI TIMUR,BUKIT UBI,Bandar,"178,300",36,"507,796","126,220","4,062,214","1,823,762","528,394","465,938",62.5%,1.364,"2,039,512",0.3921,"234,575","80,180",68,238,13,14.9,210,50.9,2.16,332,26.6,31.8,99,"2,818,094","1,244,120",30.6%,"777,575","466,545",75.9%,"3,843,880.22","799,692.66","1,114,447.66",0.274,71.0%,30.45,"5,227.4",185.0,0.502
60,01/12/2024,2024,Dec,12,Q4,KUANTAN,PANTAI TIMUR,BUKIT UBI,Bandar,"178,300",36,"507,796","114,035","4,241,988","2,079,055","530,217","380,842",62.5%,1.364,"2,104,742",0.3880,"254,507","51,329",68,238,6,14.9,112,24.1,3.18,591,27.1,56.3,98.2,"2,990,114","1,251,874",29.5%,"782,421","469,453",76.7%,"4,078,515.50","816,639.90","1,122,475.90",0.265,72.5%,35.77,"5,260.0",189.9,0.496
61,01/01/2025,2025,Jan,1,Q1,KUANTAN,PANTAI TIMUR,BUKIT UBI,Bandar,"178,300",37,"521,400","121,538","4,033,321","1,992,627","456,934","377,709",62.5%,1.364,"2,230,363",0.4071,"258,026","82,714",68,238,13,15.9,191,54.8,2.03,125,26.5,20.7,97.1,"2,827,270","1,206,051",29.9%,"753,782","452,269",73.0%,"3,856,396.28","907,980.78","1,248,720.78",0.310,67.6%,31.73,"5,067.4",174.9,0.553
62,01/02/2025,2025,Feb,2,Q1,KUANTAN,PANTAI TIMUR,BUKIT UBI,Bandar,"178,300",37,"521,400","117,099","3,878,026","1,871,018","561,009","341,593",62.5%,1.364,"2,056,744",0.3918,"254,882","43,369",68,238,6,15.9,214,25.5,3.26,110,27.2,15.1,96.6,"2,773,620","1,104,406",28.5%,"690,254","414,152",77.7%,"3,783,217.68","805,832.30","1,104,083.30",0.285,70.8%,32.31,"4,640.4",190.0,0.530
63,01/03/2025,2025,Mar,3,Q1,KUANTAN,PANTAI TIMUR,BUKIT UBI,Bandar,"178,300",37,"521,400","121,802","4,570,570","2,299,388","606,716","405,491",62.5%,1.364,"2,409,461",0.3981,"285,871","48,381",68,238,6,15.9,213,17.8,2.3,152,27.7,28.4,98.7,"3,311,595","1,258,975",27.5%,"786,859","472,116",82.7%,"4,517,015.58","959,206.42","1,293,458.42",0.283,71.4%,37.08,"5,289.8",204.9,0.527
64,01/04/2025,2025,Apr,4,Q2,KUANTAN,PANTAI TIMUR,BUKIT UBI,Bandar,"178,300",37,"521,400","131,457","4,560,659","2,139,893","515,176","541,139",62.5%,1.364,"2,334,711",0.4020,"249,292","68,885",68,238,11,15.9,189,34,3.13,187,28.9,26.5,97.9,"3,196,208","1,364,451",29.9%,"852,782","511,669",85.3%,"4,359,627.71","938,553.82","1,256,730.82",0.276,71.2%,33.16,"5,733.0",204.3,0.512
65,01/05/2025,2025,May,5,Q2,KUANTAN,PANTAI TIMUR,BUKIT UBI,Bandar,"178,300",37,"521,400","117,941","4,866,581","2,216,970","628,619","576,293",62.5%,1.364,"2,546,058",0.4056,"254,259","68,721",68,238,10,15.9,173,48.2,3.34,126,28.2,23.6,97.6,"3,421,882","1,444,699",29.7%,"902,937","541,762",88.0%,"4,667,447.05","1,032,681.12","1,355,661.12",0.279,71.0%,39.57,"6,070.2",211.7,0.523
66,01/06/2025,2025,Jun,6,Q2,KUANTAN,PANTAI TIMUR,BUKIT UBI,Bandar,"178,300",37,"521,400","123,206","4,793,907","2,177,219","657,280","572,743",62.5%,1.364,"2,522,132",0.4045,"291,999","67,570",68,238,11,15.9,139,25.3,2.39,110,28.5,30.8,98.2,"3,407,242","1,386,665",28.9%,"866,666","519,999",89.6%,"4,647,478.09","1,020,202.39","1,379,771.39",0.288,70.3%,37.72,"5,826.3",217.8,0.526
67,01/07/2025,2025,Jul,7,Q3,KUANTAN,PANTAI TIMUR,BUKIT UBI,Bandar,"178,300",37,"521,400","120,351","4,722,435","2,203,484","673,032","516,219",62.5%,1.364,"2,637,371",0.3922,"273,789","54,182",68,238,7,15.9,90,16.8,2.14,182,27.3,36.3,99.7,"3,392,735","1,329,700",28.2%,"831,063","498,638",85.4%,"4,627,690.54","1,034,376.91","1,362,347.91",0.288,70.6%,38.45,"5,587.0",209.9,0.558
68,01/08/2025,2025,Aug,8,Q3,KUANTAN,PANTAI TIMUR,BUKIT UBI,Bandar,"178,300",37,"521,400","126,155","4,729,452","2,226,250","602,516","461,650",62.5%,1.364,"2,411,074",0.3898,"303,430","79,437",68,238,14,15.9,91,47.4,2.97,230,28.4,31.6,97.1,"3,290,416","1,439,036",30.4%,"899,398","539,639",85.6%,"4,488,127.42","939,836.65","1,322,703.65",0.280,70.5%,35.58,"6,046.4",203.6,0.510
69,01/09/2025,2025,Sep,9,Q3,KUANTAN,PANTAI TIMUR,BUKIT UBI,Bandar,"178,300",37,"521,400","129,576","4,381,651","2,041,811","531,382","439,673",62.5%,1.364,"2,237,260",0.3963,"282,665","38,025",68,238,6,15.9,171,23.8,3.05,157,28,19.6,96.8,"3,012,866","1,368,785",31.2%,"855,491","513,294",81.9%,"4,109,549.22","886,626.14","1,207,316.14",0.276,70.6%,31.72,"5,751.2",192.6,0.511
70,01/10/2025,2025,Oct,10,Q4,KUANTAN,PANTAI TIMUR,BUKIT UBI,Bandar,"178,300",37,"521,400","119,465","4,291,939","1,977,642","579,130","380,855",62.5%,1.364,"2,381,132",0.3977,"223,117","80,410",68,238,13,15.9,215,44,3.36,319,27.9,37.6,97,"2,937,627","1,354,312",31.6%,"846,445","507,867",77.6%,"4,006,923.23","946,976.20","1,250,503.20",0.291,68.8%,33.54,"5,690.4",181.7,0.555
71,01/11/2025,2025,Nov,11,Q4,KUANTAN,PANTAI TIMUR,BUKIT UBI,Bandar,"178,300",37,"521,400","126,098","4,214,143","2,053,237","535,148","465,629",62.5%,1.364,"2,292,050",0.3996,"264,959","59,465",68,238,6,15.9,110,19,3.03,525,26.8,38.8,98.5,"3,054,014","1,160,129",27.5%,"725,081","435,048",78.8%,"4,165,675.10","915,903.18","1,240,327.18",0.294,70.2%,33.04,"4,874.5",195.2,0.544
72,01/12/2025,2025,Dec,12,Q4,KUANTAN,PANTAI TIMUR,BUKIT UBI,Bandar,"178,300",37,"521,400","126,290","4,160,412","1,976,503","560,068","481,362",62.5%,1.364,"2,207,126",0.3969,"218,974","52,890",68,238,7,15.9,208,18.3,,478,26.5,42,98.5,"3,017,933","1,142,479",27.5%,"714,049","428,430",75.3%,"4,116,460.61","876,008.31","1,147,872.31",0.276,72.1%,32.60,"4,800.3",186.7,0.531
73,01/01/2023,2023,Jan,1,Q1,KUANTAN,PANTAI TIMUR,BUKIT SAGU,Pinggir Bandar,"22,600",12,"53,460","12,250","432,513","207,939","47,092","24,891",78.9%,1.170,"205,636",0.3740,"31,891","12,241",15,45,2,3.8,20,6.4,3.18,127,26.2,15.8,97.4,"279,922","152,591",35.3%,"120,394","32,197",61.7%,"327,508.74","76,907.86","121,039.86",0.280,63.0%,26.74,"3,390.9",168.9,0.475
74,01/02/2023,2023,Feb,2,Q1,KUANTAN,PANTAI TIMUR,BUKIT SAGU,Pinggir Bandar,"22,600",12,"53,460","12,554","422,717","201,856","39,327","22,010",78.9%,1.170,"184,115",0.3728,"27,330","10,126",15,45,2,3.8,17,6,3.12,85,27.5,28.2,97,"263,193","159,524",37.7%,"125,864","33,660",66.8%,"307,935.81","68,638.07","106,094.07",0.251,65.5%,24.53,"3,545.0",175.8,0.436
75,01/03/2023,2023,Mar,3,Q1,KUANTAN,PANTAI TIMUR,BUKIT SAGU,Pinggir Bandar,"22,600",12,"53,460","12,125","444,593","208,576","49,028","21,161",78.9%,1.170,"183,426",0.3724,"35,526","9,224",15,45,1,3.8,24,3,2.93,135,27.8,27.4,99.1,"278,765","165,828",37.3%,"130,838","34,990",63.5%,"326,155.05","68,307.84","113,057.84",0.254,65.3%,26.90,"3,685.1",168.2,0.413
76,01/04/2023,2023,Apr,4,Q2,KUANTAN,PANTAI TIMUR,BUKIT SAGU,Pinggir Bandar,"22,600",12,"53,460","12,141","471,008","205,301","49,318","21,789",78.9%,1.170,"194,141",0.3725,"33,788","8,643",15,45,1,3.8,22,2.3,2.04,282,28.5,20.8,98.3,"276,408","194,600",41.3%,"153,539","41,061",69.5%,"323,397.36","72,317.52","114,748.52",0.244,64.5%,26.64,"4,324.4",172.3,0.412
77,01/05/2023,2023,May,5,Q2,KUANTAN,PANTAI TIMUR,BUKIT SAGU,Pinggir Bandar,"22,600",12,"53,460","13,170","478,749","213,156","53,686","27,813",78.9%,1.170,"221,715",0.3678,"31,075","13,024",15,45,2,3.8,14,4.3,1.79,239,27.6,20.9,97.2,"294,655","184,094",38.5%,"145,250","38,844",68.3%,"344,746.35","81,546.78","125,645.78",0.262,63.6%,26.18,"4,091.0",177.8,0.463
78,01/06/2023,2023,Jun,6,Q2,KUANTAN,PANTAI TIMUR,BUKIT SAGU,Pinggir Bandar,"22,600",12,"53,460","12,538","492,380","224,526","52,952","26,247",78.9%,1.170,"202,722",0.3655,"31,035","12,643",15,45,2,3.8,22,4.2,2.32,138,28.2,22.8,96.5,"303,725","188,655",38.3%,"148,849","39,806",72.6%,"355,358.25","74,094.89","117,772.89",0.239,66.9%,28.34,"4,192.3",189.4,0.412
79,01/07/2023,2023,Jul,7,Q3,KUANTAN,PANTAI TIMUR,BUKIT SAGU,Pinggir Bandar,"22,600",12,"53,460","12,031","475,944","225,638","53,008","24,249",78.9%,1.170,"200,688",0.3710,"38,781","8,414",15,45,1,3.8,22,4,2.97,130,27.5,18.1,99.8,"302,895","173,049",36.4%,"136,536","36,513",67.9%,"354,387.15","74,455.25","121,650.25",0.256,65.7%,29.46,"3,845.5",182.8,0.422
80,01/08/2023,2023,Aug,8,Q3,KUANTAN,PANTAI TIMUR,BUKIT SAGU,Pinggir Bandar,"22,600",12,"53,460","12,363","458,194","209,142","47,190","20,913",78.9%,1.170,"200,643",0.3667,"35,956","9,063",15,45,2,3.8,17,6.3,2.44,231,27.7,26.4,97.6,"277,245","180,949",39.5%,"142,769","38,180",65.4%,"324,376.65","73,575.79","118,594.79",0.259,63.4%,26.24,"4,021.1",167.3,0.438
81,01/09/2023,2023,Sep,9,Q3,KUANTAN,PANTAI TIMUR,BUKIT SAGU,Pinggir Bandar,"22,600",12,"53,460","12,468","464,465","205,509","49,416","21,409",78.9%,1.170,"194,931",0.3759,"37,662","12,586",15,45,2,3.8,22,5.9,3.07,253,27.3,21.9,99.6,"276,334","188,131",40.5%,"148,435","39,696",68.5%,"323,310.78","73,274.56","123,522.56",0.266,61.8%,25.93,"4,180.7",172.3,0.420
82,01/10/2023,2023,Oct,10,Q4,KUANTAN,PANTAI TIMUR,BUKIT SAGU,Pinggir Bandar,"22,600",12,"53,460","12,238","453,858","203,312","48,022","26,823",78.9%,1.170,"187,576",0.3838,"32,700","10,793",15,45,2,3.8,17,7.5,2.27,326,26.9,18.2,97.5,"278,157","175,701",38.7%,"138,628","37,073",64.8%,"325,443.69","71,991.67","115,484.67",0.254,64.5%,26.59,"3,904.5",167.8,0.413
83,01/11/2023,2023,Nov,11,Q4,KUANTAN,PANTAI TIMUR,BUKIT SAGU,Pinggir Bandar,"22,600",12,"53,460","13,056","443,036","198,603","48,477","19,168",78.9%,1.170,"208,142",0.3804,"33,164","11,854",15,45,2,3.8,21,8.3,2.96,424,26.5,47.5,99.3,"266,248","176,788",39.9%,"139,486","37,302",65.3%,"311,510.16","79,177.22","124,195.22",0.280,60.1%,23.86,"3,928.6",166.0,0.470
84,01/12/2023,2023,Dec,12,Q4,KUANTAN,PANTAI TIMUR,BUKIT SAGU,Pinggir Bandar,"22,600",12,"53,460","13,197","438,698","200,812","43,904","20,241",78.9%,1.170,"206,666",0.3731,"30,375","6,880",15,45,1,3.8,24,3.2,2.9,309,26.9,,97.6,"264,957","173,741",39.6%,"137,082","36,659",62.6%,"309,999.69","77,107.08","114,362.08",0.261,63.1%,23.49,"3,860.9",159.9,0.471
85,01/01/2024,2024,Jan,1,Q1,KUANTAN,PANTAI TIMUR,BUKIT SAGU,Pinggir Bandar,"22,600",13,"54,683","12,239","455,197","211,748","43,920","21,177",78.9%,1.170,"214,231",0.3961,"31,952","10,367",15,45,1,4.8,23,3,2.72,252,26.5,38,98.8,"276,845","178,352",39.2%,"140,720","37,632",65.0%,"323,908.65","84,856.90","127,175.90",0.279,60.7%,26.47,"3,963.4",163.3,0.471
86,01/02/2024,2024,Feb,2,Q1,KUANTAN,PANTAI TIMUR,BUKIT SAGU,Pinggir Bandar,"22,600",13,"54,683","12,495","404,476","183,900","39,924","20,596",78.9%,1.170,"165,391",0.3791,"30,908","13,637",15,45,2,4.8,22,8.3,2.73,90,27.2,17.8,98.8,"244,420","160,056",39.6%,"126,284","33,772",61.7%,"285,971.40","62,699.73","107,244.73",0.265,62.5%,22.89,"3,556.8",154.1,0.409
87,01/03/2024,2024,Mar,3,Q1,KUANTAN,PANTAI TIMUR,BUKIT SAGU,Pinggir Bandar,"22,600",13,"54,683","12,739","453,461","219,958","45,214","25,985",78.9%,1.170,"208,750",0.3774,"28,753","7,124",15,45,1,4.8,13,4,2.65,256,27.9,39.2,99.7,"291,157","162,304",35.8%,"128,058","34,246",64.7%,"340,653.69","78,782.25","114,659.25",0.253,66.3%,26.74,"3,606.8",171.8,0.460
88,01/04/2024,2024,Apr,4,Q2,KUANTAN,PANTAI TIMUR,BUKIT SAGU,Pinggir Bandar,"22,600",13,"54,683","13,040","455,515","213,780","53,779","27,394",78.9%,1.170,"187,811",0.3864,"28,673","7,501",15,45,1,4.8,23,4.5,2.44,277,27.5,34.8,98.8,"294,953","160,562",35.2%,"126,683","33,879",67.2%,"345,095.01","72,570.17","108,744.17",0.239,68.5%,26.46,"3,568.0",179.8,0.412
89,01/05/2024,2024,May,5,Q2,KUANTAN,PANTAI TIMUR,BUKIT SAGU,Pinggir Bandar,"22,600",13,"54,683","12,567","486,640","224,865","50,957","24,410",78.9%,1.170,"231,641",0.3790,"36,517","11,111",15,45,2,4.8,16,9,2.15,183,28.1,24.9,98.4,"300,232","186,408",38.3%,"147,076","39,332",69.5%,"351,271.44","87,791.94","135,419.94",0.278,61.4%,27.95,"4,142.4",177.1,0.476
90,01/06/2024,2024,Jun,6,Q2,KUANTAN,PANTAI TIMUR,BUKIT SAGU,Pinggir Bandar,"22,600",13,"54,683","12,404","497,975","235,767","55,217","31,326",78.9%,1.170,"235,427",0.3790,"37,458","11,530",15,45,2,4.8,16,8.6,2.57,199,28.5,26.3,99.2,"322,310","175,665",35.3%,"138,600","37,065",73.4%,"377,102.70","89,226.83","138,214.83",0.278,63.3%,30.40,"3,903.7",196.5,0.473
91,01/07/2024,2024,Jul,7,Q3,KUANTAN,PANTAI TIMUR,BUKIT SAGU,Pinggir Bandar,"22,600",13,"54,683","13,166","509,439","243,398","53,324","29,737",78.9%,1.170,"214,093",0.3829,"34,288","13,949",15,45,2,4.8,11,4.2,3.27,164,27.8,27.9,98.2,"326,459","182,980",35.9%,"144,371","38,609",72.7%,"381,957.03","81,976.21","130,213.21",0.256,65.9%,29.01,"4,066.2",192.6,0.420
92,01/08/2024,2024,Aug,8,Q3,KUANTAN,PANTAI TIMUR,BUKIT SAGU,Pinggir Bandar,"22,600",13,"54,683","13,484","456,200","214,791","48,488","24,175",78.9%,1.170,"203,901",0.3968,"36,053","10,273",15,45,1,4.8,11,4.6,2.71,154,27.3,21.7,99,"287,454","168,746",37.0%,"133,141","35,605",65.1%,"336,321.18","80,907.92","127,233.92",0.279,62.2%,24.94,"3,749.9",169.6,0.447
93,01/09/2024,2024,Sep,9,Q3,KUANTAN,PANTAI TIMUR,BUKIT SAGU,Pinggir Bandar,"22,600",13,"54,683","12,712","431,397","201,861","50,188","24,425",78.9%,1.170,"194,480",0.3804,"29,537","9,057",15,45,1,4.8,11,2.9,3.02,250,27.6,29.7,98.1,"276,474","154,923",35.9%,"122,234","32,689",63.6%,"323,474.58","73,980.19","112,574.19",0.261,65.2%,25.45,"3,442.7",168.5,0.451
94,01/10/2024,2024,Oct,10,Q4,KUANTAN,PANTAI TIMUR,BUKIT SAGU,Pinggir Bandar,"22,600",13,"54,683","13,781","473,314","209,688","50,675","25,504",78.9%,1.170,"203,050",0.3938,"39,139","8,100",15,45,1,4.8,14,2.4,2.24,278,26.7,33.1,97.8,"285,867","187,447",39.6%,"147,896","39,551",67.6%,"334,464.39","79,961.09","127,200.09",0.269,62.0%,24.27,"4,165.5",168.6,0.429
95,01/11/2024,2024,Nov,11,Q4,KUANTAN,PANTAI TIMUR,BUKIT SAGU,Pinggir Bandar,"22,600",13,"54,683","13,122","450,593","197,466","49,394","26,670",78.9%,1.170,"201,894",0.3899,"28,172","13,636",15,45,2,4.8,21,8.2,2.6,467,27.3,41.2,99.9,"273,530","177,063",39.3%,"139,703","37,360",66.5%,"320,030.10","78,718.47","120,526.47",0.267,62.3%,24.39,"3,934.7",166.7,0.448
96,01/12/2024,2024,Dec,12,Q4,KUANTAN,PANTAI TIMUR,BUKIT SAGU,Pinggir Bandar,"22,600",13,"54,683","13,445","422,036","197,904","45,680","19,626",78.9%,1.170,"186,049",0.3775,"33,297","9,340",15,45,1,4.8,11,2.4,2.71,490,27,56.9,99.5,"263,210","158,826",37.6%,"125,314","33,512",60.2%,"307,955.70","70,233.50","112,870.50",0.267,63.3%,22.90,"3,529.5",155.3,0.441
97,01/01/2025,2025,Jan,1,Q1,KUANTAN,PANTAI TIMUR,BUKIT SAGU,Pinggir Bandar,"22,600",14,"56,027","13,109","442,665","214,625","49,864","25,275",78.9%,1.170,"195,848",0.4068,"27,867","10,352",15,45,2,5.8,18,4,2.92,151,26.4,20.6,98.4,"289,764","152,901",34.5%,"120,639","32,262",63.2%,"339,023.88","79,670.97","117,889.97",0.266,65.2%,25.86,"3,397.8",166.8,0.442
98,01/02/2025,2025,Feb,2,Q1,KUANTAN,PANTAI TIMUR,BUKIT SAGU,Pinggir Bandar,"22,600",14,"56,027","12,858","439,934","203,495","47,480","22,228",78.9%,1.170,"181,418",0.4061,"33,564","13,765",15,45,2,5.8,22,9.7,3,194,26.9,21.1,98.4,"273,203","166,731",37.9%,"131,551","35,180",69.5%,"319,647.51","73,673.85","121,002.85",0.275,62.1%,24.86,"3,705.1",174.2,0.412
99,01/03/2025,2025,Mar,3,Q1,KUANTAN,PANTAI TIMUR,BUKIT SAGU,Pinggir Bandar,"22,600",14,"56,027","13,671","459,667","230,467","51,769","25,563",78.9%,1.170,"201,619",0.4087,"35,544","9,971",15,45,2,5.8,26,9.2,1.92,228,27.7,27.8,99.4,"307,799","151,868",33.0%,"119,824","32,044",65.6%,"360,124.83","82,401.69","127,916.69",0.278,64.5%,26.34,"3,374.8",177.2,0.439
100,01/04/2025,2025,Apr,4,Q2,KUANTAN,PANTAI TIMUR,BUKIT SAGU,Pinggir Bandar,"22,600",14,"56,027","13,400","499,801","246,312","50,427","31,809",78.9%,1.170,"232,833",0.3998,"34,268","8,950",15,45,1,5.8,8,4.5,2.69,259,28.3,39.7,99.1,"328,548","171,253",34.3%,"135,119","36,134",73.7%,"384,401.16","93,086.63","136,304.63",0.273,64.5%,28.69,"3,805.6",195.5,0.466
101,01/05/2025,2025,May,5,Q2,KUANTAN,PANTAI TIMUR,BUKIT SAGU,Pinggir Bandar,"22,600",14,"56,027","13,733","483,683","241,192","51,745","26,113",78.9%,1.170,"218,819",0.3900,"39,234","13,345",15,45,2,5.8,15,4.3,1.84,238,28.8,32.9,99.6,"319,050","164,633",34.0%,"129,895","34,738",69.0%,"373,288.50","85,339.41","137,918.41",0.285,63.1%,27.18,"3,658.5",183.7,0.452
102,01/06/2025,2025,Jun,6,Q2,KUANTAN,PANTAI TIMUR,BUKIT SAGU,Pinggir Bandar,"22,600",14,"56,027","13,875","515,536","255,184","50,371","27,671",78.9%,1.170,"244,966",0.3963,"34,354","13,093",15,45,2,5.8,14,4.2,3.16,93,28.4,16.9,97.2,"333,226","182,310",35.4%,"143,843","38,467",76.0%,"389,874.42","97,080.03","144,527.03",0.280,62.9%,28.10,"4,051.3",198.3,0.475
103,01/07/2025,2025,Jul,7,Q3,KUANTAN,PANTAI TIMUR,BUKIT SAGU,Pinggir Bandar,"22,600",14,"56,027","13,251","507,968","259,013","51,250","30,796",78.9%,1.170,"239,991",0.3990,"32,899","14,261",15,45,2,5.8,19,4,3.35,106,27.9,28.2,99.2,"341,059","166,909",32.9%,"131,691","35,218",72.5%,"399,039.03","95,756.41","142,916.41",0.281,64.2%,30.11,"3,709.1",196.4,0.472
104,01/08/2025,2025,Aug,8,Q3,KUANTAN,PANTAI TIMUR,BUKIT SAGU,Pinggir Bandar,"22,600",14,"56,027","12,949","510,842","245,279","53,943","23,341",78.9%,1.170,"216,593",0.3991,"36,312","9,966",15,45,2,5.8,25,9.8,2.19,160,27.5,27.6,99.5,"322,563","188,279",36.9%,"148,552","39,727",72.9%,"377,398.71","86,442.27","132,720.27",0.260,64.8%,29.15,"4,184.0",185.7,0.424
105,01/09/2025,2025,Sep,9,Q3,KUANTAN,PANTAI TIMUR,BUKIT SAGU,Pinggir Bandar,"22,600",14,"56,027","14,021","477,501","228,366","49,378","28,414",78.9%,1.170,"212,261",0.4079,"36,125","12,336",15,45,2,5.8,18,7.6,3.07,151,27.1,23.5,97.8,"306,158","171,343",35.9%,"135,190","36,153",70.4%,"358,204.86","86,581.26","135,042.26",0.283,62.3%,25.55,"3,807.6",182.1,0.445
106,01/10/2025,2025,Oct,10,Q4,KUANTAN,PANTAI TIMUR,BUKIT SAGU,Pinggir Bandar,"22,600",14,"56,027","12,776","485,258","238,640","53,416","28,608",78.9%,1.170,"206,696",0.4023,"36,985","8,705",15,45,2,5.8,13,5.8,2.7,402,28.1,45.1,97.9,"320,664","164,594",33.9%,"129,865","34,729",69.3%,"375,176.88","83,153.80","128,843.80",0.266,65.7%,29.37,"3,657.6",184.6,0.426
107,01/11/2025,2025,Nov,11,Q4,KUANTAN,PANTAI TIMUR,BUKIT SAGU,Pinggir Bandar,"22,600",14,"56,027","12,794","430,426","206,006","48,527","24,663",78.9%,1.170,"186,419",0.4081,"30,303","9,345",15,45,2,5.8,21,6.4,2.3,329,26.9,21.3,97.6,"279,196","151,230",35.1%,"119,320","31,910",63.5%,"326,659.32","76,077.59","115,725.59",0.269,64.6%,25.53,"3,360.7",166.1,0.433
108,01/12/2025,2025,Dec,12,Q4,KUANTAN,PANTAI TIMUR,BUKIT SAGU,Pinggir Bandar,"22,600",14,"56,027","12,962","474,267","222,550","44,871","26,201",78.9%,1.170,"220,597",0.3946,"38,003","10,523",15,45,1,5.8,14,2.7,2.2,510,26.8,28.8,99,"293,622","180,645",38.1%,"142,529","38,116",67.7%,"343,537.74","87,047.58","135,573.58",0.286,60.5%,26.50,"4,014.3",169.1,0.465
109,01/01/2023,2023,Jan,1,Q1,KUANTAN,PANTAI TIMUR,SG. LEMBING,Pinggir Bandar,"31,600",37,"82,688","20,274","658,064","344,441","74,885","32,080",70.7%,1.159,"348,078",0.3714,"32,077","17,751",19,48,3,12.1,26,5.8,3.02,114,26.2,18.8,98.6,"451,406","206,658",31.4%,"146,107","60,551",67.2%,"523,179.55","129,276.17","179,104.17",0.272,65.8%,25.81,"4,305.4",176.1,0.529
110,01/02/2023,2023,Feb,2,Q1,KUANTAN,PANTAI TIMUR,SG. LEMBING,Pinggir Bandar,"31,600",37,"82,688","19,732","654,409","339,855","66,659","29,395",70.7%,1.159,"344,319",0.3828,"31,400","9,378",19,48,1,12.1,21,4.1,1.98,118,27.5,19.4,97.4,"435,909","218,500",33.4%,"154,480","64,021",74.0%,"505,218.53","131,805.31","172,583.31",0.264,65.8%,25.60,"4,552.1",188.3,0.526
111,01/03/2023,2023,Mar,3,Q1,KUANTAN,PANTAI TIMUR,SG. LEMBING,Pinggir Bandar,"31,600",37,"82,688","19,274","708,008","385,549","72,072","32,214",70.7%,1.159,"397,305",0.3813,"38,135","7,684",19,48,1,12.1,36,3.6,1.88,232,28.1,29.3,99.3,"489,835","218,173",30.8%,"154,248","63,925",72.3%,"567,718.77","151,492.40","197,311.40",0.279,65.2%,29.46,"4,545.3",191.1,0.561
112,01/04/2023,2023,Apr,4,Q2,KUANTAN,PANTAI TIMUR,SG. LEMBING,Pinggir Bandar,"31,600",37,"82,688","19,797","712,282","373,570","69,370","32,768",70.7%,1.159,"413,170",0.3736,"41,275","8,756",19,48,1,12.1,36,4.5,2.31,144,27.7,25.1,99.7,"475,708","236,574",33.2%,"167,258","69,316",75.1%,"551,345.57","154,360.31","204,391.31",0.287,62.9%,27.85,"4,928.6",191.8,0.580
113,01/05/2023,2023,May,5,Q2,KUANTAN,PANTAI TIMUR,SG. LEMBING,Pinggir Bandar,"31,600",37,"82,688","19,316","742,734","391,207","81,022","38,959",70.7%,1.159,"405,346",0.3797,"36,945","13,539",19,48,2,12.1,21,7.3,3.02,136,28.3,,97.9,"511,188","231,546",31.2%,"163,703","67,843",75.8%,"592,466.89","153,909.88","204,393.88",0.275,65.5%,30.67,"4,823.9",199.4,0.546
114,01/06/2023,2023,Jun,6,Q2,KUANTAN,PANTAI TIMUR,SG. LEMBING,Pinggir Bandar,"31,600",37,"82,688","19,681","750,539","405,633","77,763","29,035",70.7%,1.159,"436,358",0.3814,"44,274","12,156",19,48,3,12.1,27,12.1,3.02,202,28.6,25.9,99.3,"512,431","238,108",31.7%,"168,342","69,766",79.2%,"593,907.53","166,426.94","222,856.94",0.297,62.5%,30.18,"4,960.6",206.6,0.581
115,01/07/2023,2023,Jul,7,Q3,KUANTAN,PANTAI TIMUR,SG. LEMBING,Pinggir Bandar,"31,600",37,"82,688","20,133","716,704","356,071","78,474","35,895",70.7%,1.159,"395,653",0.3746,"42,245","9,018",19,48,2,12.1,18,4.1,,180,27.1,28,99,"470,440","246,264",34.4%,"174,109","72,155",73.2%,"545,239.96","148,211.61","199,474.61",0.278,63.4%,27.08,"5,130.5",183.5,0.552
116,01/08/2023,2023,Aug,8,Q3,KUANTAN,PANTAI TIMUR,SG. LEMBING,Pinggir Bandar,"31,600",37,"82,688","19,742","757,377","404,805","77,765","33,224",70.7%,1.159,"423,142",0.3696,"43,141","13,846",19,48,2,12.1,33,4.9,1.9,143,28.1,26.8,99.9,"515,794","241,583",31.9%,"170,799","70,784",77.3%,"597,805.25","156,393.28","213,380.28",0.282,64.3%,30.28,"5,033.0",201.2,0.559
117,01/09/2023,2023,Sep,9,Q3,KUANTAN,PANTAI TIMUR,SG. LEMBING,Pinggir Bandar,"31,600",37,"82,688","18,661","697,016","350,483","70,602","34,660",70.7%,1.159,"373,945",0.3671,"38,083","10,218",19,48,1,12.1,38,3.6,2.8,269,26.8,25.2,97.6,"455,745","241,271",34.6%,"170,579","70,692",73.5%,"528,208.46","137,275.21","185,576.21",0.266,64.9%,28.31,"5,026.5",183.7,0.536
118,01/10/2023,2023,Oct,10,Q4,KUANTAN,PANTAI TIMUR,SG. LEMBING,Pinggir Bandar,"31,600",37,"82,688","19,060","715,962","362,550","69,583","33,908",70.7%,1.159,"410,492",0.3739,"32,828","10,346",19,48,1,12.1,35,2.9,2.57,419,27.5,49.9,98.5,"466,041","249,921",34.9%,"176,694","73,227",73.1%,"540,141.52","153,482.96","196,656.96",0.275,63.6%,28.34,"5,206.7",181.8,0.573
119,01/11/2023,2023,Nov,11,Q4,KUANTAN,PANTAI TIMUR,SG. LEMBING,Pinggir Bandar,"31,600",37,"82,688","18,935","669,629","336,681","70,458","24,208",70.7%,1.159,"394,580",0.3668,"30,247","7,961",19,48,1,12.1,13,1.9,3.05,265,27.2,27.5,99.5,"431,347","238,282",35.6%,"168,465","69,817",70.6%,"499,931.17","144,731.94","182,939.94",0.273,63.4%,26.40,"4,964.2",173.9,0.589
120,01/12/2023,2023,Dec,12,Q4,KUANTAN,PANTAI TIMUR,SG. LEMBING,Pinggir Bandar,"31,600",37,"82,688","19,934","661,221","341,867","62,665","32,640",70.7%,1.159,"344,782",0.3794,"34,149","9,510",19,48,2,12.1,40,3.9,2.39,472,27.1,46,99.3,"437,172","224,049",33.9%,"158,403","65,646",67.5%,"506,682.35","130,810.29","174,469.29",0.264,65.6%,25.42,"4,667.7",170.5,0.521
121,01/01/2024,2024,Jan,1,Q1,KUANTAN,PANTAI TIMUR,SG. LEMBING,Pinggir Bandar,"31,600",38,"84,468","19,392","667,311","358,125","72,110","27,160",70.7%,1.159,"373,970",0.3890,"39,625","10,092",19,48,2,13.1,37,7.7,3.36,201,26.4,29.9,98.8,"457,395","209,916",31.5%,"148,411","61,505",68.1%,"530,120.81","145,474.33","195,191.33",0.293,63.2%,27.34,"4,373.3",174.7,0.560
122,01/02/2024,2024,Feb,2,Q1,KUANTAN,PANTAI TIMUR,SG. LEMBING,Pinggir Bandar,"31,600",38,"84,468","20,471","661,449","358,128","67,713","29,229",70.7%,1.159,"385,830",0.3779,"34,570","17,936",19,48,3,13.1,39,12.3,2.7,170,28,31.1,97.2,"455,070","206,379",31.2%,"145,910","60,469",72.2%,"527,426.13","145,805.16","198,311.16",0.300,62.4%,25.76,"4,299.6",185.8,0.583
123,01/03/2024,2024,Mar,3,Q1,KUANTAN,PANTAI TIMUR,SG. LEMBING,Pinggir Bandar,"31,600",38,"84,468","20,878","735,014","378,846","75,098","34,764",70.7%,1.159,"407,223",0.3775,"37,239","9,518",19,48,1,13.1,20,4.6,2.69,246,28.2,18.6,99.5,"488,708","246,306",33.5%,"174,138","72,168",75.0%,"566,412.57","153,726.68","200,483.68",0.273,64.6%,27.13,"5,131.4",186.6,0.554
124,01/04/2024,2024,Apr,4,Q2,KUANTAN,PANTAI TIMUR,SG. LEMBING,Pinggir Bandar,"31,600",38,"84,468","19,928","686,116","384,857","68,605","28,799",70.7%,1.159,"371,217",0.3840,"31,506","9,448",19,48,1,13.1,22,4.4,3.35,297,28.7,34.3,99.6,"482,261","203,855",29.7%,"144,125","59,730",72.4%,"558,940.50","142,547.33","183,501.33",0.267,67.2%,28.05,"4,247.0",190.3,0.541
125,01/05/2024,2024,May,5,Q2,KUANTAN,PANTAI TIMUR,SG. LEMBING,Pinggir Bandar,"31,600",38,"84,468","20,987","742,777","385,636","79,360","30,878",70.7%,1.159,"407,704",0.3795,"43,876","10,142",19,48,1,13.1,36,3.1,2.39,169,29,28.4,98.4,"495,874","246,903",33.2%,"174,560","72,343",75.8%,"574,717.97","154,723.67","208,741.67",0.281,63.7%,27.38,"5,143.8",189.4,0.549
126,01/06/2024,2024,Jun,6,Q2,KUANTAN,PANTAI TIMUR,SG. LEMBING,Pinggir Bandar,"31,600",38,"84,468","19,996","725,123","398,711","75,134","33,625",70.7%,1.159,"405,703",0.3826,"35,278","12,338",19,48,2,13.1,38,4.2,,117,28.6,21,97.8,"507,470","217,653",30.0%,"153,881","63,772",76.5%,"588,157.73","155,221.97","202,837.97",0.280,65.5%,29.41,"4,534.4",200.3,0.559
127,01/07/2024,2024,Jul,7,Q3,KUANTAN,PANTAI TIMUR,SG. LEMBING,Pinggir Bandar,"31,600",38,"84,468","19,100","776,996","423,860","73,068","40,550",70.7%,1.159,"444,121",0.3810,"38,123","9,529",19,48,1,13.1,26,2,3.09,165,27.9,24.6,97.4,"537,478","239,518",30.8%,"169,339","70,179",79.3%,"622,937.00","169,210.10","216,862.10",0.279,65.2%,32.61,"4,990.0",205.3,0.572
128,01/08/2024,2024,Aug,8,Q3,KUANTAN,PANTAI TIMUR,SG. LEMBING,Pinggir Bandar,"31,600",38,"84,468","19,736","754,619","404,859","75,024","33,815",70.7%,1.159,"389,819",0.3794,"43,260","13,302",19,48,2,13.1,21,7,1.87,159,28.3,30.2,99.4,"513,698","240,921",31.9%,"170,331","70,590",77.0%,"595,375.98","147,897.33","204,459.33",0.271,65.7%,30.17,"5,019.2",196.2,0.517
129,01/09/2024,2024,Sep,9,Q3,KUANTAN,PANTAI TIMUR,SG. LEMBING,Pinggir Bandar,"31,600",38,"84,468","20,417","676,693","342,801","69,758","31,261",70.7%,1.159,"362,523",0.3932,"29,932","13,600",19,48,2,13.1,34,5.8,3.08,256,28.1,19.9,97.2,"443,820","232,873",34.4%,"164,641","68,232",71.4%,"514,387.38","142,544.04","186,076.04",0.275,63.8%,25.19,"4,851.5",175.1,0.536
130,01/10/2024,2024,Oct,10,Q4,KUANTAN,PANTAI TIMUR,SG. LEMBING,Pinggir Bandar,"31,600",38,"84,468","21,269","728,936","383,283","64,164","31,351",70.7%,1.159,"424,404",0.3838,"39,514","13,150",19,48,2,13.1,32,8.1,2.37,218,27.7,29.9,99.4,"478,798","250,138",34.3%,"176,848","73,290",74.4%,"554,926.88","162,886.26","215,550.26",0.296,61.2%,26.09,"5,211.2",182.9,0.582
131,01/11/2024,2024,Nov,11,Q4,KUANTAN,PANTAI TIMUR,SG. LEMBING,Pinggir Bandar,"31,600",38,"84,468","19,453","692,764","380,748","66,094","35,867",70.7%,1.159,"408,072",0.3839,"39,645","14,965",19,48,3,13.1,22,9.5,2.91,264,27.5,17.1,99.8,"482,709","210,055",30.3%,"148,509","61,546",73.1%,"559,459.73","156,658.84","211,268.84",0.305,62.2%,28.76,"4,376.1",190.5,0.589
132,01/12/2024,2024,Dec,12,Q4,KUANTAN,PANTAI TIMUR,SG. LEMBING,Pinggir Bandar,"31,600",38,"84,468","19,799","703,090","390,541","64,683","32,992",70.7%,1.159,"407,614",0.3823,"34,484","15,078",19,48,3,13.1,31,9.2,2.93,564,26.2,57.6,96.6,"488,216","214,874",30.6%,"151,916","62,958",71.8%,"565,842.34","155,830.83","205,392.83",0.292,63.7%,28.58,"4,476.5",186.4,0.580
133,01/01/2025,2025,Jan,1,Q1,KUANTAN,PANTAI TIMUR,SG. LEMBING,Pinggir Bandar,"31,600",39,"86,814","20,462","731,881","386,096","67,981","36,064",70.7%,1.159,"376,269",0.4027,"35,909","10,763",19,48,1,14.1,22,2.3,2.97,260,26.9,34.6,98.6,"490,141","241,740",33.0%,"170,910","70,830",74.7%,"568,073.42","151,523.53","198,195.53",0.271,65.1%,27.76,"5,036.3",182.1,0.514
134,01/02/2025,2025,Feb,2,Q1,KUANTAN,PANTAI TIMUR,SG. LEMBING,Pinggir Bandar,"31,600",39,"86,814","19,481","679,447","380,291","77,921","30,816",70.7%,1.159,"366,702",0.4020,"37,021","7,678",19,48,1,14.1,36,1.9,2.99,169,27.6,30.6,97.9,"489,028","190,419",28.0%,"134,626","55,793",76.8%,"566,783.45","147,414.20","192,113.20",0.283,66.1%,29.09,"3,967.1",201.2,0.540
135,01/03/2025,2025,Mar,3,Q1,KUANTAN,PANTAI TIMUR,SG. LEMBING,Pinggir Bandar,"31,600",39,"86,814","20,675","705,485","395,333","67,049","28,674",70.7%,1.159,"370,905",0.3988,"39,830","12,499",19,48,2,14.1,39,5.3,2.95,134,27.7,24.3,97.4,"491,056","214,429",30.4%,"151,601","62,828",72.0%,"569,133.90","147,916.91","200,245.91",0.284,64.8%,27.53,"4,467.3",182.5,0.526
136,01/04/2025,2025,Apr,4,Q2,KUANTAN,PANTAI TIMUR,SG. LEMBING,Pinggir Bandar,"31,600",39,"86,814","21,376","716,247","415,576","70,811","29,918",70.7%,1.159,"408,487",0.4013,"35,287","8,135",19,48,1,14.1,32,3.6,2.25,141,28.9,24.2,99.6,"516,305","199,942",27.9%,"141,359","58,583",75.6%,"598,397.50","163,925.83","207,347.83",0.289,65.3%,27.99,"4,165.5",198.2,0.570
137,01/05/2025,2025,May,5,Q2,KUANTAN,PANTAI TIMUR,SG. LEMBING,Pinggir Bandar,"31,600",39,"86,814","21,126","779,753","429,230","83,241","42,408",70.7%,1.159,"412,736",0.4071,"39,479","13,148",19,48,2,14.1,17,5.3,2.7,195,28.9,24.1,97.1,"554,879","224,874",28.8%,"158,986","65,888",79.6%,"643,104.76","168,024.83","220,651.83",0.283,65.7%,30.44,"4,684.9",206.2,0.529
138,01/06/2025,2025,Jun,6,Q2,KUANTAN,PANTAI TIMUR,SG. LEMBING,Pinggir Bandar,"31,600",39,"86,814","20,826","792,726","440,913","77,283","29,425",70.7%,1.159,"410,965",0.3915,"39,776","17,479",19,48,3,14.1,17,7.2,1.89,206,28.9,25.3,99.3,"547,621","245,105",30.9%,"173,289","71,816",83.6%,"634,692.74","160,892.80","218,147.80",0.275,65.6%,30.48,"5,106.4",210.3,0.518
139,01/07/2025,2025,Jul,7,Q3,KUANTAN,PANTAI TIMUR,SG. LEMBING,Pinggir Bandar,"31,600",39,"86,814","20,896","806,028","424,315","87,430","36,185",70.7%,1.159,"465,923",0.4036,"38,306","7,236",19,48,1,14.1,17,2.2,2.95,196,28.2,27.7,98.3,"547,930","258,098",32.0%,"182,475","75,623",82.3%,"635,050.87","188,046.52","233,588.52",0.290,63.2%,30.39,"5,377.0",203.6,0.578
140,01/08/2025,2025,Aug,8,Q3,KUANTAN,PANTAI TIMUR,SG. LEMBING,Pinggir Bandar,"31,600",39,"86,814","19,535","786,104","447,870","73,075","32,372",70.7%,1.159,"449,126",0.4025,"35,129","18,132",19,48,3,14.1,41,6.5,2.7,221,27.5,36.4,97.3,"553,317","232,787",29.6%,"164,580","68,207",80.2%,"641,294.40","180,773.22","234,034.22",0.298,63.5%,32.83,"4,849.7",205.6,0.571
141,01/09/2025,2025,Sep,9,Q3,KUANTAN,PANTAI TIMUR,SG. LEMBING,Pinggir Bandar,"31,600",39,"86,814","20,298","730,440","415,078","71,786","27,535",70.7%,1.159,"387,244",0.3933,"35,495","15,067",19,48,3,14.1,34,6.6,3.35,173,27.5,24.2,97.4,"514,399","216,041",29.6%,"152,741","63,300",77.1%,"596,188.44","152,303.07","202,865.07",0.278,66.0%,29.37,"4,500.9",197.5,0.530
142,01/10/2025,2025,Oct,10,Q4,KUANTAN,PANTAI TIMUR,SG. LEMBING,Pinggir Bandar,"31,600",39,"86,814","21,571","714,920","387,110","74,244","32,237",70.7%,1.159,"390,648",0.4039,"35,647","15,457",19,48,3,14.1,33,8.7,2.42,415,27.5,39.7,97.9,"493,591","221,329",31.0%,"156,480","64,849",73.0%,"572,071.97","157,782.73","208,886.73",0.292,63.5%,26.52,"4,611.0",183.4,0.546
143,01/11/2025,2025,Nov,11,Q4,KUANTAN,PANTAI TIMUR,SG. LEMBING,Pinggir Bandar,"31,600",39,"86,814","21,472","659,703","349,844","74,211","24,927",70.7%,1.159,"363,360",0.4080,"35,152","9,635",19,48,2,14.1,20,8.4,3.26,365,27.2,,98.3,"448,982","210,721",31.9%,"148,980","61,741",69.6%,"520,370.14","148,250.88","193,037.88",0.293,62.9%,24.23,"4,390.0",172.4,0.551
144,01/12/2025,2025,Dec,12,Q4,KUANTAN,PANTAI TIMUR,SG. LEMBING,Pinggir Bandar,"31,600",39,"86,814","20,522","730,867","387,115","84,406","35,659",70.7%,1.159,"412,739",0.3902,"38,746","7,242",19,48,1,14.1,30,2.2,2,533,26.5,45.4,99.4,"507,180","223,687",30.6%,"158,147","65,540",74.6%,"587,821.62","161,050.76","207,038.76",0.283,64.8%,28.64,"4,660.1",188.5,0.565
145,01/01/2023,2023,Jan,1,Q1,KUANTAN,PANTAI TIMUR,LEPAR HILIR,Luar Bandar,"6,900",10,"16,425","4,083","135,254","52,790","5,352","1,958",64.7%,1.010,"67,508",0.3757,"8,952","7,275",12,26,1,12,4,4.5,2.16,171,26.7,16.2,97.3,"60,100","75,154",55.6%,"48,625","26,529",63.2%,"60,701.00","25,362.76","41,589.76",0.307,31.5%,14.87,"2,890.5",118.0,0.499
146,01/02/2023,2023,Feb,2,Q1,KUANTAN,PANTAI TIMUR,LEPAR HILIR,Luar Bandar,"6,900",10,"16,425","3,807","124,825","47,237","4,357","1,851",64.7%,1.010,"62,330",0.3770,"8,163","9,191",12,26,2,12,9,7.5,2.41,181,27.7,26.4,97.3,"53,445","71,380",57.2%,"46,183","25,197",64.6%,"53,979.45","23,498.41","40,852.41",0.327,24.3%,14.18,"2,745.4",116.2,0.499
147,01/03/2023,2023,Mar,3,Q1,KUANTAN,PANTAI TIMUR,LEPAR HILIR,Luar Bandar,"6,900",10,"16,425","3,856","146,733","55,599","5,320","2,391",64.7%,1.010,"74,895",0.3665,"10,426","6,432",12,26,1,12,8,2.7,2.9,211,27.2,28.2,97.6,"63,310","83,423",56.9%,"53,975","29,448",68.6%,"63,943.10","27,449.02","44,307.02",0.302,30.7%,16.58,"3,208.6",124.3,0.510
148,01/04/2023,2023,Apr,4,Q2,KUANTAN,PANTAI TIMUR,LEPAR HILIR,Luar Bandar,"6,900",10,"16,425","3,947","139,814","59,046","6,138","3,125",64.7%,1.010,"68,504",0.3791,"9,098","10,945",12,26,2,12,7,8.3,3.15,285,28.3,36.5,96.8,"68,309","71,505",51.1%,"46,264","25,241",67.5%,"68,992.09","25,969.87","46,012.87",0.329,33.3%,17.48,"2,750.2",138.6,0.490
149,01/05/2023,2023,May,5,Q2,KUANTAN,PANTAI TIMUR,LEPAR HILIR,Luar Bandar,"6,900",10,"16,425","3,739","154,247","61,093","6,288","2,902",64.7%,1.010,"78,723",0.3745,"10,925","5,162",12,26,1,12,7,3,2.92,189,28.1,22.3,96.7,"70,283","83,964",54.4%,"54,325","29,639",72.1%,"70,985.83","29,481.76","45,568.76",0.295,35.8%,18.99,"3,229.4",138.0,0.510
150,01/06/2023,2023,Jun,6,Q2,KUANTAN,PANTAI TIMUR,LEPAR HILIR,Luar Bandar,"6,900",10,"16,425","4,017","147,020","58,801","6,617","2,570",64.7%,1.010,"72,375",0.3821,"8,834","4,729",12,26,1,12,8,2.8,2.37,98,27.6,22.2,99,"67,988","79,032",53.8%,"51,134","27,898",71.0%,"68,667.88","27,654.49","41,217.49",0.280,40.0%,17.09,"3,039.7",138.0,0.492
151,01/07/2023,2023,Jul,7,Q3,KUANTAN,PANTAI TIMUR,LEPAR HILIR,Luar Bandar,"6,900",10,"16,425","3,988","147,903","62,562","6,503","2,933",64.7%,1.010,"79,086",0.3750,"8,280","7,565",12,26,1,12,4,4.8,2.72,107,27.7,28.2,99.6,"71,998","75,905",51.3%,"49,111","26,794",69.1%,"72,717.98","29,657.25","45,502.25",0.308,37.4%,18.23,"2,919.4",141.4,0.535
152,01/08/2023,2023,Aug,8,Q3,KUANTAN,PANTAI TIMUR,LEPAR HILIR,Luar Bandar,"6,900",10,"16,425","3,786","144,567","56,806","6,402","2,408",64.7%,1.010,"76,247",0.3738,"8,790","6,539",12,26,1,12,7,2.1,2.85,104,27.1,18.6,98.6,"65,616","78,951",54.6%,"51,081","27,870",67.6%,"66,272.16","28,501.13","43,830.13",0.303,33.9%,17.50,"3,036.6",128.9,0.527
153,01/09/2023,2023,Sep,9,Q3,KUANTAN,PANTAI TIMUR,LEPAR HILIR,Luar Bandar,"6,900",10,"16,425","3,985","138,610","51,263","5,323","1,995",64.7%,1.010,"65,979",0.3846,"8,432","7,578",12,26,1,12,4,3.6,2.29,245,28.1,25.3,97.5,"58,581","80,029",57.7%,"51,779","28,250",67.0%,"59,166.81","25,375.52","41,385.52",0.299,30.1%,14.85,"3,078.0",118.9,0.476
154,01/10/2023,2023,Oct,10,Q4,KUANTAN,PANTAI TIMUR,LEPAR HILIR,Luar Bandar,"6,900",10,"16,425","3,939","139,917","59,467","6,655","2,950",64.7%,1.010,"71,968",0.3826,"9,130","7,555",12,26,1,12,8,1.9,1.88,360,27.2,31.5,99.4,"69,072","70,845",50.6%,"45,837","25,008",65.4%,"69,762.72","27,534.96","44,219.96",0.316,36.6%,17.71,"2,724.8",135.7,0.514
155,01/11/2023,2023,Nov,11,Q4,KUANTAN,PANTAI TIMUR,LEPAR HILIR,Luar Bandar,"6,900",10,"16,425","4,130","127,128","48,324","4,429","2,067",64.7%,1.010,"64,522",0.3757,"8,337","4,828",12,26,1,12,9,2.3,2.31,551,26.9,37.8,98.9,"54,820","72,308",56.9%,"46,783","25,525",61.4%,"55,368.20","24,240.92","37,405.92",0.294,32.4%,13.41,"2,781.1",111.3,0.508
156,01/12/2023,2023,Dec,12,Q4,KUANTAN,PANTAI TIMUR,LEPAR HILIR,Luar Bandar,"6,900",10,"16,425","3,770","138,684","60,235","5,952","2,669",64.7%,1.010,"67,961",0.3697,"9,654","6,991",12,26,1,12,5,2,2.81,389,26.2,30.2,96.9,"68,856","69,828",50.4%,"45,179","24,649",64.8%,"69,544.56","25,125.18","41,770.18",0.301,39.9%,18.45,"2,685.7",135.2,0.490
157,01/01/2024,2024,Jan,1,Q1,KUANTAN,PANTAI TIMUR,LEPAR HILIR,Luar Bandar,"6,900",11,"16,791","4,190","136,030","54,540","5,278","2,635",64.7%,1.010,"71,913",0.3931,"9,464","7,644",12,26,2,13,11,7.4,1.67,131,27.5,15.3,97.4,"62,453","73,577",54.1%,"47,604","25,973",63.6%,"63,077.53","28,269.00","45,377.00",0.334,28.1%,15.05,"2,829.9",120.0,0.529
158,01/02/2024,2024,Feb,2,Q1,KUANTAN,PANTAI TIMUR,LEPAR HILIR,Luar Bandar,"6,900",11,"16,791","3,893","128,966","51,398","5,502","2,513",64.7%,1.010,"63,608",0.3854,"7,803","5,663",12,26,1,13,6,2.6,2.94,192,27.7,26.8,99.7,"59,413","69,553",53.9%,"45,001","24,552",64.5%,"60,007.13","24,514.52","37,980.52",0.295,36.7%,15.41,"2,675.1",122.0,0.493
159,01/03/2024,2024,Mar,3,Q1,KUANTAN,PANTAI TIMUR,LEPAR HILIR,Luar Bandar,"6,900",11,"16,791","3,914","146,783","55,371","6,090","2,329",64.7%,1.010,"70,395",0.3888,"8,997","4,749",12,26,1,13,7,3.3,2.47,208,28.1,33.9,97.8,"63,790","82,993",56.5%,"53,696","29,297",68.6%,"64,427.90","27,369.58","41,115.58",0.280,36.2%,16.46,"3,192.0",122.6,0.480
160,01/04/2024,2024,Apr,4,Q2,KUANTAN,PANTAI TIMUR,LEPAR HILIR,Luar Bandar,"6,900",11,"16,791","4,117","144,312","55,443","5,863","2,540",64.7%,1.010,"74,225",0.3928,"9,491","10,725",12,26,2,13,8,5.4,1.63,186,28,25.7,96.8,"63,846","80,466",55.8%,"52,062","28,404",69.7%,"64,484.46","29,155.58","49,371.58",0.342,23.4%,15.66,"3,094.8",126.7,0.514
161,01/05/2024,2024,May,5,Q2,KUANTAN,PANTAI TIMUR,LEPAR HILIR,Luar Bandar,"6,900",11,"16,791","4,143","151,040","57,750","5,986","2,183",64.7%,1.010,"76,830",0.3884,"9,950","6,544",12,26,1,13,4,4.8,2.62,213,28.7,17.2,99,"65,919","85,121",56.4%,"55,073","30,048",70.6%,"66,578.19","29,840.77","46,334.77",0.307,30.4%,16.07,"3,273.9",126.6,0.509
162,01/06/2024,2024,Jun,6,Q2,KUANTAN,PANTAI TIMUR,LEPAR HILIR,Luar Bandar,"6,900",11,"16,791","3,811","150,725","58,969","6,133","2,663",64.7%,1.010,"73,461",0.3858,"9,428","6,807",12,26,1,13,9,2.2,1.75,112,28.1,17.3,99.5,"67,765","82,960",55.0%,"53,675","29,285",72.8%,"68,442.65","28,341.25","44,576.25",0.296,34.9%,17.96,"3,190.8",134.5,0.487
163,01/07/2024,2024,Jul,7,Q3,KUANTAN,PANTAI TIMUR,LEPAR HILIR,Luar Bandar,"6,900",11,"16,791","3,915","146,989","58,254","5,866","2,614",64.7%,1.010,"73,427",0.3801,"10,112","7,384",12,26,2,13,6,4.3,2.59,175,28.1,23.2,96.8,"66,734","80,255",54.6%,"51,925","28,330",68.7%,"67,401.34","27,909.60","45,405.60",0.309,32.6%,17.22,"3,086.7",128.2,0.500
164,01/08/2024,2024,Aug,8,Q3,KUANTAN,PANTAI TIMUR,LEPAR HILIR,Luar Bandar,"6,900",11,"16,791","4,204","150,025","68,410","6,791","2,709",64.7%,1.010,"81,392",0.3888,"9,136","5,218",12,26,1,13,7,4.1,1.85,152,27.2,25.3,97.5,"77,910","72,115",48.1%,"46,658","25,457",70.1%,"78,689.10","31,645.21","45,999.21",0.307,41.5%,18.72,"2,773.7",149.7,0.543
165,01/09/2024,2024,Sep,9,Q3,KUANTAN,PANTAI TIMUR,LEPAR HILIR,Luar Bandar,"6,900",11,"16,791","4,056","146,495","61,181","5,440","2,589",64.7%,1.010,"76,366",0.3906,"9,263","7,098",12,26,1,13,7,3.1,2.06,192,27.4,18.4,98.8,"69,210","77,285",52.8%,"50,003","27,282",70.8%,"69,902.10","29,828.56","46,189.56",0.315,33.9%,17.23,"2,972.5",137.4,0.521
166,01/10/2024,2024,Oct,10,Q4,KUANTAN,PANTAI TIMUR,LEPAR HILIR,Luar Bandar,"6,900",11,"16,791","3,831","142,013","59,787","6,495","2,921",64.7%,1.010,"75,701",0.3784,"9,823","7,241",12,26,1,13,6,4.8,2.2,337,26.9,37.5,97.4,"69,203","72,810",51.3%,"47,108","25,702",66.4%,"69,895.03","28,645.26","45,709.26",0.322,34.6%,18.24,"2,800.4",132.9,0.533
167,01/11/2024,2024,Nov,11,Q4,KUANTAN,PANTAI TIMUR,LEPAR HILIR,Luar Bandar,"6,900",11,"16,791","4,012","127,083","49,538","4,890","2,269",64.7%,1.010,"69,904",0.3879,"8,643","9,624",12,26,2,13,8,6.2,2.32,272,27.6,32.5,97,"56,697","70,386",55.4%,"45,540","24,846",61.4%,"57,263.97","27,115.76","45,382.76",0.357,20.7%,14.27,"2,707.2",112.6,0.550
168,01/12/2024,2024,Dec,12,Q4,KUANTAN,PANTAI TIMUR,LEPAR HILIR,Luar Bandar,"6,900",11,"16,791","4,201","140,681","59,491","6,338","2,529",64.7%,1.010,"69,247",0.3823,"8,258","5,698",12,26,1,13,7,4.6,2.14,381,26.9,37.5,96.9,"68,358","72,323",51.4%,"46,793","25,530",65.8%,"69,041.58","26,473.13","40,429.13",0.287,41.4%,16.43,"2,781.7",131.3,0.492
169,01/01/2025,2025,Jan,1,Q1,KUANTAN,PANTAI TIMUR,LEPAR HILIR,Luar Bandar,"6,900",12,"17,129","4,228","132,334","52,206","5,649","2,353",64.7%,1.010,"67,842",0.4038,"7,913","9,934",12,26,2,14,8,6.5,2.95,158,26.7,21.8,97.7,"60,208","72,126",54.5%,"46,666","25,460",61.9%,"60,810.08","27,394.60","45,241.60",0.342,25.6%,14.38,"2,774.1",113.4,0.513
170,01/02/2025,2025,Feb,2,Q1,KUANTAN,PANTAI TIMUR,LEPAR HILIR,Luar Bandar,"6,900",12,"17,129","4,131","129,481","59,093","6,457","3,077",64.7%,1.010,"62,620",0.3922,"8,519","6,913",12,26,1,14,5,2.4,2.85,170,27.4,29.9,99.5,"68,627","60,854",47.0%,"39,373","21,481",67.0%,"69,313.27","24,559.56","39,991.56",0.309,42.3%,16.78,"2,340.5",143.1,0.484
171,01/03/2025,2025,Mar,3,Q1,KUANTAN,PANTAI TIMUR,LEPAR HILIR,Luar Bandar,"6,900",12,"17,129","3,855","143,734","56,786","6,255","2,867",64.7%,1.010,"76,427",0.3935,"7,749","7,348",12,26,1,14,9,2.9,1.6,149,28.2,25.1,98,"65,908","77,826",54.1%,"50,353","27,473",67.2%,"66,567.08","30,074.02","45,171.02",0.314,32.1%,17.27,"2,993.3",124.1,0.532
172,01/04/2025,2025,Apr,4,Q2,KUANTAN,PANTAI TIMUR,LEPAR HILIR,Luar Bandar,"6,900",12,"17,129","4,243","143,307","63,592","5,847","2,950",64.7%,1.010,"69,560",0.3998,"9,532","7,085",12,26,1,14,9,4.9,3.17,241,28.4,28,99.4,"72,389","70,918",49.5%,"45,884","25,034",69.2%,"73,112.89","27,810.09","44,427.09",0.310,39.2%,17.23,"2,727.6",140.9,0.485
173,01/05/2025,2025,May,5,Q2,KUANTAN,PANTAI TIMUR,LEPAR HILIR,Luar Bandar,"6,900",12,"17,129","4,190","145,837","62,161","5,886","2,853",64.7%,1.010,"74,183",0.3931,"10,000","6,738",12,26,1,14,4,4.3,2.55,264,29.2,28.5,99.5,"70,900","74,937",51.4%,"48,484","26,453",68.2%,"71,609.00","29,161.34","45,899.34",0.315,35.9%,17.09,"2,882.2",133.5,0.509
174,01/06/2025,2025,Jun,6,Q2,KUANTAN,PANTAI TIMUR,LEPAR HILIR,Luar Bandar,"6,900",12,"17,129","4,223","144,468","58,315","5,491","2,107",64.7%,1.010,"75,590",0.4045,"8,441","10,369",12,26,2,14,7,6,1.74,205,28.2,22.1,98.5,"65,913","78,555",54.4%,"50,825","27,730",69.8%,"66,572.13","30,576.16","49,386.16",0.342,25.8%,15.76,"3,021.3",128.3,0.523
175,01/07/2025,2025,Jul,7,Q3,KUANTAN,PANTAI TIMUR,LEPAR HILIR,Luar Bandar,"6,900",12,"17,129","3,940","146,221","68,309","6,434","2,648",64.7%,1.010,"70,628",0.4082,"8,623","7,345",12,26,1,14,9,3.2,2.15,114,28.4,26.6,100,"77,391","68,830",47.1%,"44,533","24,297",68.4%,"78,164.91","28,830.35","44,798.35",0.306,42.7%,19.84,"2,647.3",145.7,0.483
176,01/08/2025,2025,Aug,8,Q3,KUANTAN,PANTAI TIMUR,LEPAR HILIR,Luar Bandar,"6,900",12,"17,129","4,317","144,712","66,919","6,218","3,304",64.7%,1.010,"76,385",0.4049,"10,165","5,559",12,26,1,14,6,2.9,3.03,215,28.2,27.7,98.4,"76,441","68,271",47.2%,"44,171","24,100",67.7%,"77,205.41","30,928.29","46,652.29",0.322,39.6%,17.88,"2,625.8",144.0,0.528
177,01/09/2025,2025,Sep,9,Q3,KUANTAN,PANTAI TIMUR,LEPAR HILIR,Luar Bandar,"6,900",12,"17,129","3,946","145,030","63,319","6,609","3,052",64.7%,1.010,"68,914",0.3907,"10,065","7,769",12,26,1,14,5,2.8,2.58,245,27.8,31.8,98.3,"72,980","72,050",49.7%,"46,616","25,434",70.1%,"73,709.80","26,924.70","44,758.70",0.309,39.3%,18.68,"2,771.2",142.0,0.475
178,01/10/2025,2025,Oct,10,Q4,KUANTAN,PANTAI TIMUR,LEPAR HILIR,Luar Bandar,"6,900",12,"17,129","3,889","139,035","56,047","6,113","2,618",64.7%,1.010,"72,951",0.3950,"7,615","5,862",12,26,1,14,4,4.2,2.37,338,27.8,27.3,97.3,"64,778","74,257",53.4%,"48,044","26,213",65.0%,"65,425.78","28,815.65","42,292.65",0.304,35.4%,16.82,"2,856.0",122.0,0.525
179,01/11/2025,2025,Nov,11,Q4,KUANTAN,PANTAI TIMUR,LEPAR HILIR,Luar Bandar,"6,900",12,"17,129","4,094","140,409","63,304","6,293","3,122",64.7%,1.010,"74,379",0.3957,"8,500","7,047",12,26,1,14,9,1.9,1.75,378,27.7,42,98.3,"72,719","67,690",48.2%,"43,795","23,895",67.8%,"73,446.19","29,431.77","44,978.77",0.320,38.8%,17.94,"2,603.5",141.5,0.530
180,01/12/2025,2025,Dec,12,Q4,KUANTAN,PANTAI TIMUR,LEPAR HILIR,Luar Bandar,"6,900",12,"17,129","3,849","133,457","58,582","5,613","2,934",64.7%,1.010,"65,957",0.4037,"7,249","4,952",12,26,1,14,4,4.8,1.87,341,26.4,22.8,99.5,"67,129","66,328",49.7%,"42,914","23,414",62.4%,"67,800.29","26,626.84","38,827.84",0.291,42.7%,17.62,"2,551.1",126.4,0.494
181,01/01/2023,2023,Jan,1,Q1,KUANTAN,PANTAI TIMUR,PANCHING,Bandar,"213,700",28,"575,775","140,591","4,797,020","2,029,793","905,810","424,663",76.6%,1.371,"1,959,485",0.3732,"353,464","61,134",76,224,12,3.3,142,27,2.13,159,27.2,22.8,96.9,"3,360,266","1,436,754",30.0%,"1,100,554","336,200",72.4%,"4,606,924.69","731,279.80","1,145,877.80",0.239,75.1%,32.77,"6,414.1",188.3,0.408
182,01/02/2023,2023,Feb,2,Q1,KUANTAN,PANTAI TIMUR,PANCHING,Bandar,"213,700",28,"575,775","133,028","4,215,462","1,703,126","852,320","527,101",76.6%,1.371,"1,858,885",0.3682,"265,979","56,325",76,224,10,3.3,97,33.2,2.28,172,27.1,21.4,99,"3,082,547","1,132,915",26.9%,"867,813","265,102",70.5%,"4,226,171.94","684,441.46","1,006,745.46",0.239,76.2%,31.77,"5,057.7",191.2,0.441
183,01/03/2023,2023,Mar,3,Q1,KUANTAN,PANTAI TIMUR,PANCHING,Bandar,"213,700",28,"575,775","139,866","4,863,063","1,902,665","949,309","564,691",76.6%,1.371,"1,917,927",0.3675,"281,187","51,404",76,224,4,3.3,115,8.8,2.61,224,28.3,32.4,98.5,"3,416,665","1,446,398",29.7%,"1,107,941","338,457",73.4%,"4,684,247.72","704,838.17","1,037,429.17",0.213,77.9%,33.49,"6,457.1",191.4,0.394
184,01/04/2023,2023,Apr,4,Q2,KUANTAN,PANTAI TIMUR,PANCHING,Bandar,"213,700",28,"575,775","130,127","4,732,795","1,880,200","888,933","516,002",76.6%,1.371,"1,813,967",0.3846,"308,324","48,469",76,224,6,3.3,264,25.4,2.46,175,27.9,21.4,96.6,"3,285,135","1,447,660",30.6%,"1,108,908","338,752",73.8%,"4,503,920.09","697,651.71","1,054,444.71",0.223,76.6%,34.61,"6,462.8",190.2,0.383
185,01/05/2023,2023,May,5,Q2,KUANTAN,PANTAI TIMUR,PANCHING,Bandar,"213,700",28,"575,775","138,926","5,072,982","2,141,618","929,836","484,691",76.6%,1.371,"2,241,080",0.3841,"333,789","64,095",76,224,11,3.3,274,47,2.16,154,28.9,31.7,99.7,"3,556,145","1,516,837",29.9%,"1,161,897","354,940",76.6%,"4,875,474.80","860,798.83","1,258,682.83",0.248,74.2%,35.09,"6,771.6",199.2,0.442
186,01/06/2023,2023,Jun,6,Q2,KUANTAN,PANTAI TIMUR,PANCHING,Bandar,"213,700",28,"575,775","137,487","5,301,878","2,167,883","974,734","639,514",76.6%,1.371,"2,114,810",0.3673,"386,031","39,699",76,224,8,3.3,157,30.2,2.4,177,27.9,23.5,96.9,"3,782,131","1,519,747",28.7%,"1,164,126","355,621",82.7%,"5,185,301.60","776,769.71","1,202,499.71",0.227,76.8%,37.71,"6,784.6",219.0,0.399
187,01/07/2023,2023,Jul,7,Q3,KUANTAN,PANTAI TIMUR,PANCHING,Bandar,"213,700",28,"575,775","142,275","5,343,558","2,214,999","1,105,864","585,514",76.6%,1.371,"2,156,541",0.3653,"367,146","43,871",76,224,6,3.3,162,12.1,2.24,172,27.9,16,98.9,"3,906,377","1,437,181",26.9%,"1,100,881","336,300",80.7%,"5,355,642.87","787,784.43","1,198,801.43",0.224,77.6%,37.64,"6,416.0",218.9,0.404
188,01/08/2023,2023,Aug,8,Q3,KUANTAN,PANTAI TIMUR,PANCHING,Bandar,"213,700",28,"575,775","139,926","5,053,314","1,999,449","922,252","611,483",76.6%,1.371,"1,933,191",0.3826,"344,795","50,232",76,224,8,3.3,131,17.3,2.03,119,27.9,23.5,98.1,"3,533,184","1,520,130",30.1%,"1,164,420","355,710",76.3%,"4,843,995.26","739,638.88","1,134,665.88",0.225,76.6%,34.62,"6,786.3",197.9,0.383
189,01/09/2023,2023,Sep,9,Q3,KUANTAN,PANTAI TIMUR,PANCHING,Bandar,"213,700",28,"575,775","132,533","5,018,482","2,147,818","865,519","544,251",76.6%,1.371,"2,161,458",0.3799,"350,111","67,481",76,224,10,3.3,169,40.9,2.68,193,27.9,27.7,97.8,"3,557,588","1,460,894",29.1%,"1,119,045","341,849",78.3%,"4,877,453.15","821,137.89","1,238,729.89",0.247,74.6%,36.80,"6,521.8",206.0,0.431
190,01/10/2023,2023,Oct,10,Q4,KUANTAN,PANTAI TIMUR,PANCHING,Bandar,"213,700",28,"575,775","134,967","4,958,591","2,086,342","795,124","487,630",76.6%,1.371,"1,904,536",0.3714,"368,155","39,212",76,224,4,3.3,180,7.8,2.91,232,27.4,24.3,99,"3,369,096","1,589,495",32.1%,"1,217,553","371,942",74.9%,"4,619,030.62","707,344.67","1,114,711.67",0.225,75.9%,34.22,"7,096.0",188.8,0.384
191,01/11/2023,2023,Nov,11,Q4,KUANTAN,PANTAI TIMUR,PANCHING,Bandar,"213,700",28,"575,775","140,899","4,332,002","1,838,155","765,734","379,244",76.6%,1.371,"1,777,830",0.3740,"267,929","56,820",76,224,11,3.3,182,28.7,1.8,483,26.9,28.5,97,"2,983,133","1,348,869",31.1%,"1,033,234","315,635",67.6%,"4,089,875.34","664,908.42","989,657.42",0.228,75.8%,29.03,"6,021.7",172.7,0.410
192,01/12/2023,2023,Dec,12,Q4,KUANTAN,PANTAI TIMUR,PANCHING,Bandar,"213,700",28,"575,775","144,181","4,735,355","1,964,226","942,624","486,434",76.6%,1.371,"2,069,187",0.3747,"266,669","47,360",76,224,8,3.3,166,38.8,2.41,454,26.8,40.6,97.2,"3,393,284","1,342,071",28.3%,"1,028,026","314,045",71.5%,"4,652,192.36","775,324.37","1,089,353.37",0.230,76.6%,32.27,"5,991.4",190.1,0.437
193,01/01/2024,2024,Jan,1,Q1,KUANTAN,PANTAI TIMUR,PANCHING,Bandar,"213,700",29,"588,379","138,157","4,541,908","1,730,771","904,119","525,877",76.6%,1.371,"1,987,660",0.3813,"274,604","68,532",76,224,11,4.3,182,40,2.68,131,27.4,20.8,99.8,"3,160,767","1,381,141",30.4%,"1,057,954","323,187",68.6%,"4,333,411.56","757,894.76","1,101,030.76",0.242,74.6%,31.37,"6,165.8",173.3,0.438
194,01/02/2024,2024,Feb,2,Q1,KUANTAN,PANTAI TIMUR,PANCHING,Bandar,"213,700",29,"588,379","135,743","4,457,173","1,813,496","875,005","461,792",76.6%,1.371,"1,934,250",0.3771,"325,382","44,562",76,224,9,4.3,127,27.1,2.48,189,27.3,27.1,98.7,"3,150,293","1,306,880",29.3%,"1,001,070","305,810",71.9%,"4,319,051.70","729,405.68","1,099,349.68",0.247,74.5%,31.82,"5,834.3",184.6,0.434
195,01/03/2024,2024,Mar,3,Q1,KUANTAN,PANTAI TIMUR,PANCHING,Bandar,"213,700",29,"588,379","133,213","5,062,767","2,196,008","913,686","435,953",76.6%,1.371,"2,207,940",0.3913,"337,644","44,309",76,224,7,4.3,131,17.3,1.99,157,28.1,23.8,97.3,"3,545,647","1,517,120",30.0%,"1,162,114","355,006",76.4%,"4,861,082.04","863,966.92","1,245,919.92",0.246,74.4%,36.49,"6,772.9",194.4,0.436
196,01/04/2024,2024,Apr,4,Q2,KUANTAN,PANTAI TIMUR,PANCHING,Bandar,"213,700",29,"588,379","147,862","4,891,059","2,255,240","880,916","449,737",76.6%,1.371,"2,044,544",0.3853,"362,291","42,038",76,224,4,4.3,250,17.7,2.2,150,28.8,25.7,98.2,"3,585,893","1,305,166",26.7%,"999,757","305,409",76.3%,"4,916,259.30","787,762.80","1,192,091.80",0.244,75.8%,33.25,"5,826.6",203.2,0.418
197,01/05/2024,2024,May,5,Q2,KUANTAN,PANTAI TIMUR,PANCHING,Bandar,"213,700",29,"588,379","137,175","5,374,099","2,275,243","1,107,225","519,430",76.6%,1.371,"2,051,832",0.3967,"386,109","63,454",76,224,9,4.3,190,35.6,2.82,206,27.9,28.4,98.3,"3,901,898","1,472,201",27.4%,"1,127,706","344,495",81.1%,"5,349,502.16","813,961.75","1,263,524.75",0.235,76.4%,39.00,"6,572.3",213.9,0.382
198,01/06/2024,2024,Jun,6,Q2,KUANTAN,PANTAI TIMUR,PANCHING,Bandar,"213,700",29,"588,379","136,065","5,328,793","2,477,903","940,742","499,246",76.6%,1.371,"2,141,149",0.3921,"397,963","40,334",76,224,8,4.3,151,23.3,2.83,142,28.5,20.4,97.9,"3,917,891","1,410,902",26.5%,"1,080,751","330,151",83.1%,"5,371,428.56","839,544.52","1,277,841.52",0.240,76.2%,39.48,"6,298.7",222.0,0.402
199,01/07/2024,2024,Jul,7,Q3,KUANTAN,PANTAI TIMUR,PANCHING,Bandar,"213,700",29,"588,379","131,970","5,451,866","2,323,068","886,336","605,164",76.6%,1.371,"2,300,284",0.3790,"401,384","36,920",76,224,5,4.3,146,9.6,2.86,136,28.2,16.1,99.4,"3,814,568","1,637,298",30.0%,"1,254,170","383,128",82.3%,"5,229,772.73","871,807.64","1,310,111.64",0.240,74.9%,39.63,"7,309.4",209.1,0.422
200,01/08/2024,2024,Aug,8,Q3,KUANTAN,PANTAI TIMUR,PANCHING,Bandar,"213,700",29,"588,379","139,351","5,064,759","2,232,171","842,832","496,489",76.6%,1.371,"2,098,609",0.3898,"305,169","37,910",76,224,7,4.3,142,25.3,2.55,124,27.3,17.6,97.4,"3,571,492","1,493,267",29.5%,"1,143,843","349,424",76.5%,"4,896,515.53","818,037.79","1,161,116.79",0.229,76.3%,35.14,"6,666.4",195.8,0.414
201,01/09/2024,2024,Sep,9,Q3,KUANTAN,PANTAI TIMUR,PANCHING,Bandar,"213,700",29,"588,379","132,350","4,740,833","2,036,504","857,207","503,217",76.6%,1.371,"1,901,615",0.3959,"330,276","41,529",76,224,7,4.3,265,22.3,1.9,154,26.9,25,96.6,"3,396,928","1,343,905",28.3%,"1,029,431","314,474",73.9%,"4,657,188.29","752,849.38","1,124,654.38",0.237,75.9%,35.19,"5,999.6",192.4,0.401
202,01/10/2024,2024,Oct,10,Q4,KUANTAN,PANTAI TIMUR,PANCHING,Bandar,"213,700",29,"588,379","137,434","4,999,324","2,246,939","940,203","525,578",76.6%,1.371,"1,923,524",0.3943,"314,240","48,571",76,224,8,4.3,187,31.8,1.97,279,27.6,27.3,99.9,"3,712,720","1,286,604",25.7%,"985,539","301,065",75.5%,"5,090,139.12","758,445.51","1,121,256.51",0.224,78.0%,37.04,"5,743.8",203.6,0.385
203,01/11/2024,2024,Nov,11,Q4,KUANTAN,PANTAI TIMUR,PANCHING,Bandar,"213,700",29,"588,379","136,413","4,505,754","1,956,132","813,475","452,065",76.6%,1.371,"1,727,645",0.3953,"273,991","53,519",76,224,5,4.3,262,10.8,2.14,422,27,44.2,98.5,"3,221,672","1,284,082",28.5%,"983,607","300,475",70.3%,"4,416,912.31","682,938.07","1,010,448.07",0.224,77.1%,32.38,"5,732.5",182.5,0.383
204,01/12/2024,2024,Dec,12,Q4,KUANTAN,PANTAI TIMUR,PANCHING,Bandar,"213,700",29,"588,379","140,469","4,624,442","2,030,006","824,431","452,380",76.6%,1.371,"1,782,581",0.3827,"311,071","50,178",76,224,12,4.3,193,50.1,2.75,349,26.3,33.7,97.9,"3,306,817","1,317,625",28.5%,"1,009,301","308,324",69.8%,"4,533,646.11","682,193.75","1,043,442.75",0.226,77.0%,32.28,"5,882.3",181.3,0.385
205,01/01/2025,2025,Jan,1,Q1,KUANTAN,PANTAI TIMUR,PANCHING,Bandar,"213,700",30,"601,235","146,990","5,053,787","2,268,710","910,632","602,359",76.6%,1.371,"2,071,105",0.3991,"292,180","55,941",76,224,7,5.3,202,24,1.99,229,26.7,30.4,97.5,"3,781,701","1,272,086",25.2%,"974,418","297,668",76.3%,"5,184,712.07","826,578.01","1,174,699.01",0.232,77.3%,35.27,"5,679.0",202.9,0.410
206,01/02/2025,2025,Feb,2,Q1,KUANTAN,PANTAI TIMUR,PANCHING,Bandar,"213,700",30,"601,235","150,280","4,466,773","1,956,779","862,439","488,341",76.6%,1.371,"1,834,541",0.3987,"278,407","54,319",76,224,6,5.3,233,12.5,2.74,188,28,24.7,98.6,"3,307,559","1,159,214",26.0%,"887,958","271,256",74.7%,"4,534,663.39","731,431.50","1,064,157.50",0.238,76.5%,30.17,"5,175.1",196.5,0.411
207,01/03/2025,2025,Mar,3,Q1,KUANTAN,PANTAI TIMUR,PANCHING,Bandar,"213,700",30,"601,235","149,713","4,929,366","2,094,745","876,007","618,184",76.6%,1.371,"1,984,595",0.3998,"275,078","59,822",76,224,8,5.3,146,21.7,3.4,168,28.6,25.8,97.4,"3,588,936","1,340,430",27.2%,"1,026,769","313,661",74.4%,"4,920,431.26","793,441.08","1,128,341.08",0.229,77.1%,32.87,"5,984.1",192.6,0.403
208,01/04/2025,2025,Apr,4,Q2,KUANTAN,PANTAI TIMUR,PANCHING,Bandar,"213,700",30,"601,235","142,015","5,206,072","2,242,183","988,297","527,736",76.6%,1.371,"2,039,802",0.3940,"332,798","57,501",76,224,8,5.3,183,26.1,2.21,158,27.8,17.9,98.9,"3,758,216","1,447,856",27.8%,"1,109,058","338,798",81.2%,"5,152,514.14","803,681.99","1,193,980.99",0.229,76.8%,36.28,"6,463.6",208.4,0.392
209,01/05/2025,2025,May,5,Q2,KUANTAN,PANTAI TIMUR,PANCHING,Bandar,"213,700",30,"601,235","137,930","5,279,867","2,341,415","1,048,016","507,628",76.6%,1.371,"2,316,642",0.3995,"332,290","39,256",76,224,5,5.3,232,23.1,2.96,153,29.1,15.3,96.7,"3,897,059","1,382,808",26.2%,"1,059,231","323,577",79.7%,"5,342,867.89","925,498.48","1,297,044.48",0.246,75.7%,38.74,"6,173.3",209.1,0.439
210,01/06/2025,2025,Jun,6,Q2,KUANTAN,PANTAI TIMUR,PANCHING,Bandar,"213,700",30,"601,235","143,354","5,348,470","2,378,361","911,907","618,814",76.6%,1.371,"2,283,337",0.4025,"338,641","52,931",76,224,5,5.3,155,20.2,2.53,150,27.6,16.3,99.7,"3,909,082","1,439,388",26.9%,"1,102,571","336,817",83.4%,"5,359,351.42","919,043.14","1,310,615.14",0.245,75.5%,37.39,"6,425.8",216.7,0.427
211,01/07/2025,2025,Jul,7,Q3,KUANTAN,PANTAI TIMUR,PANCHING,Bandar,"213,700",30,"601,235","140,140","5,419,479","2,291,042","1,033,574","521,359",76.6%,1.371,"2,364,951",0.3904,"402,984","66,436",76,224,9,5.3,263,40.1,3.01,148,27.2,30.2,99.4,"3,845,975","1,573,504",29.0%,"1,205,304","368,200",81.8%,"5,272,831.73","923,276.87","1,392,696.87",0.257,73.6%,37.63,"7,024.6",206.3,0.436
212,01/08/2025,2025,Aug,8,Q3,KUANTAN,PANTAI TIMUR,PANCHING,Bandar,"213,700",30,"601,235","150,603","5,439,128","2,250,102","1,045,898","560,049",76.6%,1.371,"2,411,078",0.3997,"392,733","63,956",76,224,9,5.3,84,17.9,3.41,114,27.9,17.5,98.2,"3,856,049","1,583,079",29.1%,"1,212,639","370,440",82.1%,"5,286,643.18","963,707.88","1,420,396.88",0.261,73.1%,35.10,"7,067.3",206.9,0.443
213,01/09/2025,2025,Sep,9,Q3,KUANTAN,PANTAI TIMUR,PANCHING,Bandar,"213,700",30,"601,235","147,638","4,814,276","2,235,952","905,168","462,567",76.6%,1.371,"1,899,974",0.3932,"287,230","58,268",76,224,8,5.3,154,24.3,2.48,256,27.3,26.7,99.3,"3,603,687","1,210,589",25.1%,"927,311","283,278",75.1%,"4,940,654.88","747,069.78","1,092,567.78",0.227,77.9%,33.46,"5,404.4",199.8,0.395
214,01/10/2025,2025,Oct,10,Q4,KUANTAN,PANTAI TIMUR,PANCHING,Bandar,"213,700",30,"601,235","143,547","4,944,649","2,177,531","855,583","512,730",76.6%,1.371,"1,997,448",0.4011,"280,549","41,107",76,224,4,5.3,245,15,2.25,331,26.8,25,97.6,"3,545,844","1,398,805",28.3%,"1,071,485","327,320",74.6%,"4,861,352.12","801,176.39","1,122,832.39",0.227,76.9%,33.87,"6,244.7",190.2,0.404
215,01/11/2025,2025,Nov,11,Q4,KUANTAN,PANTAI TIMUR,PANCHING,Bandar,"213,700",30,"601,235","142,197","4,814,965","2,105,148","825,322","566,509",76.6%,1.371,"2,081,392",0.4081,"295,269","40,491",76,224,5,5.3,131,17.7,3.32,510,27.6,45.5,99.4,"3,496,979","1,317,986",27.4%,"1,009,577","308,409",75.1%,"4,794,358.21","849,416.08","1,185,176.08",0.246,75.3%,33.72,"5,883.9",193.9,0.432
216,01/12/2025,2025,Dec,12,Q4,KUANTAN,PANTAI TIMUR,PANCHING,Bandar,"213,700",30,"601,235","141,585","4,689,980","2,052,586","899,554","501,318",76.6%,1.371,"1,981,487",0.3938,"297,591","67,439",76,224,10,5.3,257,20.6,2.14,443,26.9,48.3,97.2,"3,453,458","1,236,522",26.4%,"947,176","289,346",70.8%,"4,734,690.92","780,309.58","1,145,339.58",0.244,75.8%,33.44,"5,520.2",185.3,0.422
217,01/01/2023,2023,Jan,1,Q1,MARAN,TENGAH,PEKAN TAJAU,Pinggir Bandar,"12,700",33,"34,919","8,159","284,509","143,460","25,730","14,032",79.9%,1.128,"120,686",0.3805,"17,828","6,492",13,31,1,9.8,7,3.4,3.22,92,27.2,21,97,"183,222","101,287",35.6%,"80,928","20,359",72.3%,"206,674.42","45,921.02","70,241.02",0.247,66.0%,25.33,"3,267.3",169.3,0.424
218,01/02/2023,2023,Feb,2,Q1,MARAN,TENGAH,PEKAN TAJAU,Pinggir Bandar,"12,700",33,"34,919","8,738","276,517","143,335","24,225","11,951",79.9%,1.128,"118,783",0.3655,"19,196","5,908",13,31,1,9.8,11,2.9,2.98,119,27.8,16,98.9,"179,511","97,006",35.1%,"77,508","19,498",77.8%,"202,488.41","43,415.19","68,519.19",0.248,66.2%,23.17,"3,129.2",183.6,0.430
219,01/03/2023,2023,Mar,3,Q1,MARAN,TENGAH,PEKAN TAJAU,Pinggir Bandar,"12,700",33,"34,919","8,013","306,491","145,627","23,843","13,170",79.9%,1.128,"133,561",0.3762,"19,298","8,616",13,31,2,9.8,15,9.3,2.61,144,27.6,23.4,97.9,"182,640","123,851",40.4%,"98,957","24,894",77.8%,"206,017.92","50,245.65","78,159.65",0.255,62.1%,25.71,"3,995.2",168.7,0.436
220,01/04/2023,2023,Apr,4,Q2,MARAN,TENGAH,PEKAN TAJAU,Pinggir Bandar,"12,700",33,"34,919","8,529","300,764","153,763","23,038","12,250",79.9%,1.128,"129,462",0.3837,"15,984","5,422",13,31,1,9.8,9,3.6,3.05,124,27.7,17.7,98.7,"189,051","111,713",37.1%,"89,259","22,454",78.9%,"213,249.53","49,674.57","71,080.57",0.236,66.7%,25.00,"3,603.6",180.5,0.430
221,01/05/2023,2023,May,5,Q2,MARAN,TENGAH,PEKAN TAJAU,Pinggir Bandar,"12,700",33,"34,919","8,114","325,929","159,892","25,557","14,411",79.9%,1.128,"141,892",0.3724,"18,589","7,302",13,31,1,9.8,16,3.6,2.46,207,28.2,37.8,98.8,"199,860","126,069",38.7%,"100,729","25,340",82.8%,"225,442.08","52,840.58","78,731.58",0.242,65.1%,27.78,"4,066.7",184.6,0.435
222,01/06/2023,2023,Jun,6,Q2,MARAN,TENGAH,PEKAN TAJAU,Pinggir Bandar,"12,700",33,"34,919","7,825","293,586","150,709","24,668","15,415",79.9%,1.128,"139,260",0.3791,"17,551","7,565",13,31,2,9.8,9,7.9,2.46,94,27.6,25,99.9,"190,792","102,794",35.0%,"82,132","20,662",77.1%,"215,213.38","52,793.47","77,909.47",0.265,63.8%,27.50,"3,315.9",182.1,0.474
223,01/07/2023,2023,Jul,7,Q3,MARAN,TENGAH,PEKAN TAJAU,Pinggir Bandar,"12,700",33,"34,919","7,904","322,161","158,977","25,278","16,182",79.9%,1.128,"154,316",0.3815,"20,774","8,571",13,31,2,9.8,18,4.6,2.54,124,28,14.1,98,"200,437","121,724",37.8%,"97,257","24,467",81.8%,"226,092.94","58,871.55","88,216.55",0.274,61.0%,28.60,"3,926.6",185.2,0.479
224,01/08/2023,2023,Aug,8,Q3,MARAN,TENGAH,PEKAN TAJAU,Pinggir Bandar,"12,700",33,"34,919","8,595","312,954","156,976","27,253","11,728",79.9%,1.128,"148,183",0.3831,"17,096","7,502",13,31,2,9.8,9,5.7,2.36,145,27.9,23.4,99.8,"195,957","116,997",37.4%,"93,481","23,516",79.5%,"221,039.50","56,768.91","81,366.91",0.260,63.2%,25.72,"3,774.1",181.0,0.473
225,01/09/2023,2023,Sep,9,Q3,MARAN,TENGAH,PEKAN TAJAU,Pinggir Bandar,"12,700",33,"34,919","7,973","305,360","151,963","29,114","13,780",79.9%,1.128,"134,914",0.3661,"18,236","8,147",13,31,2,9.8,19,4.6,3.19,192,27.6,23.6,96.9,"194,857","110,503",36.2%,"88,292","22,211",80.1%,"219,798.70","49,392.02","75,775.02",0.248,65.5%,27.57,"3,564.6",186.0,0.442
226,01/10/2023,2023,Oct,10,Q4,MARAN,TENGAH,PEKAN TAJAU,Pinggir Bandar,"12,700",33,"34,919","8,627","302,283","147,971","26,529","12,281",79.9%,1.128,"149,231",0.3752,"19,493","5,865",13,31,1,9.8,10,4.4,2.55,183,26.7,,97.7,"186,781","115,502",38.2%,"92,286","23,216",76.8%,"210,688.97","55,991.47","81,349.47",0.269,61.4%,24.42,"3,725.9",172.5,0.494
227,01/11/2023,2023,Nov,11,Q4,MARAN,TENGAH,PEKAN TAJAU,Pinggir Bandar,"12,700",33,"34,919","8,466","266,019","132,010","24,506","13,591",79.9%,1.128,"119,541",0.3746,"14,006","8,191",13,31,2,9.8,15,6.1,2.7,276,26.6,45.1,99.5,"170,107","95,912",36.1%,"76,634","19,278",69.8%,"191,880.70","44,780.06","66,977.06",0.252,65.1%,22.66,"3,093.9",162.4,0.449
228,01/12/2023,2023,Dec,12,Q4,MARAN,TENGAH,PEKAN TAJAU,Pinggir Bandar,"12,700",33,"34,919","8,668","295,323","147,429","22,825","13,085",79.9%,1.128,"142,060",0.3801,"15,550","8,136",13,31,1,9.8,14,4.5,3.29,304,27.1,34.5,98.9,"183,339","111,984",37.9%,"89,475","22,509",75.0%,"206,806.39","53,997.01","77,683.01",0.263,62.4%,23.86,"3,612.4",169.4,0.481
229,01/01/2024,2024,Jan,1,Q1,MARAN,TENGAH,PEKAN TAJAU,Pinggir Bandar,"12,700",34,"35,720","8,605","286,821","138,270","25,641","13,907",79.9%,1.128,"141,867",0.3800,"17,883","6,268",13,31,1,10.8,17,4,1.85,135,27.5,17.2,97,"177,818","109,003",38.0%,"87,093","21,910",72.9%,"200,578.70","53,909.46","78,060.46",0.272,61.1%,23.31,"3,516.2",160.6,0.495
230,01/02/2024,2024,Feb,2,Q1,MARAN,TENGAH,PEKAN TAJAU,Pinggir Bandar,"12,700",34,"35,720","8,155","264,030","128,055","20,984","9,912",79.9%,1.128,"118,615",0.3793,"18,021","6,829",13,31,1,10.8,8,3.1,2.23,96,27.1,24.9,99.9,"158,951","105,079",39.8%,"83,958","21,121",71.7%,"179,296.73","44,990.67","69,840.67",0.265,61.0%,21.99,"3,389.6",153.4,0.449
231,01/03/2024,2024,Mar,3,Q1,MARAN,TENGAH,PEKAN TAJAU,Pinggir Bandar,"12,700",34,"35,720","8,898","320,548","153,699","29,854","15,826",79.9%,1.128,"146,654",0.3799,"18,349","8,600",13,31,1,10.8,15,3.9,2.22,154,27.5,17.7,99.6,"199,379","121,169",37.8%,"96,814","24,355",81.4%,"224,899.51","55,713.85","82,662.85",0.258,63.2%,25.28,"3,908.7",180.1,0.458
232,01/04/2024,2024,Apr,4,Q2,MARAN,TENGAH,PEKAN TAJAU,Pinggir Bandar,"12,700",34,"35,720","8,070","292,524","141,659","26,714","14,694",79.9%,1.128,"144,547",0.3919,"20,282","7,145",13,31,1,10.8,8,4.1,2.08,119,28.6,25.1,98.6,"183,067","109,457",37.4%,"87,456","22,001",76.8%,"206,499.58","56,647.97","84,074.97",0.287,59.3%,25.59,"3,530.9",170.8,0.494
233,01/05/2024,2024,May,5,Q2,MARAN,TENGAH,PEKAN TAJAU,Pinggir Bandar,"12,700",34,"35,720","8,183","329,109","151,433","29,258","15,711",79.9%,1.128,"159,906",0.3859,"19,901","7,760",13,31,1,10.8,9,2.2,1.84,194,28.6,33.5,97.5,"196,402","132,707",40.3%,"106,033","26,674",83.6%,"221,541.46","61,707.73","89,368.73",0.272,59.7%,27.07,"4,280.9",177.4,0.486
234,01/06/2024,2024,Jun,6,Q2,MARAN,TENGAH,PEKAN TAJAU,Pinggir Bandar,"12,700",34,"35,720","8,154","317,958","150,050","27,923","13,638",79.9%,1.128,"156,132",0.3875,"18,009","7,859",13,31,2,10.8,19,5,2.13,112,27.4,21.6,98.4,"191,611","126,347",39.7%,"100,951","25,396",83.5%,"216,137.21","60,501.15","86,369.15",0.272,60.0%,26.51,"4,075.7",178.8,0.491
235,01/07/2024,2024,Jul,7,Q3,MARAN,TENGAH,PEKAN TAJAU,Pinggir Bandar,"12,700",34,"35,720","8,000","331,058","166,005","27,950","14,045",79.9%,1.128,"148,291",0.3771,"17,580","9,273",13,31,2,10.8,19,8.9,3.04,135,27.4,24.5,99.1,"208,000","123,058",37.2%,"98,323","24,735",84.1%,"234,624.00","55,920.54","82,773.54",0.250,64.7%,29.33,"3,969.6",187.8,0.448
236,01/08/2024,2024,Aug,8,Q3,MARAN,TENGAH,PEKAN TAJAU,Pinggir Bandar,"12,700",34,"35,720","8,148","306,703","157,599","23,235","12,412",79.9%,1.128,"142,227",0.3906,"19,390","5,412",13,31,1,10.8,10,2.4,3.14,88,27.8,22,96.8,"193,246","113,457",37.0%,"90,652","22,805",77.9%,"217,981.49","55,553.87","80,355.87",0.262,63.1%,26.75,"3,659.9",174.5,0.464
237,01/09/2024,2024,Sep,9,Q3,MARAN,TENGAH,PEKAN TAJAU,Pinggir Bandar,"12,700",34,"35,720","8,360","306,757","157,579","24,076","12,105",79.9%,1.128,"131,686",0.3778,"21,242","8,291",13,31,2,10.8,14,4.9,,209,27.4,31,98.5,"193,760","112,997",36.8%,"90,285","22,712",80.5%,"218,561.28","49,750.97","79,283.97",0.258,63.7%,26.14,"3,645.1",180.8,0.429
238,01/10/2024,2024,Oct,10,Q4,MARAN,TENGAH,PEKAN TAJAU,Pinggir Bandar,"12,700",34,"35,720","8,942","299,291","137,280","27,056","14,844",79.9%,1.128,"144,166",0.3876,"20,244","8,140",13,31,1,10.8,13,1.9,3.08,146,27.5,32,97,"179,180","120,111",40.1%,"95,969","24,142",76.0%,"202,115.04","55,878.74","84,262.74",0.282,58.3%,22.60,"3,874.5",161.8,0.482
239,01/11/2024,2024,Nov,11,Q4,MARAN,TENGAH,PEKAN TAJAU,Pinggir Bandar,"12,700",34,"35,720","8,032","294,278","150,992","28,403","14,612",79.9%,1.128,"140,448",0.3901,"16,292","5,731",13,31,1,10.8,10,3.9,3.14,202,26.7,29.5,98.4,"194,007","100,271",34.1%,"80,117","20,154",77.2%,"218,839.90","54,788.76","76,811.76",0.261,64.9%,27.25,"3,234.5",181.0,0.477
240,01/12/2024,2024,Dec,12,Q4,MARAN,TENGAH,PEKAN TAJAU,Pinggir Bandar,"12,700",34,"35,720","8,514","287,148","145,431","25,106","11,108",79.9%,1.128,"123,458",0.3834,"19,605","6,986",13,31,1,10.8,12,2,3.05,447,26.7,30.1,99.5,"181,645","105,503",36.7%,"84,297","21,206",72.9%,"204,895.56","47,333.80","73,924.80",0.257,63.9%,24.07,"3,403.3",164.0,0.430
241,01/01/2025,2025,Jan,1,Q1,MARAN,TENGAH,PEKAN TAJAU,Pinggir Bandar,"12,700",35,"36,613","8,637","292,561","150,605","23,022","11,590",79.9%,1.128,"126,653",0.3983,"18,382","7,137",13,31,1,11.8,14,4.2,2.34,181,26.9,21.8,97.5,"185,217","107,344",36.7%,"85,768","21,576",74.3%,"208,924.78","50,445.89","75,964.89",0.260,63.6%,24.19,"3,462.7",163.2,0.433
242,01/02/2025,2025,Feb,2,Q1,MARAN,TENGAH,PEKAN TAJAU,Pinggir Bandar,"12,700",35,"36,613","9,127","282,775","138,314","24,603","14,383",79.9%,1.128,"133,556",0.3897,"18,126","8,613",13,31,2,11.8,18,5.9,2.61,107,26.8,23.9,96.7,"177,300","105,475",37.3%,"84,275","21,200",79.5%,"199,994.40","52,046.77","78,785.77",0.279,60.6%,21.91,"3,402.4",172.9,0.472
243,01/03/2025,2025,Mar,3,Q1,MARAN,TENGAH,PEKAN TAJAU,Pinggir Bandar,"12,700",35,"36,613","8,533","310,933","148,272","28,208","14,079",79.9%,1.128,"142,809",0.3987,"16,494","5,388",13,31,1,11.8,10,2.4,1.89,127,27.4,16,98.6,"190,559","120,374",38.7%,"96,179","24,195",79.0%,"214,950.55","56,937.95","78,819.95",0.253,63.3%,25.19,"3,883.0",167.9,0.459
244,01/04/2025,2025,Apr,4,Q2,MARAN,TENGAH,PEKAN TAJAU,Pinggir Bandar,"12,700",35,"36,613","9,240","324,846","168,902","31,509","12,379",79.9%,1.128,"141,224",0.3927,"22,179","6,977",13,31,1,11.8,16,3.8,2.24,119,28.4,14.7,99.4,"212,790","112,056",34.5%,"89,533","22,523",85.3%,"240,027.12","55,458.66","84,614.66",0.260,64.7%,25.98,"3,614.7",193.7,0.435
245,01/05/2025,2025,May,5,Q2,MARAN,TENGAH,PEKAN TAJAU,Pinggir Bandar,"12,700",35,"36,613","8,376","344,270","175,317","28,462","12,908",79.9%,1.128,"161,657",0.4082,"18,652","7,138",13,31,1,11.8,16,3.4,2.63,141,28.6,22.1,98.7,"216,687","127,583",37.1%,"101,939","25,644",87.4%,"244,422.94","65,988.39","91,778.39",0.267,62.5%,29.18,"4,115.6",190.9,0.470
246,01/06/2025,2025,Jun,6,Q2,MARAN,TENGAH,PEKAN TAJAU,Pinggir Bandar,"12,700",35,"36,613","8,904","307,471","153,952","24,998","13,494",79.9%,1.128,"148,831",0.3918,"20,373","8,376",13,31,2,11.8,19,5.7,3.02,118,28.3,17.7,97.3,"192,444","115,027",37.4%,"91,907","23,120",80.7%,"217,076.83","58,311.99","87,060.99",0.283,59.9%,24.38,"3,710.5",175.2,0.484
247,01/07/2025,2025,Jul,7,Q3,MARAN,TENGAH,PEKAN TAJAU,Pinggir Bandar,"12,700",35,"36,613","8,982","316,301","154,030","28,771","14,091",79.9%,1.128,"139,490",0.3922,"20,984","7,927",13,31,2,11.8,10,4.1,2.22,97,27.6,15.5,99.2,"196,892","119,409",37.8%,"95,408","24,001",80.3%,"222,094.18","54,707.98","83,618.98",0.264,62.3%,24.73,"3,851.9",173.5,0.441
248,01/08/2025,2025,Aug,8,Q3,MARAN,TENGAH,PEKAN TAJAU,Pinggir Bandar,"12,700",35,"36,613","8,754","319,688","165,646","26,723","12,794",79.9%,1.128,"155,398",0.3951,"18,094","5,828",13,31,1,11.8,15,1.9,1.97,172,27.7,23.2,98.5,"205,163","114,525",35.8%,"91,505","23,020",81.2%,"231,423.86","61,397.75","85,319.75",0.267,63.1%,26.44,"3,694.4",180.8,0.486
249,01/09/2025,2025,Sep,9,Q3,MARAN,TENGAH,PEKAN TAJAU,Pinggir Bandar,"12,700",35,"36,613","9,177","303,941","152,564","26,439","11,188",79.9%,1.128,"145,851",0.3991,"16,844","6,898",13,31,1,11.8,11,2.6,2.58,146,27.1,22.3,99.5,"190,191","113,750",37.4%,"90,886","22,864",79.8%,"214,535.45","58,209.13","81,951.13",0.270,61.8%,23.38,"3,669.4",173.2,0.480
250,01/10/2025,2025,Oct,10,Q4,MARAN,TENGAH,PEKAN TAJAU,Pinggir Bandar,"12,700",35,"36,613","9,091","289,811","142,285","24,356","13,010",79.9%,1.128,"129,048",0.3968,"16,537","6,245",13,31,1,11.8,16,3.4,2.63,136,27.7,24.2,97.1,"179,651","110,160",38.0%,"88,018","22,142",73.6%,"202,646.33","51,206.25","73,988.25",0.255,63.5%,22.29,"3,553.5",158.3,0.445
251,01/11/2025,2025,Nov,11,Q4,MARAN,TENGAH,PEKAN TAJAU,Pinggir Bandar,"12,700",35,"36,613","9,125","278,418","147,078","24,874","13,230",79.9%,1.128,"126,752",0.4061,"18,664","6,828",13,31,1,11.8,9,4.7,1.84,264,27.7,25.9,99.1,"185,182","93,236",33.5%,"74,496","18,740",73.1%,"208,885.30","51,473.99","76,965.99",0.276,63.2%,22.89,"3,007.6",168.6,0.455
252,01/12/2025,2025,Dec,12,Q4,MARAN,TENGAH,PEKAN TAJAU,Pinggir Bandar,"12,700",35,"36,613","8,272","304,717","153,028","25,755","13,085",79.9%,1.128,"149,418",0.4074,"17,098","5,922",13,31,1,11.8,11,4.2,2.51,333,26.4,39.4,97.8,"191,868","112,849",37.0%,"90,166","22,683",77.4%,"216,427.10","60,872.89","83,892.89",0.275,61.2%,26.16,"3,640.3",169.0,0.490
253,01/01/2023,2023,Jan,1,Q1,MARAN,TENGAH,SIMPANG JENGKA,Pinggir Bandar,"15,700",28,"39,807","10,045","322,700","159,138","20,117","14,140",67.5%,1.190,"124,721",0.3667,"23,743","8,647",13,40,1,7.8,18,3.4,2.98,102,26.8,30,99.2,"193,395","129,305",40.1%,"87,281","42,024",66.3%,"230,140.05","45,735.19","78,125.19",0.242,66.1%,22.91,"3,232.6",156.7,0.386
254,01/02/2023,2023,Feb,2,Q1,MARAN,TENGAH,SIMPANG JENGKA,Pinggir Bandar,"15,700",28,"39,807","9,530","301,597","148,563","19,470","12,675",67.5%,1.190,"116,552",0.3750,"21,331","8,039",13,40,1,7.8,19,4.9,1.71,64,27.9,21.6,98.8,"180,708","120,889",40.1%,"81,600","39,289",68.6%,"215,042.52","43,707.00","73,077.00",0.242,66.0%,22.56,"3,022.2",162.1,0.386
255,01/03/2023,2023,Mar,3,Q1,MARAN,TENGAH,SIMPANG JENGKA,Pinggir Bandar,"15,700",28,"39,807","9,314","343,636","161,378","20,037","15,590",67.5%,1.190,"138,971",0.3793,"27,558","10,944",13,40,2,7.8,13,9.7,3.06,121,27.7,21.2,97.1,"197,005","146,631",42.7%,"98,976","47,655",70.6%,"234,435.95","52,711.70","91,213.70",0.265,61.1%,25.17,"3,665.8",159.6,0.404
256,01/04/2023,2023,Apr,4,Q2,MARAN,TENGAH,SIMPANG JENGKA,Pinggir Bandar,"15,700",28,"39,807","9,394","354,736","166,410","19,096","12,085",67.5%,1.190,"133,488",0.3811,"26,021","10,631",13,40,2,7.8,15,4.4,2.4,191,27.7,17.5,97.6,"197,591","157,145",44.3%,"106,073","51,072",75.3%,"235,133.29","50,872.28","87,524.28",0.247,62.8%,25.03,"3,928.6",165.5,0.376
257,01/05/2023,2023,May,5,Q2,MARAN,TENGAH,SIMPANG JENGKA,Pinggir Bandar,"15,700",28,"39,807","9,210","359,012","172,858","19,245","13,521",67.5%,1.190,"151,983",0.3738,"28,526","13,670",13,40,3,7.8,21,8.4,2.01,212,27.7,32.7,98.4,"205,624","153,388",42.7%,"103,537","49,851",73.8%,"244,692.56","56,811.25","99,007.25",0.276,59.5%,26.57,"3,834.7",166.6,0.423
258,01/06/2023,2023,Jun,6,Q2,MARAN,TENGAH,SIMPANG JENGKA,Pinggir Bandar,"15,700",28,"39,807","9,825","361,265","189,583","20,862","13,173",67.5%,1.190,"141,847",0.3653,"29,168","11,176",13,40,3,7.8,17,8.3,2.78,70,28.4,16.2,99.4,"223,618","137,647",38.1%,"92,912","44,735",76.7%,"266,105.42","51,816.71","92,160.71",0.255,65.4%,27.08,"3,441.2",187.3,0.393
259,01/07/2023,2023,Jul,7,Q3,MARAN,TENGAH,SIMPANG JENGKA,Pinggir Bandar,"15,700",28,"39,807","9,531","362,392","173,841","19,612","13,934",67.5%,1.190,"156,578",0.3708,"24,155","12,536",13,40,2,7.8,16,5.6,3.21,112,27.7,20.9,97.3,"207,387","155,005",42.8%,"104,628","50,377",74.5%,"246,790.53","58,059.12","94,750.12",0.261,61.6%,25.89,"3,875.1",168.1,0.432
260,01/08/2023,2023,Aug,8,Q3,MARAN,TENGAH,SIMPANG JENGKA,Pinggir Bandar,"15,700",28,"39,807","9,320","344,572","161,238","20,231","14,534",67.5%,1.190,"146,582",0.3689,"28,109","7,923",13,40,1,7.8,16,2.1,3.06,163,27.5,28.6,99.2,"196,003","148,569",43.1%,"100,284","48,285",70.8%,"233,243.57","54,074.10","90,106.10",0.262,61.4%,25.03,"3,714.2",158.8,0.425
261,01/09/2023,2023,Sep,9,Q3,MARAN,TENGAH,SIMPANG JENGKA,Pinggir Bandar,"15,700",28,"39,807","9,686","312,162","157,907","20,364","12,820",67.5%,1.190,"117,172",0.3797,"19,482","15,970",13,40,3,7.8,18,7.9,2.77,214,26.8,25.5,96.8,"191,091","121,071",38.8%,"81,723","39,348",66.3%,"227,398.29","44,490.21","79,942.21",0.256,64.8%,23.48,"3,026.8",160.0,0.375
262,01/10/2023,2023,Oct,10,Q4,MARAN,TENGAH,SIMPANG JENGKA,Pinggir Bandar,"15,700",28,"39,807","8,930","337,656","174,231","19,666","12,371",67.5%,1.190,"144,796",0.3657,"22,698","9,878",13,40,2,7.8,18,6.8,2.32,196,27.5,33.5,98.8,"206,268","131,388",38.9%,"88,687","42,701",69.4%,"245,458.92","52,951.90","85,527.90",0.253,65.2%,27.49,"3,284.7",167.2,0.429
263,01/11/2023,2023,Nov,11,Q4,MARAN,TENGAH,SIMPANG JENGKA,Pinggir Bandar,"15,700",28,"39,807","10,042","311,924","155,883","18,959","14,349",67.5%,1.190,"128,763",0.3655,"23,635","12,494",13,40,3,7.8,19,7.1,2.17,338,27,43.3,100,"189,191","122,733",39.3%,"82,845","39,888",66.2%,"225,137.29","47,062.88","83,191.88",0.267,63.0%,22.42,"3,068.3",158.4,0.413
264,01/12/2023,2023,Dec,12,Q4,MARAN,TENGAH,SIMPANG JENGKA,Pinggir Bandar,"15,700",28,"39,807","9,366","314,650","144,785","16,770","13,637",67.5%,1.190,"117,465",0.3716,"25,752","12,128",13,40,3,7.8,15,6.6,2.32,332,27,35.3,97.3,"175,192","139,458",44.3%,"94,134","45,324",64.6%,"208,478.48","43,649.99","81,529.99",0.259,60.9%,22.26,"3,486.5",142.0,0.373
265,01/01/2024,2024,Jan,1,Q1,MARAN,TENGAH,SIMPANG JENGKA,Pinggir Bandar,"15,700",29,"40,675","9,160","325,013","149,962","18,448","13,251",67.5%,1.190,"126,515",0.3939,"20,760","12,932",13,40,2,8.8,18,5.4,2.66,134,26.4,16.1,97.7,"181,661","143,352",44.1%,"96,763","46,589",66.8%,"216,176.59","49,834.26","83,526.26",0.257,61.4%,23.60,"3,583.8",144.1,0.389
266,01/02/2024,2024,Feb,2,Q1,MARAN,TENGAH,SIMPANG JENGKA,Pinggir Bandar,"15,700",29,"40,675","10,020","305,909","142,114","18,479","14,207",67.5%,1.190,"118,892",0.3840,"23,426","10,112",13,40,2,8.8,13,4.9,3.17,64,27.7,25,98,"174,800","131,109",42.9%,"88,499","42,610",67.2%,"208,012.00","45,654.53","79,192.53",0.259,61.9%,20.76,"3,277.7",148.2,0.389
267,01/03/2024,2024,Mar,3,Q1,MARAN,TENGAH,SIMPANG JENGKA,Pinggir Bandar,"15,700",29,"40,675","10,071","364,396","182,692","23,748","12,953",67.5%,1.190,"148,638",0.3777,"27,402","9,065",13,40,2,8.8,14,6.6,2.41,152,28.3,30.4,97.7,"219,393","145,003",39.8%,"97,877","47,126",74.9%,"261,077.67","56,140.57","92,607.57",0.254,64.5%,25.92,"3,625.1",174.0,0.408
268,01/04/2024,2024,Apr,4,Q2,MARAN,TENGAH,SIMPANG JENGKA,Pinggir Bandar,"15,700",29,"40,675","9,618","358,098","170,831","23,376","16,288",67.5%,1.190,"147,659",0.3892,"26,335","11,380",13,40,2,8.8,14,7.3,2.13,121,28.2,28,99,"210,495","147,603",41.2%,"99,632","47,971",76.0%,"250,489.05","57,468.88","95,183.88",0.266,62.0%,26.04,"3,690.1",172.5,0.412
269,01/05/2024,2024,May,5,Q2,MARAN,TENGAH,SIMPANG JENGKA,Pinggir Bandar,"15,700",29,"40,675","9,323","350,988","183,151","20,476","14,467",67.5%,1.190,"142,130",0.3856,"27,352","10,311",13,40,2,8.8,20,8.1,2.36,108,28,16.9,96.8,"218,094","132,894",37.9%,"89,703","43,191",72.1%,"259,531.86","54,805.33","92,468.33",0.263,64.4%,27.84,"3,322.4",173.0,0.405
270,01/06/2024,2024,Jun,6,Q2,MARAN,TENGAH,SIMPANG JENGKA,Pinggir Bandar,"15,700",29,"40,675","9,565","361,231","182,879","19,961","17,095",67.5%,1.190,"147,960",0.3907,"27,977","9,468",13,40,2,8.8,18,8,3.04,106,28.7,16.5,99.5,"219,935","141,296",39.1%,"95,375","45,921",76.7%,"261,722.65","57,807.97","95,252.97",0.264,63.6%,27.36,"3,532.4",180.2,0.410
271,01/07/2024,2024,Jul,7,Q3,MARAN,TENGAH,SIMPANG JENGKA,Pinggir Bandar,"15,700",29,"40,675","9,273","373,052","189,294","22,016","13,587",67.5%,1.190,"138,718",0.3862,"28,651","7,551",13,40,1,8.8,15,3.8,3.06,103,27.7,16.5,96.6,"224,897","148,155",39.7%,"100,005","48,150",76.6%,"267,627.43","53,572.89","89,774.89",0.241,66.5%,28.86,"3,703.9",178.4,0.372
272,01/08/2024,2024,Aug,8,Q3,MARAN,TENGAH,SIMPANG JENGKA,Pinggir Bandar,"15,700",29,"40,675","9,913","341,150","166,488","18,254","13,142",67.5%,1.190,"137,849",0.3943,"23,716","11,554",13,40,2,8.8,20,7,2.42,114,27.1,30.4,97.8,"197,884","143,266",42.0%,"96,705","46,561",70.1%,"235,481.96","54,353.86","89,623.86",0.263,61.9%,23.75,"3,581.7",156.9,0.404
273,01/09/2024,2024,Sep,9,Q3,MARAN,TENGAH,SIMPANG JENGKA,Pinggir Bandar,"15,700",29,"40,675","9,688","342,850","167,725","22,265","15,871",67.5%,1.190,"138,316",0.3953,"24,237","10,350",13,40,2,8.8,19,9.8,2.56,94,27,21.9,99.8,"205,861","136,989",40.0%,"92,468","44,521",72.8%,"244,974.59","54,676.31","89,263.31",0.260,63.6%,25.29,"3,424.7",168.7,0.403
274,01/10/2024,2024,Oct,10,Q4,MARAN,TENGAH,SIMPANG JENGKA,Pinggir Bandar,"15,700",29,"40,675","9,310","339,971","163,213","21,916","15,816",67.5%,1.190,"136,744",0.3959,"25,347","6,368",13,40,1,8.8,15,4.6,2.11,178,27.4,25.3,99.1,"200,945","139,026",40.9%,"93,843","45,183",69.9%,"239,124.55","54,136.95","85,851.95",0.253,64.1%,25.68,"3,475.7",159.4,0.402
275,01/11/2024,2024,Nov,11,Q4,MARAN,TENGAH,SIMPANG JENGKA,Pinggir Bandar,"15,700",29,"40,675","9,191","318,638","155,277","17,784","12,393",67.5%,1.190,"124,091",0.3893,"21,293","9,826",13,40,2,8.8,15,7.4,1.72,406,27.6,41.8,99.3,"185,454","133,184",41.8%,"89,899","43,285",67.7%,"220,690.26","48,308.63","79,427.63",0.249,64.0%,24.01,"3,329.6",152.0,0.389
276,01/12/2024,2024,Dec,12,Q4,MARAN,TENGAH,SIMPANG JENGKA,Pinggir Bandar,"15,700",29,"40,675","9,524","311,841","155,047","19,585","12,799",67.5%,1.190,"129,901",0.3953,"23,689","13,910",13,40,3,8.8,16,14.1,2.85,243,26.4,25.2,98,"187,431","124,410",39.9%,"83,977","40,433",64.1%,"223,042.89","51,349.87","88,948.87",0.285,60.1%,23.42,"3,110.3",148.6,0.417
277,01/01/2025,2025,Jan,1,Q1,MARAN,TENGAH,SIMPANG JENGKA,Pinggir Bandar,"15,700",30,"41,750","9,440","347,896","163,723","20,760","14,535",67.5%,1.190,"142,633",0.4065,"25,793","12,073",13,40,2,9.8,16,4,2.46,102,26.5,15.8,97.9,"199,018","148,878",42.8%,"100,493","48,385",71.5%,"236,831.42","57,980.31","95,846.31",0.276,59.5%,25.09,"3,722.0",153.8,0.410
278,01/02/2025,2025,Feb,2,Q1,MARAN,TENGAH,SIMPANG JENGKA,Pinggir Bandar,"15,700",30,"41,750","9,743","304,652","155,825","16,921","15,368",67.5%,1.190,"116,653",0.3944,"25,138","8,969",13,40,2,9.8,11,9.6,2.78,93,27.3,13.9,99.4,"188,114","116,538",38.3%,"78,663","37,875",69.3%,"223,855.66","46,007.94","80,114.94",0.263,64.2%,22.98,"2,913.5",160.9,0.383
279,01/03/2025,2025,Mar,3,Q1,MARAN,TENGAH,SIMPANG JENGKA,Pinggir Bandar,"15,700",30,"41,750","10,527","371,764","179,672","22,039","13,977",67.5%,1.190,"138,558",0.4014,"25,540","7,306",13,40,1,9.8,20,2.2,3.06,91,27.4,21.1,98.9,"215,688","156,076",42.0%,"105,351","50,725",76.4%,"256,668.72","55,617.18","88,463.18",0.238,65.5%,24.38,"3,901.9",166.7,0.373
280,01/04/2025,2025,Apr,4,Q2,MARAN,TENGAH,SIMPANG JENGKA,Pinggir Bandar,"15,700",30,"41,750","9,428","362,350","191,626","25,024","14,750",67.5%,1.190,"146,251",0.3935,"27,824","7,761",13,40,1,9.8,13,3.2,1.79,111,28.5,19.5,97.3,"231,400","130,950",36.1%,"88,391","42,559",76.9%,"275,366.00","57,549.77","93,134.77",0.257,66.2%,29.21,"3,273.8",184.8,0.404
281,01/05/2025,2025,May,5,Q2,MARAN,TENGAH,SIMPANG JENGKA,Pinggir Bandar,"15,700",30,"41,750","10,072","393,007","209,388","28,197","14,607",67.5%,1.190,"154,969",0.3902,"32,078","6,586",13,40,1,9.8,15,3.3,2.53,193,28.8,28.3,98.3,"252,192","140,815",35.8%,"95,050","45,765",80.7%,"300,108.48","60,468.90","99,132.90",0.252,67.0%,29.80,"3,520.4",194.9,0.394
282,01/06/2025,2025,Jun,6,Q2,MARAN,TENGAH,SIMPANG JENGKA,Pinggir Bandar,"15,700",30,"41,750","10,128","361,906","173,079","21,215","13,220",67.5%,1.190,"139,595",0.3996,"29,200","6,621",13,40,1,9.8,12,2.9,2.63,117,28.7,18.5,97.5,"207,514","154,392",42.7%,"104,215","50,177",76.8%,"246,941.66","55,782.16","91,603.16",0.253,62.9%,24.38,"3,859.8",165.7,0.386
283,01/07/2025,2025,Jul,7,Q3,MARAN,TENGAH,SIMPANG JENGKA,Pinggir Bandar,"15,700",30,"41,750","9,649","373,668","195,172","24,907","16,043",67.5%,1.190,"148,919",0.4071,"29,893","8,952",13,40,1,9.8,16,3.5,2.08,98,28.3,24.6,98.5,"236,122","137,546",36.8%,"92,844","44,702",76.8%,"280,985.18","60,624.92","99,469.92",0.266,64.6%,29.12,"3,438.7",182.4,0.399
284,01/08/2025,2025,Aug,8,Q3,MARAN,TENGAH,SIMPANG JENGKA,Pinggir Bandar,"15,700",30,"41,750","9,375","351,923","173,745","23,577","13,772",67.5%,1.190,"137,892",0.4020,"24,737","9,281",13,40,1,9.8,10,3.5,2.98,131,28.5,27.2,97.4,"211,094","140,829",40.0%,"95,060","45,769",72.3%,"251,201.86","55,432.58","89,450.58",0.254,64.4%,26.79,"3,520.7",163.1,0.392
285,01/09/2025,2025,Sep,9,Q3,MARAN,TENGAH,SIMPANG JENGKA,Pinggir Bandar,"15,700",30,"41,750","9,543","361,296","193,968","20,427","16,662",67.5%,1.190,"153,264",0.3938,"26,502","12,797",13,40,2,9.8,13,6.5,3.16,128,28,12.8,96.8,"231,057","130,239",36.0%,"87,911","42,328",76.7%,"274,957.83","60,355.36","99,654.36",0.276,63.8%,28.81,"3,256.0",184.5,0.424
286,01/10/2025,2025,Oct,10,Q4,MARAN,TENGAH,SIMPANG JENGKA,Pinggir Bandar,"15,700",30,"41,750","10,459","337,189","168,548","21,481","14,910",67.5%,1.190,"144,191",0.3917,"21,318","6,605",13,40,1,9.8,15,4.1,1.97,231,27.8,32.3,98.8,"204,939","132,250",39.2%,"89,269","42,981",69.3%,"243,877.41","56,479.61","84,402.61",0.250,65.4%,23.32,"3,306.3",158.3,0.428
287,01/11/2025,2025,Nov,11,Q4,MARAN,TENGAH,SIMPANG JENGKA,Pinggir Bandar,"15,700",30,"41,750","10,486","332,284","176,713","18,959","12,214",67.5%,1.190,"123,170",0.3896,"22,916","8,174",13,40,2,9.8,18,8.1,2.49,214,26.5,21.6,98.2,"207,886","124,398",37.4%,"83,969","40,429",70.5%,"247,384.34","47,987.03","79,077.03",0.238,68.0%,23.59,"3,110.0",166.0,0.371
288,01/12/2025,2025,Dec,12,Q4,MARAN,TENGAH,SIMPANG JENGKA,Pinggir Bandar,"15,700",30,"41,750","10,471","344,025","171,005","18,423","16,439",67.5%,1.190,"131,505",0.4002,"27,528","6,281",13,40,1,9.8,13,2.6,2.54,206,26.1,22.1,98.3,"205,867","138,158",40.2%,"93,257","44,901",70.7%,"244,981.73","52,628.30","86,437.30",0.251,64.7%,23.40,"3,454.0",159.1,0.382
289,01/01/2023,2023,Jan,1,Q1,MARAN,TENGAH,JENGKA UTAMA,Bandar,"241,900",20,"633,089","143,685","5,157,763","1,881,777","805,337","608,090",56.7%,1.301,"2,748,510",0.3772,"445,318","95,200",84,365,14,9.7,139,40.1,3.05,198,26.5,28.1,99.3,"3,295,204","1,862,559",36.1%,"1,056,071","806,488",68.8%,"4,287,060.40","1,036,737.97","1,577,255.97",0.306,63.2%,29.84,"5,102.9",167.9,0.533
290,01/02/2023,2023,Feb,2,Q1,MARAN,TENGAH,JENGKA UTAMA,Bandar,"241,900",20,"633,089","158,786","4,561,668","1,602,528","828,360","704,401",56.7%,1.301,"2,660,759",0.3744,"377,871","75,383",84,365,9,9.7,161,37.1,1.84,64,26.9,18.5,99.2,"3,135,289","1,426,379",31.3%,"808,757","617,622",67.3%,"4,079,010.99","996,188.17","1,449,442.17",0.318,64.5%,25.69,"3,907.9",176.9,0.583
291,01/03/2023,2023,Mar,3,Q1,MARAN,TENGAH,JENGKA UTAMA,Bandar,"241,900",20,"633,089","148,467","5,197,512","2,052,050","747,239","677,377",56.7%,1.301,"2,818,571",0.3675,"387,975","90,372",84,365,10,9.7,102,31.2,2.03,121,27.2,13.6,98.5,"3,476,666","1,720,846",33.1%,"975,720","745,126",69.3%,"4,523,142.47","1,035,824.84","1,514,171.84",0.291,66.5%,30.47,"4,714.6",177.1,0.542
292,01/04/2023,2023,Apr,4,Q2,MARAN,TENGAH,JENGKA UTAMA,Bandar,"241,900",20,"633,089","148,393","5,650,344","2,010,824","828,068","763,871",56.7%,1.301,"3,123,543",0.3667,"477,203","77,635",84,365,7,9.7,181,25,3.17,208,28.5,19.1,97.8,"3,602,763","2,047,581",36.2%,"1,160,978","886,603",77.9%,"4,687,194.66","1,145,403.22","1,700,241.22",0.301,63.7%,31.59,"5,609.8",189.7,0.553
293,01/05/2023,2023,May,5,Q2,MARAN,TENGAH,JENGKA UTAMA,Bandar,"241,900",20,"633,089","154,000","5,682,483","2,110,444","908,952","862,737",56.7%,1.301,"3,317,434",0.3770,"448,063","82,657",84,365,19,9.7,198,55.7,3.05,165,28,14.8,97.5,"3,882,133","1,800,350",31.7%,"1,020,798","779,552",75.8%,"5,050,655.03","1,250,672.62","1,781,392.62",0.313,64.7%,32.80,"4,932.5",197.8,0.584
294,01/06/2023,2023,Jun,6,Q2,MARAN,TENGAH,JENGKA UTAMA,Bandar,"241,900",20,"633,089","153,483","5,591,733","2,202,219","911,617","623,271",56.7%,1.301,"3,238,897",0.3655,"387,264","84,933",84,365,15,9.7,259,60.6,2.5,121,27.7,15.4,99.6,"3,737,107","1,854,626",33.2%,"1,051,573","803,053",77.1%,"4,861,976.21","1,183,816.85","1,656,013.85",0.296,65.9%,31.68,"5,081.2",196.8,0.579
295,01/07/2023,2023,Jul,7,Q3,MARAN,TENGAH,JENGKA UTAMA,Bandar,"241,900",20,"633,089","155,910","5,440,763","2,075,523","817,672","589,973",56.7%,1.301,"3,255,423",0.3727,"480,277","81,269",84,365,7,9.7,288,16,2.72,147,27.5,26.8,97.7,"3,483,168","1,957,595",36.0%,"1,109,956","847,639",72.6%,"4,531,601.57","1,213,296.15","1,774,842.15",0.326,60.8%,29.07,"5,363.3",177.5,0.598
296,01/08/2023,2023,Aug,8,Q3,MARAN,TENGAH,JENGKA UTAMA,Bandar,"241,900",20,"633,089","144,826","5,849,260","2,266,218","902,697","603,053",56.7%,1.301,"3,158,515",0.3758,"465,229","59,106",84,365,7,9.7,289,32.7,,161,28.1,34.9,96.8,"3,771,968","2,077,292",35.5%,"1,177,825","899,467",78.0%,"4,907,330.37","1,186,969.94","1,711,304.94",0.293,65.1%,33.88,"5,691.2",192.2,0.540
297,01/09/2023,2023,Sep,9,Q3,MARAN,TENGAH,JENGKA UTAMA,Bandar,"241,900",20,"633,089","155,082","5,397,266","2,090,944","799,355","537,873",56.7%,1.301,"3,171,719",0.3752,"440,468","94,936",84,365,21,9.7,148,48.5,1.81,94,27.6,26,99.2,"3,428,172","1,969,094",36.5%,"1,116,476","852,618",74.4%,"4,460,051.77","1,190,028.97","1,725,432.97",0.320,61.3%,28.76,"5,394.8",180.5,0.588
298,01/10/2023,2023,Oct,10,Q4,MARAN,TENGAH,JENGKA UTAMA,Bandar,"241,900",20,"633,089","147,203","5,254,303","2,199,164","840,808","589,092",56.7%,1.301,"3,095,045",0.3659,"370,962","68,891",84,365,9,9.7,261,42.6,2.36,205,27.2,21.3,98.1,"3,629,064","1,625,239",30.9%,"921,511","703,728",70.1%,"4,721,412.26","1,132,476.97","1,572,329.97",0.299,66.7%,32.07,"4,452.7",184.9,0.589
299,01/11/2023,2023,Nov,11,Q4,MARAN,TENGAH,JENGKA UTAMA,Bandar,"241,900",20,"633,089","143,183","4,749,528","1,599,975","814,924","654,910",56.7%,1.301,"2,777,873",0.3751,"372,165","56,569",84,365,9,9.7,301,17.1,2.99,196,27.4,26.8,98.8,"3,069,809","1,679,719",35.4%,"952,401","727,318",65.4%,"3,993,821.51","1,041,980.16","1,470,714.16",0.310,63.2%,27.89,"4,602.0",161.6,0.585
300,01/12/2023,2023,Dec,12,Q4,MARAN,TENGAH,JENGKA UTAMA,Bandar,"241,900",20,"633,089","153,950","5,234,865","1,950,009","790,779","707,878",56.7%,1.301,"3,088,551",0.3680,"417,463","110,531",84,365,18,9.7,231,83.2,3.12,330,26.3,46.3,98.2,"3,448,666","1,786,199",34.1%,"1,012,775","773,424",69.8%,"4,486,714.47","1,136,586.77","1,664,580.77",0.318,62.9%,29.14,"4,893.7",175.7,0.590
301,01/01/2024,2024,Jan,1,Q1,MARAN,TENGAH,JENGKA UTAMA,Bandar,"241,900",21,"646,877","151,564","5,282,712","1,836,840","913,031","761,436",56.7%,1.301,"2,870,584",0.3880,"362,042","71,990",84,365,7,10.7,93,26.9,2.96,187,26.7,18,97.8,"3,511,307","1,771,405",33.5%,"1,004,387","767,018",70.4%,"4,568,210.41","1,113,786.59","1,547,818.59",0.293,66.1%,30.14,"4,853.2",175.1,0.543
302,01/02/2024,2024,Feb,2,Q1,MARAN,TENGAH,JENGKA UTAMA,Bandar,"241,900",21,"646,877","163,176","4,938,918","1,949,671","716,362","538,842",56.7%,1.301,"2,715,852",0.3839,"409,771","77,100",84,365,16,10.7,156,41.9,1.92,105,27.8,16.6,96.7,"3,204,875","1,734,043",35.1%,"983,202","750,841",70.4%,"4,169,542.38","1,042,615.58","1,529,486.58",0.310,63.3%,25.55,"4,750.8",170.8,0.550
303,01/03/2024,2024,Mar,3,Q1,MARAN,TENGAH,JENGKA UTAMA,Bandar,"241,900",21,"646,877","157,174","5,688,615","2,348,784","901,780","632,623",56.7%,1.301,"3,157,481",0.3967,"409,566","92,484",84,365,17,10.7,135,65.1,2.85,97,27.5,24.2,98.9,"3,883,187","1,805,428",31.7%,"1,023,678","781,750",75.9%,"5,052,026.29","1,252,572.71","1,754,622.71",0.308,65.3%,32.14,"4,946.4",193.6,0.555
304,01/04/2024,2024,Apr,4,Q2,MARAN,TENGAH,JENGKA UTAMA,Bandar,"241,900",21,"646,877","159,446","5,491,184","2,173,773","904,267","757,435",56.7%,1.301,"3,294,351",0.3799,"387,516","103,759",84,365,13,10.7,202,35.6,3.35,175,27.6,30.1,97.4,"3,835,475","1,655,709",30.2%,"938,787","716,922",75.7%,"4,989,952.98","1,251,523.94","1,742,798.94",0.317,65.1%,31.30,"4,536.2",197.6,0.600
305,01/05/2024,2024,May,5,Q2,MARAN,TENGAH,JENGKA UTAMA,Bandar,"241,900",21,"646,877","151,867","5,544,902","2,190,059","808,780","623,893",56.7%,1.301,"3,252,885",0.3863,"412,144","85,568",84,365,13,10.7,142,50.7,2.43,117,28.4,17.8,97.5,"3,622,732","1,922,170",34.7%,"1,089,870","832,300",73.9%,"4,713,174.33","1,256,589.48","1,754,301.48",0.316,62.8%,31.03,"5,266.2",180.7,0.587
306,01/06/2024,2024,Jun,6,Q2,MARAN,TENGAH,JENGKA UTAMA,Bandar,"241,900",21,"646,877","153,288","5,420,831","2,331,722","789,293","646,764",56.7%,1.301,"2,856,752",0.3871,"441,120","111,893",84,365,16,10.7,169,47.9,2.29,156,27.6,20.1,99.3,"3,767,779","1,653,052",30.5%,"937,280","715,772",74.7%,"4,901,880.48","1,105,848.70","1,658,861.70",0.306,66.2%,31.98,"4,528.9",194.2,0.527
307,01/07/2024,2024,Jul,7,Q3,MARAN,TENGAH,JENGKA UTAMA,Bandar,"241,900",21,"646,877","151,167","6,027,972","2,444,263","884,959","796,471",56.7%,1.301,"3,208,962",0.3833,"435,002","100,820",84,365,20,10.7,132,73.3,2.83,86,28.2,24.8,98.4,"4,125,693","1,902,279",31.6%,"1,078,592","823,687",80.4%,"5,367,526.59","1,229,995.13","1,765,817.13",0.293,67.1%,35.51,"5,211.7",205.7,0.532
308,01/08/2024,2024,Aug,8,Q3,MARAN,TENGAH,JENGKA UTAMA,Bandar,"241,900",21,"646,877","159,054","5,599,003","2,375,546","837,718","729,662",56.7%,1.301,"2,870,421",0.3791,"412,879","84,597",84,365,20,10.7,232,77.2,2.11,75,28.2,26.6,97,"3,942,926","1,656,077",29.6%,"938,996","717,081",74.7%,"5,129,746.73","1,088,176.60","1,585,652.60",0.283,69.1%,32.25,"4,537.2",196.6,0.513
309,01/09/2024,2024,Sep,9,Q3,MARAN,TENGAH,JENGKA UTAMA,Bandar,"241,900",21,"646,877","162,267","5,402,743","2,290,899","786,285","647,764",56.7%,1.301,"2,991,367",0.3848,"469,940","111,225",84,365,15,10.7,185,46.3,3.22,106,26.8,26.8,99.2,"3,724,948","1,677,795",31.1%,"951,310","726,485",74.4%,"4,846,157.35","1,151,078.02","1,732,243.02",0.321,64.3%,29.87,"4,596.7",191.9,0.554
310,01/10/2024,2024,Oct,10,Q4,MARAN,TENGAH,JENGKA UTAMA,Bandar,"241,900",21,"646,877","162,276","5,401,541","2,010,401","855,761","728,712",56.7%,1.301,"3,031,197",0.3904,"439,699","95,135",84,365,19,10.7,120,64.2,2.96,243,26.9,22.4,97.8,"3,594,874","1,806,667",33.4%,"1,024,380","782,287",72.0%,"4,676,931.07","1,183,379.31","1,718,213.31",0.318,63.3%,28.82,"4,949.8",179.3,0.561
311,01/11/2024,2024,Nov,11,Q4,MARAN,TENGAH,JENGKA UTAMA,Bandar,"241,900",21,"646,877","146,811","5,252,014","2,075,399","912,251","616,853",56.7%,1.301,"2,845,227",0.3870,"426,816","68,938",84,365,13,10.7,294,24.5,2.95,363,26.7,29.6,99.8,"3,604,503","1,647,511",31.4%,"934,139","713,372",72.4%,"4,689,458.40","1,101,102.85","1,596,856.85",0.304,65.9%,31.94,"4,513.7",185.7,0.542
312,01/12/2024,2024,Dec,12,Q4,MARAN,TENGAH,JENGKA UTAMA,Bandar,"241,900",21,"646,877","150,025","5,275,229","2,037,469","849,480","556,160",56.7%,1.301,"3,155,803",0.3857,"364,477","100,289",84,365,15,10.7,205,65,2.01,365,27.1,42.3,99.5,"3,443,109","1,832,120",34.7%,"1,038,812","793,308",70.3%,"4,479,484.81","1,217,193.22","1,681,959.22",0.319,62.5%,29.86,"5,019.5",171.7,0.598
313,01/01/2025,2025,Jan,1,Q1,MARAN,TENGAH,JENGKA UTAMA,Bandar,"241,900",22,"663,174","150,238","5,179,766","1,979,982","895,335","747,835",56.7%,1.301,"2,804,083",0.3966,"355,820","108,658",84,365,18,11.7,152,69.1,,164,27.6,20.6,99.1,"3,623,152","1,556,614",30.1%,"882,600","674,014",69.1%,"4,713,720.75","1,112,099.32","1,576,577.32",0.304,66.6%,31.38,"4,264.7",176.2,0.541
314,01/02/2025,2025,Feb,2,Q1,MARAN,TENGAH,JENGKA UTAMA,Bandar,"241,900",22,"663,174","160,226","4,719,386","1,964,802","786,727","531,632",56.7%,1.301,"2,610,917",0.3915,"356,544","82,090",84,365,19,11.7,147,91.6,2.77,78,27.4,15.8,96.9,"3,283,161","1,436,225",30.4%,"814,340","621,885",69.7%,"4,271,392.46","1,022,174.01","1,460,808.01",0.310,65.8%,26.66,"3,934.9",176.8,0.553
315,01/03/2025,2025,Mar,3,Q1,MARAN,TENGAH,JENGKA UTAMA,Bandar,"241,900",22,"663,174","150,470","5,906,149","2,294,670","1,002,596","789,220",56.7%,1.301,"3,164,288",0.3938,"402,922","73,931",84,365,6,11.7,125,25.9,1.95,121,27.4,18.4,99.4,"4,086,486","1,819,663",30.8%,"1,031,749","787,914",78.8%,"5,316,518.29","1,246,096.61","1,722,949.61",0.292,67.6%,35.33,"4,985.4",198.8,0.536
316,01/04/2025,2025,Apr,4,Q2,MARAN,TENGAH,JENGKA UTAMA,Bandar,"241,900",22,"663,174","159,952","5,362,497","2,097,161","953,044","757,869",56.7%,1.301,"2,754,771",0.4000,"449,014","60,991",84,365,7,11.7,116,19.3,2.38,166,28.9,31.4,96.8,"3,808,074","1,554,423",29.0%,"881,358","673,065",73.9%,"4,954,304.27","1,101,908.40","1,611,913.40",0.301,67.5%,30.97,"4,258.7",191.4,0.514
317,01/05/2025,2025,May,5,Q2,MARAN,TENGAH,JENGKA UTAMA,Bandar,"241,900",22,"663,174","162,080","5,985,531","2,245,865","1,105,617","907,005",56.7%,1.301,"3,414,917",0.4064,"531,617","91,825",84,365,12,11.7,149,49.3,2.25,158,28.9,23.8,98.3,"4,258,487","1,727,044",28.9%,"979,234","747,810",79.8%,"5,540,291.59","1,387,822.27","2,011,264.27",0.336,63.7%,34.18,"4,731.6",207.1,0.571
318,01/06/2025,2025,Jun,6,Q2,MARAN,TENGAH,JENGKA UTAMA,Bandar,"241,900",22,"663,174","163,041","5,922,087","2,338,141","1,070,819","803,336",56.7%,1.301,"3,530,987",0.4037,"503,700","58,104",84,365,7,11.7,268,15.2,3.15,114,27.9,17.5,98.8,"4,212,296","1,709,791",28.9%,"969,451","740,340",81.6%,"5,480,197.10","1,425,459.45","1,987,263.45",0.336,63.7%,33.61,"4,684.4",211.7,0.596
319,01/07/2025,2025,Jul,7,Q3,MARAN,TENGAH,JENGKA UTAMA,Bandar,"241,900",22,"663,174","150,579","5,671,499","2,252,038","942,644","760,934",56.7%,1.301,"3,368,065",0.3950,"424,272","105,150",84,365,19,11.7,139,67.4,1.88,89,27.8,11.4,98.8,"3,955,616","1,715,883",30.3%,"972,906","742,977",75.6%,"5,146,256.42","1,330,385.68","1,859,807.68",0.328,63.9%,34.18,"4,701.0",192.4,0.594
320,01/08/2025,2025,Aug,8,Q3,MARAN,TENGAH,JENGKA UTAMA,Bandar,"241,900",22,"663,174","156,412","5,536,896","2,378,376","876,528","643,399",56.7%,1.301,"2,955,511",0.4013,"447,841","61,792",84,365,8,11.7,203,22.1,3.21,101,28,15.1,98,"3,898,303","1,638,593",29.6%,"929,082","709,511",73.8%,"5,071,692.20","1,186,046.56","1,695,679.56",0.306,66.6%,32.43,"4,489.3",189.6,0.534
321,01/09/2025,2025,Sep,9,Q3,MARAN,TENGAH,JENGKA UTAMA,Bandar,"241,900",22,"663,174","150,724","5,252,630","1,966,407","965,712","752,328",56.7%,1.301,"2,873,805",0.3894,"360,168","110,842",84,365,15,11.7,147,66.3,2.92,123,27.7,20.4,99.8,"3,684,447","1,568,183",29.9%,"889,160","679,023",72.4%,"4,793,465.55","1,119,059.67","1,590,069.67",0.303,66.8%,31.80,"4,296.4",185.2,0.547
322,01/10/2025,2025,Oct,10,Q4,MARAN,TENGAH,JENGKA UTAMA,Bandar,"241,900",22,"663,174","155,094","5,493,205","2,146,330","811,485","710,123",56.7%,1.301,"3,190,219",0.3948,"373,542","113,685",84,365,17,11.7,109,59.2,3.24,164,27.5,18.1,100,"3,667,938","1,825,267",33.2%,"1,034,926","790,341",73.3%,"4,771,987.34","1,259,498.46","1,746,725.46",0.318,63.4%,30.77,"5,000.7",178.4,0.581
323,01/11/2025,2025,Nov,11,Q4,MARAN,TENGAH,JENGKA UTAMA,Bandar,"241,900",22,"663,174","150,203","5,319,953","2,081,268","808,774","811,505",56.7%,1.301,"2,807,032",0.4048,"410,159","62,087",84,365,12,11.7,299,53.6,2.99,315,26.8,23.4,97.9,"3,701,547","1,618,406",30.4%,"917,636","700,770",73.3%,"4,815,712.65","1,136,286.55","1,608,532.55",0.302,66.6%,32.06,"4,434.0",186.1,0.528
324,01/12/2025,2025,Dec,12,Q4,MARAN,TENGAH,JENGKA UTAMA,Bandar,"241,900",22,"663,174","155,195","5,651,630","2,247,791","882,232","825,939",56.7%,1.301,"3,013,711",0.4061,"441,029","103,850",84,365,15,11.7,125,71.5,2.3,333,27.1,33.5,97.6,"3,955,962","1,695,668",30.0%,"961,444","734,224",75.4%,"5,146,706.56","1,223,868.04","1,768,747.04",0.313,65.6%,33.16,"4,645.7",192.4,0.533
325,01/01/2023,2023,Jan,1,Q1,MARAN,TENGAH,BATU SAWAR,Pinggir Bandar,"16,300",8,"36,488","8,169","286,813","136,096","21,693","16,206",84.2%,1.188,"149,778",0.3782,"26,443","7,991",10,33,1,4.7,6,4.3,2.35,168,27.3,20.6,99.2,"173,995","112,818",39.3%,"94,993","17,825",56.8%,"206,706.06","56,646.04","91,080.04",0.318,55.9%,25.30,"3,418.7",153.8,0.522
326,01/02/2023,2023,Feb,2,Q1,MARAN,TENGAH,BATU SAWAR,Pinggir Bandar,"16,300",8,"36,488","8,660","282,306","131,722","22,387","17,310",84.2%,1.188,"143,921",0.3675,"22,375","7,595",10,33,2,4.7,18,6.9,1.95,146,27.1,23,98.6,"171,419","110,887",39.3%,"93,367","17,520",61.9%,"203,645.77","52,890.97","82,860.97",0.294,59.3%,23.52,"3,360.2",167.8,0.510
327,01/03/2023,2023,Mar,3,Q1,MARAN,TENGAH,BATU SAWAR,Pinggir Bandar,"16,300",8,"36,488","8,861","327,508","148,405","26,125","19,608",84.2%,1.188,"159,747",0.3654,"31,029","7,222",10,33,1,4.7,18,4.5,2.46,116,28.1,20.8,98.3,"194,138","133,370",40.7%,"112,298","21,072",64.8%,"230,635.94","58,371.55","96,622.55",0.295,58.1%,26.03,"4,041.5",171.6,0.488
328,01/04/2023,2023,Apr,4,Q2,MARAN,TENGAH,BATU SAWAR,Pinggir Bandar,"16,300",8,"36,488","8,985","319,764","150,383","26,465","17,169",84.2%,1.188,"169,880",0.3830,"27,887","6,394",10,33,1,4.7,10,2.7,2.38,233,28.1,19.2,97.6,"194,017","125,747",39.3%,"105,879","19,868",65.4%,"230,492.20","65,064.04","99,345.04",0.311,56.9%,25.65,"3,810.5",177.2,0.531
329,01/05/2023,2023,May,5,Q2,MARAN,TENGAH,BATU SAWAR,Pinggir Bandar,"16,300",8,"36,488","8,719","335,950","147,179","28,223","21,142",84.2%,1.188,"180,171",0.3687,"30,867","6,380",10,33,1,4.7,16,4.2,2.45,134,28.1,18,99.5,"196,544","139,406",41.5%,"117,380","22,026",66.5%,"233,494.27","66,429.05","103,676.05",0.309,55.6%,26.78,"4,224.4",173.8,0.536
330,01/06/2023,2023,Jun,6,Q2,MARAN,TENGAH,BATU SAWAR,Pinggir Bandar,"16,300",8,"36,488","8,532","309,760","150,744","22,728","18,027",84.2%,1.188,"149,657",0.3795,"24,790","6,581",10,33,1,4.7,16,2.6,1.76,108,27.7,15.8,97.6,"191,499","118,261",38.2%,"99,576","18,685",63.3%,"227,500.81","56,794.83","88,165.83",0.285,61.2%,26.66,"3,583.7",174.9,0.483
331,01/07/2023,2023,Jul,7,Q3,MARAN,TENGAH,BATU SAWAR,Pinggir Bandar,"16,300",8,"36,488","9,007","340,600","168,375","27,221","20,334",84.2%,1.188,"162,695",0.3744,"30,159","6,798",10,33,1,4.7,10,4.8,2.63,80,27.6,26.2,97.4,"215,930","124,670",36.6%,"104,972","19,698",67.4%,"256,524.84","60,913.01","97,870.01",0.287,61.8%,28.48,"3,777.9",190.9,0.478
332,01/08/2023,2023,Aug,8,Q3,MARAN,TENGAH,BATU SAWAR,Pinggir Bandar,"16,300",8,"36,488","9,126","310,084","149,303","24,952","19,811",84.2%,1.188,"167,875",0.3770,"24,152","7,902",10,33,2,4.7,14,3.9,3.24,98,28.1,28,98.2,"194,066","116,018",37.4%,"97,687","18,331",61.4%,"230,550.41","63,288.88","95,342.88",0.307,58.6%,25.26,"3,515.7",171.6,0.541
333,01/09/2023,2023,Sep,9,Q3,MARAN,TENGAH,BATU SAWAR,Pinggir Bandar,"16,300",8,"36,488","8,871","301,616","134,439","21,422","18,976",84.2%,1.188,"165,573",0.3790,"27,154","7,626",10,33,1,4.7,13,3.6,1.98,133,26.7,16.9,99.4,"174,837","126,779",42.0%,"106,748","20,031",61.7%,"207,706.36","62,752.17","97,532.17",0.323,53.0%,23.41,"3,841.8",159.7,0.549
334,01/10/2023,2023,Oct,10,Q4,MARAN,TENGAH,BATU SAWAR,Pinggir Bandar,"16,300",8,"36,488","8,207","304,541","143,290","26,918","21,501",84.2%,1.188,"148,672",0.3798,"27,779","6,372",10,33,1,4.7,6,2,2.29,168,27,25.6,98.2,"191,709","112,832",37.0%,"95,005","17,827",60.3%,"227,750.29","56,465.63","90,616.63",0.298,60.2%,27.75,"3,419.2",169.5,0.488
335,01/11/2023,2023,Nov,11,Q4,MARAN,TENGAH,BATU SAWAR,Pinggir Bandar,"16,300",8,"36,488","8,320","292,205","140,506","24,212","19,223",84.2%,1.188,"146,975",0.3658,"24,474","8,285",10,33,1,4.7,14,3.1,2.77,275,26.3,35.1,99.4,"183,941","108,264",37.1%,"91,158","17,106",59.8%,"218,521.91","53,763.46","86,522.46",0.296,60.4%,26.26,"3,280.7",168.0,0.503
336,01/12/2023,2023,Dec,12,Q4,MARAN,TENGAH,BATU SAWAR,Pinggir Bandar,"16,300",8,"36,488","8,755","290,121","143,296","21,145","14,620",84.2%,1.188,"152,836",0.3736,"25,366","5,829",10,33,1,4.7,11,2.8,3.13,351,26,30.8,97.2,"179,061","111,060",38.3%,"93,513","17,547",57.4%,"212,724.47","57,099.53","88,294.53",0.304,58.5%,24.30,"3,365.5",158.3,0.527
337,01/01/2024,2024,Jan,1,Q1,MARAN,TENGAH,BATU SAWAR,Pinggir Bandar,"16,300",9,"37,318","9,165","300,125","134,738","25,369","18,936",84.2%,1.188,"148,607",0.3832,"26,074","8,051",10,33,1,5.7,13,3.8,1.85,92,26.3,14.9,97.8,"179,043","121,082",40.3%,"101,951","19,131",59.4%,"212,703.08","56,946.20","91,071.20",0.303,57.2%,23.21,"3,669.2",154.8,0.495
338,01/02/2024,2024,Feb,2,Q1,MARAN,TENGAH,BATU SAWAR,Pinggir Bandar,"16,300",9,"37,318","9,015","276,787","133,019","21,552","19,508",84.2%,1.188,"138,339",0.3933,"24,807","5,418",10,33,1,5.7,7,3.3,2.94,83,26.8,14.7,97.2,"174,079","102,708",37.1%,"86,480","16,228",58.6%,"206,805.85","54,408.73","84,633.73",0.306,59.1%,22.94,"3,112.4",160.9,0.500
339,01/03/2024,2024,Mar,3,Q1,MARAN,TENGAH,BATU SAWAR,Pinggir Bandar,"16,300",9,"37,318","9,207","313,440","150,040","22,577","16,752",84.2%,1.188,"171,854",0.3859,"24,793","8,753",10,33,1,5.7,17,4.6,3.08,166,27.8,31.1,98.1,"189,369","124,071",39.6%,"104,468","19,603",62.0%,"224,970.37","66,318.46","99,864.46",0.319,55.6%,24.43,"3,759.7",163.7,0.548
340,01/04/2024,2024,Apr,4,Q2,MARAN,TENGAH,BATU SAWAR,Pinggir Bandar,"16,300",9,"37,318","8,886","301,498","146,062","22,520","15,729",84.2%,1.188,"158,352",0.3772,"28,249","7,714",10,33,1,5.7,10,2.8,2.35,128,28.5,20.4,99.1,"184,311","117,187",38.9%,"98,671","18,516",61.7%,"218,961.47","59,730.37","95,693.37",0.317,56.3%,24.64,"3,551.1",164.6,0.525
341,01/05/2024,2024,May,5,Q2,MARAN,TENGAH,BATU SAWAR,Pinggir Bandar,"16,300",9,"37,318","8,727","350,204","172,228","33,343","21,244",84.2%,1.188,"178,333",0.3788,"31,024","7,283",10,33,1,5.7,6,4.8,3.32,192,28.4,18.5,99.9,"226,815","123,389",35.2%,"103,894","19,495",69.3%,"269,456.22","67,552.54","105,859.54",0.302,60.7%,30.88,"3,739.1",196.1,0.509
342,01/06/2024,2024,Jun,6,Q2,MARAN,TENGAH,BATU SAWAR,Pinggir Bandar,"16,300",9,"37,318","8,957","328,694","150,760","24,177","20,857",84.2%,1.188,"163,934",0.3789,"26,912","7,233",10,33,1,5.7,12,2.2,2.75,80,28.6,19.5,98.4,"195,794","132,900",40.4%,"111,902","20,998",67.2%,"232,603.27","62,114.59","96,259.59",0.293,58.6%,25.97,"4,027.3",174.9,0.499
343,01/07/2024,2024,Jul,7,Q3,MARAN,TENGAH,BATU SAWAR,Pinggir Bandar,"16,300",9,"37,318","8,784","345,279","170,269","25,474","17,833",84.2%,1.188,"175,922",0.3773,"32,895","7,921",10,33,1,5.7,14,4.2,2.12,97,27.5,19.5,98.5,"213,576","131,703",38.1%,"110,894","20,809",68.3%,"253,728.29","66,375.37","107,191.37",0.310,57.8%,28.89,"3,991.0",184.6,0.510
344,01/08/2024,2024,Aug,8,Q3,MARAN,TENGAH,BATU SAWAR,Pinggir Bandar,"16,300",9,"37,318","8,919","346,264","163,507","24,045","18,224",84.2%,1.188,"172,930",0.3801,"27,223","8,056",10,33,2,5.7,14,7.6,2.93,103,27.2,15.5,97.7,"205,776","140,488",40.6%,"118,291","22,197",68.5%,"244,461.89","65,730.69","101,009.69",0.292,58.7%,27.41,"4,257.2",177.9,0.499
345,01/09/2024,2024,Sep,9,Q3,MARAN,TENGAH,BATU SAWAR,Pinggir Bandar,"16,300",9,"37,318","8,477","298,125","139,621","23,020","19,668",84.2%,1.188,"147,354",0.3849,"26,763","8,890",10,33,1,5.7,8,1.9,3.07,139,27,22,98.9,"182,309","115,816",38.8%,"97,517","18,299",61.0%,"216,583.09","56,716.55","92,369.55",0.310,57.4%,25.55,"3,509.6",162.8,0.494
346,01/10/2024,2024,Oct,10,Q4,MARAN,TENGAH,BATU SAWAR,Pinggir Bandar,"16,300",9,"37,318","9,131","316,347","160,836","26,412","16,678",84.2%,1.188,"155,748",0.3912,"29,806","6,056",10,33,1,5.7,16,4.3,2.18,237,26.8,29.1,97.8,"203,926","112,421",35.5%,"94,658","17,763",62.6%,"242,264.09","60,928.62","96,790.62",0.306,60.0%,26.53,"3,406.7",176.3,0.492
347,01/11/2024,2024,Nov,11,Q4,MARAN,TENGAH,BATU SAWAR,Pinggir Bandar,"16,300",9,"37,318","8,752","296,396","153,704","22,910","18,899",84.2%,1.188,"142,454",0.3964,"22,183","11,734",10,33,2,5.7,16,6.6,1.89,347,27,42.9,97.6,"195,513","100,883",34.0%,"84,943","15,940",60.6%,"232,269.44","56,468.77","90,385.77",0.305,61.1%,26.54,"3,057.1",174.6,0.481
348,01/12/2024,2024,Dec,12,Q4,MARAN,TENGAH,BATU SAWAR,Pinggir Bandar,"16,300",9,"37,318","8,599","301,994","149,063","27,018","18,166",84.2%,1.188,"153,390",0.3828,"24,949","8,031",10,33,1,5.7,8,2.3,3.06,395,27.2,47.9,99.7,"194,247","107,747",35.7%,"90,723","17,024",59.8%,"230,765.44","58,717.69","91,697.69",0.304,60.3%,26.84,"3,265.1",167.9,0.508
349,01/01/2025,2025,Jan,1,Q1,MARAN,TENGAH,BATU SAWAR,Pinggir Bandar,"16,300",10,"38,055","9,433","307,498","147,977","27,529","16,458",84.2%,1.188,"156,544",0.4062,"27,188","8,804",10,33,1,6.7,7,4.4,3.02,122,26.6,28.7,96.9,"191,964","115,534",37.6%,"97,280","18,254",60.9%,"228,053.23","63,588.17","99,580.17",0.324,56.3%,24.18,"3,501.0",162.7,0.509
350,01/02/2025,2025,Feb,2,Q1,MARAN,TENGAH,BATU SAWAR,Pinggir Bandar,"16,300",10,"38,055","9,079","294,013","149,969","23,511","21,289",84.2%,1.188,"145,278",0.3942,"25,467","7,224",10,33,1,6.7,12,4.8,3.17,68,27.1,25,99,"194,769","99,244",33.8%,"83,563","15,681",64.4%,"231,385.57","57,268.59","89,959.59",0.306,61.1%,25.49,"3,007.4",182.8,0.494
351,01/03/2025,2025,Mar,3,Q1,MARAN,TENGAH,BATU SAWAR,Pinggir Bandar,"16,300",10,"38,055","9,359","320,759","164,759","29,238","18,235",84.2%,1.188,"164,465",0.3975,"26,225","5,893",10,33,1,6.7,11,4.1,1.83,158,28.4,25.5,98.7,"212,232","108,527",33.8%,"91,380","17,147",63.5%,"252,131.62","65,374.84","97,492.84",0.304,61.3%,26.94,"3,288.7",179.9,0.513
352,01/04/2025,2025,Apr,4,Q2,MARAN,TENGAH,BATU SAWAR,Pinggir Bandar,"16,300",10,"38,055","9,550","310,478","150,735","22,254","19,370",84.2%,1.188,"151,589",0.3969,"24,254","7,694",10,33,1,6.7,12,3.8,2.21,228,28.9,21.3,98,"192,359","118,119",38.0%,"99,456","18,663",63.5%,"228,522.49","60,165.67","92,113.67",0.297,59.7%,23.93,"3,579.4",168.5,0.488
353,01/05/2025,2025,May,5,Q2,MARAN,TENGAH,BATU SAWAR,Pinggir Bandar,"16,300",10,"38,055","8,789","338,161","169,409","31,613","21,080",84.2%,1.188,"174,774",0.3954,"27,662","5,800",10,33,1,6.7,17,3.7,2.26,114,28,19.8,98.3,"222,102","116,059",34.3%,"97,722","18,337",66.9%,"263,857.18","69,105.64","102,567.64",0.303,61.1%,30.02,"3,516.9",188.3,0.517
354,01/06/2025,2025,Jun,6,Q2,MARAN,TENGAH,BATU SAWAR,Pinggir Bandar,"16,300",10,"38,055","8,524","341,251","165,145","26,621","21,829",84.2%,1.188,"163,714",0.3893,"31,089","5,890",10,33,1,6.7,17,1.9,2.29,81,28.7,27.4,100,"213,595","127,656",37.4%,"107,486","20,170",69.8%,"253,750.86","63,733.86","100,712.86",0.295,60.3%,29.77,"3,868.4",187.1,0.480
355,01/07/2025,2025,Jul,7,Q3,MARAN,TENGAH,BATU SAWAR,Pinggir Bandar,"16,300",10,"38,055","8,821","340,922","161,881","29,515","18,738",84.2%,1.188,"172,132",0.3965,"25,130","7,801",10,33,1,6.7,15,2.1,2.15,88,28.5,22,99.8,"210,134","130,788",38.4%,"110,123","20,665",67.5%,"249,639.19","68,250.34","101,181.34",0.297,59.5%,28.30,"3,963.3",178.1,0.505
356,01/08/2025,2025,Aug,8,Q3,MARAN,TENGAH,BATU SAWAR,Pinggir Bandar,"16,300",10,"38,055","8,908","337,652","168,984","27,328","23,881",84.2%,1.188,"170,389",0.3899,"27,092","6,430",10,33,1,6.7,16,4.6,3.04,144,27.9,32,98.6,"220,193","117,459",34.8%,"98,900","18,559",66.8%,"261,589.28","66,434.67","99,956.67",0.296,61.8%,29.37,"3,559.4",186.7,0.505
357,01/09/2025,2025,Sep,9,Q3,MARAN,TENGAH,BATU SAWAR,Pinggir Bandar,"16,300",10,"38,055","9,492","317,825","147,824","28,954","21,841",84.2%,1.188,"173,232",0.3916,"29,112","7,683",10,33,1,6.7,16,4.4,2.86,189,27.8,29.6,97.4,"198,619","119,206",37.5%,"100,371","18,835",65.0%,"235,959.37","67,837.65","104,632.65",0.329,55.7%,24.86,"3,612.3",174.0,0.545
358,01/10/2025,2025,Oct,10,Q4,MARAN,TENGAH,BATU SAWAR,Pinggir Bandar,"16,300",10,"38,055","9,281","319,376","162,047","25,962","21,104",84.2%,1.188,"152,557",0.4056,"29,497","7,593",10,33,2,6.7,12,6.7,2.86,259,27.1,25.9,97.9,"209,113","110,263",34.5%,"92,841","17,422",63.2%,"248,426.24","61,877.12","98,967.12",0.310,60.2%,26.77,"3,341.3",177.3,0.478
359,01/11/2025,2025,Nov,11,Q4,MARAN,TENGAH,BATU SAWAR,Pinggir Bandar,"16,300",10,"38,055","9,035","286,198","144,622","22,392","16,152",84.2%,1.188,"156,823",0.3941,"23,393","8,380",10,33,1,6.7,7,4,1.93,237,26.7,18.4,96.6,"183,166","103,032",36.0%,"86,753","16,279",58.5%,"217,601.21","61,803.94","93,576.94",0.327,57.0%,24.08,"3,122.2",160.4,0.548
360,01/12/2025,2025,Dec,12,Q4,MARAN,TENGAH,BATU SAWAR,Pinggir Bandar,"16,300",10,"38,055","9,571","305,372","148,483","27,969","17,275",84.2%,1.188,"144,470",0.4056,"29,204","7,432",10,33,1,6.7,14,2.9,3.07,342,26.7,45.4,99.6,"193,727","111,645",36.6%,"94,005","17,640",60.4%,"230,147.68","58,597.03","95,233.03",0.312,58.6%,24.05,"3,383.2",164.2,0.473
361,01/01/2023,2023,Jan,1,Q1,MARAN,TENGAH,JENGKA 3-7,Luar Bandar,"3,900",12,"10,724","2,670","87,909","37,976","4,023","1,210",61.7%,1.007,"43,470",0.3662,"3,908","7,245",9,23,1,4.7,4,3.1,2.42,90,26.1,14.8,98,"43,209","44,700",50.8%,"27,580","17,120",72.7%,"43,511.46","15,918.71","27,071.71",0.308,37.8%,16.30,"1,943.5",130.0,0.494
362,01/02/2023,2023,Feb,2,Q1,MARAN,TENGAH,JENGKA 3-7,Luar Bandar,"3,900",12,"10,724","2,407","77,631","30,328","2,864","1,303",61.7%,1.007,"39,358",0.3833,"3,908","5,592",9,23,1,4.7,4,4.8,2.65,138,27.4,26.3,99.7,"34,495","43,136",55.6%,"26,615","16,521",71.1%,"34,736.47","15,085.92","24,585.92",0.317,29.2%,14.43,"1,875.5",114.9,0.507
363,01/03/2023,2023,Mar,3,Q1,MARAN,TENGAH,JENGKA 3-7,Luar Bandar,"3,900",12,"10,724","2,696","93,500","36,529","3,874","1,683",61.7%,1.007,"46,950",0.3811,"4,439","4,929",9,23,1,4.7,4,3.5,2.19,142,28,,100,"42,086","51,414",55.0%,"31,722","19,692",77.3%,"42,380.60","17,892.65","27,260.65",0.292,35.7%,15.72,"2,235.4",126.6,0.502
364,01/04/2023,2023,Apr,4,Q2,MARAN,TENGAH,JENGKA 3-7,Luar Bandar,"3,900",12,"10,724","2,611","92,542","35,181","3,968","1,487",61.7%,1.007,"47,231",0.3686,"4,203","6,328",9,23,1,4.7,6,3.4,1.62,160,27.8,28,99.6,"40,636","51,906",56.1%,"32,026","19,880",79.1%,"40,920.45","17,409.35","27,940.35",0.302,31.7%,15.67,"2,256.8",126.3,0.510
365,01/05/2023,2023,May,5,Q2,MARAN,TENGAH,JENGKA 3-7,Luar Bandar,"3,900",12,"10,724","2,482","93,702","42,353","3,913","1,451",61.7%,1.007,"46,884",0.3684,"4,905","5,219",9,23,1,4.7,6,4.1,2.28,209,28,20.1,99.7,"47,717","45,985",49.1%,"28,373","17,612",77.5%,"48,051.02","17,272.07","27,396.07",0.292,43.0%,19.36,"1,999.3",143.5,0.500
366,01/06/2023,2023,Jun,6,Q2,MARAN,TENGAH,JENGKA 3-7,Luar Bandar,"3,900",12,"10,724","2,470","90,910","38,090","3,467","1,527",61.7%,1.007,"51,154",0.3839,"3,757","4,379",9,23,1,4.7,6,4.6,3.11,85,27.8,18.3,97.2,"43,084","47,826",52.6%,"29,509","18,317",77.7%,"43,385.59","19,638.02","27,774.02",0.306,36.0%,17.57,"2,079.4",133.9,0.563
367,01/07/2023,2023,Jul,7,Q3,MARAN,TENGAH,JENGKA 3-7,Luar Bandar,"3,900",12,"10,724","2,544","98,700","37,692","3,997","1,581",61.7%,1.007,"53,191",0.3704,"4,158","5,790",9,23,1,4.7,6,3.6,2.84,66,27.1,26.4,96.5,"43,270","55,430",56.2%,"34,200","21,230",81.6%,"43,572.89","19,701.95","29,649.95",0.300,32.0%,17.13,"2,410.0",130.2,0.539
368,01/08/2023,2023,Aug,8,Q3,MARAN,TENGAH,JENGKA 3-7,Luar Bandar,"3,900",12,"10,724","2,646","94,582","38,737","3,912","1,744",61.7%,1.007,"48,515",0.3768,"4,005","4,836",9,23,1,4.7,5,3,1.68,118,28.1,31.1,98.9,"44,393","50,189",53.1%,"30,967","19,222",78.2%,"44,703.75","18,280.45","27,121.45",0.287,39.3%,16.89,"2,182.1",133.5,0.513
369,01/09/2023,2023,Sep,9,Q3,MARAN,TENGAH,JENGKA 3-7,Luar Bandar,"3,900",12,"10,724","2,402","87,366","37,694","3,984","1,217",61.7%,1.007,"47,748",0.3651,"3,874","4,867",9,23,1,4.7,5,2.3,2.29,211,26.8,34.8,98.2,"42,895","44,471",50.9%,"27,439","17,032",74.7%,"43,195.27","17,432.79","26,173.79",0.300,39.4%,17.98,"1,933.5",133.3,0.547
370,01/10/2023,2023,Oct,10,Q4,MARAN,TENGAH,JENGKA 3-7,Luar Bandar,"3,900",12,"10,724","2,635","88,861","35,339","3,866","1,142",61.7%,1.007,"46,948",0.3652,"4,621","5,446",9,23,1,4.7,6,3.1,3.09,251,26.9,27.3,99.5,"40,347","48,514",54.6%,"29,933","18,581",73.5%,"40,629.43","17,145.41","27,212.41",0.306,33.0%,15.42,"2,109.3",121.4,0.528
371,01/11/2023,2023,Nov,11,Q4,MARAN,TENGAH,JENGKA 3-7,Luar Bandar,"3,900",12,"10,724","2,454","80,996","31,028","3,016","1,299",61.7%,1.007,"41,566",0.3651,"3,494","5,600",9,23,1,4.7,7,3.5,2.7,383,26.9,42.9,99,"35,343","45,653",56.4%,"28,168","17,485",69.2%,"35,590.40","15,175.75","24,269.75",0.300,31.8%,14.50,"1,984.9",109.9,0.513
372,01/12/2023,2023,Dec,12,Q4,MARAN,TENGAH,JENGKA 3-7,Luar Bandar,"3,900",12,"10,724","2,606","88,422","38,251","4,250","1,458",61.7%,1.007,"51,055",0.3841,"3,780","5,939",9,23,1,4.7,4,4.1,2.94,236,26.4,18.2,97.4,"43,959","44,463",50.3%,"27,434","17,029",73.1%,"44,266.71","19,610.23","29,329.23",0.332,33.7%,16.99,"1,933.2",132.2,0.577
373,01/01/2024,2024,Jan,1,Q1,MARAN,TENGAH,JENGKA 3-7,Luar Bandar,"3,900",13,"10,989","2,629","91,621","42,219","4,277","1,504",61.7%,1.007,"47,985",0.3923,"3,639","5,864",9,23,1,5.7,5,3.2,,111,26.3,21.4,99.4,"48,000","43,621",47.6%,"26,914","16,707",75.8%,"48,336.00","18,824.52","28,327.52",0.309,41.4%,18.39,"1,896.6",140.9,0.524
374,01/02/2024,2024,Feb,2,Q1,MARAN,TENGAH,JENGKA 3-7,Luar Bandar,"3,900",13,"10,989","2,578","84,317","39,605","4,018","1,348",61.7%,1.007,"47,463",0.3805,"4,211","4,466",9,23,1,5.7,5,2.9,2.6,107,26.9,13.7,96.9,"44,971","39,346",46.7%,"24,276","15,070",74.6%,"45,285.80","18,059.67","26,736.67",0.317,41.0%,17.57,"1,710.7",141.1,0.563
375,01/03/2024,2024,Mar,3,Q1,MARAN,TENGAH,JENGKA 3-7,Luar Bandar,"3,900",13,"10,989","2,516","95,007","42,413","3,833","1,635",61.7%,1.007,"49,240",0.3830,"4,530","5,697",9,23,1,5.7,4,2.3,3.07,181,27.8,30.5,99,"47,881","47,126",49.6%,"29,077","18,049",78.6%,"48,216.17","18,858.92","29,085.92",0.306,39.7%,19.16,"2,049.0",140.6,0.518
376,01/04/2024,2024,Apr,4,Q2,MARAN,TENGAH,JENGKA 3-7,Luar Bandar,"3,900",13,"10,989","2,747","89,116","35,320","3,086","1,375",61.7%,1.007,"46,725",0.3791,"4,226","5,859",9,23,1,5.7,7,2.1,1.67,206,27.8,18.6,99.8,"39,781","49,335",55.4%,"30,440","18,895",76.2%,"40,059.47","17,713.45","27,798.45",0.312,30.6%,14.58,"2,145.0",120.7,0.524
377,01/05/2024,2024,May,5,Q2,MARAN,TENGAH,JENGKA 3-7,Luar Bandar,"3,900",13,"10,989","2,691","99,977","45,595","4,659","1,895",61.7%,1.007,"55,082",0.3847,"5,076","6,194",9,23,1,5.7,5,2.5,2.99,103,28.2,20.9,97.1,"52,149","47,828",47.8%,"29,510","18,318",82.7%,"52,514.04","21,190.05","32,460.05",0.325,38.2%,19.51,"2,079.5",153.1,0.551
378,01/06/2024,2024,Jun,6,Q2,MARAN,TENGAH,JENGKA 3-7,Luar Bandar,"3,900",13,"10,989","2,528","98,790","46,244","4,243","1,546",61.7%,1.007,"56,008",0.3797,"4,967","6,790",9,23,1,5.7,4,4.4,1.98,155,28.5,14.7,100,"52,033","46,757",47.3%,"28,849","17,908",84.4%,"52,397.23","21,266.24","33,023.24",0.334,37.0%,20.73,"2,032.9",157.8,0.567
379,01/07/2024,2024,Jul,7,Q3,MARAN,TENGAH,JENGKA 3-7,Luar Bandar,"3,900",13,"10,989","2,544","98,847","39,516","4,386","1,799",61.7%,1.007,"51,203",0.3835,"4,802","5,670",9,23,1,5.7,4,3.9,2.38,132,28.2,24.2,98.5,"45,701","53,146",53.8%,"32,791","20,355",81.8%,"46,020.91","19,636.35","30,108.35",0.305,34.6%,18.09,"2,310.7",134.2,0.518
380,01/08/2024,2024,Aug,8,Q3,MARAN,TENGAH,JENGKA 3-7,Luar Bandar,"3,900",13,"10,989","2,652","95,272","40,676","3,518","1,382",61.7%,1.007,"49,326",0.3856,"3,889","4,392",9,23,1,5.7,5,2.7,2.31,137,27.1,16,98.1,"45,576","49,696",52.2%,"30,662","19,034",78.8%,"45,895.03","19,020.11","27,301.11",0.287,40.5%,17.31,"2,160.7",133.8,0.518
381,01/09/2024,2024,Sep,9,Q3,MARAN,TENGAH,JENGKA 3-7,Luar Bandar,"3,900",13,"10,989","2,754","93,466","38,216","3,394","1,467",61.7%,1.007,"51,967",0.3834,"4,767","4,734",9,23,1,5.7,6,4.1,2.33,99,28.2,17.8,99,"43,077","50,389",53.9%,"31,090","19,299",79.9%,"43,378.54","19,924.15","29,425.15",0.315,32.2%,15.75,"2,190.8",130.7,0.556
382,01/10/2024,2024,Oct,10,Q4,MARAN,TENGAH,JENGKA 3-7,Luar Bandar,"3,900",13,"10,989","2,515","92,518","41,763","4,481","1,455",61.7%,1.007,"47,035",0.3831,"4,831","5,066",9,23,1,5.7,5,2.4,1.66,184,27.2,29.8,98.1,"47,699","44,819",48.4%,"27,653","17,166",76.5%,"48,032.89","18,019.11","27,916.11",0.302,41.9%,19.10,"1,948.7",140.0,0.508
383,01/11/2024,2024,Nov,11,Q4,MARAN,TENGAH,JENGKA 3-7,Luar Bandar,"3,900",13,"10,989","2,612","90,772","35,753","3,403","1,189",61.7%,1.007,"51,405",0.3850,"4,450","5,727",9,23,1,5.7,4,2.4,2.92,209,26.8,20.2,99.9,"40,345","50,427",55.6%,"31,113","19,314",77.6%,"40,627.42","19,790.93","29,967.93",0.330,26.2%,15.55,"2,192.5",122.4,0.566
384,01/12/2024,2024,Dec,12,Q4,MARAN,TENGAH,JENGKA 3-7,Luar Bandar,"3,900",13,"10,989","2,730","90,955","41,850","4,528","1,919",61.7%,1.007,"46,670",0.3809,"4,326","7,271",9,23,1,5.7,5,2.1,2.33,213,26.5,25.4,96.5,"48,297","42,658",46.9%,"26,320","16,338",75.2%,"48,635.08","17,776.60","29,373.60",0.323,39.6%,17.82,"1,854.7",141.8,0.513
385,01/01/2025,2025,Jan,1,Q1,MARAN,TENGAH,JENGKA 3-7,Luar Bandar,"3,900",14,"11,193","2,674","91,546","40,975","3,979","1,395",61.7%,1.007,"45,339",0.4062,"4,182","6,523",9,23,1,6.7,6,2.5,,137,27,14.1,99.5,"46,349","45,197",49.4%,"27,887","17,310",75.7%,"46,673.44","18,416.70","29,121.70",0.318,37.6%,17.45,"1,965.1",133.6,0.495
386,01/02/2025,2025,Feb,2,Q1,MARAN,TENGAH,JENGKA 3-7,Luar Bandar,"3,900",14,"11,193","2,651","79,705","33,966","3,616","1,467",61.7%,1.007,"44,363",0.3916,"3,183","4,878",9,23,1,6.7,4,1.9,3.07,109,27.7,20.9,98.1,"39,049","40,656",51.0%,"25,085","15,571",73.0%,"39,322.34","17,372.55","25,433.55",0.319,35.3%,14.83,"1,767.7",124.6,0.557
387,01/03/2025,2025,Mar,3,Q1,MARAN,TENGAH,JENGKA 3-7,Luar Bandar,"3,900",14,"11,193","2,724","93,219","44,102","4,082","1,719",61.7%,1.007,"47,783",0.3959,"4,619","6,146",9,23,1,6.7,5,4.6,2.11,119,27.9,12.1,99,"49,903","43,316",46.5%,"26,726","16,590",77.1%,"50,252.32","18,917.29","29,682.29",0.318,40.9%,18.45,"1,883.3",143.8,0.513
388,01/04/2025,2025,Apr,4,Q2,MARAN,TENGAH,JENGKA 3-7,Luar Bandar,"3,900",14,"11,193","2,616","95,466","43,762","4,141","1,466",61.7%,1.007,"53,722",0.4061,"4,758","5,248",9,23,1,6.7,4,2.6,1.69,136,28.5,29.5,97.5,"49,369","46,097",48.3%,"28,442","17,655",81.6%,"49,714.58","21,816.50","31,822.50",0.333,36.0%,19.00,"2,004.2",147.0,0.563
389,01/05/2025,2025,May,5,Q2,MARAN,TENGAH,JENGKA 3-7,Luar Bandar,"3,900",14,"11,193","2,660","96,314","42,478","4,256","1,462",61.7%,1.007,"55,227",0.3975,"4,313","4,758",9,23,1,6.7,7,2.3,3.14,169,28.2,30.4,96.8,"48,196","48,118",50.0%,"29,689","18,429",79.7%,"48,533.37","21,952.73","31,023.73",0.322,36.1%,18.25,"2,092.1",138.9,0.573
390,01/06/2025,2025,Jun,6,Q2,MARAN,TENGAH,JENGKA 3-7,Luar Bandar,"3,900",14,"11,193","2,540","97,938","39,384","3,497","1,542",61.7%,1.007,"51,935",0.3971,"5,191","6,748",9,23,1,6.7,5,4.5,2.01,127,28.7,23.4,96.6,"44,423","53,515",54.6%,"33,019","20,496",83.7%,"44,733.96","20,623.39","32,562.39",0.332,27.2%,17.61,"2,326.7",132.3,0.530
391,01/07/2025,2025,Jul,7,Q3,MARAN,TENGAH,JENGKA 3-7,Luar Bandar,"3,900",14,"11,193","2,540","97,615","44,043","4,537","1,395",61.7%,1.007,"55,095",0.4045,"4,777","6,729",9,23,1,6.7,5,3,3.2,84,27.2,20.3,99.4,"49,975","47,640",48.8%,"29,394","18,246",80.7%,"50,324.83","22,285.93","33,791.93",0.346,32.9%,19.81,"2,071.3",144.0,0.564
392,01/08/2025,2025,Aug,8,Q3,MARAN,TENGAH,JENGKA 3-7,Luar Bandar,"3,900",14,"11,193","2,791","96,542","43,766","4,794","1,907",61.7%,1.007,"50,302",0.3963,"4,241","5,561",9,23,1,6.7,5,4.7,2.79,169,27.9,22.5,98.8,"50,467","46,075",47.7%,"28,428","17,647",79.9%,"50,820.27","19,934.68","29,736.68",0.308,41.5%,18.21,"2,003.3",145.4,0.521
393,01/09/2025,2025,Sep,9,Q3,MARAN,TENGAH,JENGKA 3-7,Luar Bandar,"3,900",14,"11,193","2,808","88,586","38,683","3,387","1,223",61.7%,1.007,"46,050",0.4069,"4,428","6,439",9,23,1,6.7,4,3.7,1.75,147,28,26.6,97,"43,293","45,293",51.1%,"27,946","17,347",75.7%,"43,596.05","18,737.75","29,604.75",0.334,32.1%,15.53,"1,969.3",128.9,0.520
394,01/10/2025,2025,Oct,10,Q4,MARAN,TENGAH,JENGKA 3-7,Luar Bandar,"3,900",14,"11,193","2,707","88,954","40,053","4,378","1,562",61.7%,1.007,"48,573",0.4006,"4,278","5,579",9,23,1,6.7,4,2.2,2.92,137,27.5,22.7,97.5,"45,993","42,961",48.3%,"26,507","16,454",73.6%,"46,314.95","19,458.34","29,315.34",0.330,36.7%,17.11,"1,867.9",132.6,0.546
395,01/11/2025,2025,Nov,11,Q4,MARAN,TENGAH,JENGKA 3-7,Luar Bandar,"3,900",14,"11,193","2,713","90,651","38,659","3,806","1,670",61.7%,1.007,"50,547",0.4055,"4,097","5,531",9,23,1,6.7,4,4.7,,192,26.8,25.8,96.7,"44,135","46,516",51.3%,"28,700","17,816",77.5%,"44,443.95","20,496.81","30,124.81",0.332,32.2%,16.38,"2,022.4",131.4,0.558
396,01/12/2025,2025,Dec,12,Q4,MARAN,TENGAH,JENGKA 3-7,Luar Bandar,"3,900",14,"11,193","2,597","90,991","39,734","3,548","1,403",61.7%,1.007,"45,924",0.3956,"4,221","4,708",9,23,1,6.7,5,2,1.65,417,26.6,35,99.9,"44,685","46,306",50.9%,"28,571","17,735",75.3%,"44,997.80","18,167.53","27,096.53",0.298,39.8%,17.33,"2,013.3",128.8,0.505
397,01/01/2023,2023,Jan,1,Q1,MARAN,TENGAH,KERTAU,Pinggir Bandar,"19,700",19,"54,676","13,784","429,152","188,866","47,908","27,843",73.8%,1.226,"159,781",0.3791,"21,268","10,241",16,44,2,8.2,28,5.7,2.08,101,26.2,,97.6,"264,617","164,535",38.3%,"121,427","43,108",70.3%,"324,420.44","60,572.98","92,081.98",0.215,71.6%,23.54,"3,739.4",156.1,0.372
398,01/02/2023,2023,Feb,2,Q1,MARAN,TENGAH,KERTAU,Pinggir Bandar,"19,700",19,"54,676","13,354","419,862","195,164","50,983","23,621",73.8%,1.226,"154,726",0.3827,"21,044","9,478",16,44,1,8.2,22,4.2,2.98,104,27.4,28,99.4,"269,768","150,094",35.7%,"110,769","39,325",76.1%,"330,735.57","59,213.64","89,735.64",0.214,72.9%,24.77,"3,411.2",176.2,0.369
399,01/03/2023,2023,Mar,3,Q1,MARAN,TENGAH,KERTAU,Pinggir Bandar,"19,700",19,"54,676","12,621","477,225","215,785","52,824","26,585",73.8%,1.226,"171,584",0.3700,"23,358","10,232",16,44,2,8.2,13,7.1,2.04,179,27.6,20.3,99.8,"295,194","182,031",38.1%,"134,339","47,692",78.1%,"361,907.84","63,486.08","97,076.08",0.203,73.2%,28.68,"4,137.1",174.2,0.360
400,01/04/2023,2023,Apr,4,Q2,MARAN,TENGAH,KERTAU,Pinggir Bandar,"19,700",19,"54,676","13,582","450,624","217,145","43,776","25,959",73.8%,1.226,"161,827",0.3683,"19,228","11,321",16,44,3,8.2,13,12.3,2.51,182,27.8,32.5,100,"286,880","163,744",36.3%,"120,843","42,901",76.2%,"351,714.88","59,600.88","90,149.88",0.200,74.4%,25.90,"3,721.5",174.9,0.359
401,01/05/2023,2023,May,5,Q2,MARAN,TENGAH,KERTAU,Pinggir Bandar,"19,700",19,"54,676","12,430","490,596","221,508","55,020","33,147",73.8%,1.226,"171,376",0.3668,"22,560","10,180",16,44,2,8.2,24,8.8,3.14,108,28.1,17.1,98.3,"309,675","180,921",36.9%,"133,520","47,401",80.3%,"379,661.55","62,860.72","95,600.72",0.195,74.8%,30.54,"4,111.8",182.7,0.349
402,01/06/2023,2023,Jun,6,Q2,MARAN,TENGAH,KERTAU,Pinggir Bandar,"19,700",19,"54,676","13,598","485,439","216,159","46,318","32,399",73.8%,1.226,"183,862",0.3836,"24,192","11,798",16,44,2,8.2,15,6.5,2.55,132,28.7,21,99,"294,876","190,563",39.3%,"140,635","49,928",82.1%,"361,517.98","70,529.46","106,519.46",0.219,70.5%,26.59,"4,331.0",179.8,0.379
403,01/07/2023,2023,Jul,7,Q3,MARAN,TENGAH,KERTAU,Pinggir Bandar,"19,700",19,"54,676","12,349","501,253","216,932","51,979","32,980",73.8%,1.226,"190,276",0.3731,"21,254","12,531",16,44,2,8.2,17,6.9,2.42,120,27.1,18.8,98.7,"301,891","199,362",39.8%,"147,129","52,233",82.1%,"370,118.37","70,991.98","104,776.98",0.209,71.7%,29.97,"4,531.0",178.1,0.380
404,01/08/2023,2023,Aug,8,Q3,MARAN,TENGAH,KERTAU,Pinggir Bandar,"19,700",19,"54,676","13,601","491,891","217,681","48,446","29,809",73.8%,1.226,"183,788",0.3764,"20,075","13,319",16,44,3,8.2,16,12.6,2.41,94,27.1,17.9,99,"295,936","195,955",39.8%,"144,615","51,340",80.5%,"362,817.54","69,177.80","102,571.80",0.209,71.7%,26.68,"4,453.5",174.6,0.374
405,01/09/2023,2023,Sep,9,Q3,MARAN,TENGAH,KERTAU,Pinggir Bandar,"19,700",19,"54,676","12,911","445,913","190,462","39,615","29,545",73.8%,1.226,"161,078",0.3780,"19,536","8,558",16,44,2,8.2,13,7.6,2.38,215,27.5,28.3,99.8,"259,622","186,291",41.8%,"137,483","48,808",75.5%,"318,296.57","60,887.48","88,981.48",0.200,72.0%,24.65,"4,233.9",158.3,0.361
406,01/10/2023,2023,Oct,10,Q4,MARAN,TENGAH,KERTAU,Pinggir Bandar,"19,700",19,"54,676","12,763","461,760","205,877","50,569","30,057",73.8%,1.226,"162,401",0.3814,"24,082","12,579",16,44,2,8.2,16,7.2,2.04,217,27.4,31.4,100,"286,503","175,257",38.0%,"129,340","45,917",75.6%,"351,252.68","61,939.74","98,600.74",0.214,71.9%,27.52,"3,983.1",169.0,0.352
407,01/11/2023,2023,Nov,11,Q4,MARAN,TENGAH,KERTAU,Pinggir Bandar,"19,700",19,"54,676","13,370","438,791","199,581","52,882","30,122",73.8%,1.226,"177,111",0.3761,"20,340","6,658",16,44,1,8.2,16,3.9,2.68,327,27.4,20.8,97.9,"282,585","156,206",35.6%,"115,280","40,926",74.2%,"346,449.21","66,611.45","93,609.45",0.213,73.0%,25.91,"3,550.1",172.3,0.404
408,01/12/2023,2023,Dec,12,Q4,MARAN,TENGAH,KERTAU,Pinggir Bandar,"19,700",19,"54,676","12,855","443,384","209,829","46,438","27,910",73.8%,1.226,"167,390",0.3790,"21,295","10,089",16,44,1,8.2,20,4.8,2.8,421,26.2,39.4,97.1,"284,177","159,207",35.9%,"117,495","41,712",72.6%,"348,401.00","63,440.81","94,824.81",0.214,72.8%,27.10,"3,618.3",167.7,0.378
409,01/01/2024,2024,Jan,1,Q1,MARAN,TENGAH,KERTAU,Pinggir Bandar,"19,700",20,"56,017","13,663","474,524","208,062","49,100","32,660",73.8%,1.226,"177,636",0.3956,"18,936","8,820",16,44,1,9.2,12,3.6,2.78,197,27.2,23.3,98.4,"289,822","184,702",38.9%,"136,310","48,392",77.7%,"355,321.77","70,272.80","98,028.80",0.207,72.4%,26.01,"4,197.8",166.9,0.374
410,01/02/2024,2024,Feb,2,Q1,MARAN,TENGAH,KERTAU,Pinggir Bandar,"19,700",20,"56,017","13,767","431,139","205,382","45,965","28,870",73.8%,1.226,"168,501",0.3813,"19,631","12,683",16,44,2,9.2,18,4.5,2.06,89,27.4,27.5,97.5,"280,217","150,922",35.0%,"111,380","39,542",75.5%,"343,546.04","64,249.43","96,563.43",0.224,71.9%,24.95,"3,430.0",172.5,0.391
411,01/03/2024,2024,Mar,3,Q1,MARAN,TENGAH,KERTAU,Pinggir Bandar,"19,700",20,"56,017","13,745","501,233","242,596","52,430","32,624",73.8%,1.226,"199,808",0.3805,"26,137","10,107",16,44,1,9.2,22,4.5,2.14,92,28.1,11.7,99.5,"327,650","173,583",34.6%,"128,104","45,479",82.1%,"401,698.90","76,026.94","112,270.94",0.224,72.1%,29.23,"3,945.1",188.7,0.399
412,01/04/2024,2024,Apr,4,Q2,MARAN,TENGAH,KERTAU,Pinggir Bandar,"19,700",20,"56,017","13,152","482,852","204,635","55,052","31,161",73.8%,1.226,"179,042",0.3792,"20,068","8,674",16,44,2,9.2,27,6.6,1.87,186,28.5,23.4,98.8,"290,848","192,004",39.8%,"141,699","50,305",81.7%,"356,579.65","67,892.73","96,634.73",0.200,72.9%,27.11,"4,363.7",173.1,0.371
413,01/05/2024,2024,May,5,Q2,MARAN,TENGAH,KERTAU,Pinggir Bandar,"19,700",20,"56,017","13,423","520,695","224,241","60,844","37,596",73.8%,1.226,"195,430",0.3912,"25,351","8,802",16,44,2,9.2,23,9,2.08,117,28.9,21.2,98.3,"322,681","198,014",38.0%,"146,134","51,880",85.3%,"395,606.91","76,452.22","110,605.22",0.212,72.0%,29.47,"4,500.3",185.8,0.375
414,01/06/2024,2024,Jun,6,Q2,MARAN,TENGAH,KERTAU,Pinggir Bandar,"19,700",20,"56,017","13,988","515,306","222,914","58,964","38,351",73.8%,1.226,"188,461",0.3815,"20,746","10,569",16,44,2,9.2,19,9.6,2.94,111,28.6,,99.5,"320,229","195,077",37.9%,"143,967","51,110",87.2%,"392,600.75","71,897.87","103,212.87",0.200,73.7%,28.07,"4,433.6",190.6,0.366
415,01/07/2024,2024,Jul,7,Q3,MARAN,TENGAH,KERTAU,Pinggir Bandar,"19,700",20,"56,017","12,774","490,027","218,463","45,983","28,201",73.8%,1.226,"184,639",0.3905,"21,640","10,874",16,44,1,9.2,24,3.9,2.87,120,27.5,17.6,98.4,"292,647","197,380",40.3%,"145,666","51,714",80.2%,"358,785.22","72,101.53","104,615.53",0.213,70.8%,28.09,"4,485.9",168.5,0.377
416,01/08/2024,2024,Aug,8,Q3,MARAN,TENGAH,KERTAU,Pinggir Bandar,"19,700",20,"56,017","13,918","514,346","214,396","54,431","34,449",73.8%,1.226,"183,646",0.3926,"22,104","8,993",16,44,1,9.2,20,4.3,2.01,149,28.4,17.7,97.7,"303,276","211,070",41.0%,"155,770","55,300",84.2%,"371,816.38","72,099.42","103,196.42",0.201,72.2%,26.71,"4,797.0",174.6,0.357
417,01/09/2024,2024,Sep,9,Q3,MARAN,TENGAH,KERTAU,Pinggir Bandar,"19,700",20,"56,017","12,998","477,965","232,132","46,802","32,180",73.8%,1.226,"190,210",0.3822,"23,249","10,224",16,44,1,9.2,12,2.2,2.15,111,27.1,26.9,97.5,"311,114","166,851",34.9%,"123,136","43,715",80.9%,"381,425.76","72,698.26","106,171.26",0.222,72.2%,29.34,"3,792.1",185.1,0.398
418,01/10/2024,2024,Oct,10,Q4,MARAN,TENGAH,KERTAU,Pinggir Bandar,"19,700",20,"56,017","12,765","460,697","212,161","43,842","27,791",73.8%,1.226,"160,513",0.3960,"23,555","13,987",16,44,2,9.2,15,7,2.28,279,27.6,28.8,99.5,"283,794","176,903",38.4%,"130,554","46,349",75.4%,"347,931.44","63,563.15","101,105.15",0.219,70.9%,27.26,"4,020.5",163.4,0.348
419,01/11/2024,2024,Nov,11,Q4,MARAN,TENGAH,KERTAU,Pinggir Bandar,"19,700",20,"56,017","13,451","422,747","179,924","46,615","26,969",73.8%,1.226,"160,919",0.3785,"18,533","10,379",16,44,1,9.2,26,3.9,1.95,239,26.5,27.1,99.9,"253,508","169,239",40.0%,"124,898","44,341",71.5%,"310,800.81","60,907.84","89,819.84",0.212,71.1%,23.11,"3,846.3",150.9,0.381
420,01/12/2024,2024,Dec,12,Q4,MARAN,TENGAH,KERTAU,Pinggir Bandar,"19,700",20,"56,017","12,552","453,231","191,787","48,438","32,699",73.8%,1.226,"159,583",0.3801,"18,158","12,704",16,44,2,9.2,19,6.9,2.01,354,26.6,28.8,97.8,"272,924","180,307",39.8%,"133,067","47,240",74.2%,"334,604.82","60,657.50","91,519.50",0.202,72.6%,26.66,"4,097.9",157.2,0.352
421,01/01/2025,2025,Jan,1,Q1,MARAN,TENGAH,KERTAU,Pinggir Bandar,"19,700",21,"57,078","13,538","488,826","233,242","52,039","31,557",73.8%,1.226,"197,784",0.3951,"25,236","13,374",16,44,2,10.2,19,7.6,2.09,177,27.6,19,99,"316,838","171,988",35.2%,"126,927","45,061",80.0%,"388,443.39","78,144.46","116,754.46",0.239,69.9%,28.69,"3,908.8",179.1,0.405
422,01/02/2025,2025,Feb,2,Q1,MARAN,TENGAH,KERTAU,Pinggir Bandar,"19,700",21,"57,078","14,126","414,758","178,114","44,011","27,194",73.8%,1.226,"167,359",0.3982,"16,908","9,029",16,44,2,10.2,11,4.4,2.27,135,27.9,14.9,98.6,"249,319","165,439",39.9%,"122,094","43,345",75.2%,"305,665.09","66,642.35","92,579.35",0.223,69.7%,21.64,"3,760.0",156.0,0.404
423,01/03/2025,2025,Mar,3,Q1,MARAN,TENGAH,KERTAU,Pinggir Bandar,"19,700",21,"57,078","13,178","475,586","226,654","59,321","26,564",73.8%,1.226,"172,366",0.3945,"18,777","12,087",16,44,2,10.2,18,7,,98,27.7,26.9,97,"312,539","163,047",34.3%,"120,329","42,718",77.9%,"383,172.81","67,998.39","98,862.39",0.208,74.2%,29.08,"3,705.6",176.6,0.362
424,01/04/2025,2025,Apr,4,Q2,MARAN,TENGAH,KERTAU,Pinggir Bandar,"19,700",21,"57,078","13,356","488,689","226,636","55,279","30,557",73.8%,1.226,"189,473",0.3947,"21,450","13,410",16,44,2,10.2,24,3.8,3.03,186,28.3,20.8,97.7,"312,472","176,217",36.1%,"130,048","46,169",82.7%,"383,090.67","74,784.99","109,644.99",0.224,71.4%,28.68,"4,004.9",182.5,0.388
425,01/05/2025,2025,May,5,Q2,MARAN,TENGAH,KERTAU,Pinggir Bandar,"19,700",21,"57,078","14,007","514,567","249,826","54,916","36,267",73.8%,1.226,"209,290",0.4004,"23,194","10,568",16,44,1,10.2,26,4.7,2.89,141,28.3,24.8,96.7,"341,009","173,558",33.7%,"128,086","45,472",84.3%,"418,077.03","83,799.72","117,561.72",0.228,71.9%,29.85,"3,944.5",192.7,0.407
426,01/06/2025,2025,Jun,6,Q2,MARAN,TENGAH,KERTAU,Pinggir Bandar,"19,700",21,"57,078","14,290","485,341","215,399","50,457","34,361",73.8%,1.226,"178,055",0.4044,"23,424","8,231",16,44,1,10.2,8,3.4,3.32,122,28.5,30.1,97.5,"300,217","185,124",38.1%,"136,622","48,502",82.1%,"368,066.04","72,005.44","103,660.44",0.214,71.8%,25.76,"4,207.4",175.3,0.367
427,01/07/2025,2025,Jul,7,Q3,MARAN,TENGAH,KERTAU,Pinggir Bandar,"19,700",21,"57,078","13,987","533,660","247,380","62,703","28,893",73.8%,1.226,"192,106",0.4010,"23,506","10,416",16,44,1,10.2,23,4.1,,151,27.8,22.7,99,"338,976","194,684",36.5%,"143,677","51,007",87.4%,"415,584.58","77,034.51","110,956.51",0.208,73.3%,29.71,"4,424.6",191.6,0.360
428,01/08/2025,2025,Aug,8,Q3,MARAN,TENGAH,KERTAU,Pinggir Bandar,"19,700",21,"57,078","13,427","496,163","226,693","53,895","28,408",73.8%,1.226,"178,741",0.4045,"25,729","13,193",16,44,2,10.2,18,7.9,2.71,141,28.3,28,98.3,"308,996","187,167",37.7%,"138,129","49,038",81.2%,"378,829.10","72,300.73","111,222.73",0.224,70.6%,28.21,"4,253.8",174.6,0.360
429,01/09/2025,2025,Sep,9,Q3,MARAN,TENGAH,KERTAU,Pinggir Bandar,"19,700",21,"57,078","14,063","473,919","227,420","53,833","27,409",73.8%,1.226,"168,460",0.4071,"24,221","9,152",16,44,1,10.2,17,2.4,3.11,197,27.9,31.6,98.5,"308,662","165,257",34.9%,"121,960","43,297",80.2%,"378,419.61","68,580.07","101,953.07",0.215,73.1%,26.91,"3,755.8",180.3,0.355
430,01/10/2025,2025,Oct,10,Q4,MARAN,TENGAH,KERTAU,Pinggir Bandar,"19,700",21,"57,078","13,340","492,984","225,729","45,096","24,989",73.8%,1.226,"181,439",0.3892,"22,669","8,906",16,44,2,10.2,27,8,3.28,314,28.1,36.9,98.9,"295,814","197,170",40.0%,"145,511","51,659",80.7%,"362,667.96","70,616.06","102,191.06",0.207,71.8%,27.19,"4,481.1",167.2,0.368
431,01/11/2025,2025,Nov,11,Q4,MARAN,TENGAH,KERTAU,Pinggir Bandar,"19,700",21,"57,078","12,916","450,844","212,939","51,566","34,734",73.8%,1.226,"170,877",0.3963,"19,742","13,112",16,44,2,10.2,18,7,2.78,376,26.6,,97.2,"299,239","151,605",33.6%,"111,884","39,721",76.3%,"366,867.01","67,718.56","100,572.56",0.223,72.6%,28.40,"3,445.6",174.8,0.379
432,01/12/2025,2025,Dec,12,Q4,MARAN,TENGAH,KERTAU,Pinggir Bandar,"19,700",21,"57,078","14,391","472,693","211,969","48,408","34,408",73.8%,1.226,"188,975",0.4056,"22,422","9,658",16,44,1,10.2,23,2.7,2.39,356,26.7,21.4,99.7,"294,785","177,908",37.6%,"131,296","46,612",77.4%,"361,406.41","76,648.26","108,728.26",0.230,69.9%,25.11,"4,043.4",166.6,0.400
433,01/01/2023,2023,Jan,1,Q1,MARAN,TENGAH,ULU JEMPOL,Luar Bandar,"9,200",35,"23,026","5,543","192,637","113,046","7,006","2,411",75.2%,0.960,"98,600",0.3795,"13,418","6,037",13,31,1,8.5,7,4.5,3.18,159,26.4,,97.2,"122,463","70,174",36.4%,"52,771","17,403",67.5%,"117,564.48","37,418.70","56,873.70",0.295,51.6%,21.21,"2,263.7",171.6,0.512
434,01/02/2023,2023,Feb,2,Q1,MARAN,TENGAH,ULU JEMPOL,Luar Bandar,"9,200",35,"23,026","5,798","182,366","110,014","6,621","2,695",75.2%,0.960,"87,887",0.3730,"12,437","9,755",13,31,2,8.5,7,4.8,1.76,125,27.5,19.4,97.2,"119,330","63,036",34.6%,"47,403","15,633",70.8%,"114,556.80","32,781.85","54,973.85",0.301,52.0%,19.76,"2,033.4",185.1,0.482
435,01/03/2023,2023,Mar,3,Q1,MARAN,TENGAH,ULU JEMPOL,Luar Bandar,"9,200",35,"23,026","5,328","191,465","108,776","7,373","1,918",75.2%,0.960,"99,951",0.3814,"10,521","8,396",13,31,2,8.5,10,5.4,3.03,193,27.6,25,99.2,"118,067","73,398",38.3%,"55,195","18,203",67.1%,"113,344.32","38,121.31","57,038.31",0.298,49.7%,21.27,"2,367.7",165.4,0.522
436,01/04/2023,2023,Apr,4,Q2,MARAN,TENGAH,ULU JEMPOL,Luar Bandar,"9,200",35,"23,026","5,331","198,693","118,564","7,966","2,649",75.2%,0.960,"95,051",0.3831,"12,097","6,173",13,31,1,8.5,7,2,2.95,191,28.6,28.9,99.6,"129,179","69,514",35.0%,"52,275","17,239",72.0%,"124,011.84","36,414.04","54,684.04",0.275,55.9%,23.26,"2,242.4",187.0,0.478
437,01/05/2023,2023,May,5,Q2,MARAN,TENGAH,ULU JEMPOL,Luar Bandar,"9,200",35,"23,026","5,339","203,878","114,622","7,647","2,591",75.2%,0.960,"109,204",0.3850,"14,605","6,342",13,31,1,8.5,6,4.5,1.81,203,28.5,28.8,99.5,"124,860","79,018",38.8%,"59,422","19,596",71.5%,"119,865.60","42,043.54","62,990.54",0.309,47.4%,22.45,"2,549.0",174.9,0.536
438,01/06/2023,2023,Jun,6,Q2,MARAN,TENGAH,ULU JEMPOL,Luar Bandar,"9,200",35,"23,026","5,437","192,568","116,819","6,904","2,631",75.2%,0.960,"97,721",0.3700,"11,425","9,204",13,31,2,8.5,10,7.4,3.03,118,28.6,30.5,98.1,"126,354","66,214",34.4%,"49,793","16,421",69.8%,"121,299.84","36,156.77","56,785.77",0.295,53.2%,22.31,"2,135.9",182.9,0.507
439,01/07/2023,2023,Jul,7,Q3,MARAN,TENGAH,ULU JEMPOL,Luar Bandar,"9,200",35,"23,026","5,556","215,877","121,170","8,113","3,055",75.2%,0.960,"110,846",0.3751,"15,267","8,933",13,31,2,8.5,12,4,2.41,114,27.7,18.4,99.6,"132,338","83,539",38.7%,"62,821","20,718",75.7%,"127,044.48","41,578.33","65,778.33",0.305,48.2%,22.87,"2,694.8",185.4,0.513
440,01/08/2023,2023,Aug,8,Q3,MARAN,TENGAH,ULU JEMPOL,Luar Bandar,"9,200",35,"23,026","5,773","193,224","109,363","7,210","2,491",75.2%,0.960,"92,468",0.3813,"12,382","11,681",13,31,2,8.5,12,9.2,3.2,102,27.5,15.3,98.6,"119,064","74,160",38.4%,"55,768","18,392",67.8%,"114,301.44","35,258.05","59,321.05",0.307,48.1%,19.80,"2,392.3",166.8,0.479
441,01/09/2023,2023,Sep,9,Q3,MARAN,TENGAH,ULU JEMPOL,Luar Bandar,"9,200",35,"23,026","5,797","184,172","104,245","5,913","2,260",75.2%,0.960,"98,186",0.3718,"9,981","10,430",13,31,2,8.5,11,9.4,,153,27.5,25.2,97,"112,418","71,754",39.0%,"53,959","17,795",66.7%,"107,921.28","36,505.55","56,916.55",0.309,47.3%,18.62,"2,314.6",162.7,0.533
442,01/10/2023,2023,Oct,10,Q4,MARAN,TENGAH,ULU JEMPOL,Luar Bandar,"9,200",35,"23,026","5,408","202,013","112,288","6,422","2,627",75.2%,0.960,"97,546",0.3806,"14,503","8,380",13,31,1,8.5,9,4.3,2.73,288,26.7,29,99.4,"121,337","80,676",39.9%,"60,668","20,008",70.8%,"116,483.52","37,126.01","60,009.01",0.297,48.5%,21.54,"2,602.5",170.0,0.483
443,01/11/2023,2023,Nov,11,Q4,MARAN,TENGAH,ULU JEMPOL,Luar Bandar,"9,200",35,"23,026","5,713","176,275","105,065","6,293","2,334",75.2%,0.960,"91,344",0.3802,"10,155","5,873",13,31,1,8.5,10,4,1.84,257,27.6,41.1,99.8,"113,692","62,583",35.5%,"47,062","15,521",63.9%,"109,144.32","34,728.99","50,756.99",0.288,53.5%,19.10,"2,018.8",164.6,0.518
444,01/12/2023,2023,Dec,12,Q4,MARAN,TENGAH,ULU JEMPOL,Luar Bandar,"9,200",35,"23,026","5,660","178,695","103,520","6,535","2,141",75.2%,0.960,"87,796",0.3823,"11,831","10,734",13,31,2,8.5,12,8.8,2.08,199,26.7,31.7,97.8,"112,196","66,499",37.2%,"50,007","16,492",62.7%,"107,708.16","33,564.41","56,129.41",0.314,47.9%,19.03,"2,145.1",157.2,0.491
445,01/01/2024,2024,Jan,1,Q1,MARAN,TENGAH,ULU JEMPOL,Luar Bandar,"9,200",36,"23,522","5,535","193,212","113,485","7,819","2,666",75.2%,0.960,"95,262",0.3970,"12,715","7,289",13,31,1,9.5,5,4.9,1.96,90,27.1,27.2,99.3,"123,970","69,242",35.8%,"52,070","17,172",67.7%,"119,011.20","37,819.01","57,823.01",0.299,51.4%,21.50,"2,233.6",170.0,0.493
446,01/02/2024,2024,Feb,2,Q1,MARAN,TENGAH,ULU JEMPOL,Luar Bandar,"9,200",36,"23,522","5,468","172,614","98,102","5,846","1,872",75.2%,0.960,"82,802",0.3788,"10,027","7,941",13,31,1,9.5,6,3.3,2.89,66,27.5,28.2,97.2,"105,820","66,794",38.7%,"50,229","16,565",64.7%,"101,587.20","31,365.40","49,333.40",0.286,51.4%,18.58,"2,154.6",155.1,0.480
447,01/03/2024,2024,Mar,3,Q1,MARAN,TENGAH,ULU JEMPOL,Luar Bandar,"9,200",36,"23,522","5,786","208,741","128,160","9,151","2,573",75.2%,0.960,"106,091",0.3935,"12,985","11,173",13,31,2,9.5,10,9.2,2.93,142,28.3,16.2,97.6,"139,884","68,857",33.0%,"51,780","17,077",73.2%,"134,288.64","41,746.81","65,904.81",0.316,50.9%,23.21,"2,221.2",191.8,0.508
448,01/04/2024,2024,Apr,4,Q2,MARAN,TENGAH,ULU JEMPOL,Luar Bandar,"9,200",36,"23,522","5,501","201,463","121,841","8,047","2,935",75.2%,0.960,"103,744",0.3943,"11,783","6,243",13,31,1,9.5,12,4.9,1.83,196,28.2,34.8,97.2,"132,823","68,640",34.1%,"51,617","17,023",73.0%,"127,510.08","40,906.26","58,932.26",0.293,53.8%,23.18,"2,214.2",188.2,0.515
449,01/05/2024,2024,May,5,Q2,MARAN,TENGAH,ULU JEMPOL,Luar Bandar,"9,200",36,"23,522","5,320","208,889","119,733","6,753","2,876",75.2%,0.960,"100,658",0.3864,"14,088","7,285",13,31,1,9.5,11,2.4,2.15,202,28.6,29.5,98.5,"129,362","79,527",38.1%,"59,804","19,723",73.2%,"124,187.52","38,894.25","60,267.25",0.289,51.5%,23.34,"2,565.4",177.4,0.482
450,01/06/2024,2024,Jun,6,Q2,MARAN,TENGAH,ULU JEMPOL,Luar Bandar,"9,200",36,"23,522","5,647","201,422","112,330","8,030","2,338",75.2%,0.960,"101,525",0.3796,"14,348","5,696",13,31,1,9.5,5,2.9,1.82,116,28,15,96.8,"122,698","78,724",39.1%,"59,200","19,524",73.0%,"117,790.08","38,538.89","58,582.89",0.291,50.3%,20.86,"2,539.5",173.9,0.504
451,01/07/2024,2024,Jul,7,Q3,MARAN,TENGAH,ULU JEMPOL,Luar Bandar,"9,200",36,"23,522","5,606","219,271","129,650","7,694","2,518",75.2%,0.960,"113,493",0.3950,"12,475","7,280",13,31,2,9.5,10,4.4,2.21,146,27.9,25.7,98.1,"139,862","79,409",36.2%,"59,716","19,693",76.9%,"134,267.52","44,829.74","64,584.74",0.295,51.9%,23.95,"2,561.6",191.8,0.518
452,01/08/2024,2024,Aug,8,Q3,MARAN,TENGAH,ULU JEMPOL,Luar Bandar,"9,200",36,"23,522","5,721","198,913","116,359","6,839","2,805",75.2%,0.960,"96,202",0.3875,"12,699","6,113",13,31,1,9.5,7,4.6,3.33,151,27.4,22.4,96.8,"126,003","72,910",36.7%,"54,828","18,082",69.7%,"120,962.88","37,278.28","56,090.28",0.282,53.6%,21.14,"2,351.9",172.8,0.484
453,01/09/2024,2024,Sep,9,Q3,MARAN,TENGAH,ULU JEMPOL,Luar Bandar,"9,200",36,"23,522","5,662","202,221","117,712","7,756","2,800",75.2%,0.960,"107,688",0.3934,"13,356","9,255",13,31,2,9.5,13,6.5,2.04,215,27.3,38.5,99.6,"128,268","73,953",36.6%,"55,613","18,340",73.3%,"123,137.28","42,364.46","64,975.46",0.321,47.2%,21.75,"2,385.6",181.8,0.533
454,01/10/2024,2024,Oct,10,Q4,MARAN,TENGAH,ULU JEMPOL,Luar Bandar,"9,200",36,"23,522","5,368","197,516","118,207","7,997","2,413",75.2%,0.960,"101,046",0.3869,"13,982","7,795",13,31,2,9.5,7,5.3,,140,27,29.5,97.2,"128,617","68,899",34.9%,"51,812","17,087",69.3%,"123,472.32","39,094.70","60,871.70",0.308,50.7%,23.00,"2,222.5",176.4,0.512
455,01/11/2024,2024,Nov,11,Q4,MARAN,TENGAH,ULU JEMPOL,Luar Bandar,"9,200",36,"23,522","5,715","194,189","115,208","8,101","2,352",75.2%,0.960,"103,162",0.3916,"10,752","6,191",13,31,1,9.5,7,4,2.24,179,27.1,24.7,98.8,"125,661","68,528",35.3%,"51,533","16,995",70.4%,"120,634.56","40,398.24","57,341.24",0.295,52.5%,21.11,"2,210.6",178.1,0.531
456,01/12/2024,2024,Dec,12,Q4,MARAN,TENGAH,ULU JEMPOL,Luar Bandar,"9,200",36,"23,522","5,737","183,117","105,692","6,541","2,443",75.2%,0.960,"86,855",0.3803,"11,665","11,162",13,31,2,9.5,9,7.5,,394,26.9,44.3,98.1,"114,676","68,441",37.4%,"51,468","16,973",64.2%,"110,088.96","33,030.96","55,857.96",0.305,49.3%,19.19,"2,207.8",157.3,0.474
457,01/01/2025,2025,Jan,1,Q1,MARAN,TENGAH,ULU JEMPOL,Luar Bandar,"9,200",37,"24,048","5,870","187,324","114,553","6,431","2,683",75.2%,0.960,"88,284",0.3893,"13,167","5,725",13,31,1,10.5,9,3.9,3.06,101,27.7,22.6,97.5,"123,667","63,657",34.0%,"47,870","15,787",65.7%,"118,720.32","34,368.96","53,260.96",0.284,55.1%,20.22,"2,053.5",165.9,0.471
458,01/02/2025,2025,Feb,2,Q1,MARAN,TENGAH,ULU JEMPOL,Luar Bandar,"9,200",37,"24,048","5,931","173,188","108,122","6,571","2,275",75.2%,0.960,"86,139",0.4062,"9,719","7,931",13,31,1,10.5,11,4.7,3.04,114,28,28.6,96.9,"116,968","56,220",32.5%,"42,277","13,943",67.2%,"112,289.28","34,989.66","52,639.66",0.304,53.1%,18.93,"1,813.5",173.7,0.497
459,01/03/2025,2025,Mar,3,Q1,MARAN,TENGAH,ULU JEMPOL,Luar Bandar,"9,200",37,"24,048","5,859","202,329","123,466","8,523","2,545",75.2%,0.960,"104,377",0.3898,"13,687","9,302",13,31,2,10.5,12,5,1.9,102,28,27.6,96.5,"134,534","67,795",33.5%,"50,982","16,813",70.9%,"129,152.64","40,686.15","63,675.15",0.315,50.7%,22.04,"2,186.9",180.5,0.516
460,01/04/2025,2025,Apr,4,Q2,MARAN,TENGAH,ULU JEMPOL,Luar Bandar,"9,200",37,"24,048","5,800","211,197","132,799","7,591","2,561",75.2%,0.960,"101,145",0.4085,"14,421","7,966",13,31,1,10.5,10,3.8,2.85,172,29,33.8,99.7,"142,951","68,246",32.3%,"51,321","16,925",76.5%,"137,232.96","41,317.73","63,704.73",0.302,53.6%,23.66,"2,201.5",198.1,0.479
461,01/05/2025,2025,May,5,Q2,MARAN,TENGAH,ULU JEMPOL,Luar Bandar,"9,200",37,"24,048","5,506","224,106","131,803","9,063","2,888",75.2%,0.960,"122,068",0.4029,"13,788","6,411",13,31,1,10.5,8,4.5,3,139,29.2,30.2,97.8,"143,754","80,352",35.9%,"60,425","19,927",78.6%,"138,003.84","49,181.20","69,380.20",0.310,49.7%,25.06,"2,592.0",192.8,0.545
462,01/06/2025,2025,Jun,6,Q2,MARAN,TENGAH,ULU JEMPOL,Luar Bandar,"9,200",37,"24,048","5,637","211,493","128,765","8,341","2,902",75.2%,0.960,"114,216",0.3975,"11,729","11,097",13,31,2,10.5,14,9.3,3.03,115,28.3,11.9,97,"140,008","71,485",33.8%,"53,757","17,728",76.6%,"134,407.68","45,400.86","68,226.86",0.323,49.2%,23.84,"2,306.0",194.1,0.540
463,01/07/2025,2025,Jul,7,Q3,MARAN,TENGAH,ULU JEMPOL,Luar Bandar,"9,200",37,"24,048","5,889","227,317","140,924","8,030","2,511",75.2%,0.960,"114,209",0.4070,"14,285","6,267",13,31,1,10.5,9,3.7,3.1,106,27.8,21.7,98.6,"151,465","75,852",33.4%,"57,041","18,811",79.7%,"145,406.40","46,483.06","67,035.06",0.295,53.9%,24.69,"2,446.8",203.2,0.502
464,01/08/2025,2025,Aug,8,Q3,MARAN,TENGAH,ULU JEMPOL,Luar Bandar,"9,200",37,"24,048","5,966","221,476","129,934","8,884","3,013",75.2%,0.960,"119,874",0.3940,"14,047","5,330",13,31,1,10.5,12,3,3.26,130,27.9,25.3,96.8,"141,831","79,645",36.0%,"59,893","19,752",77.7%,"136,157.76","47,230.36","66,607.36",0.301,51.1%,22.82,"2,569.2",190.3,0.541
465,01/09/2025,2025,Sep,9,Q3,MARAN,TENGAH,ULU JEMPOL,Luar Bandar,"9,200",37,"24,048","5,979","200,861","114,054","7,578","2,423",75.2%,0.960,"98,648",0.3943,"13,856","7,194",13,31,2,10.5,10,7.3,2.32,125,27.2,25.4,96.6,"124,055","76,806",38.2%,"57,758","19,048",72.8%,"119,092.80","38,896.91","59,946.91",0.298,49.7%,19.92,"2,477.6",172.0,0.491
466,01/10/2025,2025,Oct,10,Q4,MARAN,TENGAH,ULU JEMPOL,Luar Bandar,"9,200",37,"24,048","5,763","207,950","127,001","8,140","2,265",75.2%,0.960,"104,994",0.3970,"11,667","7,267",13,31,1,10.5,6,2.1,2.02,271,27.6,37,99.6,"137,406","70,544",33.9%,"53,049","17,495",72.9%,"131,909.76","41,682.62","60,616.62",0.291,54.0%,22.89,"2,275.6",184.3,0.505
467,01/11/2025,2025,Nov,11,Q4,MARAN,TENGAH,ULU JEMPOL,Luar Bandar,"9,200",37,"24,048","5,531","194,954","121,620","7,925","2,434",75.2%,0.960,"93,288",0.4051,"13,428","8,092",13,31,1,10.5,8,2.3,2.43,178,26.5,36.9,97.9,"131,979","62,975",32.3%,"47,357","15,618",70.6%,"126,699.84","37,790.97","59,310.97",0.304,53.2%,22.91,"2,031.5",182.9,0.479
468,01/12/2025,2025,Dec,12,Q4,MARAN,TENGAH,ULU JEMPOL,Luar Bandar,"9,200",37,"24,048","5,634","196,909","117,643","8,175","2,590",75.2%,0.960,"94,469",0.3938,"11,174","8,069",13,31,2,10.5,12,7.7,2.97,251,26.2,29.7,98.7,"128,408","68,501",34.8%,"51,513","16,988",69.0%,"123,271.68","37,201.89","56,444.89",0.287,54.2%,21.88,"2,209.7",172.2,0.480
469,01/01/2023,2023,Jan,1,Q1,MARAN,TENGAH,CHENOR,Luar Bandar,"2,500",10,"6,882","1,641","58,570","33,602","2,473","1,331",79.9%,1.018,"27,391",0.3804,"4,307","4,403",6,21,1,4.3,4,2.1,1.9,115,27.3,18.5,97.1,"37,406","21,164",36.1%,"16,910","4,254",75.6%,"38,079.31","10,419.54","19,129.54",0.327,49.8%,23.20,"1,007.8",175.3,0.468
470,01/02/2023,2023,Feb,2,Q1,MARAN,TENGAH,CHENOR,Luar Bandar,"2,500",10,"6,882","1,694","49,578","26,842","1,974","1,533",79.9%,1.018,"23,553",0.3679,"3,530","5,298",6,21,1,4.3,4,2.4,2.23,70,27.2,22.8,98.4,"30,349","19,229",38.8%,"15,364","3,865",70.8%,"30,895.28","8,665.15","17,493.15",0.353,43.4%,18.24,915.7,157.5,0.475
471,01/03/2023,2023,Mar,3,Q1,MARAN,TENGAH,CHENOR,Luar Bandar,"2,500",10,"6,882","1,571","59,915","33,095","2,372","1,623",79.9%,1.018,"26,771",0.3830,"4,221","6,078",6,21,1,4.3,3,4.4,3.07,155,27.3,14.8,97.2,"37,090","22,825",38.1%,"18,237","4,588",77.3%,"37,757.62","10,253.29","20,552.29",0.343,45.6%,24.03,"1,086.9",173.9,0.447
472,01/04/2023,2023,Apr,4,Q2,MARAN,TENGAH,CHENOR,Luar Bandar,"2,500",10,"6,882","1,731","61,025","32,564","2,243","1,769",79.9%,1.018,"30,734",0.3819,"4,718","5,620",6,21,1,4.3,3,2.8,3.25,193,28.1,19.4,98.9,"36,576","24,449",40.1%,"19,535","4,914",81.4%,"37,234.37","11,737.31","22,075.31",0.362,40.7%,21.51,"1,164.2",177.2,0.504
473,01/05/2023,2023,May,5,Q2,MARAN,TENGAH,CHENOR,Luar Bandar,"2,500",10,"6,882","1,698","58,784","31,666","2,131","1,752",79.9%,1.018,"27,002",0.3806,"3,974","4,539",6,21,1,4.3,4,3.9,2.44,214,28.1,31.5,98,"35,549","23,235",39.5%,"18,565","4,670",75.9%,"36,188.88","10,276.96","18,789.96",0.320,48.1%,21.31,"1,106.4",166.6,0.459
474,01/06/2023,2023,Jun,6,Q2,MARAN,TENGAH,CHENOR,Luar Bandar,"2,500",10,"6,882","1,692","59,598","31,082","2,423","1,634",79.9%,1.018,"29,072",0.3689,"4,919","5,087",6,21,1,4.3,3,3.4,2.17,100,27.9,,99.6,"35,139","24,459",41.0%,"19,543","4,916",79.5%,"35,771.50","10,724.66","20,730.66",0.348,42.0%,21.14,"1,164.7",170.2,0.488
475,01/07/2023,2023,Jul,7,Q3,MARAN,TENGAH,CHENOR,Luar Bandar,"2,500",10,"6,882","1,715","59,271","32,323","2,210","1,504",79.9%,1.018,"26,981",0.3784,"4,527","5,963",6,21,1,4.3,5,2.9,2.55,117,27.9,24,96.6,"36,037","23,234",39.2%,"18,564","4,670",76.5%,"36,685.67","10,209.61","20,699.61",0.349,43.6%,21.39,"1,106.4",168.9,0.455
476,01/08/2023,2023,Aug,8,Q3,MARAN,TENGAH,CHENOR,Luar Bandar,"2,500",10,"6,882","1,574","62,262","35,185","2,761","1,909",79.9%,1.018,"31,082",0.3828,"4,170","5,602",6,21,1,4.3,4,4.2,2.07,152,28.2,28.9,98.2,"39,855","22,407",36.0%,"17,903","4,504",80.3%,"40,572.39","11,898.19","21,670.19",0.348,46.6%,25.78,"1,067.0",186.8,0.499
477,01/09/2023,2023,Sep,9,Q3,MARAN,TENGAH,CHENOR,Luar Bandar,"2,500",10,"6,882","1,672","57,209","30,557","2,009","1,447",79.9%,1.018,"29,233",0.3750,"4,621","4,208",6,21,1,4.3,5,3.5,3.1,181,27.7,34.6,97.2,"34,013","23,196",40.5%,"18,534","4,662",76.3%,"34,625.23","10,962.38","19,791.38",0.346,42.8%,20.71,"1,104.6",164.7,0.511
478,01/10/2023,2023,Oct,10,Q4,MARAN,TENGAH,CHENOR,Luar Bandar,"2,500",10,"6,882","1,619","54,622","28,590","2,228","1,520",79.9%,1.018,"25,484",0.3693,"4,499","6,286",6,21,1,4.3,5,4.1,3.04,166,27.4,24.8,97.4,"32,338","22,284",40.8%,"17,805","4,479",70.5%,"32,920.08","9,411.24","20,196.24",0.370,38.7%,20.33,"1,061.1",151.6,0.467
479,01/11/2023,2023,Nov,11,Q4,MARAN,TENGAH,CHENOR,Luar Bandar,"2,500",10,"6,882","1,703","53,601","30,372","2,295","1,421",79.9%,1.018,"24,286",0.3824,"3,985","5,085",6,21,1,4.3,4,3.9,2.12,271,27.4,38.8,98.4,"34,088","19,513",36.4%,"15,591","3,922",71.5%,"34,701.58","9,286.97","18,356.97",0.342,47.1%,20.38,929.2,165.1,0.453
480,01/12/2023,2023,Dec,12,Q4,MARAN,TENGAH,CHENOR,Luar Bandar,"2,500",10,"6,882","1,618","54,447","28,690","1,979","1,347",79.9%,1.018,"24,258",0.3794,"3,852","5,304",6,21,1,4.3,4,3.5,2.32,392,26.7,50.4,99.5,"32,016","22,431",41.2%,"17,922","4,509",70.3%,"32,592.29","9,203.49","18,359.49",0.337,43.7%,20.14,"1,068.1",150.1,0.446
481,01/01/2024,2024,Jan,1,Q1,MARAN,TENGAH,CHENOR,Luar Bandar,"2,500",11,"7,046","1,677","59,512","31,810","2,176","1,460",79.9%,1.018,"29,614",0.3851,"4,756","5,643",6,21,1,5.3,4,4.6,2.05,142,27.3,28,99,"35,446","24,066",40.4%,"19,229","4,837",76.8%,"36,084.03","11,404.35","21,803.35",0.366,39.6%,21.52,"1,146.0",162.3,0.498
482,01/02/2024,2024,Feb,2,Q1,MARAN,TENGAH,CHENOR,Luar Bandar,"2,500",11,"7,046","1,742","52,623","29,733","1,947","1,559",79.9%,1.018,"23,317",0.3926,"3,650","6,293",6,21,1,5.3,4,2.3,2.73,146,27.3,22.9,99.8,"33,239","19,384",36.8%,"15,488","3,896",72.6%,"33,837.30","9,154.25","19,097.25",0.363,43.6%,19.42,923.0,162.7,0.443
483,01/03/2024,2024,Mar,3,Q1,MARAN,TENGAH,CHENOR,Luar Bandar,"2,500",11,"7,046","1,619","62,121","35,187","2,545","1,848",79.9%,1.018,"30,991",0.3778,"4,129","6,433",6,21,1,5.3,5,2.9,2.01,176,27.8,22.7,97.2,"39,580","22,541",36.3%,"18,010","4,531",80.2%,"40,292.44","11,708.40","22,270.40",0.359,44.7%,24.89,"1,073.4",181.2,0.499
484,01/04/2024,2024,Apr,4,Q2,MARAN,TENGAH,CHENOR,Luar Bandar,"2,500",11,"7,046","1,707","60,141","33,463","2,612","1,481",79.9%,1.018,"26,563",0.3775,"4,399","6,523",6,21,1,5.3,3,2.6,2.87,187,27.8,23.1,96.6,"37,556","22,585",37.6%,"18,045","4,540",80.2%,"38,232.01","10,027.53","20,949.53",0.348,45.2%,22.40,"1,075.5",177.7,0.442
485,01/05/2024,2024,May,5,Q2,MARAN,TENGAH,CHENOR,Luar Bandar,"2,500",11,"7,046","1,684","63,256","33,651","2,352","1,490",79.9%,1.018,"30,712",0.3861,"4,987","4,851",6,21,1,5.3,5,3.4,3.26,199,28.7,32.9,97.8,"37,493","25,763",40.7%,"20,585","5,178",81.6%,"38,167.87","11,857.90","21,695.90",0.343,43.2%,22.67,"1,226.8",171.7,0.486
486,01/06/2024,2024,Jun,6,Q2,MARAN,TENGAH,CHENOR,Luar Bandar,"2,500",11,"7,046","1,676","61,757","33,068","2,416","1,462",79.9%,1.018,"30,248",0.3786,"4,884","5,685",6,21,1,5.3,3,2.9,3.02,106,27.9,15.5,96.5,"36,946","24,811",40.2%,"19,824","4,987",82.3%,"37,611.03","11,451.89","22,020.89",0.357,41.5%,22.44,"1,181.5",174.8,0.490
487,01/07/2024,2024,Jul,7,Q3,MARAN,TENGAH,CHENOR,Luar Bandar,"2,500",11,"7,046","1,679","63,087","36,566","2,286","1,498",79.9%,1.018,"31,076",0.3910,"4,182","5,421",6,21,1,5.3,4,4.8,2.6,122,28,30.5,98.2,"40,350","22,737",36.0%,"18,167","4,570",81.4%,"41,076.30","12,150.72","21,753.72",0.345,47.0%,24.46,"1,082.7",184.7,0.493
488,01/08/2024,2024,Aug,8,Q3,MARAN,TENGAH,CHENOR,Luar Bandar,"2,500",11,"7,046","1,599","64,833","37,567","2,464","1,614",79.9%,1.018,"30,069",0.3881,"4,800","4,223",6,21,1,5.3,4,2.8,3.2,111,28.1,23.6,97.2,"41,645","23,188",35.8%,"18,527","4,661",83.7%,"42,394.61","11,669.78","20,692.78",0.319,51.2%,26.51,"1,104.2",190.7,0.464
489,01/09/2024,2024,Sep,9,Q3,MARAN,TENGAH,CHENOR,Luar Bandar,"2,500",11,"7,046","1,731","56,879","31,024","2,223","1,277",79.9%,1.018,"28,037",0.3946,"4,336","2,890",6,21,0,5.3,3,0,2.41,161,27.5,33.9,99.8,"34,524","22,355",39.3%,"17,862","4,493",75.8%,"35,145.43","11,063.40","18,289.40",0.322,48.0%,20.30,"1,064.5",163.3,0.493
490,01/10/2024,2024,Oct,10,Q4,MARAN,TENGAH,CHENOR,Luar Bandar,"2,500",11,"7,046","1,738","59,225","32,789","2,303","1,833",79.9%,1.018,"29,421",0.3892,"4,448","4,620",6,21,1,5.3,5,2.4,3.06,216,27.7,22.6,99.2,"36,925","22,300",37.7%,"17,818","4,482",76.4%,"37,589.65","11,450.65","20,518.65",0.346,45.4%,21.63,"1,061.9",169.1,0.497
491,01/11/2024,2024,Nov,11,Q4,MARAN,TENGAH,CHENOR,Luar Bandar,"2,500",11,"7,046","1,651","56,008","32,322","2,198","1,595",79.9%,1.018,"26,315",0.3867,"4,500","6,481",6,21,1,5.3,5,4.8,2.72,258,26.4,26.7,97.2,"36,115","19,893",35.5%,"15,895","3,998",74.7%,"36,765.07","10,176.01","21,157.01",0.378,42.5%,22.27,947.3,170.9,0.470
492,01/12/2024,2024,Dec,12,Q4,MARAN,TENGAH,CHENOR,Luar Bandar,"2,500",11,"7,046","1,646","60,118","34,920","2,332","1,640",79.9%,1.018,"28,718",0.3804,"4,979","6,700",6,21,1,5.3,4,3,2.77,287,26.2,28.9,97.4,"38,892","21,226",35.3%,"16,960","4,266",77.6%,"39,592.06","10,924.33","22,603.33",0.376,42.9%,24.05,"1,010.8",178.1,0.478
493,01/01/2025,2025,Jan,1,Q1,MARAN,TENGAH,CHENOR,Luar Bandar,"2,500",12,"7,178","1,620","58,327","33,406","2,662","1,928",79.9%,1.018,"30,205",0.3921,"4,447","4,822",6,21,1,6.3,5,2.8,2.06,144,27.1,18.6,97.1,"37,996","20,331",34.9%,"16,244","4,087",75.3%,"38,679.93","11,843.38","21,112.38",0.362,45.4%,23.88,968.1,170.8,0.518
494,01/02/2025,2025,Feb,2,Q1,MARAN,TENGAH,CHENOR,Luar Bandar,"2,500",12,"7,178","1,751","56,618","31,569","1,990","1,245",79.9%,1.018,"27,069",0.4047,"3,976","5,285",6,21,1,6.3,3,2.4,3.25,83,27,16.3,96.7,"34,804","21,814",38.5%,"17,429","4,385",80.9%,"35,430.47","10,954.82","20,215.82",0.357,42.9%,20.23,"1,038.8",173.2,0.478
495,01/03/2025,2025,Mar,3,Q1,MARAN,TENGAH,CHENOR,Luar Bandar,"2,500",12,"7,178","1,774","58,441","31,298","2,175","1,447",79.9%,1.018,"29,486",0.4084,"3,848","4,576",6,21,1,6.3,5,2.6,2.16,153,28.1,16.6,98.3,"34,920","23,521",40.2%,"18,793","4,728",75.4%,"35,548.56","12,042.08","20,466.08",0.350,42.4%,20.04,"1,120.0",156.9,0.505
496,01/04/2025,2025,Apr,4,Q2,MARAN,TENGAH,CHENOR,Luar Bandar,"2,500",12,"7,178","1,690","60,954","33,214","2,295","1,844",79.9%,1.018,"31,170",0.3994,"4,668","5,758",6,21,1,6.3,4,3.6,1.83,202,27.8,34.5,99.8,"37,353","23,601",38.7%,"18,857","4,744",81.3%,"38,025.35","12,449.30","22,875.30",0.375,39.8%,22.50,"1,123.9",173.5,0.511
497,01/05/2025,2025,May,5,Q2,MARAN,TENGAH,CHENOR,Luar Bandar,"2,500",12,"7,178","1,732","65,378","36,011","2,900","1,980",79.9%,1.018,"31,762",0.4047,"4,898","2,560",6,21,0,6.3,2,0,1.98,130,28.7,18.6,97.9,"40,891","24,487",37.5%,"19,565","4,922",84.4%,"41,627.04","12,854.08","20,312.08",0.311,51.2%,24.03,"1,166.0",183.8,0.486
498,01/06/2025,2025,Jun,6,Q2,MARAN,TENGAH,CHENOR,Luar Bandar,"2,500",12,"7,178","1,731","65,463","36,986","2,386","1,537",79.9%,1.018,"29,727",0.4035,"5,160","6,714",6,21,1,6.3,4,4.3,2.23,69,28.7,28.4,97.8,"40,909","24,554",37.5%,"19,619","4,935",87.3%,"41,645.36","11,994.84","23,868.84",0.365,42.7%,24.06,"1,169.2",190.0,0.454
499,01/07/2025,2025,Jul,7,Q3,MARAN,TENGAH,CHENOR,Luar Bandar,"2,500",12,"7,178","1,651","66,688","36,210","2,284","1,617",79.9%,1.018,"32,653",0.4021,"4,530","4,522",6,21,1,6.3,4,2.4,3.08,103,27.6,26.7,98.7,"40,111","26,577",39.9%,"21,235","5,342",86.0%,"40,833.00","13,129.77","22,181.77",0.333,45.7%,24.73,"1,265.6",180.3,0.490
500,01/08/2025,2025,Aug,8,Q3,MARAN,TENGAH,CHENOR,Luar Bandar,"2,500",12,"7,178","1,625","63,549","36,219","2,802","1,799",79.9%,1.018,"31,532",0.3962,"5,341","4,520",6,21,1,6.3,4,3,2.66,98,28.3,19.9,98.2,"40,820","22,729",35.8%,"18,160","4,569",82.0%,"41,554.76","12,492.98","22,353.98",0.352,46.2%,25.57,"1,082.3",183.4,0.496
501,01/09/2025,2025,Sep,9,Q3,MARAN,TENGAH,CHENOR,Luar Bandar,"2,500",12,"7,178","1,689","56,860","30,957","2,258","1,563",79.9%,1.018,"29,319",0.4002,"3,579","3,080",6,21,0,6.3,2,0,2.91,135,27.6,21,98.4,"34,778","22,082",38.8%,"17,644","4,438",75.8%,"35,404.00","11,733.46","18,392.46",0.323,48.0%,20.96,"1,051.5",161.5,0.516
502,01/10/2025,2025,Oct,10,Q4,MARAN,TENGAH,CHENOR,Luar Bandar,"2,500",12,"7,178","1,677","57,028","30,666","2,140","1,408",79.9%,1.018,"27,754",0.4068,"4,061","4,727",6,21,1,6.3,3,3.8,2.29,219,27.8,34.4,99.1,"34,214","22,814",40.0%,"18,228","4,586",73.6%,"34,829.85","11,290.33","20,078.33",0.352,42.4%,20.77,"1,086.4",153.8,0.487
503,01/11/2025,2025,Nov,11,Q4,MARAN,TENGAH,CHENOR,Luar Bandar,"2,500",12,"7,178","1,797","56,363","32,042","2,509","1,410",79.9%,1.018,"26,655",0.4065,"3,721","6,309",6,21,1,6.3,4,2.3,3.06,369,26.6,39.6,97.6,"35,961","20,402",36.2%,"16,301","4,101",75.2%,"36,608.30","10,835.26","20,865.26",0.370,43.0%,20.37,971.5,167.0,0.473
504,01/12/2025,2025,Dec,12,Q4,MARAN,TENGAH,CHENOR,Luar Bandar,"2,500",12,"7,178","1,797","61,079","33,726","2,723","1,828",79.9%,1.018,"29,242",0.4005,"5,060","3,276",6,21,0,6.3,3,0,2.89,237,27.1,23.8,98.5,"38,277","22,802",37.3%,"18,219","4,583",78.8%,"38,965.99","11,711.42","20,047.42",0.328,48.6%,21.68,"1,085.8",172.0,0.479
505,01/01/2023,2023,Jan,1,Q1,ROMPIN,PANTAI TIMUR,SELENDANG,Luar Bandar,"7,700",14,"17,853","4,078","153,523","60,546","5,503","3,498",71.7%,0.990,"53,305",0.3754,"11,966","6,583",11,26,1,6.5,10,4.1,2,235,27.3,25.1,97.9,"69,547","83,976",54.7%,"60,211","23,765",64.3%,"68,851.53","20,010.70","38,559.70",0.251,44.0%,16.88,"3,229.8",125.7,0.347
506,01/02/2023,2023,Feb,2,Q1,ROMPIN,PANTAI TIMUR,SELENDANG,Luar Bandar,"7,700",14,"17,853","4,048","136,948","60,051","5,923","4,035",71.7%,0.990,"44,193",0.3720,"11,641","6,051",11,26,1,6.5,8,3.6,2.82,129,27.8,,97.6,"70,009","66,939",48.9%,"47,995","18,944",63.5%,"69,308.91","16,439.80","34,131.80",0.249,50.8%,17.12,"2,574.6",140.1,0.323
507,01/03/2023,2023,Mar,3,Q1,ROMPIN,PANTAI TIMUR,SELENDANG,Luar Bandar,"7,700",14,"17,853","4,233","151,808","61,361","4,876","4,092",71.7%,0.990,"50,841",0.3767,"11,766","5,423",11,26,1,6.5,5,4.5,2.26,191,27.2,14.8,97.1,"70,329","81,479",53.7%,"58,420","23,059",63.6%,"69,625.71","19,151.80","36,340.80",0.239,47.8%,16.45,"3,133.8",127.1,0.335
508,01/04/2023,2023,Apr,4,Q2,ROMPIN,PANTAI TIMUR,SELENDANG,Luar Bandar,"7,700",14,"17,853","4,117","146,558","64,484","6,150","3,381",71.7%,0.990,"48,338",0.3712,"13,283","7,758",11,26,1,6.5,9,2.3,2.87,255,28.4,28.3,98.5,"74,015","72,543",49.5%,"52,013","20,530",63.4%,"73,274.85","17,943.07","38,984.07",0.266,46.8%,17.80,"2,790.1",138.2,0.330
509,01/05/2023,2023,May,5,Q2,ROMPIN,PANTAI TIMUR,SELENDANG,Luar Bandar,"7,700",14,"17,853","4,175","158,993","68,336","5,665","3,172",71.7%,0.990,"57,896",0.3746,"12,803","5,104",11,26,1,6.5,4,4.2,1.71,236,28.4,30.9,99.5,"77,173","81,820",51.5%,"58,665","23,155",66.6%,"76,401.27","21,687.84","39,594.84",0.249,48.2%,18.30,"3,146.9",139.4,0.364
510,01/06/2023,2023,Jun,6,Q2,ROMPIN,PANTAI TIMUR,SELENDANG,Luar Bandar,"7,700",14,"17,853","4,452","156,404","67,974","6,208","3,676",71.7%,0.990,"58,024",0.3747,"12,158","10,628",11,26,2,6.5,11,6,1.87,188,28.3,23.2,97.1,"77,858","78,546",50.2%,"56,317","22,229",67.7%,"77,079.42","21,741.59","44,527.59",0.285,42.2%,17.31,"3,021.0",145.4,0.371
511,01/07/2023,2023,Jul,7,Q3,ROMPIN,PANTAI TIMUR,SELENDANG,Luar Bandar,"7,700",14,"17,853","4,176","164,098","74,635","7,205","4,468",71.7%,0.990,"53,945",0.3765,"13,432","5,734",11,26,1,6.5,10,2.5,1.7,185,27.6,21.9,99.2,"86,308","77,790",47.4%,"55,775","22,015",68.7%,"85,444.92","20,310.29","39,476.29",0.241,53.8%,20.46,"2,991.9",155.9,0.329
512,01/08/2023,2023,Aug,8,Q3,ROMPIN,PANTAI TIMUR,SELENDANG,Luar Bandar,"7,700",14,"17,853","4,121","162,530","73,210","7,091","4,023",71.7%,0.990,"52,493",0.3769,"12,924","7,003",11,26,1,6.5,8,4.7,3.2,112,27.9,14.8,99.2,"84,324","78,206",48.1%,"56,074","22,132",68.1%,"83,480.76","19,784.61","39,711.61",0.244,52.4%,20.26,"3,007.9",152.4,0.323
513,01/09/2023,2023,Sep,9,Q3,ROMPIN,PANTAI TIMUR,SELENDANG,Luar Bandar,"7,700",14,"17,853","4,272","152,470","61,408","5,980","4,097",71.7%,0.990,"52,495",0.3819,"12,589","6,119",11,26,1,6.5,5,2.3,1.91,261,27.6,25.1,97.5,"71,485","80,985",53.1%,"58,066","22,919",66.0%,"70,770.15","20,047.84","38,755.84",0.254,45.2%,16.57,"3,114.8",133.5,0.344
514,01/10/2023,2023,Oct,10,Q4,ROMPIN,PANTAI TIMUR,SELENDANG,Luar Bandar,"7,700",14,"17,853","4,245","140,952","64,143","5,824","4,281",71.7%,0.990,"47,754",0.3662,"12,636","3,002",11,26,0,6.5,4,0,3.1,303,27,28.2,98.6,"74,248","66,704",47.3%,"47,827","18,877",59.0%,"73,505.52","17,487.51","33,125.51",0.235,54.9%,17.32,"2,565.5",134.2,0.339
515,01/11/2023,2023,Nov,11,Q4,ROMPIN,PANTAI TIMUR,SELENDANG,Luar Bandar,"7,700",14,"17,853","4,382","141,709","64,015","4,963","3,588",71.7%,0.990,"46,239",0.3844,"10,604","4,926",11,26,1,6.5,6,2.3,3.09,401,27.1,41.6,98.2,"72,566","69,143",48.8%,"49,576","19,567",61.3%,"71,840.34","17,774.27","33,304.27",0.235,53.6%,16.39,"2,659.3",135.5,0.326
516,01/12/2023,2023,Dec,12,Q4,ROMPIN,PANTAI TIMUR,SELENDANG,Luar Bandar,"7,700",14,"17,853","4,011","147,201","61,433","5,743","3,544",71.7%,0.990,"53,024",0.3826,"13,088","4,985",11,26,1,6.5,6,4.4,2.1,461,26.4,51.4,99.2,"70,720","76,481",52.0%,"54,837","21,644",61.7%,"70,012.80","20,286.98","38,359.98",0.261,45.2%,17.46,"2,941.6",127.8,0.360
517,01/01/2024,2024,Jan,1,Q1,ROMPIN,PANTAI TIMUR,SELENDANG,Luar Bandar,"7,700",15,"18,255","4,541","154,581","62,359","5,344","3,935",71.7%,0.990,"50,714",0.3848,"11,578","6,042",11,26,1,7.5,7,4,2.15,138,27.6,26.9,98.2,"71,638","82,943",53.7%,"59,470","23,473",64.8%,"70,921.62","19,514.75","37,134.75",0.240,47.6%,15.62,"3,190.1",126.6,0.328
518,01/02/2024,2024,Feb,2,Q1,ROMPIN,PANTAI TIMUR,SELENDANG,Luar Bandar,"7,700",15,"18,255","4,110","143,619","62,255","4,946","3,848",71.7%,0.990,"45,645",0.3857,"10,633","8,694",11,26,2,7.5,8,9.9,2.14,132,26.8,26.8,99.9,"71,049","72,570",50.5%,"52,033","20,537",64.3%,"70,338.51","17,605.28","36,932.28",0.257,47.5%,17.11,"2,791.2",134.2,0.318
519,01/03/2024,2024,Mar,3,Q1,ROMPIN,PANTAI TIMUR,SELENDANG,Luar Bandar,"7,700",15,"18,255","4,423","159,187","73,423","6,714","4,595",71.7%,0.990,"57,839",0.3923,"11,296","5,483",11,26,1,7.5,6,4.1,3.19,246,28.5,29.3,97.2,"84,732","74,455",46.8%,"53,384","21,071",66.7%,"83,884.68","22,690.24","39,469.24",0.248,52.9%,18.97,"2,863.7",149.7,0.363
520,01/04/2024,2024,Apr,4,Q2,ROMPIN,PANTAI TIMUR,SELENDANG,Luar Bandar,"7,700",15,"18,255","4,355","147,287","58,414","5,826","3,572",71.7%,0.990,"50,168",0.3845,"10,575","8,347",11,26,2,7.5,9,7.3,3.15,290,28,37,97.7,"67,812","79,475",54.0%,"56,984","22,491",63.8%,"67,133.88","19,289.60","38,211.60",0.259,43.1%,15.42,"3,056.7",123.8,0.341
521,01/05/2024,2024,May,5,Q2,ROMPIN,PANTAI TIMUR,SELENDANG,Luar Bandar,"7,700",15,"18,255","4,221","170,378","74,446","5,910","4,819",71.7%,0.990,"55,932",0.3813,"13,549","9,237",11,26,2,7.5,7,4.5,2.55,201,28.6,19.2,97.7,"85,175","85,203",50.0%,"61,091","24,112",71.4%,"84,323.25","21,326.87","44,112.87",0.259,47.7%,19.98,"3,277.0",150.5,0.328
522,01/06/2024,2024,Jun,6,Q2,ROMPIN,PANTAI TIMUR,SELENDANG,Luar Bandar,"7,700",15,"18,255","4,102","163,231","75,434","5,869","4,686",71.7%,0.990,"56,720",0.3964,"14,811","7,750",11,26,1,7.5,9,4.1,1.87,99,28.7,24.1,96.6,"85,989","77,242",47.3%,"55,383","21,859",70.7%,"85,129.11","22,483.81","45,044.81",0.276,47.1%,20.75,"2,970.8",157.0,0.347
523,01/07/2024,2024,Jul,7,Q3,ROMPIN,PANTAI TIMUR,SELENDANG,Luar Bandar,"7,700",15,"18,255","4,338","172,515","80,083","7,020","4,172",71.7%,0.990,"56,797",0.3788,"14,309","7,075",11,26,1,7.5,10,2.3,2.05,114,27.3,24.9,96.6,"91,275","81,240",47.1%,"58,249","22,991",72.3%,"90,362.25","21,514.70","42,898.70",0.249,52.5%,20.83,"3,124.6",161.3,0.329
524,01/08/2024,2024,Aug,8,Q3,ROMPIN,PANTAI TIMUR,SELENDANG,Luar Bandar,"7,700",15,"18,255","4,445","154,298","64,256","5,167","3,959",71.7%,0.990,"52,634",0.3874,"12,727","6,142",11,26,1,7.5,9,2.3,1.71,127,28.3,20.1,97.1,"73,382","80,916",52.4%,"58,017","22,899",64.6%,"72,648.18","20,390.41","39,259.41",0.254,46.0%,16.34,"3,112.2",129.7,0.341
525,01/09/2024,2024,Sep,9,Q3,ROMPIN,PANTAI TIMUR,SELENDANG,Luar Bandar,"7,700",15,"18,255","4,144","156,797","68,152","6,612","4,583",71.7%,0.990,"54,623",0.3773,"14,574","5,199",11,26,1,7.5,10,3.1,3.2,193,27.7,30.1,96.6,"79,347","77,450",49.4%,"55,532","21,918",67.9%,"78,553.53","20,609.26","40,382.26",0.258,48.6%,18.96,"2,978.8",144.9,0.348
526,01/10/2024,2024,Oct,10,Q4,ROMPIN,PANTAI TIMUR,SELENDANG,Luar Bandar,"7,700",15,"18,255","4,591","159,286","70,134","5,476","3,371",71.7%,0.990,"54,031",0.3960,"13,328","5,680",11,26,1,7.5,9,1.9,1.77,365,26.8,33,98.9,"78,981","80,305",50.4%,"57,579","22,726",66.7%,"78,191.19","21,396.28","40,404.28",0.254,48.3%,17.03,"3,088.7",139.6,0.339
527,01/11/2024,2024,Nov,11,Q4,ROMPIN,PANTAI TIMUR,SELENDANG,Luar Bandar,"7,700",15,"18,255","4,377","140,180","62,183","4,938","3,125",71.7%,0.990,"47,259",0.3960,"10,332","7,056",11,26,2,7.5,10,8.3,1.83,534,26.7,33.2,98.8,"70,246","69,934",49.9%,"50,143","19,791",60.7%,"69,543.54","18,714.56","36,102.56",0.258,48.1%,15.89,"2,689.8",128.3,0.337
528,01/12/2024,2024,Dec,12,Q4,ROMPIN,PANTAI TIMUR,SELENDANG,Luar Bandar,"7,700",15,"18,255","4,273","140,261","54,460","4,962","3,603",71.7%,0.990,"46,566",0.3933,"11,924","5,703",11,26,1,7.5,7,2.8,2.57,307,27.1,37.9,98.8,"63,025","77,236",55.1%,"55,378","21,858",58.8%,"62,394.75","18,314.41","35,941.41",0.256,42.4%,14.60,"2,970.6",111.4,0.332
529,01/01/2025,2025,Jan,1,Q1,ROMPIN,PANTAI TIMUR,SELENDANG,Luar Bandar,"7,700",16,"18,716","4,335","144,422","63,662","5,070","4,172",71.7%,0.990,"50,181",0.4025,"11,743","4,763",11,26,1,8.5,6,4.5,2.31,246,27,37.2,98.3,"72,904","71,518",49.5%,"51,278","20,240",60.5%,"72,174.96","20,197.85","36,703.85",0.254,49.1%,16.65,"2,750.7",125.7,0.347
530,01/02/2025,2025,Feb,2,Q1,ROMPIN,PANTAI TIMUR,SELENDANG,Luar Bandar,"7,700",16,"18,716","4,279","145,956","59,531","5,172","3,790",71.7%,0.990,"50,548",0.3917,"11,665","6,410",11,26,1,8.5,9,3.5,1.84,126,28,17.3,99,"68,493","77,463",53.1%,"55,541","21,922",67.7%,"67,808.07","19,799.65","37,874.65",0.259,44.1%,15.85,"2,979.3",130.7,0.346
531,01/03/2025,2025,Mar,3,Q1,ROMPIN,PANTAI TIMUR,SELENDANG,Luar Bandar,"7,700",16,"18,716","4,701","162,221","74,914","7,168","3,789",71.7%,0.990,"59,562",0.4052,"13,197","5,416",11,26,1,8.5,6,3,1.81,249,27.7,35.1,96.6,"85,871","76,350",47.1%,"54,743","21,607",68.0%,"85,012.29","24,134.52","42,747.52",0.264,49.7%,18.08,"2,936.5",148.0,0.367
532,01/04/2025,2025,Apr,4,Q2,ROMPIN,PANTAI TIMUR,SELENDANG,Luar Bandar,"7,700",16,"18,716","4,303","150,877","69,730","6,687","3,947",71.7%,0.990,"54,675",0.3901,"13,999","8,831",11,26,2,8.5,10,3.8,,161,27.8,20.1,98.8,"80,364","70,513",46.7%,"50,558","19,955",65.3%,"79,560.36","21,328.72","44,158.72",0.293,44.5%,18.49,"2,712.0",143.1,0.362
533,01/05/2025,2025,May,5,Q2,ROMPIN,PANTAI TIMUR,SELENDANG,Luar Bandar,"7,700",16,"18,716","4,570","176,281","70,720","6,727","4,032",71.7%,0.990,"62,019",0.3988,"16,082","9,714",11,26,2,8.5,8,5.9,1.88,203,29.1,22.8,99.2,"81,479","94,802",53.8%,"67,973","26,829",73.9%,"80,664.21","24,733.18","50,529.18",0.287,37.4%,17.65,"3,646.2",140.4,0.352
534,01/06/2025,2025,Jun,6,Q2,ROMPIN,PANTAI TIMUR,SELENDANG,Luar Bandar,"7,700",16,"18,716","4,343","159,839","71,911","5,596","3,635",71.7%,0.990,"55,856",0.4022,"12,936","6,571",11,26,1,8.5,5,3.5,2.53,196,27.7,21.2,98.8,"81,142","78,697",49.2%,"56,426","22,271",69.2%,"80,330.58","22,465.28","41,972.28",0.263,47.8%,18.50,"3,026.8",144.5,0.349
535,01/07/2025,2025,Jul,7,Q3,ROMPIN,PANTAI TIMUR,SELENDANG,Luar Bandar,"7,700",16,"18,716","4,535","165,145","76,479","7,331","4,306",71.7%,0.990,"53,539",0.3982,"12,708","5,605",11,26,1,8.5,9,3.9,2.66,149,28.2,23.9,99.8,"88,116","77,029",46.6%,"55,230","21,799",69.2%,"87,234.84","21,319.23","39,632.23",0.240,54.6%,19.24,"2,962.7",151.9,0.324
536,01/08/2025,2025,Aug,8,Q3,ROMPIN,PANTAI TIMUR,SELENDANG,Luar Bandar,"7,700",16,"18,716","4,672","158,298","73,538","7,052","4,062",71.7%,0.990,"57,294",0.3949,"11,624","6,385",11,26,1,8.5,5,2.8,3.01,184,27.4,25.5,99.8,"84,652","73,646",46.5%,"52,804","20,842",66.3%,"83,805.48","22,625.40","40,634.40",0.257,51.5%,17.94,"2,832.5",145.9,0.362
537,01/09/2025,2025,Sep,9,Q3,ROMPIN,PANTAI TIMUR,SELENDANG,Luar Bandar,"7,700",16,"18,716","4,352","162,225","67,599","5,240","3,425",71.7%,0.990,"52,019",0.3960,"13,400","7,150",11,26,2,8.5,8,5.4,3.14,266,27.3,27.8,97,"76,264","85,961",53.0%,"61,634","24,327",70.2%,"75,501.36","20,599.52","41,149.52",0.254,45.5%,17.35,"3,306.2",135.8,0.321
538,01/10/2025,2025,Oct,10,Q4,ROMPIN,PANTAI TIMUR,SELENDANG,Luar Bandar,"7,700",16,"18,716","4,618","158,071","70,074","6,953","4,550",71.7%,0.990,"58,356",0.3897,"13,638","7,273",11,26,1,8.5,8,3.7,2.16,333,27.8,31.9,97.9,"81,577","76,494",48.4%,"54,846","21,648",66.2%,"80,761.23","22,741.33","43,652.33",0.276,45.9%,17.49,"2,942.1",140.6,0.369
539,01/11/2025,2025,Nov,11,Q4,ROMPIN,PANTAI TIMUR,SELENDANG,Luar Bandar,"7,700",16,"18,716","4,363","145,511","67,242","5,325","3,281",71.7%,0.990,"51,858",0.3962,"13,478","6,270",11,26,1,8.5,6,1.9,,407,27.3,22.5,97.5,"75,848","69,663",47.9%,"49,948","19,715",63.0%,"75,089.52","20,546.14","40,294.14",0.277,46.3%,17.21,"2,679.3",135.1,0.356
540,01/12/2025,2025,Dec,12,Q4,ROMPIN,PANTAI TIMUR,SELENDANG,Luar Bandar,"7,700",16,"18,716","4,531","152,922","64,149","5,834","3,211",71.7%,0.990,"54,930",0.3914,"14,082","7,408",11,26,1,8.5,9,3,1.81,507,26.6,58.1,98,"73,194","79,728",52.1%,"57,165","22,563",64.1%,"72,462.06","21,499.60","42,989.60",0.281,40.7%,15.99,"3,066.5",126.2,0.359
541,01/01/2023,2023,Jan,1,Q1,ROMPIN,PANTAI TIMUR,SEPAYANG,Luar Bandar,"5,300",24,"14,972","3,723","125,218","72,608","4,703","3,310",80.6%,0.999,"43,110",0.3780,"9,336","5,640",7,27,1,14,8,2.8,3.03,218,27.4,26.8,97.4,"80,621","44,597",35.6%,"35,945","8,652",76.2%,"80,540.38","16,295.58","31,271.58",0.250,61.2%,21.63,"1,651.7",173.7,0.344
542,01/02/2023,2023,Feb,2,Q1,ROMPIN,PANTAI TIMUR,SEPAYANG,Luar Bandar,"5,300",24,"14,972","3,544","114,681","63,719","3,585","2,206",80.6%,0.999,"35,022",0.3839,"8,784","5,092",7,27,1,14,7,2.4,2.19,109,27.7,25,99.6,"69,510","45,171",39.4%,"36,408","8,763",77.3%,"69,440.49","13,444.95","27,320.95",0.238,60.7%,19.59,"1,673.0",165.8,0.305
543,01/03/2023,2023,Mar,3,Q1,ROMPIN,PANTAI TIMUR,SEPAYANG,Luar Bandar,"5,300",24,"14,972","3,689","132,148","71,301","4,899","3,352",80.6%,0.999,"42,191",0.3836,"11,974","4,840",7,27,1,14,5,2,2.52,212,28.4,26.3,99.4,"79,552","52,596",39.8%,"42,392","10,204",80.4%,"79,472.45","16,184.47","32,998.47",0.250,58.5%,21.54,"1,948.0",171.4,0.319
544,01/04/2023,2023,Apr,4,Q2,ROMPIN,PANTAI TIMUR,SEPAYANG,Luar Bandar,"5,300",24,"14,972","3,707","126,005","72,915","4,099","3,328",80.6%,0.999,"39,042",0.3789,"11,365","6,066",7,27,1,14,4,2.5,3.01,234,28.7,34.1,96.6,"80,342","45,663",36.2%,"36,804","8,859",79.2%,"80,261.66","14,793.01","32,224.01",0.256,59.9%,21.65,"1,691.2",178.9,0.310
545,01/05/2023,2023,May,5,Q2,ROMPIN,PANTAI TIMUR,SEPAYANG,Luar Bandar,"5,300",24,"14,972","3,571","135,920","78,514","5,131","3,387",80.6%,0.999,"40,346",0.3700,"12,407","11,086",7,27,2,14,8,8.5,2.17,147,28,14.7,99.6,"87,032","48,888",36.0%,"39,404","9,484",82.7%,"86,944.97","14,928.02","38,421.02",0.283,55.8%,24.35,"1,810.7",187.5,0.297
546,01/06/2023,2023,Jun,6,Q2,ROMPIN,PANTAI TIMUR,SEPAYANG,Luar Bandar,"5,300",24,"14,972","3,595","136,206","78,311","4,494","3,699",80.6%,0.999,"45,674",0.3725,"11,275","9,869",7,27,2,14,6,8.3,1.88,154,27.6,31.3,98.9,"86,504","49,702",36.5%,"40,060","9,642",85.7%,"86,417.50","17,013.57","38,157.57",0.280,55.8%,24.04,"1,840.8",192.6,0.335
547,01/07/2023,2023,Jul,7,Q3,ROMPIN,PANTAI TIMUR,SEPAYANG,Luar Bandar,"5,300",24,"14,972","3,759","127,459","66,771","4,331","3,227",80.6%,0.999,"41,912",0.3655,"10,303","5,692",7,27,1,14,4,3.9,3.27,155,27.3,25.1,97.2,"74,329","53,130",41.7%,"42,823","10,307",77.6%,"74,254.67","15,318.84","31,313.84",0.246,57.8%,19.75,"1,967.8",160.1,0.329
548,01/08/2023,2023,Aug,8,Q3,ROMPIN,PANTAI TIMUR,SEPAYANG,Luar Bandar,"5,300",24,"14,972","3,365","133,746","70,014","4,440","2,481",80.6%,0.999,"43,918",0.3835,"12,548","10,552",7,27,2,14,8,7.7,2.24,112,28.1,27.5,96.9,"76,935","56,811",42.5%,"45,790","11,021",81.4%,"76,858.07","16,842.55","39,942.55",0.299,48.0%,22.84,"2,104.1",165.8,0.328
549,01/09/2023,2023,Sep,9,Q3,ROMPIN,PANTAI TIMUR,SEPAYANG,Luar Bandar,"5,300",24,"14,972","3,746","120,868","62,970","4,135","2,935",80.6%,0.999,"41,826",0.3669,"11,185","7,522",7,27,1,14,8,4.9,2.71,153,28.1,24.1,98,"70,040","50,828",42.1%,"40,967","9,861",76.0%,"69,969.96","15,345.96","34,052.96",0.282,51.3%,18.68,"1,882.5",155.9,0.346
550,01/10/2023,2023,Oct,10,Q4,ROMPIN,PANTAI TIMUR,SEPAYANG,Luar Bandar,"5,300",24,"14,972","3,625","121,979","67,583","4,460","2,626",80.6%,0.999,"39,204",0.3739,"10,548","6,160",7,27,1,14,8,3.3,1.85,283,27.7,36.3,96.5,"74,669","47,310",38.8%,"38,132","9,178",74.2%,"74,594.33","14,658.38","31,366.38",0.257,58.0%,20.58,"1,752.2",160.9,0.321
551,01/11/2023,2023,Nov,11,Q4,ROMPIN,PANTAI TIMUR,SEPAYANG,Luar Bandar,"5,300",24,"14,972","3,737","117,836","67,391","4,296","3,288",80.6%,0.999,"38,298",0.3809,"10,221","6,489",7,27,1,14,5,2.3,3.04,386,26.8,36.8,99.5,"74,975","42,861",36.4%,"34,546","8,315",74.1%,"74,900.03","14,587.71","31,297.71",0.266,58.2%,20.04,"1,587.4",166.9,0.325
552,01/12/2023,2023,Dec,12,Q4,ROMPIN,PANTAI TIMUR,SEPAYANG,Luar Bandar,"5,300",24,"14,972","3,690","126,180","68,593","4,257","2,849",80.6%,0.999,"40,905",0.3805,"11,905","7,073",7,27,1,14,6,3.2,3.23,593,26.1,36.1,99.1,"75,699","50,481",40.0%,"40,688","9,793",76.8%,"75,623.30","15,564.35","34,542.35",0.274,54.3%,20.49,"1,869.7",163.1,0.324
553,01/01/2024,2024,Jan,1,Q1,ROMPIN,PANTAI TIMUR,SEPAYANG,Luar Bandar,"5,300",25,"15,314","3,528","129,460","71,909","4,604","2,653",80.6%,0.999,"42,363",0.3862,"10,441","6,740",7,27,1,15,8,3.3,3.13,254,27.2,34.8,97.3,"79,166","50,294",38.8%,"40,537","9,757",78.8%,"79,086.83","16,360.59","33,541.59",0.259,57.6%,22.42,"1,862.7",166.8,0.327
554,01/02/2024,2024,Feb,2,Q1,ROMPIN,PANTAI TIMUR,SEPAYANG,Luar Bandar,"5,300",25,"15,314","3,452","114,901","67,451","3,702","2,856",80.6%,0.999,"37,966",0.3800,"10,320","6,714",7,27,1,15,5,4,2.13,176,27.5,19.5,97.9,"74,009","40,892",35.6%,"32,959","7,933",74.8%,"73,934.99","14,427.08","31,461.08",0.274,57.4%,21.42,"1,514.5",166.6,0.330
555,01/03/2024,2024,Mar,3,Q1,ROMPIN,PANTAI TIMUR,SEPAYANG,Luar Bandar,"5,300",25,"15,314","3,454","126,419","73,198","4,010","2,599",80.6%,0.999,"39,577",0.3778,"9,056","6,114",7,27,1,15,6,2.5,2.1,171,28.2,19.2,98.4,"79,807","46,612",36.9%,"37,569","9,043",76.9%,"79,727.19","14,952.19","30,122.19",0.238,62.2%,23.08,"1,726.4",168.1,0.313
556,01/04/2024,2024,Apr,4,Q2,ROMPIN,PANTAI TIMUR,SEPAYANG,Luar Bandar,"5,300",25,"15,314","3,546","126,637","67,444","4,138","2,832",80.6%,0.999,"40,844",0.3774,"10,359","6,238",7,27,1,15,6,2,3,280,27.7,37.7,98.2,"74,414","52,223",41.2%,"42,092","10,131",79.6%,"74,339.59","15,414.53","32,011.53",0.253,56.9%,20.96,"1,934.2",162.0,0.323
557,01/05/2024,2024,May,5,Q2,ROMPIN,PANTAI TIMUR,SEPAYANG,Luar Bandar,"5,300",25,"15,314","3,819","131,201","74,972","4,840","2,605",80.6%,0.999,"44,729",0.3937,"9,486","6,441",7,27,1,15,7,4.1,2.27,202,27.9,30,99.9,"82,417","48,784",37.2%,"39,320","9,464",79.9%,"82,334.58","17,609.81","33,536.81",0.256,59.3%,21.56,"1,806.8",173.6,0.341
558,01/06/2024,2024,Jun,6,Q2,ROMPIN,PANTAI TIMUR,SEPAYANG,Luar Bandar,"5,300",25,"15,314","3,460","137,370","78,808","4,547","3,797",80.6%,0.999,"45,237",0.3870,"12,302","5,896",7,27,1,15,5,4.4,2.74,95,28.8,15.9,100,"87,152","50,218",36.6%,"40,476","9,742",86.4%,"87,064.85","17,506.72","35,704.72",0.260,59.0%,25.16,"1,859.9",189.7,0.329
559,01/07/2024,2024,Jul,7,Q3,ROMPIN,PANTAI TIMUR,SEPAYANG,Luar Bandar,"5,300",25,"15,314","3,714","133,536","77,426","4,522","3,508",80.6%,0.999,"43,256",0.3827,"11,082","7,930",7,27,1,15,5,2.7,3.19,136,28.4,24.9,96.9,"85,456","48,080",36.0%,"38,752","9,328",81.3%,"85,370.54","16,554.07","35,566.07",0.266,58.3%,22.99,"1,780.7",180.0,0.324
560,01/08/2024,2024,Aug,8,Q3,ROMPIN,PANTAI TIMUR,SEPAYANG,Luar Bandar,"5,300",25,"15,314","3,792","132,895","78,412","4,276","3,669",80.6%,0.999,"40,549",0.3941,"12,620","5,063",7,27,1,15,5,2.9,2.18,206,27.1,27.2,99.8,"86,357","46,538",35.0%,"37,510","9,028",80.9%,"86,270.64","15,980.36","33,663.36",0.253,61.0%,22.75,"1,723.6",181.9,0.305
561,01/09/2024,2024,Sep,9,Q3,ROMPIN,PANTAI TIMUR,SEPAYANG,Luar Bandar,"5,300",25,"15,314","3,735","129,935","75,489","5,073","2,580",80.6%,0.999,"44,847",0.3832,"10,090","6,612",7,27,1,15,8,2.2,3.2,263,28,26.8,99.3,"83,142","46,793",36.0%,"37,715","9,078",81.7%,"83,058.86","17,185.37","33,887.37",0.261,59.2%,22.24,"1,733.1",181.0,0.345
562,01/10/2024,2024,Oct,10,Q4,ROMPIN,PANTAI TIMUR,SEPAYANG,Luar Bandar,"5,300",25,"15,314","3,468","120,667","70,400","4,280","3,147",80.6%,0.999,"38,348",0.3787,"11,491","5,615",7,27,1,15,6,4.4,2.64,227,26.7,26.8,97.3,"77,827","42,840",35.5%,"34,529","8,311",73.4%,"77,749.17","14,522.39","31,628.39",0.262,59.3%,22.42,"1,586.7",163.9,0.318
563,01/11/2024,2024,Nov,11,Q4,ROMPIN,PANTAI TIMUR,SEPAYANG,Luar Bandar,"5,300",25,"15,314","3,518","121,184","68,229","4,172","3,167",80.6%,0.999,"38,782",0.3795,"11,392","5,964",7,27,1,15,8,4.5,2.8,342,27,33.2,99.3,"75,568","45,616",37.6%,"36,766","8,850",76.2%,"75,492.43","14,717.77","32,073.77",0.265,57.5%,21.46,"1,689.5",164.5,0.320
564,01/12/2024,2024,Dec,12,Q4,ROMPIN,PANTAI TIMUR,SEPAYANG,Luar Bandar,"5,300",25,"15,314","3,850","125,647","66,711","4,315","2,926",80.6%,0.999,"42,899",0.3895,"10,941","4,916",7,27,1,15,8,3.2,2.16,355,26,31.1,98.4,"73,952","51,695",41.1%,"41,666","10,029",76.5%,"73,878.05","16,709.16","32,566.16",0.259,55.9%,19.19,"1,914.6",155.8,0.341
565,01/01/2025,2025,Jan,1,Q1,ROMPIN,PANTAI TIMUR,SEPAYANG,Luar Bandar,"5,300",26,"15,724","3,850","134,763","76,691","4,694","3,417",80.6%,0.999,"42,453",0.3913,"10,449","4,955",7,27,1,16,7,3.9,2.03,143,27.5,26.3,99.4,"84,802","49,961",37.1%,"40,269","9,692",82.0%,"84,717.20","16,611.86","32,015.86",0.238,62.2%,22.00,"1,850.4",174.0,0.315
566,01/02/2025,2025,Feb,2,Q1,ROMPIN,PANTAI TIMUR,SEPAYANG,Luar Bandar,"5,300",26,"15,724","3,757","124,210","69,031","3,729","2,501",80.6%,0.999,"39,295",0.3941,"11,324","5,018",7,27,1,16,5,3.5,2.93,87,27.3,16.6,99,"75,261","48,949",39.4%,"39,453","9,496",83.7%,"75,185.74","15,486.16","31,828.16",0.256,57.7%,20.01,"1,812.9",170.9,0.316
567,01/03/2025,2025,Mar,3,Q1,ROMPIN,PANTAI TIMUR,SEPAYANG,Luar Bandar,"5,300",26,"15,724","3,738","135,806","78,181","5,216","2,910",80.6%,0.999,"43,942",0.3982,"10,212","5,813",7,27,1,16,7,3.4,2.65,124,28.5,20.8,96.8,"86,307","49,499",36.4%,"39,896","9,603",82.7%,"86,220.69","17,497.70","33,522.70",0.247,61.1%,23.07,"1,833.3",177.1,0.324
568,01/04/2025,2025,Apr,4,Q2,ROMPIN,PANTAI TIMUR,SEPAYANG,Luar Bandar,"5,300",26,"15,724","3,704","131,463","73,813","5,105","3,435",80.6%,0.999,"39,715",0.3892,"11,063","4,981",7,27,1,16,8,4.8,1.94,167,28,15.4,99.5,"82,353","49,110",37.4%,"39,583","9,527",82.7%,"82,270.65","15,457.08","31,501.08",0.240,61.7%,22.21,"1,818.9",174.6,0.302
569,01/05/2025,2025,May,5,Q2,ROMPIN,PANTAI TIMUR,SEPAYANG,Luar Bandar,"5,300",26,"15,724","3,559","139,261","78,768","5,157","3,435",80.6%,0.999,"46,483",0.3933,"10,467","5,848",7,27,1,16,4,1.9,2.56,138,28.6,29.5,100,"87,360","51,901",37.3%,"41,832","10,069",84.8%,"87,272.64","18,281.76","34,596.76",0.248,60.4%,24.52,"1,922.3",179.2,0.334
570,01/06/2025,2025,Jun,6,Q2,ROMPIN,PANTAI TIMUR,SEPAYANG,Luar Bandar,"5,300",26,"15,724","3,593","139,293","79,638","5,335","3,444",80.6%,0.999,"41,355",0.3998,"10,073","6,915",7,27,1,16,6,4.3,2.55,174,28.3,19.8,98.5,"88,417","50,876",36.5%,"41,006","9,870",87.6%,"88,328.58","16,533.73","33,521.73",0.241,62.0%,24.58,"1,884.3",187.4,0.297
571,01/07/2025,2025,Jul,7,Q3,ROMPIN,PANTAI TIMUR,SEPAYANG,Luar Bandar,"5,300",26,"15,724","3,756","143,718","85,050","4,867","4,051",80.6%,0.999,"48,088",0.3921,"11,484","3,300",7,27,0,16,6,0,1.91,108,28.4,18.7,100,"93,968","49,750",34.6%,"40,099","9,652",87.5%,"93,874.03","18,855.30","33,639.30",0.234,64.2%,24.99,"1,842.6",192.8,0.335
572,01/08/2025,2025,Aug,8,Q3,ROMPIN,PANTAI TIMUR,SEPAYANG,Luar Bandar,"5,300",26,"15,724","3,941","140,032","79,785","4,377","3,850",80.6%,0.999,"46,927",0.4008,"10,425","5,929",7,27,1,16,6,3.9,1.97,163,27.3,31.9,99.4,"88,012","52,020",37.1%,"41,928","10,092",85.2%,"87,923.99","18,808.34","35,162.34",0.251,60.0%,22.31,"1,926.7",180.6,0.335
573,01/09/2025,2025,Sep,9,Q3,ROMPIN,PANTAI TIMUR,SEPAYANG,Luar Bandar,"5,300",26,"15,724","3,959","130,069","74,449","5,165","3,547",80.6%,0.999,"41,325",0.3987,"11,086","5,510",7,27,1,16,6,4,3.01,185,27,22.6,97.4,"83,161","46,908",36.1%,"37,808","9,100",81.8%,"83,077.84","16,476.28","33,072.28",0.254,60.2%,20.98,"1,737.3",176.3,0.318
574,01/10/2025,2025,Oct,10,Q4,ROMPIN,PANTAI TIMUR,SEPAYANG,Luar Bandar,"5,300",26,"15,724","3,751","137,630","77,341","4,951","3,153",80.6%,0.999,"46,024",0.4018,"10,783","6,465",7,27,1,16,6,4.9,3.04,336,27.7,39.8,98.5,"85,445","52,185",37.9%,"42,061","10,124",83.8%,"85,359.56","18,492.44","35,740.44",0.260,58.1%,22.76,"1,932.8",175.3,0.334
575,01/11/2025,2025,Nov,11,Q4,ROMPIN,PANTAI TIMUR,SEPAYANG,Luar Bandar,"5,300",26,"15,724","3,641","127,127","71,480","4,937","3,127",80.6%,0.999,"39,802",0.4044,"11,850","5,356",7,27,1,16,7,2.7,2.25,321,27.8,33.3,97.1,"79,544","47,583",37.4%,"38,352","9,231",80.0%,"79,464.46","16,095.93","33,301.93",0.262,58.1%,21.82,"1,762.3",168.6,0.313
576,01/12/2025,2025,Dec,12,Q4,ROMPIN,PANTAI TIMUR,SEPAYANG,Luar Bandar,"5,300",26,"15,724","3,603","124,914","74,195","4,234","3,615",80.6%,0.999,"41,526",0.4030,"10,351","5,583",7,27,1,16,5,3.8,2.01,465,27.2,40.3,97.2,"82,044","42,870",34.3%,"34,553","8,317",76.0%,"81,961.96","16,734.98","32,668.98",0.262,60.1%,22.75,"1,587.8",168.3,0.332
577,01/01/2023,2023,Jan,1,Q1,ROMPIN,PANTAI TIMUR,SG AUR,Luar Bandar,"1,800",31,"4,254","1,021","32,907","18,465","1,378",420,68.4%,0.937,"17,733",0.3670,"2,711","4,457",7,20,1,5.8,3,3.7,,123,27.2,24.4,96.8,"20,263","12,644",38.4%,"8,648","3,996",59.0%,"18,986.43","6,508.01","13,676.01",0.416,28.0%,18.60,632.2,153.7,0.539
578,01/02/2023,2023,Feb,2,Q1,ROMPIN,PANTAI TIMUR,SG AUR,Luar Bandar,"1,800",31,"4,254","1,064","32,189","18,168","1,445",322,68.4%,0.937,"16,300",0.3720,"2,589","4,679",7,20,1,5.8,3,2.6,3.27,122,27.8,23.2,98.6,"19,935","12,254",38.1%,"8,382","3,872",63.9%,"18,679.10","6,063.60","13,331.60",0.414,28.6%,17.56,612.7,167.4,0.506
579,01/03/2023,2023,Mar,3,Q1,ROMPIN,PANTAI TIMUR,SG AUR,Luar Bandar,"1,800",31,"4,254","1,039","35,308","19,916","1,603",412,68.4%,0.937,"19,177",0.3728,"2,531","4,347",7,20,1,5.8,4,4.6,3.29,222,27.7,23.6,97.5,"21,931","13,377",37.9%,"9,150","4,227",63.3%,"20,549.35","7,149.19","14,027.19",0.397,31.7%,19.78,668.9,166.3,0.543
580,01/04/2023,2023,Apr,4,Q2,ROMPIN,PANTAI TIMUR,SG AUR,Luar Bandar,"1,800",31,"4,254","1,065","36,817","20,787","1,657",394,68.4%,0.937,"18,178",0.3723,"3,205","4,202",7,20,1,5.8,4,3.9,1.75,283,28.5,29.3,99,"22,838","13,979",38.0%,"9,562","4,417",68.2%,"21,399.21","6,767.67","14,174.67",0.385,33.8%,20.09,699.0,179.0,0.494
581,01/05/2023,2023,May,5,Q2,ROMPIN,PANTAI TIMUR,SG AUR,Luar Bandar,"1,800",31,"4,254","1,022","38,995","21,082","1,679",491,68.4%,0.937,"21,701",0.3783,"3,063","5,367",7,20,1,5.8,3,4.8,2.07,233,28.4,24.8,99.7,"23,252","15,743",40.4%,"10,768","4,975",69.9%,"21,787.12","8,209.49","16,639.49",0.427,23.6%,21.32,787.2,176.3,0.557
582,01/06/2023,2023,Jun,6,Q2,ROMPIN,PANTAI TIMUR,SG AUR,Luar Bandar,"1,800",31,"4,254",981,"35,946","20,566","1,438",478,68.4%,0.937,"19,021",0.3705,"2,945","5,589",7,20,1,5.8,3,4.5,2.83,122,28.7,14.4,97.6,"22,482","13,464",37.5%,"9,209","4,255",66.6%,"21,065.63","7,047.28","15,581.28",0.433,26.0%,21.47,673.2,176.2,0.529
583,01/07/2023,2023,Jul,7,Q3,ROMPIN,PANTAI TIMUR,SG AUR,Luar Bandar,"1,800",31,"4,254",955,"39,920","22,695","1,799",486,68.4%,0.937,"20,200",0.3738,"3,459","3,252",7,20,0,5.8,1,0,1.85,154,27.8,32.1,99,"24,980","14,940",37.4%,"10,219","4,721",71.5%,"23,406.26","7,550.76","14,261.76",0.357,39.1%,24.51,747.0,189.4,0.506
584,01/08/2023,2023,Aug,8,Q3,ROMPIN,PANTAI TIMUR,SG AUR,Luar Bandar,"1,800",31,"4,254","1,052","39,055","23,496","1,740",421,68.4%,0.937,"19,355",0.3676,"3,363","6,394",7,20,1,5.8,3,2.8,2.03,173,28.2,29.8,98.1,"25,657","13,398",34.3%,"9,164","4,234",70.0%,"24,040.61","7,114.90","16,871.90",0.432,29.8%,22.85,669.9,194.6,0.496
585,01/09/2023,2023,Sep,9,Q3,ROMPIN,PANTAI TIMUR,SG AUR,Luar Bandar,"1,800",31,"4,254","1,073","34,952","20,238","1,282",477,68.4%,0.937,"18,356",0.3670,"2,763","5,937",7,20,1,5.8,4,3.4,2.16,240,28.1,25.7,98.4,"21,997","12,955",37.1%,"8,861","4,094",64.7%,"20,611.19","6,736.65","15,436.65",0.442,25.1%,19.21,647.8,172.4,0.525
586,01/10/2023,2023,Oct,10,Q4,ROMPIN,PANTAI TIMUR,SG AUR,Luar Bandar,"1,800",31,"4,254","1,029","35,210","19,553","1,434",424,68.4%,0.937,"17,255",0.3759,"2,759","4,383",7,20,1,5.8,3,2.2,3.27,205,27.1,21.7,99,"21,411","13,799",39.2%,"9,439","4,360",63.1%,"20,062.11","6,486.15","13,628.15",0.387,32.1%,19.50,690.0,162.4,0.490
587,01/11/2023,2023,Nov,11,Q4,ROMPIN,PANTAI TIMUR,SG AUR,Luar Bandar,"1,800",31,"4,254",980,"32,357","17,749","1,255",394,68.4%,0.937,"16,933",0.3769,"2,841","4,763",7,20,1,5.8,3,4.8,3.23,519,27,53,98.6,"19,398","12,959",40.1%,"8,864","4,095",59.9%,"18,175.93","6,382.05","13,986.05",0.432,23.1%,18.55,648.0,152.0,0.523
588,01/12/2023,2023,Dec,12,Q4,ROMPIN,PANTAI TIMUR,SG AUR,Luar Bandar,"1,800",31,"4,254",996,"32,863","19,115","1,367",447,68.4%,0.937,"17,098",0.3702,"2,951","4,754",7,20,1,5.8,3,3.5,2.64,570,26.4,48.5,98.3,"20,929","11,934",36.3%,"8,163","3,771",58.9%,"19,610.47","6,329.68","14,034.68",0.427,28.4%,19.69,596.7,158.7,0.520
589,01/01/2024,2024,Jan,1,Q1,ROMPIN,PANTAI TIMUR,SG AUR,Luar Bandar,"1,800",32,"4,356","1,027","35,739","19,819","1,311",447,68.4%,0.937,"18,360",0.3944,"3,067","2,887",7,20,0,6.8,2,0,3.09,266,27.4,32.2,99.9,"21,577","14,162",39.6%,"9,687","4,475",64.0%,"20,217.65","7,241.18","13,195.18",0.369,34.7%,19.69,708.1,159.8,0.514
590,01/02/2024,2024,Feb,2,Q1,ROMPIN,PANTAI TIMUR,SG AUR,Luar Bandar,"1,800",32,"4,356","1,032","31,584","17,551","1,167",359,68.4%,0.937,"15,326",0.3777,"2,617","6,124",7,20,1,6.8,4,3.8,2.08,184,27.4,21.6,97.8,"19,077","12,507",39.6%,"8,555","3,952",60.5%,"17,875.15","5,788.63","14,529.63",0.460,18.7%,17.32,625.4,151.0,0.485
591,01/03/2024,2024,Mar,3,Q1,ROMPIN,PANTAI TIMUR,SG AUR,Luar Bandar,"1,800",32,"4,356",997,"38,967","23,500","1,687",544,68.4%,0.937,"21,746",0.3824,"3,449","3,165",7,20,0,6.8,1,0,2.99,151,27.8,15.1,97.7,"25,731","13,236",34.0%,"9,053","4,183",69.8%,"24,109.95","8,315.67","14,929.67",0.383,38.1%,24.18,661.8,190.5,0.558
592,01/04/2024,2024,Apr,4,Q2,ROMPIN,PANTAI TIMUR,SG AUR,Luar Bandar,"1,800",32,"4,356","1,068","37,695","21,894","1,713",462,68.4%,0.937,"18,283",0.3783,"3,056","2,922",7,20,0,6.8,1,0,2.68,313,27.9,43.8,99.2,"24,069","13,626",36.1%,"9,320","4,306",69.8%,"22,552.65","6,916.46","12,894.46",0.342,42.8%,21.12,681.3,184.2,0.485
593,01/05/2024,2024,May,5,Q2,ROMPIN,PANTAI TIMUR,SG AUR,Luar Bandar,"1,800",32,"4,356","1,015","37,282","22,117","1,529",431,68.4%,0.937,"18,041",0.3838,"3,285","6,628",7,20,1,6.8,4,2.9,2.77,263,28.2,26,98.1,"24,077","13,205",35.4%,"9,032","4,173",66.8%,"22,560.15","6,924.14","16,837.14",0.452,25.4%,22.23,660.3,178.3,0.484
594,01/06/2024,2024,Jun,6,Q2,ROMPIN,PANTAI TIMUR,SG AUR,Luar Bandar,"1,800",32,"4,356",983,"36,129","20,317","1,504",422,68.4%,0.937,"17,666",0.3839,"2,951","6,590",7,20,1,6.8,3,3.8,2.01,160,28.4,23.7,99,"22,243","13,886",38.4%,"9,498","4,388",66.9%,"20,841.69","6,781.98","16,322.98",0.452,21.7%,21.20,694.3,170.2,0.489
595,01/07/2024,2024,Jul,7,Q3,ROMPIN,PANTAI TIMUR,SG AUR,Luar Bandar,"1,800",32,"4,356","1,023","37,611","21,314","1,689",524,68.4%,0.937,"18,181",0.3966,"3,022","5,702",7,20,1,6.8,3,2.9,1.85,144,27.2,16.2,98.3,"23,527","14,084",37.4%,"9,633","4,451",67.4%,"22,044.80","7,210.58","15,934.58",0.424,27.7%,21.55,704.2,174.2,0.483
596,01/08/2024,2024,Aug,8,Q3,ROMPIN,PANTAI TIMUR,SG AUR,Luar Bandar,"1,800",32,"4,356",982,"39,594","23,451","1,538",546,68.4%,0.937,"21,413",0.3785,"3,276","5,037",7,20,1,6.8,4,4.1,2.72,193,28.4,28.3,98.7,"25,535","14,059",35.5%,"9,616","4,443",71.0%,"23,926.30","8,104.82","16,417.82",0.415,31.4%,24.36,703.0,189.1,0.541
597,01/09/2024,2024,Sep,9,Q3,ROMPIN,PANTAI TIMUR,SG AUR,Luar Bandar,"1,800",32,"4,356","1,028","34,446","20,109","1,375",384,68.4%,0.937,"19,171",0.3928,"3,264","4,258",7,20,1,6.8,3,2.7,2.59,213,28.1,37.6,97,"21,868","12,578",36.5%,"8,603","3,975",63.8%,"20,490.32","7,530.37","15,052.37",0.437,26.5%,19.93,628.9,167.3,0.557
598,01/10/2024,2024,Oct,10,Q4,ROMPIN,PANTAI TIMUR,SG AUR,Luar Bandar,"1,800",32,"4,356","1,068","36,626","21,774","1,719",417,68.4%,0.937,"18,385",0.3805,"3,301","5,084",7,20,1,6.8,4,4.7,2.68,267,27.8,33,98.9,"23,910","12,716",34.7%,"8,698","4,018",65.6%,"22,403.67","6,995.49","15,380.49",0.420,31.3%,20.98,635.8,177.1,0.502
599,01/11/2024,2024,Nov,11,Q4,ROMPIN,PANTAI TIMUR,SG AUR,Luar Bandar,"1,800",32,"4,356","1,018","33,091","20,042","1,598",345,68.4%,0.937,"18,469",0.3852,"2,588","5,874",7,20,1,6.8,3,4.8,2.6,512,27.1,43.2,99.7,"21,985","11,106",33.6%,"7,597","3,509",61.3%,"20,599.95","7,114.26","15,576.26",0.471,24.4%,20.24,555.3,168.2,0.558
600,01/12/2024,2024,Dec,12,Q4,ROMPIN,PANTAI TIMUR,SG AUR,Luar Bandar,"1,800",32,"4,356","1,012","36,076","20,047","1,356",425,68.4%,0.937,"18,275",0.3856,"2,912","5,764",7,20,1,6.8,3,4.1,2.78,582,26.4,51.5,96.8,"21,828","14,248",39.5%,"9,746","4,502",64.7%,"20,452.84","7,046.84","15,722.84",0.436,23.1%,20.21,712.4,161.6,0.507
601,01/01/2025,2025,Jan,1,Q1,ROMPIN,PANTAI TIMUR,SG AUR,Luar Bandar,"1,800",33,"4,437","1,016","36,737","20,622","1,372",383,68.4%,0.937,"20,300",0.3934,"2,988","5,584",7,20,1,7.8,3,3.2,2.51,237,27.7,23.9,97.3,"22,377","14,360",39.1%,"9,822","4,538",65.8%,"20,967.25","7,986.02","16,558.02",0.451,21.0%,20.64,718.0,162.7,0.553
602,01/02/2025,2025,Feb,2,Q1,ROMPIN,PANTAI TIMUR,SG AUR,Luar Bandar,"1,800",33,"4,437","1,007","32,916","18,511","1,327",342,68.4%,0.937,"17,503",0.4017,"2,840","4,268",7,20,1,7.8,3,4.1,2.66,123,27.3,16,98.4,"20,180","12,736",38.7%,"8,711","4,025",65.3%,"18,908.66","7,030.96","14,138.96",0.430,25.2%,18.78,636.8,162.4,0.532
603,01/03/2025,2025,Mar,3,Q1,ROMPIN,PANTAI TIMUR,SG AUR,Luar Bandar,"1,800",33,"4,437","1,015","38,797","22,553","1,483",441,68.4%,0.937,"19,185",0.4006,"2,826","3,476",7,20,0,7.8,2,0,2.18,133,27.7,27.1,98.7,"24,477","14,320",36.9%,"9,795","4,525",69.5%,"22,934.95","7,685.51","13,987.51",0.361,39.0%,22.60,716.0,178.0,0.494
604,01/04/2025,2025,Apr,4,Q2,ROMPIN,PANTAI TIMUR,SG AUR,Luar Bandar,"1,800",33,"4,437","1,038","39,781","22,271","1,513",514,68.4%,0.937,"21,969",0.3941,"3,602","4,229",7,20,1,7.8,3,2.1,3.11,242,29,31.7,97.8,"24,298","15,483",38.9%,"10,590","4,893",73.7%,"22,767.23","8,657.98","16,488.98",0.414,27.6%,21.93,774.2,182.5,0.552
605,01/05/2025,2025,May,5,Q2,ROMPIN,PANTAI TIMUR,SG AUR,Luar Bandar,"1,800",33,"4,437","1,037","41,226","25,241","1,642",518,68.4%,0.937,"22,080",0.4075,"3,147","4,747",7,20,1,7.8,3,3,3.08,192,28.9,37,99.7,"27,401","13,825",33.5%,"9,456","4,369",73.9%,"25,674.74","8,997.60","16,891.60",0.410,34.2%,24.76,691.3,199.2,0.536
606,01/06/2025,2025,Jun,6,Q2,ROMPIN,PANTAI TIMUR,SG AUR,Luar Bandar,"1,800",33,"4,437",997,"38,285","23,107","1,460",471,68.4%,0.937,"20,948",0.3950,"3,299","5,362",7,20,1,7.8,3,3.8,2.7,107,28.2,18.5,97.8,"25,038","13,247",34.6%,"9,061","4,186",70.9%,"23,460.61","8,274.46","16,935.46",0.442,27.8%,23.53,662.4,188.1,0.547
607,01/07/2025,2025,Jul,7,Q3,ROMPIN,PANTAI TIMUR,SG AUR,Luar Bandar,"1,800",33,"4,437",995,"39,128","22,227","1,743",466,68.4%,0.937,"21,165",0.3940,"3,136","5,179",7,20,1,7.8,4,2.8,2.19,146,28.1,19.7,98.1,"24,436","14,692",37.5%,"10,049","4,643",70.1%,"22,896.53","8,339.01","16,654.01",0.426,27.3%,23.01,734.6,177.7,0.541
608,01/08/2025,2025,Aug,8,Q3,ROMPIN,PANTAI TIMUR,SG AUR,Luar Bandar,"1,800",33,"4,437","1,101","37,905","23,046","1,854",487,68.4%,0.937,"19,471",0.3903,"2,744","6,136",7,20,1,7.8,3,1.9,,224,27.5,26.6,97.5,"25,387","12,518",33.0%,"8,562","3,956",67.9%,"23,787.62","7,599.53","16,479.53",0.435,30.7%,21.61,625.9,184.6,0.514
609,01/09/2025,2025,Sep,9,Q3,ROMPIN,PANTAI TIMUR,SG AUR,Luar Bandar,"1,800",33,"4,437","1,089","36,491","22,473","1,475",544,68.4%,0.937,"19,359",0.3974,"3,020","6,676",7,20,1,7.8,3,2.6,2.74,232,27.5,17,97.4,"24,492","11,999",32.9%,"8,207","3,792",67.6%,"22,949.00","7,693.27","17,389.27",0.477,24.2%,21.07,600.0,184.0,0.531
610,01/10/2025,2025,Oct,10,Q4,ROMPIN,PANTAI TIMUR,SG AUR,Luar Bandar,"1,800",33,"4,437","1,026","36,171","21,552","1,363",427,68.4%,0.937,"18,448",0.4008,"3,041","4,836",7,20,1,7.8,3,3.6,2.35,242,27.9,30.1,97.7,"23,342","12,829",35.5%,"8,775","4,054",64.8%,"21,871.45","7,393.96","15,270.96",0.422,30.2%,21.32,641.5,169.7,0.510
611,01/11/2025,2025,Nov,11,Q4,ROMPIN,PANTAI TIMUR,SG AUR,Luar Bandar,"1,800",33,"4,437","1,001","35,102","21,198","1,528",389,68.4%,0.937,"19,595",0.3911,"2,988","3,478",7,20,0,7.8,1,0,3.08,484,27.2,24.7,98.6,"23,115","11,987",34.1%,"8,199","3,788",65.0%,"21,658.76","7,663.60","14,129.60",0.403,34.8%,21.64,599.4,173.7,0.558
612,01/12/2025,2025,Dec,12,Q4,ROMPIN,PANTAI TIMUR,SG AUR,Luar Bandar,"1,800",33,"4,437",998,"34,158","19,928","1,340",429,68.4%,0.937,"16,717",0.3942,"3,263","6,250",7,20,1,7.8,3,3.4,1.86,470,27.3,43.8,98.8,"21,697","12,461",36.5%,"8,523","3,938",61.2%,"20,330.09","6,589.84","16,102.84",0.471,20.8%,20.37,623.1,157.7,0.489
613,01/01/2023,2023,Jan,1,Q1,ROMPIN,PANTAI TIMUR,MUADZAM SHAH,Pinggir Bandar,"17,100",14,"38,873","9,452","324,671","189,365","27,063","13,009",72.9%,1.149,"144,268",0.3708,"21,622","9,387",10,35,2,9.2,13,6,2.28,157,27.3,25.7,96.8,"229,437","95,234",29.3%,"69,426","25,808",61.2%,"263,623.11","53,494.57","84,503.57",0.260,67.9%,27.89,"2,721.0",190.4,0.444
614,01/02/2023,2023,Feb,2,Q1,ROMPIN,PANTAI TIMUR,MUADZAM SHAH,Pinggir Bandar,"17,100",14,"38,873","8,714","303,506","169,155","24,539","11,766",72.9%,1.149,"116,229",0.3762,"15,489","6,935",10,35,1,9.2,9,4,2.2,185,26.6,31.7,98.6,"205,460","98,046",32.3%,"71,476","26,570",63.4%,"236,073.54","43,725.35","66,149.35",0.218,72.0%,27.09,"2,801.3",188.8,0.383
615,01/03/2023,2023,Mar,3,Q1,ROMPIN,PANTAI TIMUR,MUADZAM SHAH,Pinggir Bandar,"17,100",14,"38,873","9,040","335,696","186,810","24,993","15,480",72.9%,1.149,"133,102",0.3719,"18,376","7,157",10,35,1,9.2,16,2.7,3.05,198,27.2,26.4,97.1,"227,283","108,413",32.3%,"79,033","29,380",63.3%,"261,148.17","49,500.63","75,033.63",0.224,71.3%,28.89,"3,097.5",188.6,0.396
616,01/04/2023,2023,Apr,4,Q2,ROMPIN,PANTAI TIMUR,MUADZAM SHAH,Pinggir Bandar,"17,100",14,"38,873","9,092","324,573","188,363","31,094","12,184",72.9%,1.149,"143,157",0.3804,"20,999","8,680",10,35,1,9.2,16,3.5,3.15,291,28.1,32,97.1,"231,641","92,932",28.6%,"67,747","25,185",63.3%,"266,155.51","54,456.92","84,135.92",0.259,68.4%,29.27,"2,655.2",198.6,0.441
617,01/05/2023,2023,May,5,Q2,ROMPIN,PANTAI TIMUR,MUADZAM SHAH,Pinggir Bandar,"17,100",14,"38,873","9,685","336,858","192,048","25,526","16,639",72.9%,1.149,"150,716",0.3837,"20,502","6,165",10,35,1,9.2,17,1.9,3.35,145,27.9,18.8,99,"234,213","102,645",30.5%,"74,828","27,817",63.5%,"269,110.74","57,829.73","84,496.73",0.251,68.6%,27.79,"2,932.7",194.4,0.447
618,01/06/2023,2023,Jun,6,Q2,ROMPIN,PANTAI TIMUR,MUADZAM SHAH,Pinggir Bandar,"17,100",14,"38,873","8,704","352,684","195,676","25,029","12,326",72.9%,1.149,"147,722",0.3822,"20,747","6,554",10,35,1,9.2,12,2.4,2.49,192,27.7,29.8,96.8,"233,031","119,653",33.9%,"87,227","32,426",68.7%,"267,752.62","56,459.35","83,760.35",0.237,68.7%,30.76,"3,418.7",199.8,0.419
619,01/07/2023,2023,Jul,7,Q3,ROMPIN,PANTAI TIMUR,MUADZAM SHAH,Pinggir Bandar,"17,100",14,"38,873","9,216","335,100","192,937","26,265","13,187",72.9%,1.149,"147,770",0.3801,"17,767","7,748",10,35,1,9.2,19,2.4,2.68,180,26.9,25.2,97.7,"232,389","102,711",30.7%,"74,876","27,835",63.2%,"267,014.96","56,167.38","81,682.38",0.244,69.4%,28.97,"2,934.6",192.8,0.441
620,01/08/2023,2023,Aug,8,Q3,ROMPIN,PANTAI TIMUR,MUADZAM SHAH,Pinggir Bandar,"17,100",14,"38,873","9,420","338,221","193,267","28,533","16,313",72.9%,1.149,"148,161",0.3706,"19,394","7,905",10,35,1,9.2,8,4,3.04,163,28.3,29.3,98.4,"238,113","100,108",29.6%,"72,979","27,129",63.8%,"273,591.84","54,908.47","82,207.47",0.243,70.0%,29.04,"2,860.2",197.6,0.438
621,01/09/2023,2023,Sep,9,Q3,ROMPIN,PANTAI TIMUR,MUADZAM SHAH,Pinggir Bandar,"17,100",14,"38,873","8,880","313,966","180,100","25,598","14,354",72.9%,1.149,"123,244",0.3797,"17,492","8,152",10,35,1,9.2,11,3.7,3.13,269,27.1,30.8,97,"220,052","93,914",29.9%,"68,463","25,451",61.2%,"252,839.75","46,795.75","72,439.75",0.231,71.3%,28.47,"2,683.3",188.7,0.393
622,01/10/2023,2023,Oct,10,Q4,ROMPIN,PANTAI TIMUR,MUADZAM SHAH,Pinggir Bandar,"17,100",14,"38,873","9,117","331,295","190,310","25,754","11,940",72.9%,1.149,"142,318",0.3738,"16,770","6,181",10,35,1,9.2,11,2.6,2.48,271,27.7,30.7,98.7,"228,004","103,291",31.2%,"75,299","27,992",62.5%,"261,976.60","53,198.47","76,149.47",0.230,70.9%,28.73,"2,951.2",189.2,0.430
623,01/11/2023,2023,Nov,11,Q4,ROMPIN,PANTAI TIMUR,MUADZAM SHAH,Pinggir Bandar,"17,100",14,"38,873","9,151","306,565","169,788","23,906","11,362",72.9%,1.149,"118,073",0.3794,"20,319","12,345",10,35,2,9.2,20,5.1,2.05,349,27.6,43.6,96.9,"205,056","101,509",33.1%,"74,000","27,509",59.8%,"235,609.34","44,796.90","77,460.90",0.253,67.1%,25.75,"2,900.3",175.8,0.385
624,01/12/2023,2023,Dec,12,Q4,ROMPIN,PANTAI TIMUR,MUADZAM SHAH,Pinggir Bandar,"17,100",14,"38,873","9,037","301,334","179,414","23,337","11,164",72.9%,1.149,"127,373",0.3686,"16,875","12,241",10,35,2,9.2,21,9.8,2.1,568,25.8,40.7,97,"213,915","87,419",29.0%,"63,728","23,691",56.8%,"245,788.34","46,949.69","76,065.69",0.252,69.1%,27.20,"2,497.7",177.5,0.423
625,01/01/2024,2024,Jan,1,Q1,ROMPIN,PANTAI TIMUR,MUADZAM SHAH,Pinggir Bandar,"17,100",15,"39,729","9,068","331,737","187,766","27,798","15,070",72.9%,1.149,"133,034",0.3840,"18,798","7,355",10,35,1,10.2,10,2.2,2.69,144,27.4,25,96.5,"230,634","101,103",30.5%,"73,704","27,399",62.6%,"264,998.47","51,085.06","77,238.06",0.233,70.9%,29.22,"2,888.7",187.3,0.401
626,01/02/2024,2024,Feb,2,Q1,ROMPIN,PANTAI TIMUR,MUADZAM SHAH,Pinggir Bandar,"17,100",15,"39,729","9,435","304,855","176,530","28,676","13,711",72.9%,1.149,"123,402",0.3784,"19,925","7,576",10,35,1,10.2,9,3.3,1.97,129,26.8,22.5,98.3,"218,917","85,938",28.2%,"62,649","23,289",61.5%,"251,535.63","46,695.32","74,196.32",0.243,70.5%,26.66,"2,455.4",190.0,0.405
627,01/03/2024,2024,Mar,3,Q1,ROMPIN,PANTAI TIMUR,MUADZAM SHAH,Pinggir Bandar,"17,100",15,"39,729","9,498","325,879","195,498","25,224","12,451",72.9%,1.149,"135,620",0.3860,"16,770","8,945",10,35,2,10.2,16,8.7,2.71,245,28.3,29.4,99.4,"233,173","92,706",28.4%,"67,583","25,123",61.5%,"267,915.78","52,349.32","78,064.32",0.240,70.9%,28.21,"2,648.7",189.3,0.416
628,01/04/2024,2024,Apr,4,Q2,ROMPIN,PANTAI TIMUR,MUADZAM SHAH,Pinggir Bandar,"17,100",15,"39,729","9,827","334,487","187,140","29,708","15,891",72.9%,1.149,"135,600",0.3927,"19,188","6,880",10,35,1,10.2,16,2.1,3.2,176,28.4,21.5,97.2,"232,739","101,748",30.4%,"74,174","27,574",65.2%,"267,417.11","53,250.12","79,318.12",0.237,70.3%,27.21,"2,907.1",195.3,0.405
629,01/05/2024,2024,May,5,Q2,ROMPIN,PANTAI TIMUR,MUADZAM SHAH,Pinggir Bandar,"17,100",15,"39,729","9,618","364,209","205,646","29,806","17,968",72.9%,1.149,"162,547",0.3805,"21,238","10,706",10,35,2,10.2,13,7.2,1.96,198,28.6,37.9,99,"253,420","110,789",30.4%,"80,765","30,024",68.7%,"291,179.58","61,849.13","93,793.13",0.258,67.8%,30.27,"3,165.4",205.8,0.446
630,01/06/2024,2024,Jun,6,Q2,ROMPIN,PANTAI TIMUR,MUADZAM SHAH,Pinggir Bandar,"17,100",15,"39,729","9,848","338,942","196,389","31,356","16,082",72.9%,1.149,"130,144",0.3960,"21,202","11,184",10,35,2,10.2,10,4.3,,152,28.8,16.6,99.8,"243,827","95,115",28.1%,"69,339","25,776",66.1%,"280,157.22","51,537.02","83,923.02",0.248,70.0%,28.45,"2,717.6",204.6,0.384
631,01/07/2024,2024,Jul,7,Q3,ROMPIN,PANTAI TIMUR,MUADZAM SHAH,Pinggir Bandar,"17,100",15,"39,729","9,067","354,530","210,550","33,077","13,093",72.9%,1.149,"144,264",0.3793,"18,637","7,850",10,35,1,10.2,8,4.8,3.41,145,27.2,,98.6,"256,720","97,810",27.6%,"71,303","26,507",66.9%,"294,971.28","54,719.34","81,206.34",0.229,72.5%,32.53,"2,794.6",208.4,0.407
632,01/08/2024,2024,Aug,8,Q3,ROMPIN,PANTAI TIMUR,MUADZAM SHAH,Pinggir Bandar,"17,100",15,"39,729","9,358","330,739","185,983","27,504","11,710",72.9%,1.149,"143,974",0.3952,"19,933","9,139",10,35,1,10.2,18,3,2.12,119,27.9,19.4,99.3,"225,197","105,542",31.9%,"76,940","28,602",62.4%,"258,751.35","56,898.52","85,970.52",0.260,66.8%,27.65,"3,015.5",182.8,0.435
633,01/09/2024,2024,Sep,9,Q3,ROMPIN,PANTAI TIMUR,MUADZAM SHAH,Pinggir Bandar,"17,100",15,"39,729","10,023","335,758","189,924","25,667","12,823",72.9%,1.149,"150,467",0.3843,"19,995","8,669",10,35,1,10.2,19,2.7,2.68,137,26.8,21.9,97.9,"228,414","107,344",32.0%,"78,254","29,090",65.4%,"262,447.69","57,824.47","86,488.47",0.258,67.0%,26.18,"3,067.0",191.6,0.448
634,01/10/2024,2024,Oct,10,Q4,ROMPIN,PANTAI TIMUR,MUADZAM SHAH,Pinggir Bandar,"17,100",15,"39,729","9,232","334,876","191,358","28,921","12,848",72.9%,1.149,"141,033",0.3820,"19,780","9,108",10,35,1,10.2,8,4.4,2.19,252,27.5,27.7,99.4,"233,127","101,749",30.4%,"74,175","27,574",63.2%,"267,862.92","53,874.61","82,762.61",0.247,69.1%,29.01,"2,907.1",189.3,0.421
635,01/11/2024,2024,Nov,11,Q4,ROMPIN,PANTAI TIMUR,MUADZAM SHAH,Pinggir Bandar,"17,100",15,"39,729","9,396","323,319","187,812","26,941","16,653",72.9%,1.149,"125,698",0.3814,"18,259","10,233",10,35,2,10.2,12,5.8,2.43,508,27.5,46,97.9,"231,406","91,913",28.4%,"67,005","24,908",63.0%,"265,885.49","47,941.22","76,433.22",0.236,71.3%,28.30,"2,626.1",194.2,0.389
636,01/12/2024,2024,Dec,12,Q4,ROMPIN,PANTAI TIMUR,MUADZAM SHAH,Pinggir Bandar,"17,100",15,"39,729","9,925","307,056","175,117","29,578","12,373",72.9%,1.149,"120,914",0.3790,"20,174","6,615",10,35,1,10.2,13,2.2,2.35,405,26.5,24.3,99.5,"217,068","89,988",29.3%,"65,601","24,387",57.9%,"249,411.13","45,826.41","72,615.41",0.236,70.9%,25.13,"2,571.1",176.2,0.394
637,01/01/2025,2025,Jan,1,Q1,ROMPIN,PANTAI TIMUR,MUADZAM SHAH,Pinggir Bandar,"17,100",16,"40,816","9,824","314,910","178,644","27,639","15,580",72.9%,1.149,"122,631",0.3997,"17,581","6,837",10,35,1,11.2,14,3.6,2.43,159,27.1,31.4,96.8,"221,863","93,047",29.5%,"67,831","25,216",59.4%,"254,920.59","49,015.61","73,433.61",0.233,71.2%,25.95,"2,658.5",175.3,0.389
638,01/02/2025,2025,Feb,2,Q1,ROMPIN,PANTAI TIMUR,MUADZAM SHAH,Pinggir Bandar,"17,100",16,"40,816","9,660","307,837","178,394","28,192","14,116",72.9%,1.149,"120,085",0.3974,"20,461","5,701",10,35,1,11.2,15,2.1,1.94,121,28.1,21,98.4,"220,702","87,135",28.3%,"63,521","23,614",64.3%,"253,586.60","47,721.78","73,883.78",0.240,70.9%,26.25,"2,489.6",193.1,0.390
639,01/03/2025,2025,Mar,3,Q1,ROMPIN,PANTAI TIMUR,MUADZAM SHAH,Pinggir Bandar,"17,100",16,"40,816","9,205","350,601","207,494","34,926","14,626",72.9%,1.149,"142,858",0.4041,"21,801","6,803",10,35,1,11.2,15,2.5,2.88,139,27.7,20.5,98.6,"257,046","93,555",26.7%,"68,202","25,353",66.1%,"295,345.85","57,728.92","86,332.92",0.246,70.8%,32.09,"2,673.0",203.2,0.407
640,01/04/2025,2025,Apr,4,Q2,ROMPIN,PANTAI TIMUR,MUADZAM SHAH,Pinggir Bandar,"17,100",16,"40,816","9,325","359,575","212,267","32,606","13,523",72.9%,1.149,"140,278",0.3956,"21,476","7,778",10,35,1,11.2,13,4.5,2.73,305,28.4,23.8,98.7,"258,396","101,179",28.1%,"73,759","27,420",70.1%,"296,897.00","55,493.98","84,747.98",0.236,71.5%,31.84,"2,890.8",211.0,0.390
641,01/05/2025,2025,May,5,Q2,ROMPIN,PANTAI TIMUR,MUADZAM SHAH,Pinggir Bandar,"17,100",16,"40,816","10,149","371,624","215,713","29,715","15,177",72.9%,1.149,"166,159",0.4041,"20,180","7,607",10,35,1,11.2,13,4.8,3.06,257,28.6,29.5,97.8,"260,605","111,019",29.9%,"80,933","30,086",70.1%,"299,435.15","67,144.85","94,931.85",0.255,68.3%,29.50,"3,172.0",206.0,0.447
642,01/06/2025,2025,Jun,6,Q2,ROMPIN,PANTAI TIMUR,MUADZAM SHAH,Pinggir Bandar,"17,100",16,"40,816","9,467","338,808","199,562","29,266","14,754",72.9%,1.149,"136,044",0.3986,"19,610","7,197",10,35,1,11.2,8,3.2,2.41,100,28,17.5,98.1,"243,582","95,226",28.1%,"69,420","25,806",66.0%,"279,875.72","54,227.14","81,034.14",0.239,71.0%,29.56,"2,720.7",198.9,0.402
643,01/07/2025,2025,Jul,7,Q3,ROMPIN,PANTAI TIMUR,MUADZAM SHAH,Pinggir Bandar,"17,100",16,"40,816","9,534","352,153","208,013","35,190","14,943",72.9%,1.149,"148,647",0.4063,"18,389","12,145",10,35,2,11.2,14,4.8,2.91,117,28.5,25.6,98.3,"258,146","94,007",26.7%,"68,531","25,476",66.4%,"296,609.75","60,395.28","90,929.28",0.258,69.3%,31.11,"2,685.9",204.0,0.422
644,01/08/2025,2025,Aug,8,Q3,ROMPIN,PANTAI TIMUR,MUADZAM SHAH,Pinggir Bandar,"17,100",16,"40,816","9,935","359,710","214,269","29,105","17,497",72.9%,1.149,"158,876",0.4060,"22,796","8,827",10,35,1,11.2,16,3,2.07,210,27.7,26.3,97.7,"260,871","98,839",27.5%,"72,054","26,785",67.9%,"299,740.78","64,503.66","96,126.66",0.267,67.9%,30.17,"2,824.0",206.2,0.442
645,01/09/2025,2025,Sep,9,Q3,ROMPIN,PANTAI TIMUR,MUADZAM SHAH,Pinggir Bandar,"17,100",16,"40,816","9,909","353,505","202,823","34,112","15,163",72.9%,1.149,"146,543",0.4069,"19,974","7,169",10,35,1,11.2,14,3.5,3.17,204,28.3,27.8,99.6,"252,098","101,407",28.7%,"73,926","27,481",68.9%,"289,660.60","59,628.35","86,771.35",0.245,70.0%,29.23,"2,897.3",205.9,0.415
646,01/10/2025,2025,Oct,10,Q4,ROMPIN,PANTAI TIMUR,MUADZAM SHAH,Pinggir Bandar,"17,100",16,"40,816","10,035","331,674","194,116","29,280","15,558",72.9%,1.149,"139,104",0.3958,"20,212","9,338",10,35,1,11.2,11,4.8,3.3,249,27.7,22.3,98.4,"238,954","92,720",28.0%,"67,593","25,127",62.6%,"274,558.15","55,057.36","84,607.36",0.255,69.2%,27.36,"2,649.1",188.9,0.419
647,01/11/2025,2025,Nov,11,Q4,ROMPIN,PANTAI TIMUR,MUADZAM SHAH,Pinggir Bandar,"17,100",16,"40,816","9,273","327,249","190,145","30,377","15,986",72.9%,1.149,"140,742",0.3953,"18,476","5,870",10,35,1,11.2,14,2,1.84,342,27.1,35,99.4,"236,508","90,741",27.7%,"66,150","24,591",63.8%,"271,747.69","55,635.31","79,981.31",0.244,70.6%,29.31,"2,592.6",193.1,0.430
648,01/12/2025,2025,Dec,12,Q4,ROMPIN,PANTAI TIMUR,MUADZAM SHAH,Pinggir Bandar,"17,100",16,"40,816","10,003","317,897","190,483","26,806","16,088",72.9%,1.149,"124,479",0.4058,"18,202","9,097",10,35,1,11.2,7,2.6,2,295,26.1,47,100,"233,377","84,520",26.6%,"61,615","22,905",60.0%,"268,150.17","50,513.58","77,812.58",0.245,71.0%,26.81,"2,414.9",184.4,0.392
649,01/01/2023,2023,Jan,1,Q1,ROMPIN,PANTAI TIMUR,SG KERATONG,Luar Bandar,"4,700",20,"10,639","2,419","89,282","47,229","2,925","1,338",55.9%,0.959,"30,609",0.3760,"5,852","5,888",8,23,1,9.5,6,3.9,2.34,207,26.3,30,96.7,"51,492","37,790",42.3%,"21,125","16,665",61.3%,"49,380.83","11,508.98","23,248.98",0.260,52.9%,20.41,"1,643.0",156.1,0.343
650,01/02/2023,2023,Feb,2,Q1,ROMPIN,PANTAI TIMUR,SG KERATONG,Luar Bandar,"4,700",20,"10,639","2,591","82,092","46,240","2,606","1,153",55.9%,0.959,"30,810",0.3816,"5,731","5,399",8,23,1,9.5,5,4.5,2.15,145,27.3,22.6,97.3,"49,999","32,093",39.1%,"17,940","14,153",62.4%,"47,949.04","11,757.10","22,887.10",0.279,52.3%,18.51,"1,395.3",167.8,0.375
651,01/03/2023,2023,Mar,3,Q1,ROMPIN,PANTAI TIMUR,SG KERATONG,Luar Bandar,"4,700",20,"10,639","2,563","95,285","54,032","3,299","1,273",55.9%,0.959,"34,750",0.3684,"7,039","4,898",8,23,1,9.5,6,2.4,1.91,174,27.7,,98.7,"58,604","36,681",38.5%,"20,505","16,176",65.4%,"56,201.24","12,801.90","24,738.90",0.260,56.0%,21.93,"1,594.8",177.7,0.365
652,01/04/2023,2023,Apr,4,Q2,ROMPIN,PANTAI TIMUR,SG KERATONG,Luar Bandar,"4,700",20,"10,639","2,591","87,915","49,430","2,957","1,287",55.9%,0.959,"28,647",0.3705,"7,112","6,268",8,23,1,9.5,3,3.1,2.92,260,28.2,32.2,98.7,"53,674","34,241",38.9%,"19,141","15,100",62.4%,"51,473.37","10,613.71","23,993.71",0.273,53.4%,19.87,"1,488.7",168.2,0.326
653,01/05/2023,2023,May,5,Q2,ROMPIN,PANTAI TIMUR,SG KERATONG,Luar Bandar,"4,700",20,"10,639","2,603","93,742","50,431","3,547","1,070",55.9%,0.959,"33,543",0.3748,"6,122","4,624",8,23,1,9.5,4,4.3,1.73,269,28.1,28,99.8,"55,048","38,694",41.3%,"21,630","17,064",64.3%,"52,791.03","12,571.92","23,317.92",0.249,55.8%,20.28,"1,682.3",166.9,0.358
654,01/06/2023,2023,Jun,6,Q2,ROMPIN,PANTAI TIMUR,SG KERATONG,Luar Bandar,"4,700",20,"10,639","2,389","89,474","48,785","3,268","1,050",55.9%,0.959,"32,329",0.3664,"7,167","6,479",8,23,1,9.5,5,4.3,2.08,151,28.2,26.2,99.7,"53,103","36,371",40.6%,"20,331","16,040",63.5%,"50,925.78","11,845.35","25,491.35",0.285,49.9%,21.32,"1,581.3",166.4,0.361
655,01/07/2023,2023,Jul,7,Q3,ROMPIN,PANTAI TIMUR,SG KERATONG,Luar Bandar,"4,700",20,"10,639","2,581","95,069","52,081","3,234","1,192",55.9%,0.959,"34,791",0.3832,"7,262","6,800",8,23,1,9.5,7,2.7,1.76,124,27.6,15,98.6,"56,507","38,562",40.6%,"21,556","17,006",65.2%,"54,190.21","13,331.91","27,393.91",0.288,49.4%,21.00,"1,676.6",171.3,0.366
656,01/08/2023,2023,Aug,8,Q3,ROMPIN,PANTAI TIMUR,SG KERATONG,Luar Bandar,"4,700",20,"10,639","2,683","93,994","50,650","2,928","1,088",55.9%,0.959,"33,075",0.3731,"8,138","7,063",8,23,1,9.5,4,3.9,2.53,146,27.1,24.4,97.9,"54,666","39,328",41.8%,"21,984","17,344",64.5%,"52,424.69","12,340.28","27,541.28",0.293,47.5%,19.54,"1,709.9",165.8,0.352
657,01/09/2023,2023,Sep,9,Q3,ROMPIN,PANTAI TIMUR,SG KERATONG,Luar Bandar,"4,700",20,"10,639","2,397","91,256","52,010","3,186","1,449",55.9%,0.959,"31,629",0.3841,"7,399","5,188",8,23,1,9.5,5,4.4,2.13,249,27.9,40.6,96.6,"56,645","34,611",37.9%,"19,348","15,263",64.7%,"54,322.56","12,148.70","24,735.70",0.271,54.5%,22.66,"1,504.8",177.5,0.347
658,01/10/2023,2023,Oct,10,Q4,ROMPIN,PANTAI TIMUR,SG KERATONG,Luar Bandar,"4,700",20,"10,639","2,653","90,140","50,856","3,344","1,239",55.9%,0.959,"31,408",0.3780,"6,042","6,850",8,23,1,9.5,7,2.7,3.06,323,27.4,38.9,98.4,"55,439","34,701",38.5%,"19,398","15,303",61.9%,"53,166.00","11,872.22","24,764.22",0.275,53.4%,20.04,"1,508.7",168.1,0.348
659,01/11/2023,2023,Nov,11,Q4,ROMPIN,PANTAI TIMUR,SG KERATONG,Luar Bandar,"4,700",20,"10,639","2,533","82,491","45,810","3,219","1,301",55.9%,0.959,"30,269",0.3768,"6,112","6,576",8,23,1,9.5,5,1.9,2.17,270,26.3,25.1,99.5,"50,330","32,161",39.0%,"17,978","14,183",58.5%,"48,266.47","11,405.36","24,093.36",0.292,50.1%,19.06,"1,398.3",157.7,0.367
660,01/12/2023,2023,Dec,12,Q4,ROMPIN,PANTAI TIMUR,SG KERATONG,Luar Bandar,"4,700",20,"10,639","2,634","90,181","48,808","2,983","1,410",55.9%,0.959,"29,446",0.3834,"7,695","7,040",8,23,1,9.5,3,2.6,2.03,379,26.2,34.1,98.9,"53,201","36,980",41.0%,"20,672","16,308",61.9%,"51,019.76","11,289.60","26,024.60",0.289,49.0%,19.37,"1,607.8",161.3,0.327
661,01/01/2024,2024,Jan,1,Q1,ROMPIN,PANTAI TIMUR,SG KERATONG,Luar Bandar,"4,700",21,"10,893","2,637","86,027","50,561","3,594","1,069",55.9%,0.959,"30,156",0.3805,"6,660","4,497",8,23,1,10.5,4,4,3.29,148,27.1,29.3,97.2,"55,224","30,803",35.8%,"17,219","13,584",59.0%,"52,959.82","11,474.36","22,631.36",0.263,57.3%,20.08,"1,339.3",163.5,0.351
662,01/02/2024,2024,Feb,2,Q1,ROMPIN,PANTAI TIMUR,SG KERATONG,Luar Bandar,"4,700",21,"10,893","2,561","77,592","44,585","3,141",939,55.9%,0.959,"25,073",0.3955,"6,319","4,451",8,23,1,10.5,6,4.3,2.92,103,27,16.2,96.6,"48,665","28,927",37.3%,"16,170","12,757",56.9%,"46,669.74","9,916.37","20,686.37",0.267,55.7%,18.22,"1,257.7",154.1,0.323
663,01/03/2024,2024,Mar,3,Q1,ROMPIN,PANTAI TIMUR,SG KERATONG,Luar Bandar,"4,700",21,"10,893","2,528","89,447","49,422","3,507","1,345",55.9%,0.959,"30,692",0.3926,"7,473","6,599",8,23,1,10.5,3,3,2.77,135,27.5,25,97.5,"54,274","35,173",39.3%,"19,662","15,511",61.4%,"52,048.77","12,049.68","26,121.68",0.292,49.8%,20.59,"1,529.3",160.7,0.343
664,01/04/2024,2024,Apr,4,Q2,ROMPIN,PANTAI TIMUR,SG KERATONG,Luar Bandar,"4,700",21,"10,893","2,644","97,068","54,951","3,797","1,299",55.9%,0.959,"32,987",0.3832,"8,324","4,890",8,23,1,10.5,3,4.8,2.96,215,28.2,24.7,99.5,"60,047","37,021",38.1%,"20,695","16,326",68.8%,"57,585.07","12,640.62","25,854.62",0.266,55.1%,21.78,"1,609.6",183.7,0.340
665,01/05/2024,2024,May,5,Q2,ROMPIN,PANTAI TIMUR,SG KERATONG,Luar Bandar,"4,700",21,"10,893","2,706","102,495","56,414","4,033","1,301",55.9%,0.959,"36,116",0.3834,"7,975","5,625",8,23,1,10.5,3,4.9,2.55,204,28.6,14.2,96.6,"61,748","40,747",39.8%,"22,778","17,969",70.3%,"59,216.33","13,846.87","27,446.87",0.268,53.6%,21.88,"1,771.6",182.9,0.352
666,01/06/2024,2024,Jun,6,Q2,ROMPIN,PANTAI TIMUR,SG KERATONG,Luar Bandar,"4,700",21,"10,893","2,651","92,689","52,354","3,332","1,173",55.9%,0.959,"30,642",0.3871,"6,048","6,968",8,23,1,10.5,6,2.6,3.08,99,27.5,12.9,98.2,"56,859","35,830",38.7%,"20,029","15,801",65.7%,"54,527.78","11,861.52","24,877.52",0.268,54.4%,20.57,"1,557.8",174.0,0.331
667,01/07/2024,2024,Jul,7,Q3,ROMPIN,PANTAI TIMUR,SG KERATONG,Luar Bandar,"4,700",21,"10,893","2,688","101,881","57,511","3,806","1,252",55.9%,0.959,"38,047",0.3906,"7,027","4,976",8,23,1,10.5,6,2.8,3.24,197,28.3,19.7,97.6,"62,569","39,312",38.6%,"21,975","17,337",69.9%,"60,003.67","14,861.16","26,864.16",0.264,55.2%,22.32,"1,709.2",185.3,0.373
668,01/08/2024,2024,Aug,8,Q3,ROMPIN,PANTAI TIMUR,SG KERATONG,Luar Bandar,"4,700",21,"10,893","2,506","101,051","55,284","3,194","1,419",55.9%,0.959,"34,445",0.3821,"8,606","4,907",8,23,1,10.5,5,2.6,2.11,130,28.3,29,98.5,"59,897","41,154",40.7%,"23,005","18,149",69.4%,"57,441.22","13,161.43","26,674.43",0.264,53.6%,22.92,"1,789.3",177.4,0.341
669,01/09/2024,2024,Sep,9,Q3,ROMPIN,PANTAI TIMUR,SG KERATONG,Luar Bandar,"4,700",21,"10,893","2,502","92,812","54,497","3,255","1,299",55.9%,0.959,"32,497",0.3915,"6,346","5,653",8,23,1,10.5,4,4.6,2.2,227,27,23.1,99.1,"59,051","33,761",36.4%,"18,872","14,889",65.8%,"56,629.91","12,722.58","24,721.58",0.266,56.3%,22.63,"1,467.9",180.7,0.350
670,01/10/2024,2024,Oct,10,Q4,ROMPIN,PANTAI TIMUR,SG KERATONG,Luar Bandar,"4,700",21,"10,893","2,553","87,307","51,332","3,402","1,074",55.9%,0.959,"29,800",0.3831,"6,480","2,469",8,23,0,10.5,2,0,2.22,399,26.6,34.7,96.8,"55,808","31,499",36.1%,"17,608","13,891",59.9%,"53,519.87","11,416.38","20,365.38",0.233,61.9%,20.96,"1,369.5",165.3,0.341
671,01/11/2024,2024,Nov,11,Q4,ROMPIN,PANTAI TIMUR,SG KERATONG,Luar Bandar,"4,700",21,"10,893","2,649","82,602","46,858","3,182","1,129",55.9%,0.959,"29,898",0.3966,"5,672","5,791",8,23,1,10.5,3,3.7,1.73,371,27.7,39.7,98.1,"51,169","31,433",38.1%,"17,571","13,862",58.6%,"49,071.07","11,857.55","23,320.55",0.282,52.5%,18.52,"1,366.7",156.6,0.362
672,01/12/2024,2024,Dec,12,Q4,ROMPIN,PANTAI TIMUR,SG KERATONG,Luar Bandar,"4,700",21,"10,893","2,641","91,287","50,074","3,492","1,043",55.9%,0.959,"31,042",0.3892,"6,702","7,258",8,23,1,10.5,3,3.1,2.91,451,27,37.2,98.5,"54,609","36,678",40.2%,"20,503","16,175",62.7%,"52,370.03","12,081.55","26,041.55",0.285,50.3%,19.83,"1,594.7",161.7,0.340
673,01/01/2025,2025,Jan,1,Q1,ROMPIN,PANTAI TIMUR,SG KERATONG,Luar Bandar,"4,700",22,"11,152","2,741","88,065","51,250","3,642","1,236",55.9%,0.959,"32,471",0.3985,"6,907","4,575",8,23,1,11.5,5,2.8,2.75,191,26.8,22.2,97.1,"56,128","31,937",36.3%,"17,853","14,084",60.4%,"53,826.75","12,939.69","24,421.69",0.277,54.6%,19.64,"1,388.6",162.4,0.369
674,01/02/2025,2025,Feb,2,Q1,ROMPIN,PANTAI TIMUR,SG KERATONG,Luar Bandar,"4,700",22,"11,152","2,761","79,999","44,626","2,655","1,247",55.9%,0.959,"26,217",0.4061,"6,758","6,842",8,23,1,11.5,4,4.1,3.23,108,27.2,15.7,98.3,"48,528","31,471",39.3%,"17,592","13,879",60.8%,"46,538.35","10,646.72","24,246.72",0.303,47.9%,16.86,"1,368.3",155.4,0.328
675,01/03/2025,2025,Mar,3,Q1,ROMPIN,PANTAI TIMUR,SG KERATONG,Luar Bandar,"4,700",22,"11,152","2,505","100,549","56,376","3,650","1,293",55.9%,0.959,"35,495",0.3989,"8,738","4,000",8,23,0,11.5,4,0,3.03,206,28.3,28.1,98.5,"61,319","39,230",39.0%,"21,930","17,300",69.0%,"58,804.92","14,158.96","26,896.96",0.268,54.3%,23.48,"1,705.7",177.4,0.353
676,01/04/2025,2025,Apr,4,Q2,ROMPIN,PANTAI TIMUR,SG KERATONG,Luar Bandar,"4,700",22,"11,152","2,644","92,235","55,082","3,365","1,281",55.9%,0.959,"30,660",0.4024,"7,086","6,347",8,23,1,11.5,6,2.4,3.28,197,28.2,29.3,98,"59,728","32,507",35.2%,"18,171","14,336",65.4%,"57,279.15","12,337.58","25,770.58",0.279,55.0%,21.66,"1,413.3",178.5,0.332
677,01/05/2025,2025,May,5,Q2,ROMPIN,PANTAI TIMUR,SG KERATONG,Luar Bandar,"4,700",22,"11,152","2,656","95,963","55,429","3,203","1,167",55.9%,0.959,"33,077",0.4085,"7,612","4,644",8,23,1,11.5,4,2,2.29,162,28.4,22,99.5,"59,799","36,164",37.7%,"20,216","15,948",65.9%,"57,347.24","13,511.95","25,767.95",0.269,55.1%,21.59,"1,572.3",173.0,0.345
678,01/06/2025,2025,Jun,6,Q2,ROMPIN,PANTAI TIMUR,SG KERATONG,Luar Bandar,"4,700",22,"11,152","2,765","97,720","55,058","3,218","1,325",55.9%,0.959,"33,870",0.3981,"7,666","5,207",8,23,1,11.5,5,4.5,2.95,173,28.9,25.4,98.6,"59,601","38,119",39.0%,"21,309","16,810",69.3%,"57,157.36","13,483.65","26,356.65",0.270,53.9%,20.67,"1,657.3",178.1,0.347
679,01/07/2025,2025,Jul,7,Q3,ROMPIN,PANTAI TIMUR,SG KERATONG,Luar Bandar,"4,700",22,"11,152","2,720","103,730","58,499","4,150","1,570",55.9%,0.959,"37,863",0.3928,"8,233","5,271",8,23,1,11.5,5,4.4,2.15,114,27.2,12.3,98.1,"64,219","39,511",38.1%,"22,087","17,424",71.2%,"61,586.02","14,872.59","28,376.59",0.274,53.9%,22.64,"1,717.9",185.8,0.365
680,01/08/2025,2025,Aug,8,Q3,ROMPIN,PANTAI TIMUR,SG KERATONG,Luar Bandar,"4,700",22,"11,152","2,784","97,556","54,384","3,884","1,224",55.9%,0.959,"32,716",0.4046,"7,227","5,956",8,23,1,11.5,5,2.8,2.77,132,28,21.5,99.8,"59,492","38,064",39.0%,"21,278","16,786",67.0%,"57,052.83","13,236.89","26,419.89",0.271,53.7%,20.49,"1,655.0",172.1,0.335
681,01/09/2025,2025,Sep,9,Q3,ROMPIN,PANTAI TIMUR,SG KERATONG,Luar Bandar,"4,700",22,"11,152","2,796","96,838","53,389","3,686","1,324",55.9%,0.959,"34,521",0.4010,"6,640","6,444",8,23,1,11.5,4,4.7,1.78,201,28.2,26.8,99.3,"58,399","38,439",39.7%,"21,487","16,952",68.7%,"56,004.64","13,842.92","26,926.92",0.278,51.9%,20.03,"1,671.3",174.6,0.356
682,01/10/2025,2025,Oct,10,Q4,ROMPIN,PANTAI TIMUR,SG KERATONG,Luar Bandar,"4,700",22,"11,152","2,627","95,929","54,286","3,157","1,330",55.9%,0.959,"34,915",0.4031,"8,161","4,832",8,23,1,11.5,4,3.8,3.05,393,28.1,35.8,99.3,"58,773","37,156",38.7%,"20,770","16,386",65.8%,"56,363.31","14,074.24","27,067.24",0.282,52.0%,21.46,"1,615.5",170.0,0.364
683,01/11/2025,2025,Nov,11,Q4,ROMPIN,PANTAI TIMUR,SG KERATONG,Luar Bandar,"4,700",22,"11,152","2,590","88,680","50,353","3,573","1,096",55.9%,0.959,"31,371",0.4049,"7,259","5,341",8,23,1,11.5,6,4.4,3.04,373,26.5,38.3,98.6,"55,022","33,658",38.0%,"18,815","14,843",62.9%,"52,766.10","12,702.12","25,302.12",0.285,52.0%,20.37,"1,463.4",164.5,0.354
684,01/12/2025,2025,Dec,12,Q4,ROMPIN,PANTAI TIMUR,SG KERATONG,Luar Bandar,"4,700",22,"11,152","2,812","89,332","49,904","2,989","1,286",55.9%,0.959,"31,545",0.4016,"7,017","6,103",8,23,1,11.5,4,3.4,2.26,510,26.6,47,98.2,"54,179","35,153",39.4%,"19,651","15,502",61.3%,"51,957.66","12,668.47","25,788.47",0.289,50.4%,18.48,"1,528.4",156.7,0.353
685,01/01/2023,2023,Jan,1,Q1,PEKAN,PANTAI TIMUR,SEKOR,Luar Bandar,"5,700",22,"14,249","3,529","119,193","55,951","3,298","1,265",77.3%,0.976,"54,031",0.3722,"9,718","6,987",8,25,1,7.4,5,3.2,2.23,231,27.4,29,99.3,"60,514","58,679",49.2%,"45,359","13,320",67.5%,"59,061.66","20,110.34","36,815.34",0.309,37.7%,16.74,"2,347.2",137.0,0.453
686,01/02/2023,2023,Feb,2,Q1,PEKAN,PANTAI TIMUR,SEKOR,Luar Bandar,"5,700",22,"14,249","3,581","110,997","46,758","3,116",967,77.3%,0.976,"49,596",0.3686,"7,177","5,799",8,25,1,7.4,5,3,1.58,89,27.8,26.6,99.2,"50,841","60,156",54.2%,"46,501","13,655",69.5%,"49,620.82","18,281.09","31,257.09",0.282,37.0%,13.86,"2,406.2",127.4,0.447
687,01/03/2023,2023,Mar,3,Q1,PEKAN,PANTAI TIMUR,SEKOR,Luar Bandar,"5,700",22,"14,249","3,578","120,398","53,962","3,478","1,418",77.3%,0.976,"58,928",0.3697,"9,518","7,139",8,25,1,7.4,5,1.9,2.11,180,28.1,20.9,97.9,"58,858","61,540",51.1%,"47,570","13,970",68.1%,"57,445.41","21,785.68","38,442.68",0.319,33.1%,16.06,"2,461.6",133.2,0.489
688,01/04/2023,2023,Apr,4,Q2,PEKAN,PANTAI TIMUR,SEKOR,Luar Bandar,"5,700",22,"14,249","3,362","125,901","59,986","3,356","1,303",77.3%,0.976,"62,695",0.3703,"10,282","5,578",8,25,1,7.4,7,2.9,2,286,27.6,31.4,99.4,"64,645","61,256",48.7%,"47,351","13,905",73.6%,"63,093.52","23,215.96","39,075.96",0.310,38.1%,18.77,"2,450.2",151.2,0.498
689,01/05/2023,2023,May,5,Q2,PEKAN,PANTAI TIMUR,SEKOR,Luar Bandar,"5,700",22,"14,249","3,592","133,119","55,154","3,249","1,246",77.3%,0.976,"57,937",0.3816,"9,428","6,252",8,25,1,7.4,7,4.8,2.58,191,28.3,28.9,97.9,"59,649","73,470",55.2%,"56,792","16,678",75.3%,"58,217.42","22,108.76","37,788.76",0.284,35.1%,16.21,"2,938.8",135.0,0.435
690,01/06/2023,2023,Jun,6,Q2,PEKAN,PANTAI TIMUR,SEKOR,Luar Bandar,"5,700",22,"14,249","3,261","118,705","55,697","3,907","1,549",77.3%,0.976,"56,075",0.3846,"7,592","6,635",8,25,1,7.4,7,3.3,3.17,94,28.4,17.8,96.8,"61,153","57,552",48.5%,"44,488","13,064",69.4%,"59,685.33","21,566.45","35,793.45",0.302,40.0%,18.30,"2,302.1",143.1,0.472
691,01/07/2023,2023,Jul,7,Q3,PEKAN,PANTAI TIMUR,SEKOR,Luar Bandar,"5,700",22,"14,249","3,355","134,383","56,656","3,902","1,177",77.3%,0.976,"65,832",0.3733,"10,249","6,137",8,25,1,7.4,5,4,2.81,191,27,24.5,100,"61,735","72,648",54.1%,"56,157","16,491",76.1%,"60,253.36","24,575.09","40,961.09",0.305,32.0%,17.96,"2,905.9",139.8,0.490
692,01/08/2023,2023,Aug,8,Q3,PEKAN,PANTAI TIMUR,SEKOR,Luar Bandar,"5,700",22,"14,249","3,555","125,471","60,768","3,501","1,328",77.3%,0.976,"55,362",0.3758,"8,983","7,342",8,25,1,7.4,4,4.9,2.08,146,27.1,13.2,97.4,"65,597","59,874",47.7%,"46,283","13,591",71.0%,"64,022.67","20,805.04","37,130.04",0.296,42.0%,18.01,"2,395.0",148.5,0.441
693,01/09/2023,2023,Sep,9,Q3,PEKAN,PANTAI TIMUR,SEKOR,Luar Bandar,"5,700",22,"14,249","3,412","116,304","52,803","3,394","1,100",77.3%,0.976,"53,038",0.3700,"9,973","7,055",8,25,1,7.4,4,4.9,3.1,192,27.2,38.1,99.6,"57,297","59,007",50.7%,"45,612","13,395",68.0%,"55,921.87","19,624.06","36,652.06",0.315,34.5%,16.39,"2,360.3",134.0,0.456
694,01/10/2023,2023,Oct,10,Q4,PEKAN,PANTAI TIMUR,SEKOR,Luar Bandar,"5,700",22,"14,249","3,256","121,416","52,334","3,324","1,406",77.3%,0.976,"56,512",0.3741,"9,590","6,526",8,25,1,7.4,8,3.1,2.42,360,27.8,36.5,99.8,"57,064","64,352",53.0%,"49,744","14,608",68.7%,"55,694.46","21,141.14","37,257.14",0.307,33.1%,17.11,"2,574.1",129.2,0.465
695,01/11/2023,2023,Nov,11,Q4,PEKAN,PANTAI TIMUR,SEKOR,Luar Bandar,"5,700",22,"14,249","3,424","111,179","48,584","3,077","1,091",77.3%,0.976,"54,019",0.3758,"7,268","9,993",8,25,2,7.4,7,6.8,2.06,370,26.4,36.4,98.7,"52,752","58,427",52.6%,"45,164","13,263",65.0%,"51,485.95","20,300.34","37,561.34",0.338,27.0%,15.04,"2,337.1",123.4,0.486
696,01/12/2023,2023,Dec,12,Q4,PEKAN,PANTAI TIMUR,SEKOR,Luar Bandar,"5,700",22,"14,249","3,349","116,715","54,203","3,604","1,173",77.3%,0.976,"54,377",0.3757,"7,899","10,422",8,25,2,7.4,8,4,,504,26.2,,98.5,"58,980","57,735",49.5%,"44,629","13,106",66.1%,"57,564.48","20,429.44","38,750.44",0.332,32.7%,17.19,"2,309.4",133.5,0.466
697,01/01/2024,2024,Jan,1,Q1,PEKAN,PANTAI TIMUR,SEKOR,Luar Bandar,"5,700",23,"14,575","3,479","123,193","56,460","3,466","1,326",77.3%,0.976,"54,291",0.3783,"9,146","9,424",8,25,2,8.4,8,7.7,2.22,243,26.5,31.6,96.6,"61,252","61,941",50.3%,"47,880","14,061",69.7%,"59,781.95","20,538.29","39,108.29",0.317,34.6%,17.18,"2,477.6",135.6,0.441
698,01/02/2024,2024,Feb,2,Q1,PEKAN,PANTAI TIMUR,SEKOR,Luar Bandar,"5,700",23,"14,575","3,537","114,680","54,989","3,086","1,563",77.3%,0.976,"51,502",0.3893,"7,836","5,580",8,25,1,8.4,8,2.4,1.91,180,27.3,24.9,99.2,"59,638","55,042",48.0%,"42,547","12,495",69.4%,"58,206.69","20,049.73","33,465.73",0.292,42.5%,16.46,"2,201.7",141.1,0.449
699,01/03/2024,2024,Mar,3,Q1,PEKAN,PANTAI TIMUR,SEKOR,Luar Bandar,"5,700",23,"14,575","3,475","119,670","57,243","3,386","1,644",77.3%,0.976,"51,517",0.3834,"8,610","6,953",8,25,1,8.4,4,4.3,3.18,217,28.6,28.6,99.9,"62,273","57,397",48.0%,"44,368","13,029",67.7%,"60,778.45","19,751.62","35,314.62",0.295,41.9%,17.49,"2,295.9",137.8,0.430
700,01/04/2024,2024,Apr,4,Q2,PEKAN,PANTAI TIMUR,SEKOR,Luar Bandar,"5,700",23,"14,575","3,330","121,167","58,263","3,620","1,253",77.3%,0.976,"58,565",0.3877,"9,793","4,628",8,25,1,8.4,5,2.8,1.72,260,27.8,27.6,99,"63,136","58,031",47.9%,"44,858","13,173",70.9%,"61,620.74","22,705.65","37,126.65",0.306,39.7%,18.50,"2,321.2",144.4,0.483
701,01/05/2024,2024,May,5,Q2,PEKAN,PANTAI TIMUR,SEKOR,Luar Bandar,"5,700",23,"14,575","3,344","135,984","57,990","3,191","1,241",77.3%,0.976,"60,479",0.3918,"10,984","6,573",8,25,1,8.4,6,2,2.99,155,28,21.7,98.4,"62,422","73,562",54.1%,"56,863","16,699",77.0%,"60,923.87","23,695.67","41,252.67",0.303,32.3%,18.22,"2,942.5",138.2,0.445
702,01/06/2024,2024,Jun,6,Q2,PEKAN,PANTAI TIMUR,SEKOR,Luar Bandar,"5,700",23,"14,575","3,544","129,695","56,069","3,716","1,291",77.3%,0.976,"59,990",0.3849,"9,690","9,888",8,25,2,8.4,10,7.2,1.97,96,28.2,20.6,97,"61,076","68,619",52.9%,"53,042","15,577",75.8%,"59,610.18","23,090.15","42,668.15",0.329,28.4%,16.82,"2,744.8",139.7,0.463
703,01/07/2024,2024,Jul,7,Q3,PEKAN,PANTAI TIMUR,SEKOR,Luar Bandar,"5,700",23,"14,575","3,307","128,031","53,080","3,048","1,225",77.3%,0.976,"54,552",0.3776,"9,748","10,401",8,25,2,8.4,9,8.4,2.22,182,28.2,20,97.6,"57,353","70,678",55.2%,"54,634","16,044",72.5%,"55,976.53","20,598.84","40,747.84",0.318,27.2%,16.93,"2,827.1",126.9,0.426
704,01/08/2024,2024,Aug,8,Q3,PEKAN,PANTAI TIMUR,SEKOR,Luar Bandar,"5,700",23,"14,575","3,307","122,434","51,180","3,191","1,410",77.3%,0.976,"53,595",0.3863,"10,067","6,314",8,25,1,8.4,6,3.1,3.14,203,28,22.4,98.5,"55,781","66,653",54.4%,"51,523","15,130",69.3%,"54,442.26","20,703.75","37,084.75",0.303,31.9%,16.46,"2,666.1",123.5,0.438
705,01/09/2024,2024,Sep,9,Q3,PEKAN,PANTAI TIMUR,SEKOR,Luar Bandar,"5,700",23,"14,575","3,552","125,021","52,401","3,026","1,321",77.3%,0.976,"56,395",0.3821,"8,431","5,820",8,25,1,8.4,8,3.4,2.2,265,27.4,32.4,96.5,"56,748","68,273",54.6%,"52,775","15,498",73.1%,"55,386.05","21,548.53","35,799.53",0.286,35.4%,15.59,"2,730.9",129.8,0.451
706,01/10/2024,2024,Oct,10,Q4,PEKAN,PANTAI TIMUR,SEKOR,Luar Bandar,"5,700",23,"14,575","3,447","126,312","57,866","3,942","1,266",77.3%,0.976,"60,593",0.3937,"8,408","5,943",8,25,1,8.4,5,2.4,2.15,280,26.8,27.5,99.7,"63,074","63,238",50.1%,"48,883","14,355",71.5%,"61,560.22","23,855.46","38,206.46",0.302,37.9%,17.86,"2,529.5",139.6,0.480
707,01/11/2024,2024,Nov,11,Q4,PEKAN,PANTAI TIMUR,SEKOR,Luar Bandar,"5,700",23,"14,575","3,644","115,201","49,512","2,765","1,131",77.3%,0.976,"49,408",0.3957,"9,875","5,382",8,25,1,8.4,6,4.3,2.86,482,26.5,60.9,99.5,"53,408","61,793",53.6%,"47,766","14,027",67.4%,"52,126.21","19,550.75","34,807.75",0.302,33.2%,14.30,"2,471.7",122.1,0.429
708,01/12/2024,2024,Dec,12,Q4,PEKAN,PANTAI TIMUR,SEKOR,Luar Bandar,"5,700",23,"14,575","3,311","113,673","51,927","3,088","1,370",77.3%,0.976,"53,702",0.3804,"8,903","5,294",8,25,1,8.4,4,4.5,1.81,597,26,48.9,99.3,"56,385","57,288",50.4%,"44,284","13,004",64.3%,"55,031.76","20,428.24","34,625.24",0.305,37.1%,16.62,"2,291.5",124.8,0.472
709,01/01/2025,2025,Jan,1,Q1,PEKAN,PANTAI TIMUR,SEKOR,Luar Bandar,"5,700",24,"14,888","3,564","122,349","53,326","3,512","1,530",77.3%,0.976,"61,013",0.3964,"9,917","7,275",8,25,1,9.4,6,3.5,2.55,259,26.7,33.9,99.7,"58,368","63,981",52.3%,"49,457","14,524",69.2%,"56,967.17","24,185.55","41,377.55",0.338,27.4%,15.98,"2,559.2",126.5,0.499
710,01/02/2025,2025,Feb,2,Q1,PEKAN,PANTAI TIMUR,SEKOR,Luar Bandar,"5,700",24,"14,888","3,691","109,872","46,476","3,189","1,044",77.3%,0.976,"49,049",0.3912,"8,402","8,467",8,25,2,9.4,7,7.7,1.65,181,27.9,21.6,97.1,"50,709","59,163",53.8%,"45,733","13,430",68.8%,"49,491.98","19,187.97","36,056.97",0.328,27.1%,13.41,"2,366.5",121.6,0.446
711,01/03/2025,2025,Mar,3,Q1,PEKAN,PANTAI TIMUR,SEKOR,Luar Bandar,"5,700",24,"14,888","3,457","122,431","61,137","3,713","1,727",77.3%,0.976,"55,999",0.3934,"10,494","6,358",8,25,1,9.4,8,3.8,2.2,239,27.7,35.1,96.7,"66,577","55,854",45.6%,"43,175","12,679",69.3%,"64,979.15","22,030.01","38,882.01",0.318,40.2%,18.80,"2,234.2",144.3,0.457
712,01/04/2025,2025,Apr,4,Q2,PEKAN,PANTAI TIMUR,SEKOR,Luar Bandar,"5,700",24,"14,888","3,375","127,995","56,211","3,317","1,259",77.3%,0.976,"59,353",0.4034,"8,961","7,038",8,25,2,9.4,6,4.2,2.03,251,28.5,23,99.3,"60,787","67,208",52.5%,"51,952","15,256",74.9%,"59,328.11","23,943.00","39,942.00",0.312,32.7%,17.58,"2,688.3",136.1,0.464
713,01/05/2025,2025,May,5,Q2,PEKAN,PANTAI TIMUR,SEKOR,Luar Bandar,"5,700",24,"14,888","3,606","131,636","58,346","3,171","1,476",77.3%,0.976,"60,602",0.4083,"8,736","5,706",8,25,1,9.4,6,2.9,,167,29,32,99,"62,993","68,643",52.1%,"53,061","15,582",74.5%,"61,481.17","24,743.80","39,185.80",0.298,36.3%,17.05,"2,745.7",136.5,0.460
714,01/06/2025,2025,Jun,6,Q2,PEKAN,PANTAI TIMUR,SEKOR,Luar Bandar,"5,700",24,"14,888","3,653","123,454","55,107","3,094","1,557",77.3%,0.976,"53,433",0.4085,"10,458","4,601",8,25,1,9.4,5,3.8,3.03,100,28.6,18.7,96.7,"59,758","63,696",51.6%,"49,237","14,459",72.2%,"58,323.81","21,827.38","36,886.38",0.299,36.8%,15.97,"2,547.8",133.8,0.433
715,01/07/2025,2025,Jul,7,Q3,PEKAN,PANTAI TIMUR,SEKOR,Luar Bandar,"5,700",24,"14,888","3,406","135,430","63,444","3,904","1,310",77.3%,0.976,"60,247",0.3956,"8,786","7,397",8,25,1,9.4,8,3.5,2.14,109,27.5,13.7,99.6,"68,658","66,772",49.3%,"51,615","15,157",76.6%,"67,010.21","23,833.71","40,016.71",0.295,40.3%,19.67,"2,670.9",148.8,0.445
716,01/08/2025,2025,Aug,8,Q3,PEKAN,PANTAI TIMUR,SEKOR,Luar Bandar,"5,700",24,"14,888","3,555","133,080","66,245","3,805","1,533",77.3%,0.976,"58,755",0.3998,"10,483","5,076",8,25,1,9.4,7,3,3.09,215,27.9,24.5,98.2,"71,583","61,497",46.2%,"47,537","13,960",75.3%,"69,865.01","23,490.25","39,049.25",0.293,44.1%,19.65,"2,459.9",155.1,0.442
717,01/09/2025,2025,Sep,9,Q3,PEKAN,PANTAI TIMUR,SEKOR,Luar Bandar,"5,700",24,"14,888","3,616","128,448","54,194","3,061","1,395",77.3%,0.976,"58,097",0.3982,"9,960","8,936",8,25,2,9.4,8,4.7,1.93,287,27.1,38.1,99.9,"58,650","69,798",54.3%,"53,954","15,844",75.1%,"57,242.40","23,134.23","42,030.23",0.327,26.6%,15.83,"2,791.9",131.3,0.452
718,01/10/2025,2025,Oct,10,Q4,PEKAN,PANTAI TIMUR,SEKOR,Luar Bandar,"5,700",24,"14,888","3,686","120,557","57,241","3,200","1,239",77.3%,0.976,"58,901",0.4026,"7,775","7,688",8,25,2,9.4,10,5,2.28,303,28,23.3,98,"61,680","58,877",48.8%,"45,512","13,365",68.2%,"60,199.68","23,713.54","39,176.54",0.325,34.9%,16.33,"2,355.1",133.6,0.489
719,01/11/2025,2025,Nov,11,Q4,PEKAN,PANTAI TIMUR,SEKOR,Luar Bandar,"5,700",24,"14,888","3,745","114,959","52,019","3,042","1,193",77.3%,0.976,"49,332",0.3986,"9,593","9,766",8,25,2,9.4,6,5.4,1.71,237,27.6,27.7,97.4,"56,254","58,705",51.1%,"45,379","13,326",67.2%,"54,903.90","19,663.74","39,022.74",0.339,28.9%,14.66,"2,348.2",125.9,0.429
720,01/12/2025,2025,Dec,12,Q4,PEKAN,PANTAI TIMUR,SEKOR,Luar Bandar,"5,700",24,"14,888","3,358","116,323","55,710","3,191","1,247",77.3%,0.976,"51,948",0.3909,"9,312","6,105",8,25,1,9.4,5,3.3,3.17,316,26.3,40.6,99.2,"60,148","56,175",48.3%,"43,423","12,752",65.8%,"58,704.45","20,306.47","35,723.47",0.307,39.1%,17.48,"2,247.0",130.3,0.447
721,01/01/2023,2023,Jan,1,Q1,PEKAN,PANTAI TIMUR,LEPAR,Pinggir Bandar,"12,300",37,"33,231","7,920","273,288","137,347","26,491","16,388",72.3%,1.220,"137,097",0.3685,"19,369","6,352",14,35,1,7.2,13,2.5,3.35,202,26.1,24.9,99.9,"180,226","93,062",34.1%,"67,284","25,778",71.7%,"219,875.72","50,520.24","76,241.24",0.279,65.3%,27.76,"2,658.9",174.9,0.502
722,01/02/2023,2023,Feb,2,Q1,PEKAN,PANTAI TIMUR,LEPAR,Pinggir Bandar,"12,300",37,"33,231","8,171","253,660","123,880","27,162","15,063",72.3%,1.220,"124,310",0.3835,"16,302","8,142",14,35,2,7.2,18,5.5,1.8,157,26.8,27.1,99.9,"166,105","87,555",34.5%,"63,302","24,253",73.7%,"202,648.10","47,672.89","72,116.89",0.284,64.4%,24.80,"2,501.6",178.5,0.490
723,01/03/2023,2023,Mar,3,Q1,PEKAN,PANTAI TIMUR,LEPAR,Pinggir Bandar,"12,300",37,"33,231","7,497","269,565","137,422","27,191","12,909",72.3%,1.220,"120,553",0.3760,"17,248","9,033",14,35,1,7.2,15,2.6,3.07,175,27.5,,99.9,"177,522","92,043",34.1%,"66,547","25,496",70.7%,"216,576.84","45,327.93","71,608.93",0.266,66.9%,28.89,"2,629.8",172.3,0.447
724,01/04/2023,2023,Apr,4,Q2,PEKAN,PANTAI TIMUR,LEPAR,Pinggir Bandar,"12,300",37,"33,231","8,069","277,975","131,791","25,968","14,654",72.3%,1.220,"126,906",0.3700,"19,108","11,967",14,35,2,7.2,10,6.7,2.56,167,28.3,30.5,97.3,"172,413","105,562",38.0%,"76,321","29,241",75.3%,"210,343.86","46,955.22","78,030.22",0.281,62.9%,26.07,"3,016.1",172.9,0.457
725,01/05/2023,2023,May,5,Q2,PEKAN,PANTAI TIMUR,LEPAR,Pinggir Bandar,"12,300",37,"33,231","8,249","299,367","147,103","31,928","14,922",72.3%,1.220,"137,348",0.3790,"18,666","11,559",14,35,2,7.2,13,4.4,2.12,221,27.7,,98,"193,953","105,414",35.2%,"76,214","29,200",78.5%,"236,622.66","52,054.89","82,279.89",0.275,65.2%,28.69,"3,011.8",188.3,0.459
726,01/06/2023,2023,Jun,6,Q2,PEKAN,PANTAI TIMUR,LEPAR,Pinggir Bandar,"12,300",37,"33,231","7,515","289,509","139,693","33,999","17,371",72.3%,1.220,"146,126",0.3670,"21,180","9,053",14,35,1,7.2,15,4.8,2.59,113,27.4,16.9,96.7,"191,063","98,446",34.0%,"71,176","27,270",78.5%,"233,096.86","53,628.24","83,861.24",0.290,64.0%,31.02,"2,812.7",191.7,0.505
727,01/07/2023,2023,Jul,7,Q3,PEKAN,PANTAI TIMUR,LEPAR,Pinggir Bandar,"12,300",37,"33,231","8,100","287,384","146,534","29,454","17,207",72.3%,1.220,"137,256",0.3749,"20,865","7,273",14,35,1,7.2,8,3.9,1.79,117,27.4,21.9,99.7,"193,195","94,189",32.8%,"68,099","26,090",75.4%,"235,697.90","51,457.27","79,595.27",0.277,66.2%,29.10,"2,691.1",187.5,0.478
728,01/08/2023,2023,Aug,8,Q3,PEKAN,PANTAI TIMUR,LEPAR,Pinggir Bandar,"12,300",37,"33,231","8,350","297,616","152,535","30,689","15,638",72.3%,1.220,"150,802",0.3828,"21,015","9,326",14,35,2,7.2,12,7.5,2.23,178,28,18.2,99.4,"198,862","98,754",33.2%,"71,399","27,355",78.1%,"242,611.64","57,727.01","88,068.01",0.296,63.7%,29.06,"2,821.5",193.0,0.507
729,01/09/2023,2023,Sep,9,Q3,PEKAN,PANTAI TIMUR,LEPAR,Pinggir Bandar,"12,300",37,"33,231","7,727","290,440","139,630","32,013","12,730",72.3%,1.220,"139,922",0.3823,"16,838","10,147",14,35,2,7.2,19,9.7,2.4,244,27.7,31.4,97.2,"184,373","106,067",36.5%,"76,686","29,381",78.7%,"224,935.06","53,492.18","80,477.18",0.277,64.2%,29.11,"3,030.5",184.9,0.482
730,01/10/2023,2023,Oct,10,Q4,PEKAN,PANTAI TIMUR,LEPAR,Pinggir Bandar,"12,300",37,"33,231","7,688","269,376","136,628","28,791","13,723",72.3%,1.220,"130,790",0.3681,"19,442","11,690",14,35,2,7.2,18,4.9,2.86,394,27.1,45.2,98.2,"179,142","90,234",33.5%,"65,239","24,995",70.6%,"218,553.24","48,143.80","79,275.80",0.294,63.7%,28.43,"2,578.1",173.9,0.486
731,01/11/2023,2023,Nov,11,Q4,PEKAN,PANTAI TIMUR,LEPAR,Pinggir Bandar,"12,300",37,"33,231","7,669","267,289","137,528","30,268","12,638",72.3%,1.220,"120,414",0.3831,"17,626","8,243",14,35,1,7.2,8,4.8,1.94,238,27.6,25.9,98.5,"180,434","86,855",32.5%,"62,796","24,059",72.4%,"220,129.48","46,130.60","71,999.60",0.269,67.3%,28.70,"2,481.6",181.0,0.451
732,01/12/2023,2023,Dec,12,Q4,PEKAN,PANTAI TIMUR,LEPAR,Pinggir Bandar,"12,300",37,"33,231","7,998","257,183","118,479","25,962","14,037",72.3%,1.220,"125,211",0.3694,"14,945","6,936",14,35,1,7.2,7,3.7,2.64,360,26.3,34.7,97.3,"158,478","98,705",38.4%,"71,364","27,341",67.4%,"193,343.16","46,252.94","68,133.94",0.265,64.8%,24.17,"2,820.1",153.8,0.487
733,01/01/2024,2024,Jan,1,Q1,PEKAN,PANTAI TIMUR,LEPAR,Pinggir Bandar,"12,300",38,"33,982","8,429","286,493","149,189","30,282","14,398",72.3%,1.220,"143,490",0.3869,"16,669","10,891",14,35,2,8.2,15,4.7,2.85,215,26.7,32.3,98.1,"193,869","92,624",32.3%,"66,967","25,657",75.1%,"236,520.18","55,516.28","83,076.28",0.290,64.9%,28.06,"2,646.4",184.0,0.501
734,01/02/2024,2024,Feb,2,Q1,PEKAN,PANTAI TIMUR,LEPAR,Pinggir Bandar,"12,300",38,"33,982","8,305","267,774","135,837","29,043","15,756",72.3%,1.220,"125,099",0.3911,"19,555","11,742",14,35,2,8.2,11,8.5,2.56,166,27.3,31.1,99.2,"180,636","87,138",32.5%,"63,001","24,137",75.1%,"220,375.92","48,926.22","80,223.22",0.300,63.6%,26.54,"2,489.7",183.3,0.467
735,01/03/2024,2024,Mar,3,Q1,PEKAN,PANTAI TIMUR,LEPAR,Pinggir Bandar,"12,300",38,"33,982","8,330","303,888","139,860","32,960","17,822",72.3%,1.220,"152,495",0.3782,"18,935","11,058",14,35,2,8.2,11,9.8,2.02,186,28.3,28.4,97.4,"190,642","113,246",37.3%,"81,877","31,369",79.7%,"232,583.24","57,673.61","87,666.61",0.288,62.3%,27.92,"3,235.6",181.0,0.502
736,01/04/2024,2024,Apr,4,Q2,PEKAN,PANTAI TIMUR,LEPAR,Pinggir Bandar,"12,300",38,"33,982","8,328","291,699","144,823","28,942","15,386",72.3%,1.220,"146,875",0.3844,"19,914","11,843",14,35,2,8.2,18,9.1,2.41,163,28.1,22,96.6,"189,151","102,548",35.2%,"74,142","28,406",79.1%,"230,764.22","56,458.75","88,215.75",0.302,61.8%,27.71,"2,929.9",185.5,0.504
737,01/05/2024,2024,May,5,Q2,PEKAN,PANTAI TIMUR,LEPAR,Pinggir Bandar,"12,300",38,"33,982","7,732","305,070","155,281","31,811","15,538",72.3%,1.220,"136,224",0.3944,"21,091","9,338",14,35,1,8.2,16,3.2,2.06,143,29.1,26.5,99.4,"202,630","102,440",33.6%,"74,064","28,376",80.0%,"247,208.60","53,726.75","84,155.75",0.276,66.0%,31.97,"2,926.9",192.4,0.447
738,01/06/2024,2024,Jun,6,Q2,PEKAN,PANTAI TIMUR,LEPAR,Pinggir Bandar,"12,300",38,"33,982","7,804","299,262","144,906","33,005","14,982",72.3%,1.220,"131,024",0.3908,"22,349","9,084",14,35,2,8.2,10,6.1,3.18,157,27.9,28.3,98.2,"192,893","106,369",35.5%,"76,905","29,464",81.1%,"235,329.46","51,204.18","82,637.18",0.276,64.9%,30.15,"3,039.1",189.2,0.438
739,01/07/2024,2024,Jul,7,Q3,PEKAN,PANTAI TIMUR,LEPAR,Pinggir Bandar,"12,300",38,"33,982","7,647","319,336","156,766","36,363","17,790",72.3%,1.220,"145,682",0.3957,"23,844","8,891",14,35,2,8.2,16,5.7,2.92,148,28,18.1,99.2,"210,919","108,417",34.0%,"78,385","30,032",83.7%,"257,321.18","57,646.37","90,381.37",0.283,64.9%,33.65,"3,097.6",200.2,0.456
740,01/08/2024,2024,Aug,8,Q3,PEKAN,PANTAI TIMUR,LEPAR,Pinggir Bandar,"12,300",38,"33,982","8,461","314,217","152,355","33,911","18,234",72.3%,1.220,"157,047",0.3918,"19,551","7,284",14,35,1,8.2,15,4.5,2.66,199,28.4,34,98.3,"204,500","109,717",34.9%,"79,325","30,392",82.4%,"249,490.00","61,531.01","88,366.01",0.281,64.6%,29.49,"3,134.8",194.1,0.500
741,01/09/2024,2024,Sep,9,Q3,PEKAN,PANTAI TIMUR,LEPAR,Pinggir Bandar,"12,300",38,"33,982","7,981","285,706","138,809","27,663","14,714",72.3%,1.220,"124,096",0.3955,"17,611","8,675",14,35,1,8.2,7,4.6,2.81,253,28,,97,"181,186","104,520",36.6%,"75,568","28,952",77.4%,"221,046.92","49,079.97","75,365.97",0.264,65.9%,27.70,"2,986.3",177.7,0.434
742,01/10/2024,2024,Oct,10,Q4,PEKAN,PANTAI TIMUR,LEPAR,Pinggir Bandar,"12,300",38,"33,982","8,316","284,108","145,219","30,656","15,522",72.3%,1.220,"127,657",0.3874,"17,419","9,411",14,35,2,8.2,15,4,1.9,229,27.9,23,98.3,"191,397","92,711",32.6%,"67,030","25,681",74.5%,"233,504.34","49,454.32","76,284.32",0.269,67.3%,28.08,"2,648.9",181.7,0.449
743,01/11/2024,2024,Nov,11,Q4,PEKAN,PANTAI TIMUR,LEPAR,Pinggir Bandar,"12,300",38,"33,982","8,470","272,682","133,943","26,818","15,949",72.3%,1.220,"126,655",0.3873,"17,207","9,749",14,35,2,8.2,10,7.3,2.27,347,26.4,46.3,98.6,"176,710","95,972",35.2%,"69,388","26,584",73.9%,"215,586.20","49,053.48","76,009.48",0.279,64.7%,25.45,"2,742.1",173.3,0.464
744,01/12/2024,2024,Dec,12,Q4,PEKAN,PANTAI TIMUR,LEPAR,Pinggir Bandar,"12,300",38,"33,982","7,984","266,526","130,699","30,745","15,874",72.3%,1.220,"117,940",0.3892,"19,822","9,356",14,35,1,8.2,7,2.9,2.44,441,26.4,33.9,97.5,"177,318","89,208",33.5%,"64,497","24,711",69.9%,"216,327.96","45,902.25","75,080.25",0.282,65.3%,27.10,"2,548.8",168.3,0.443
745,01/01/2025,2025,Jan,1,Q1,PEKAN,PANTAI TIMUR,LEPAR,Pinggir Bandar,"12,300",39,"34,842","8,000","297,563","146,198","28,728","17,817",72.3%,1.220,"138,274",0.4013,"19,055","8,186",14,35,1,9.2,15,4,2.09,168,27.6,25.6,98.5,"192,743","104,820",35.2%,"75,785","29,035",78.0%,"235,146.46","55,489.36","82,730.36",0.278,64.8%,29.39,"2,994.9",178.4,0.465
746,01/02/2025,2025,Feb,2,Q1,PEKAN,PANTAI TIMUR,LEPAR,Pinggir Bandar,"12,300",39,"34,842","7,836","258,685","132,699","28,049","17,427",72.3%,1.220,"128,388",0.3926,"14,619","8,329",14,35,1,9.2,15,2.6,3.22,129,27.6,17.1,99.8,"178,175","80,510",31.1%,"58,209","22,301",75.1%,"217,373.50","50,405.13","73,353.13",0.284,66.3%,27.74,"2,300.3",182.6,0.496
747,01/03/2025,2025,Mar,3,Q1,PEKAN,PANTAI TIMUR,LEPAR,Pinggir Bandar,"12,300",39,"34,842","8,284","313,951","154,832","33,541","17,348",72.3%,1.220,"145,500",0.3977,"17,666","8,539",14,35,2,9.2,9,6.2,2.76,186,28.6,29.3,96.9,"205,721","108,230",34.5%,"78,250","29,980",82.3%,"250,979.62","57,865.35","84,070.35",0.268,66.5%,30.30,"3,092.3",190.5,0.463
748,01/04/2025,2025,Apr,4,Q2,PEKAN,PANTAI TIMUR,LEPAR,Pinggir Bandar,"12,300",39,"34,842","8,283","302,886","158,316","29,262","17,518",72.3%,1.220,"148,584",0.3998,"21,686","10,994",14,35,2,9.2,14,5.4,1.84,177,28.7,23.2,99.5,"205,096","97,790",32.3%,"70,702","27,088",82.1%,"250,217.12","59,403.88","92,083.88",0.304,63.2%,30.21,"2,794.0",196.2,0.491
749,01/05/2025,2025,May,5,Q2,PEKAN,PANTAI TIMUR,LEPAR,Pinggir Bandar,"12,300",39,"34,842","8,752","322,656","165,184","37,498","19,699",72.3%,1.220,"159,026",0.4056,"21,863","8,923",14,35,2,9.2,17,7.5,1.83,125,29.1,19.4,98.8,"222,381","100,275",31.1%,"72,499","27,776",84.6%,"271,304.82","64,500.95","95,286.95",0.295,64.9%,31.00,"2,865.0",205.9,0.493
750,01/06/2025,2025,Jun,6,Q2,PEKAN,PANTAI TIMUR,LEPAR,Pinggir Bandar,"12,300",39,"34,842","8,522","297,742","145,268","31,043","16,956",72.3%,1.220,"129,157",0.3930,"16,850","6,990",14,35,1,9.2,14,2.7,2.83,105,28.7,21,97,"193,267","104,475",35.1%,"75,535","28,940",80.7%,"235,785.74","50,758.70","74,598.70",0.251,68.4%,27.67,"2,985.0",184.9,0.434
751,01/07/2025,2025,Jul,7,Q3,PEKAN,PANTAI TIMUR,LEPAR,Pinggir Bandar,"12,300",39,"34,842","8,638","306,704","152,470","36,953","17,240",72.3%,1.220,"138,567",0.3980,"21,141","8,343",14,35,1,9.2,7,2.7,2.82,147,27.4,13.7,98.7,"206,663","100,041",32.6%,"72,330","27,711",80.4%,"252,128.86","55,149.67","84,633.67",0.276,66.4%,29.19,"2,858.3",191.3,0.452
752,01/08/2025,2025,Aug,8,Q3,PEKAN,PANTAI TIMUR,LEPAR,Pinggir Bandar,"12,300",39,"34,842","8,553","313,545","152,022","34,358","15,812",72.3%,1.220,"155,232",0.3938,"23,669","12,541",14,35,2,9.2,11,8.1,2.03,103,27.3,19.4,98.7,"202,192","111,353",35.5%,"80,508","30,845",82.2%,"246,674.24","61,130.36","97,340.36",0.310,60.5%,28.84,"3,181.5",187.2,0.495
753,01/09/2025,2025,Sep,9,Q3,PEKAN,PANTAI TIMUR,LEPAR,Pinggir Bandar,"12,300",39,"34,842","7,872","277,921","139,771","34,188","17,614",72.3%,1.220,"132,852",0.3995,"17,967","6,317",14,35,1,9.2,9,2.9,2.96,248,27.6,23.9,97.1,"191,573","86,348",31.1%,"62,430","23,918",75.3%,"233,719.06","53,074.37","77,358.37",0.278,66.9%,29.69,"2,467.1",183.3,0.478
754,01/10/2025,2025,Oct,10,Q4,PEKAN,PANTAI TIMUR,LEPAR,Pinggir Bandar,"12,300",39,"34,842","8,597","275,630","141,999","27,136","14,649",72.3%,1.220,"133,592",0.4024,"15,705","7,992",14,35,2,9.2,18,6.1,2.02,314,26.8,43.3,99.3,"183,784","91,846",33.3%,"66,405","25,441",72.3%,"224,216.48","53,757.42","77,454.42",0.281,65.5%,26.08,"2,624.2",170.2,0.485
755,01/11/2025,2025,Nov,11,Q4,PEKAN,PANTAI TIMUR,LEPAR,Pinggir Bandar,"12,300",39,"34,842","7,910","275,701","135,103","26,252","16,136",72.3%,1.220,"123,221",0.4049,"19,382","7,652",14,35,1,9.2,7,2.6,2.81,541,27.3,,97.7,"177,491","98,210",35.6%,"71,006","27,204",74.7%,"216,539.02","49,892.18","76,926.18",0.279,64.5%,27.38,"2,806.0",169.8,0.447
756,01/12/2025,2025,Dec,12,Q4,PEKAN,PANTAI TIMUR,LEPAR,Pinggir Bandar,"12,300",39,"34,842","8,728","279,207","134,989","29,099","17,592",72.3%,1.220,"140,005",0.4037,"21,057","6,754",14,35,1,9.2,6,2.2,2.56,570,27,66.5,98.8,"181,680","97,527",34.9%,"70,512","27,015",73.2%,"221,649.60","56,520.02","84,331.02",0.302,62.0%,25.40,"2,786.5",168.2,0.501
757,01/01/2023,2023,Jan,1,Q1,PEKAN,PANTAI TIMUR,NENASI,Luar Bandar,"8,600",22,"21,250","4,956","178,306","88,274","5,258","3,322",65.9%,1.000,"65,557",0.3724,"10,450","6,109",10,26,1,7.6,8,2.3,2.48,180,26.2,35.1,99.4,"96,854","81,452",45.7%,"53,677","27,775",66.9%,"96,854.00","24,413.43","40,972.43",0.230,57.7%,19.54,"3,132.8",147.0,0.368
758,01/02/2023,2023,Feb,2,Q1,PEKAN,PANTAI TIMUR,NENASI,Luar Bandar,"8,600",22,"21,250","5,034","158,292","79,517","4,131","2,734",65.9%,1.000,"58,394",0.3845,"10,418","7,262",10,26,1,7.6,6,2.5,1.67,170,27.2,34.2,97.1,"86,382","71,910",45.4%,"47,389","24,521",65.7%,"86,382.00","22,452.49","40,132.49",0.254,53.5%,17.16,"2,765.8",145.2,0.369
759,01/03/2023,2023,Mar,3,Q1,PEKAN,PANTAI TIMUR,NENASI,Luar Bandar,"8,600",22,"21,250","5,220","183,330","94,409","4,981","3,701",65.9%,1.000,"69,832",0.3706,"12,370","6,718",10,26,1,7.6,10,3.9,2.46,249,27.4,17.9,98.9,"103,091","80,239",43.8%,"52,878","27,361",68.8%,"103,091.00","25,879.74","44,967.74",0.245,56.4%,19.75,"3,086.1",156.5,0.381
760,01/04/2023,2023,Apr,4,Q2,PEKAN,PANTAI TIMUR,NENASI,Luar Bandar,"8,600",22,"21,250","5,027","175,663","82,896","5,033","2,999",65.9%,1.000,"67,160",0.3661,"11,037","7,718",10,26,1,7.6,5,2.2,1.82,282,27.5,43.1,98.7,"90,928","84,735",48.2%,"55,840","28,895",68.1%,"90,928.00","24,587.28","43,342.28",0.247,52.3%,18.09,"3,259.0",142.6,0.382
761,01/05/2023,2023,May,5,Q2,PEKAN,PANTAI TIMUR,NENASI,Luar Bandar,"8,600",22,"21,250","4,848","192,649","88,599","4,571","3,869",65.9%,1.000,"75,102",0.3694,"11,449","7,488",10,26,1,7.6,6,4.2,2.95,163,28.1,19.9,98.2,"97,039","95,610",49.6%,"63,007","32,603",72.3%,"97,039.00","27,742.68","46,679.68",0.242,51.9%,20.02,"3,677.3",147.3,0.390
762,01/06/2023,2023,Jun,6,Q2,PEKAN,PANTAI TIMUR,NENASI,Luar Bandar,"8,600",22,"21,250","4,954","180,985","89,914","5,133","3,142",65.9%,1.000,"66,998",0.3709,"12,317","6,873",10,26,2,7.6,8,9.8,3.04,162,27.7,23.4,97.7,"98,189","82,796",45.7%,"54,563","28,233",70.1%,"98,189.00","24,849.56","44,039.56",0.243,55.1%,19.82,"3,184.5",154.0,0.370
763,01/07/2023,2023,Jul,7,Q3,PEKAN,PANTAI TIMUR,NENASI,Luar Bandar,"8,600",22,"21,250","5,145","194,677","98,056","5,836","4,326",65.9%,1.000,"71,629",0.3725,"12,747","7,757",10,26,1,7.6,5,4.1,2.67,144,28.2,25.4,97.8,"108,218","86,459",44.4%,"56,976","29,483",73.0%,"108,218.00","26,681.80","47,185.80",0.242,56.4%,21.03,"3,325.3",164.3,0.368
764,01/08/2023,2023,Aug,8,Q3,PEKAN,PANTAI TIMUR,NENASI,Luar Bandar,"8,600",22,"21,250","5,227","184,164","86,594","4,796","3,584",65.9%,1.000,"67,447",0.3779,"10,844","5,239",10,26,1,7.6,9,4,2.19,129,28,21,97.6,"94,974","89,190",48.4%,"58,776","30,414",69.1%,"94,974.00","25,488.22","41,571.22",0.226,56.2%,18.17,"3,430.4",144.2,0.366
765,01/09/2023,2023,Sep,9,Q3,PEKAN,PANTAI TIMUR,NENASI,Luar Bandar,"8,600",22,"21,250","4,871","179,627","91,049","5,395","4,378",65.9%,1.000,"69,692",0.3788,"10,038","6,464",10,26,1,7.6,6,3.2,2.03,183,26.7,24.5,99,"100,822","78,805",43.9%,"51,932","26,873",69.6%,"100,822.00","26,399.33","42,901.33",0.239,57.4%,20.70,"3,031.0",158.2,0.388
766,01/10/2023,2023,Oct,10,Q4,PEKAN,PANTAI TIMUR,NENASI,Luar Bandar,"8,600",22,"21,250","5,162","180,492","85,177","5,144","3,212",65.9%,1.000,"69,536",0.3673,"11,696","6,876",10,26,1,7.6,6,2.4,2.77,327,27.6,28.1,97.4,"93,533","86,959",48.2%,"57,306","29,653",67.7%,"93,533.00","25,540.57","44,112.57",0.244,52.8%,18.12,"3,344.6",142.0,0.385
767,01/11/2023,2023,Nov,11,Q4,PEKAN,PANTAI TIMUR,NENASI,Luar Bandar,"8,600",22,"21,250","5,204","175,946","88,812","4,671","3,454",65.9%,1.000,"69,329",0.3702,"12,047","10,586",10,26,2,7.6,7,7.1,2.39,484,26.3,29.4,97.5,"96,937","79,009",44.9%,"52,067","26,942",68.2%,"96,937.00","25,665.60","48,298.60",0.275,50.2%,18.63,"3,038.8",152.1,0.394
768,01/12/2023,2023,Dec,12,Q4,PEKAN,PANTAI TIMUR,NENASI,Luar Bandar,"8,600",22,"21,250","4,925","170,021","81,764","4,007","2,840",65.9%,1.000,"69,761",0.3655,"11,638","7,049",10,26,2,7.6,10,4.7,3.1,505,26.9,51,96.6,"88,611","81,410",47.9%,"53,649","27,761",63.8%,"88,611.00","25,497.65","44,184.65",0.260,50.1%,17.99,"3,131.2",134.5,0.410
769,01/01/2024,2024,Jan,1,Q1,PEKAN,PANTAI TIMUR,NENASI,Luar Bandar,"8,600",23,"21,766","5,050","170,410","85,306","4,954","3,244",65.9%,1.000,"65,792",0.3845,"9,037","5,764",10,26,1,8.6,4,4.7,1.79,228,27.4,,99.9,"93,504","76,906",45.1%,"50,681","26,225",63.9%,"93,504.00","25,297.02","40,098.02",0.235,57.1%,18.52,"2,957.9",138.6,0.386
770,01/02/2024,2024,Feb,2,Q1,PEKAN,PANTAI TIMUR,NENASI,Luar Bandar,"8,600",23,"21,766","5,246","158,846","81,990","4,500","4,071",65.9%,1.000,"59,976",0.3779,"10,241","5,352",10,26,1,8.6,7,2,3.04,128,27.5,13.5,99.7,"90,561","68,285",43.0%,"45,000","23,285",63.7%,"90,561.00","22,664.93","38,257.93",0.241,57.8%,17.26,"2,626.3",143.5,0.378
771,01/03/2024,2024,Mar,3,Q1,PEKAN,PANTAI TIMUR,NENASI,Luar Bandar,"8,600",23,"21,766","5,187","176,678","84,811","4,619","3,932",65.9%,1.000,"63,011",0.3869,"11,726","7,556",10,26,1,8.6,7,3,2.95,194,27.4,24.6,98.9,"93,362","83,316",47.2%,"54,905","28,411",66.3%,"93,362.00","24,378.96","43,660.96",0.247,53.2%,18.00,"3,204.5",138.4,0.357
772,01/04/2024,2024,Apr,4,Q2,PEKAN,PANTAI TIMUR,NENASI,Luar Bandar,"8,600",23,"21,766","5,336","182,523","86,228","4,142","3,090",65.9%,1.000,"71,606",0.3784,"9,709","6,990",10,26,2,8.6,10,8.8,2.53,166,28.3,23.5,98.3,"93,460","89,063",48.8%,"58,693","30,370",70.7%,"93,460.00","27,095.71","43,794.71",0.240,53.1%,17.51,"3,425.5",143.1,0.392
773,01/05/2024,2024,May,5,Q2,PEKAN,PANTAI TIMUR,NENASI,Luar Bandar,"8,600",23,"21,766","5,080","197,075","100,159","4,841","3,547",65.9%,1.000,"71,417",0.3892,"11,727","7,789",10,26,1,8.6,8,3.5,2.41,133,28.8,,99.6,"108,547","88,528",44.9%,"58,340","30,188",73.9%,"108,547.00","27,795.50","47,311.50",0.240,56.4%,21.37,"3,404.9",160.9,0.362
774,01/06/2024,2024,Jun,6,Q2,PEKAN,PANTAI TIMUR,NENASI,Luar Bandar,"8,600",23,"21,766","5,084","192,099","93,709","4,887","3,698",65.9%,1.000,"67,693",0.3794,"11,099","6,493",10,26,1,8.6,9,3.9,2.81,182,27.6,25.8,98.7,"102,294","89,805",46.7%,"59,181","30,624",74.5%,"102,294.00","25,682.72","43,274.72",0.225,57.7%,20.12,"3,454.0",156.7,0.352
775,01/07/2024,2024,Jul,7,Q3,PEKAN,PANTAI TIMUR,NENASI,Luar Bandar,"8,600",23,"21,766","5,196","204,304","104,292","5,832","4,608",65.9%,1.000,"75,986",0.3772,"10,802","5,834",10,26,1,8.6,7,1.9,2.77,96,27.2,16.3,97.4,"114,732","89,572",43.8%,"59,028","30,544",76.6%,"114,732.00","28,661.92","45,297.92",0.222,60.5%,22.08,"3,445.1",170.0,0.372
776,01/08/2024,2024,Aug,8,Q3,PEKAN,PANTAI TIMUR,NENASI,Luar Bandar,"8,600",23,"21,766","5,060","187,227","90,848","5,561","3,514",65.9%,1.000,"76,241",0.3807,"10,286","5,877",10,26,1,8.6,8,2,2.84,138,27.6,31.7,99.9,"99,923","87,304",46.6%,"57,533","29,771",70.2%,"99,923.00","29,024.95","45,187.95",0.241,54.8%,19.75,"3,357.8",148.1,0.407
777,01/09/2024,2024,Sep,9,Q3,PEKAN,PANTAI TIMUR,NENASI,Luar Bandar,"8,600",23,"21,766","5,320","178,273","84,267","4,064","3,533",65.9%,1.000,"64,425",0.3842,"9,967","9,832",10,26,2,8.6,8,5.1,2.94,211,28.1,29.8,99.2,"91,864","86,409",48.5%,"56,944","29,465",69.1%,"91,864.00","24,752.09","44,551.09",0.250,51.5%,17.27,"3,323.4",140.7,0.361
778,01/10/2024,2024,Oct,10,Q4,PEKAN,PANTAI TIMUR,NENASI,Luar Bandar,"8,600",23,"21,766","4,913","181,269","90,700","5,224","3,900",65.9%,1.000,"63,729",0.3918,"10,658","5,145",10,26,1,8.6,7,2.2,2.9,392,26.6,30.5,97.2,"99,824","81,445",44.9%,"53,672","27,773",68.0%,"99,824.00","24,969.02","40,772.02",0.225,59.2%,20.32,"3,132.5",147.9,0.352
779,01/11/2024,2024,Nov,11,Q4,PEKAN,PANTAI TIMUR,NENASI,Luar Bandar,"8,600",23,"21,766","5,074","164,861","77,150","4,371","3,282",65.9%,1.000,"58,496",0.3840,"10,399","6,022",10,26,1,8.6,10,3.2,2.36,320,27.3,42.1,98,"84,803","80,058",48.6%,"52,758","27,300",63.9%,"84,803.00","22,462.46","38,883.46",0.236,54.1%,16.71,"3,079.2",129.9,0.355
780,01/12/2024,2024,Dec,12,Q4,PEKAN,PANTAI TIMUR,NENASI,Luar Bandar,"8,600",23,"21,766","5,106","185,301","96,100","5,713","4,062",65.9%,1.000,"75,533",0.3959,"12,814","3,799",10,26,0,8.6,5,0,1.71,388,26.1,29.1,96.5,"105,875","79,426",42.9%,"52,342","27,084",69.5%,"105,875.00","29,903.51","46,516.51",0.251,56.1%,20.74,"3,054.8",156.9,0.408
781,01/01/2025,2025,Jan,1,Q1,PEKAN,PANTAI TIMUR,NENASI,Luar Bandar,"8,600",24,"22,224","5,336","187,168","94,585","5,118","3,706",65.9%,1.000,"73,653",0.3948,"10,956","7,811",10,26,2,9.6,13,6.9,2.55,148,27.4,22.4,97.8,"103,409","83,759",44.8%,"55,197","28,562",70.2%,"103,409.00","29,078.20","47,845.20",0.256,53.7%,19.38,"3,221.5",150.1,0.394
782,01/02/2025,2025,Feb,2,Q1,PEKAN,PANTAI TIMUR,NENASI,Luar Bandar,"8,600",24,"22,224","5,197","171,513","91,199","4,822","4,083",65.9%,1.000,"61,550",0.3928,"9,601","4,799",10,26,1,9.6,11,4.9,3.26,155,26.9,24.3,96.7,"100,104","71,409",41.6%,"47,059","24,350",71.2%,"100,104.00","24,176.84","38,576.84",0.225,61.5%,19.26,"2,746.5",160.9,0.359
783,01/03/2025,2025,Mar,3,Q1,PEKAN,PANTAI TIMUR,NENASI,Luar Bandar,"8,600",24,"22,224","5,383","185,636","97,202","5,364","3,498",65.9%,1.000,"75,861",0.4008,"11,232","7,459",10,26,1,9.6,11,4.2,3.16,129,28.3,31.1,99.7,"106,064","79,572",42.9%,"52,438","27,134",69.6%,"106,064.00","30,405.09","49,096.09",0.264,53.7%,19.70,"3,060.5",154.0,0.409
784,01/04/2025,2025,Apr,4,Q2,PEKAN,PANTAI TIMUR,NENASI,Luar Bandar,"8,600",24,"22,224","5,260","179,582","89,156","4,934","4,301",65.9%,1.000,"65,161",0.3910,"12,210","5,839",10,26,1,9.6,7,4,2.15,312,28.1,,97.5,"98,391","81,191",45.2%,"53,505","27,686",69.6%,"98,391.00","25,477.95","43,526.95",0.242,55.8%,18.71,"3,122.7",147.6,0.363
785,01/05/2025,2025,May,5,Q2,PEKAN,PANTAI TIMUR,NENASI,Luar Bandar,"8,600",24,"22,224","5,184","188,831","102,394","5,854","4,201",65.9%,1.000,"77,646",0.3906,"10,692","5,492",10,26,1,9.6,8,2.3,3.05,186,29.1,32.5,97.3,"112,449","76,382",40.4%,"50,336","26,046",70.8%,"112,449.00","30,328.53","46,512.53",0.246,58.6%,21.69,"2,937.8",163.2,0.411
786,01/06/2025,2025,Jun,6,Q2,PEKAN,PANTAI TIMUR,NENASI,Luar Bandar,"8,600",24,"22,224","5,518","192,010","96,398","5,257","4,345",65.9%,1.000,"73,271",0.3929,"12,926","8,626",10,26,2,9.6,8,9.6,1.69,167,28.8,23.4,99.2,"106,000","86,010",44.8%,"56,681","29,329",74.4%,"106,000.00","28,788.18","50,340.18",0.262,52.5%,19.21,"3,308.1",159.0,0.382
787,01/07/2025,2025,Jul,7,Q3,PEKAN,PANTAI TIMUR,NENASI,Luar Bandar,"8,600",24,"22,224","5,008","195,957","94,191","4,773","3,615",65.9%,1.000,"80,107",0.4050,"10,539","7,755",10,26,1,9.6,6,2.1,2.04,148,27.2,22.4,99.8,"102,579","93,378",47.7%,"61,536","31,842",73.5%,"102,579.00","32,443.34","50,737.34",0.259,50.5%,20.48,"3,591.5",148.9,0.409
788,01/08/2025,2025,Aug,8,Q3,PEKAN,PANTAI TIMUR,NENASI,Luar Bandar,"8,600",24,"22,224","5,080","205,237","111,781","6,819","4,043",65.9%,1.000,"74,829",0.4045,"11,710","5,546",10,26,1,9.6,9,4.1,2.3,150,27.8,15.3,100,"122,643","82,594",40.2%,"54,429","28,165",77.0%,"122,643.00","30,268.33","47,524.33",0.232,61.2%,24.14,"3,176.7",178.0,0.365
789,01/09/2025,2025,Sep,9,Q3,PEKAN,PANTAI TIMUR,NENASI,Luar Bandar,"8,600",24,"22,224","5,271","187,468","94,679","5,287","3,736",65.9%,1.000,"76,653",0.3943,"11,530","6,061",10,26,1,9.6,5,3.9,1.92,154,27.9,21.9,96.8,"103,702","83,766",44.7%,"55,202","28,564",72.7%,"103,702.00","30,224.28","47,815.28",0.255,53.9%,19.67,"3,221.8",155.5,0.409
790,01/10/2025,2025,Oct,10,Q4,PEKAN,PANTAI TIMUR,NENASI,Luar Bandar,"8,600",24,"22,224","5,268","193,946","96,213","5,365","4,501",65.9%,1.000,"78,708",0.4065,"10,251","5,625",10,26,1,9.6,9,2,2.5,235,27.2,25.7,97,"106,079","87,867",45.3%,"57,904","29,963",72.7%,"106,079.00","31,994.80","47,870.80",0.247,54.9%,20.14,"3,379.5",154.0,0.406
791,01/11/2025,2025,Nov,11,Q4,PEKAN,PANTAI TIMUR,NENASI,Luar Bandar,"8,600",24,"22,224","5,184","182,548","95,434","4,641","3,241",65.9%,1.000,"68,270",0.4070,"12,419","5,378",10,26,1,9.6,8,4.6,1.84,374,26.5,43.1,97.6,"103,316","79,232",43.4%,"52,214","27,018",70.8%,"103,316.00","27,785.89","45,582.89",0.250,55.9%,19.93,"3,047.4",155.0,0.374
792,01/12/2025,2025,Dec,12,Q4,PEKAN,PANTAI TIMUR,NENASI,Luar Bandar,"8,600",24,"22,224","5,398","175,115","84,949","4,407","3,597",65.9%,1.000,"65,683",0.3953,"12,031","5,188",10,26,1,9.6,10,4.8,2.5,555,26.1,33,96.6,"92,953","82,162",46.9%,"54,145","28,017",65.7%,"92,953.00","25,964.49","43,183.49",0.247,53.5%,17.22,"3,160.1",134.9,0.375
793,01/01/2023,2023,Jan,1,Q1,PEKAN,PANTAI TIMUR,BELIMBING,Luar Bandar,"7,200",29,"16,676","3,781","137,168","62,933","5,237","2,130",71.2%,1.012,"65,371",0.3684,"8,099","5,184",7,25,1,8.6,4,2.7,2.97,193,26.6,30,99.3,"70,300","66,868",48.7%,"47,610","19,258",61.5%,"71,143.60","24,082.68","37,365.68",0.272,47.5%,18.82,"2,674.7",136.0,0.477
794,01/02/2023,2023,Feb,2,Q1,PEKAN,PANTAI TIMUR,BELIMBING,Luar Bandar,"7,200",29,"16,676","3,871","119,525","56,697","4,463","2,044",71.2%,1.012,"60,237",0.3676,"8,006","6,927",7,25,1,8.6,4,4.5,3.09,91,27.2,12.9,97.1,"63,204","56,321",47.1%,"40,101","16,220",59.3%,"63,962.45","22,143.12","37,076.12",0.310,42.0%,16.52,"2,252.8",135.4,0.504
795,01/03/2023,2023,Mar,3,Q1,PEKAN,PANTAI TIMUR,BELIMBING,Luar Bandar,"7,200",29,"16,676","4,050","149,826","68,394","6,176","2,381",71.2%,1.012,"70,607",0.3820,"10,238","6,662",7,25,1,8.6,8,2.2,1.75,121,27.1,18.2,98.1,"76,951","72,875",48.6%,"51,887","20,988",67.1%,"77,874.41","26,971.87","43,871.87",0.293,43.7%,19.23,"2,915.0",148.9,0.471
796,01/04/2023,2023,Apr,4,Q2,PEKAN,PANTAI TIMUR,BELIMBING,Luar Bandar,"7,200",29,"16,676","3,980","134,441","60,911","4,766","2,428",71.2%,1.012,"68,926",0.3673,"8,779","6,001",7,25,1,8.6,5,2.6,2.85,216,28.1,25.2,98.8,"68,105","66,336",49.3%,"47,231","19,105",62.2%,"68,922.26","25,316.52","40,096.52",0.298,41.8%,17.32,"2,653.4",136.1,0.513
797,01/05/2023,2023,May,5,Q2,PEKAN,PANTAI TIMUR,BELIMBING,Luar Bandar,"7,200",29,"16,676","3,905","147,025","71,489","6,890","2,782",71.2%,1.012,"74,929",0.3778,"10,188","6,899",7,25,2,8.6,10,7.7,2.36,273,28.9,22.1,98.6,"81,161","65,864",44.8%,"46,895","18,969",65.9%,"82,134.93","28,308.18","45,395.18",0.309,44.7%,21.03,"2,634.6",157.0,0.510
798,01/06/2023,2023,Jun,6,Q2,PEKAN,PANTAI TIMUR,BELIMBING,Luar Bandar,"7,200",29,"16,676","4,124","150,441","68,865","6,226","2,547",71.2%,1.012,"69,939",0.3748,"11,317","6,453",7,25,1,8.6,4,4.2,2.05,188,28.7,35.1,98.3,"77,638","72,803",48.4%,"51,836","20,967",69.6%,"78,569.66","26,213.14","43,983.14",0.292,44.0%,19.05,"2,912.1",155.2,0.465
799,01/07/2023,2023,Jul,7,Q3,PEKAN,PANTAI TIMUR,BELIMBING,Luar Bandar,"7,200",29,"16,676","4,181","149,827","76,020","7,169","3,080",71.2%,1.012,"73,129",0.3840,"9,086","6,665",7,25,1,8.6,8,3.8,1.95,137,27.2,14.1,98.7,"86,269","63,558",42.4%,"45,253","18,305",67.1%,"87,304.23","28,081.54","43,832.54",0.293,49.8%,20.88,"2,542.3",166.9,0.488
800,01/08/2023,2023,Aug,8,Q3,PEKAN,PANTAI TIMUR,BELIMBING,Luar Bandar,"7,200",29,"16,676","4,205","151,725","75,227","7,147","2,516",71.2%,1.012,"81,753",0.3763,"10,424","4,780",7,25,1,8.6,4,4,2.4,168,27.5,34,97.2,"84,890","66,835",44.1%,"47,587","19,248",68.0%,"85,908.68","30,763.65","45,967.65",0.303,46.5%,20.43,"2,673.4",164.2,0.539
801,01/09/2023,2023,Sep,9,Q3,PEKAN,PANTAI TIMUR,BELIMBING,Luar Bandar,"7,200",29,"16,676","3,774","144,692","64,496","5,562","2,670",71.2%,1.012,"71,609",0.3735,"8,706","4,777",7,25,1,8.6,8,3.4,2.31,263,27.9,36.1,97.2,"72,728","71,964",49.7%,"51,238","20,726",67.0%,"73,600.74","26,745.96","40,228.96",0.278,45.3%,19.50,"2,878.6",145.4,0.495
802,01/10/2023,2023,Oct,10,Q4,PEKAN,PANTAI TIMUR,BELIMBING,Luar Bandar,"7,200",29,"16,676","3,828","142,929","69,919","6,604","3,160",71.2%,1.012,"70,302",0.3845,"8,781","6,374",7,25,1,8.6,8,2.5,2.57,419,26.5,38.6,99.1,"79,683","63,246",44.2%,"45,031","18,215",64.0%,"80,639.20","27,031.12","42,186.12",0.295,47.7%,21.07,"2,529.8",154.1,0.492
803,01/11/2023,2023,Nov,11,Q4,PEKAN,PANTAI TIMUR,BELIMBING,Luar Bandar,"7,200",29,"16,676","3,936","132,709","61,427","5,061","2,274",71.2%,1.012,"71,390",0.3800,"8,601","6,714",7,25,2,8.6,6,7.2,1.98,439,26.2,47.6,99.1,"68,762","63,947",48.2%,"45,530","18,417",61.4%,"69,587.14","27,128.20","42,443.20",0.320,39.0%,17.68,"2,557.9",137.4,0.538
804,01/12/2023,2023,Dec,12,Q4,PEKAN,PANTAI TIMUR,BELIMBING,Luar Bandar,"7,200",29,"16,676","3,982","128,596","59,777","4,996","2,227",71.2%,1.012,"65,977",0.3843,"7,541","5,935",7,25,1,8.6,5,2.9,3.19,331,25.9,39.3,97.8,"67,000","61,596",47.9%,"43,856","17,740",57.6%,"67,804.00","25,354.96","38,830.96",0.302,42.7%,17.03,"2,463.8",129.6,0.513
805,01/01/2024,2024,Jan,1,Q1,PEKAN,PANTAI TIMUR,BELIMBING,Luar Bandar,"7,200",30,"17,065","3,871","146,468","72,810","5,659","2,815",71.2%,1.012,"69,989",0.3936,"10,503","5,781",7,25,1,9.6,6,3.2,,231,27,22.9,98,"81,284","65,184",44.5%,"46,411","18,773",65.6%,"82,259.41","27,547.67","43,831.67",0.299,46.7%,21.25,"2,607.4",153.7,0.478
806,01/02/2024,2024,Feb,2,Q1,PEKAN,PANTAI TIMUR,BELIMBING,Luar Bandar,"7,200",30,"17,065","3,843","123,259","56,986","4,998","2,109",71.2%,1.012,"63,783",0.3959,"7,614","6,974",7,25,1,9.6,8,3.1,1.84,85,26.7,29.5,99.4,"64,093","59,166",48.0%,"42,126","17,040",59.0%,"64,862.12","25,251.69","39,839.69",0.323,38.6%,16.88,"2,366.6",129.5,0.517
807,01/03/2024,2024,Mar,3,Q1,PEKAN,PANTAI TIMUR,BELIMBING,Luar Bandar,"7,200",30,"17,065","4,267","148,250","75,750","6,529","2,905",71.2%,1.012,"72,227",0.3821,"8,985","5,840",7,25,1,9.6,5,4.3,2.24,227,28.2,36.6,98.7,"85,184","63,066",42.5%,"44,903","18,163",66.4%,"86,206.21","27,597.94","42,422.94",0.286,50.8%,20.20,"2,522.6",161.0,0.487
808,01/04/2024,2024,Apr,4,Q2,PEKAN,PANTAI TIMUR,BELIMBING,Luar Bandar,"7,200",30,"17,065","4,084","144,459","72,205","6,988","2,265",71.2%,1.012,"76,234",0.3840,"8,174","7,186",7,25,1,9.6,5,3.9,1.98,164,28.6,26.6,96.7,"81,458","63,001",43.6%,"44,857","18,144",66.9%,"82,435.50","29,273.86","44,633.86",0.309,45.9%,20.18,"2,520.0",159.1,0.528
809,01/05/2024,2024,May,5,Q2,PEKAN,PANTAI TIMUR,BELIMBING,Luar Bandar,"7,200",30,"17,065","3,823","147,960","72,425","7,070","3,254",71.2%,1.012,"75,868",0.3788,"8,477","7,699",7,25,2,9.6,9,6.2,1.83,193,28.9,28.9,96.7,"82,749","65,211",44.1%,"46,430","18,781",66.3%,"83,741.99","28,738.80","44,914.80",0.304,46.4%,21.90,"2,608.4",156.4,0.513
810,01/06/2024,2024,Jun,6,Q2,PEKAN,PANTAI TIMUR,BELIMBING,Luar Bandar,"7,200",30,"17,065","4,153","148,294","68,609","6,245","2,643",71.2%,1.012,"80,007",0.3941,"9,219","6,562",7,25,2,9.6,9,5.2,2.48,132,28.1,29.6,99.3,"77,497","70,797",47.7%,"50,407","20,390",68.7%,"78,426.96","31,530.76","47,311.76",0.319,39.7%,18.88,"2,831.9",151.4,0.540
811,01/07/2024,2024,Jul,7,Q3,PEKAN,PANTAI TIMUR,BELIMBING,Luar Bandar,"7,200",30,"17,065","3,878","154,626","77,259","6,018","3,003",71.2%,1.012,"77,960",0.3960,"9,086","5,118",7,25,1,9.6,4,3.5,2.76,125,28.4,18.2,98,"86,280","68,346",44.2%,"48,662","19,684",69.3%,"87,315.36","30,872.16","45,076.16",0.292,48.4%,22.52,"2,733.8",163.1,0.504
812,01/08/2024,2024,Aug,8,Q3,PEKAN,PANTAI TIMUR,BELIMBING,Luar Bandar,"7,200",30,"17,065","4,230","146,061","73,580","6,243","2,909",71.2%,1.012,"74,841",0.3941,"9,021","6,221",7,25,1,9.6,7,3.1,1.71,214,27.8,20.7,96.9,"82,732","63,329",43.4%,"45,090","18,239",65.4%,"83,724.78","29,494.84","44,736.84",0.306,46.6%,19.79,"2,533.2",156.4,0.512
813,01/09/2024,2024,Sep,9,Q3,PEKAN,PANTAI TIMUR,BELIMBING,Luar Bandar,"7,200",30,"17,065","4,032","146,694","75,420","6,078","2,604",71.2%,1.012,"77,386",0.3857,"8,685","5,771",7,25,1,9.6,8,3.7,3.17,183,27,25.9,98.6,"84,102","62,592",42.7%,"44,566","18,026",67.9%,"85,111.22","29,847.78","44,303.78",0.302,47.9%,21.11,"2,503.7",164.3,0.528
814,01/10/2024,2024,Oct,10,Q4,PEKAN,PANTAI TIMUR,BELIMBING,Luar Bandar,"7,200",30,"17,065","4,037","137,068","66,314","6,396","2,358",71.2%,1.012,"66,581",0.3829,"10,173","7,950",7,25,2,9.6,9,5.3,1.91,227,27.4,26.4,98,"75,068","62,000",45.2%,"44,144","17,856",61.4%,"75,968.82","25,493.86","43,616.86",0.318,42.6%,18.82,"2,480.0",141.9,0.486
815,01/11/2024,2024,Nov,11,Q4,PEKAN,PANTAI TIMUR,BELIMBING,Luar Bandar,"7,200",30,"17,065","4,283","132,264","62,758","5,560","2,706",71.2%,1.012,"69,185",0.3937,"7,597","7,621",7,25,1,9.6,8,2.7,3.15,445,27.6,33.6,98.1,"71,024","61,240",46.3%,"43,603","17,637",61.2%,"71,876.29","27,238.13","42,456.13",0.321,40.9%,16.78,"2,449.6",138.7,0.523
816,01/12/2024,2024,Dec,12,Q4,PEKAN,PANTAI TIMUR,BELIMBING,Luar Bandar,"7,200",30,"17,065","4,251","131,209","63,219","6,047","2,175",71.2%,1.012,"65,532",0.3927,"8,838","7,785",7,25,2,9.6,8,6.9,3.21,364,27.3,33.1,96.6,"71,441","59,768",45.6%,"42,555","17,213",58.8%,"72,298.29","25,734.42","42,357.42",0.323,41.4%,17.01,"2,390.7",135.0,0.499
817,01/01/2025,2025,Jan,1,Q1,PEKAN,PANTAI TIMUR,BELIMBING,Luar Bandar,"7,200",31,"17,430","4,230","146,543","73,710","6,803","2,897",71.2%,1.012,"69,485",0.3980,"9,821","5,857",7,25,1,10.6,8,2.2,2.63,260,26.4,21.3,97.7,"83,410","63,133",43.1%,"44,951","18,182",65.7%,"84,410.92","27,655.03","43,333.03",0.296,48.7%,19.96,"2,525.3",154.4,0.474
818,01/02/2025,2025,Feb,2,Q1,PEKAN,PANTAI TIMUR,BELIMBING,Luar Bandar,"7,200",31,"17,430","4,313","131,347","60,580","5,870","2,679",71.2%,1.012,"61,024",0.4044,"9,111","4,582",7,25,1,10.6,8,2.4,1.99,113,27.3,17.7,97.5,"69,129","62,218",47.4%,"44,299","17,919",65.2%,"69,958.55","24,678.11","38,371.11",0.292,45.2%,16.22,"2,488.7",141.6,0.465
819,01/03/2025,2025,Mar,3,Q1,PEKAN,PANTAI TIMUR,BELIMBING,Luar Bandar,"7,200",31,"17,430","3,911","152,461","72,138","7,182","2,910",71.2%,1.012,"76,510",0.3910,"9,792","7,228",7,25,1,10.6,7,4.8,2.61,196,28.5,20.7,97.2,"82,230","70,231",46.1%,"50,004","20,227",68.3%,"83,216.76","29,915.41","46,935.41",0.308,43.6%,21.28,"2,809.2",152.2,0.502
820,01/04/2025,2025,Apr,4,Q2,PEKAN,PANTAI TIMUR,BELIMBING,Luar Bandar,"7,200",31,"17,430","4,026","156,015","81,937","7,717","3,034",71.2%,1.012,"80,254",0.3893,"8,850","4,946",7,25,1,10.6,4,4.5,2.25,310,28,26,99.5,"92,688","63,327",40.6%,"45,089","18,238",72.2%,"93,800.26","31,242.88","45,038.88",0.289,52.0%,23.30,"2,533.1",177.3,0.514
821,01/05/2025,2025,May,5,Q2,PEKAN,PANTAI TIMUR,BELIMBING,Luar Bandar,"7,200",31,"17,430","4,230","148,546","78,430","7,141","2,478",71.2%,1.012,"76,681",0.3982,"8,638","6,621",7,25,1,10.6,9,4.8,3.03,150,29,30.6,96.7,"88,049","60,497",40.7%,"43,074","17,423",66.6%,"89,105.59","30,534.37","45,793.37",0.308,48.6%,21.07,"2,419.9",163.0,0.516
822,01/06/2025,2025,Jun,6,Q2,PEKAN,PANTAI TIMUR,BELIMBING,Luar Bandar,"7,200",31,"17,430","3,968","160,119","80,933","6,397","3,273",71.2%,1.012,"75,841",0.3993,"9,910","6,592",7,25,1,10.6,4,4.6,1.71,209,28,34.3,99.9,"90,603","69,516",43.4%,"49,495","20,021",74.1%,"91,690.24","30,283.31","46,785.31",0.292,49.0%,23.11,"2,780.6",173.3,0.474
823,01/07/2025,2025,Jul,7,Q3,PEKAN,PANTAI TIMUR,BELIMBING,Luar Bandar,"7,200",31,"17,430","4,006","148,008","74,679","6,998","2,541",71.2%,1.012,"70,855",0.3958,"9,176","5,103",7,25,1,10.6,9,4.6,2.16,103,27.9,19.8,97.9,"84,218","63,790",43.1%,"45,418","18,372",66.3%,"85,228.62","28,044.41","42,323.41",0.286,50.3%,21.28,"2,551.6",155.9,0.479
824,01/08/2025,2025,Aug,8,Q3,PEKAN,PANTAI TIMUR,BELIMBING,Luar Bandar,"7,200",31,"17,430","4,026","154,300","78,761","7,685","3,289",71.2%,1.012,"75,282",0.3922,"9,625","5,478",7,25,1,10.6,5,4.8,1.92,160,28,22.2,98,"89,735","64,565",41.8%,"45,970","18,595",69.1%,"90,811.82","29,525.60","44,628.60",0.289,50.9%,22.56,"2,582.6",166.1,0.488
825,01/09/2025,2025,Sep,9,Q3,PEKAN,PANTAI TIMUR,BELIMBING,Luar Bandar,"7,200",31,"17,430","3,991","150,681","73,774","6,138","2,294",71.2%,1.012,"76,824",0.4001,"10,451","7,325",7,25,1,10.6,6,4,2.9,185,27.8,19.7,96.6,"82,206","68,475",45.4%,"48,754","19,721",69.8%,"83,192.47","30,737.28","48,513.28",0.322,41.7%,20.85,"2,739.0",157.2,0.510
826,01/10/2025,2025,Oct,10,Q4,PEKAN,PANTAI TIMUR,BELIMBING,Luar Bandar,"7,200",31,"17,430","4,041","151,657","78,818","7,200","2,514",71.2%,1.012,"70,002",0.3983,"9,950","6,667",7,25,1,10.6,6,3.9,1.78,262,28.1,29.4,98.4,"88,532","63,125",41.6%,"44,945","18,180",67.9%,"89,594.38","27,881.80","44,498.80",0.293,50.3%,22.17,"2,525.0",163.8,0.462
827,01/11/2025,2025,Nov,11,Q4,PEKAN,PANTAI TIMUR,BELIMBING,Luar Bandar,"7,200",31,"17,430","4,316","133,265","64,030","4,973","2,769",71.2%,1.012,"71,436",0.4024,"9,015","7,907",7,25,2,10.6,10,9,1.9,327,27.3,20.9,97.7,"71,772","61,493",46.1%,"43,783","17,710",61.7%,"72,633.26","28,745.85","45,667.85",0.343,37.1%,16.83,"2,459.7",137.3,0.536
828,01/12/2025,2025,Dec,12,Q4,PEKAN,PANTAI TIMUR,BELIMBING,Luar Bandar,"7,200",31,"17,430","4,195","147,982","75,631","7,399","3,363",71.2%,1.012,"79,800",0.4010,"11,195","6,914",7,25,1,10.6,7,4.4,1.7,424,26.4,39.4,98.2,"86,393","61,589",41.6%,"43,851","17,738",66.3%,"87,429.72","31,999.80","50,108.80",0.339,42.7%,20.84,"2,463.6",159.9,0.539
829,01/01/2023,2023,Jan,1,Q1,PEKAN,PANTAI TIMUR,CHINI,Luar Bandar,"2,900",29,"8,571","2,005","67,150","34,083","2,231",649,70.2%,0.966,"33,195",0.3820,"5,771","4,401",7,22,1,9.1,4,3.3,3.19,206,26.3,22,100,"36,963","30,187",45.0%,"21,191","8,996",74.7%,"35,706.26","12,680.49","22,852.49",0.340,36.0%,17.81,"1,372.1",139.1,0.494
830,01/02/2023,2023,Feb,2,Q1,PEKAN,PANTAI TIMUR,CHINI,Luar Bandar,"2,900",29,"8,571","2,016","65,235","33,429","2,083",676,70.2%,0.966,"35,707",0.3818,"4,882","6,542",7,22,1,9.1,4,3.7,2.12,118,26.5,21.4,98.9,"36,188","29,047",44.5%,"20,391","8,656",80.3%,"34,957.61","13,632.93","25,056.93",0.384,28.3%,17.34,"1,320.3",150.8,0.547
831,01/03/2023,2023,Mar,3,Q1,PEKAN,PANTAI TIMUR,CHINI,Luar Bandar,"2,900",29,"8,571","1,966","71,237","35,676","2,294",648,70.2%,0.966,"34,794",0.3803,"5,812","5,919",7,22,1,9.1,4,4.6,2.27,201,27.8,26.5,98.7,"38,618","32,619",45.8%,"22,899","9,720",79.2%,"37,304.99","13,232.16","24,963.16",0.350,33.1%,18.98,"1,482.7",145.3,0.488
832,01/04/2023,2023,Apr,4,Q2,PEKAN,PANTAI TIMUR,CHINI,Luar Bandar,"2,900",29,"8,571","2,001","75,521","36,062","1,903",753,70.2%,0.966,"35,819",0.3848,"5,161","5,589",7,22,1,9.1,4,4.6,1.92,217,28.5,29.3,98.2,"38,718","36,803",48.7%,"25,836","10,967",86.8%,"37,401.59","13,783.15","24,533.15",0.325,34.4%,18.69,"1,672.9",150.6,0.474
833,01/05/2023,2023,May,5,Q2,PEKAN,PANTAI TIMUR,CHINI,Luar Bandar,"2,900",29,"8,571","2,020","73,017","38,841","2,512",788,70.2%,0.966,"40,017",0.3730,"5,585","5,433",7,22,1,9.1,5,4.3,3.07,258,28.3,28.3,99,"42,141","30,876",42.3%,"21,675","9,201",81.2%,"40,708.21","14,926.34","25,944.34",0.355,36.3%,20.15,"1,403.5",158.6,0.548
834,01/06/2023,2023,Jun,6,Q2,PEKAN,PANTAI TIMUR,CHINI,Luar Bandar,"2,900",29,"8,571","1,966","75,191","38,056","2,523",882,70.2%,0.966,"41,304",0.3750,"6,248","5,639",7,22,1,9.1,3,1.9,2.47,92,27.6,16.8,97,"41,461","33,730",44.9%,"23,678","10,052",86.4%,"40,051.33","15,489.00","27,376.00",0.364,31.6%,20.37,"1,533.2",161.2,0.549
835,01/07/2023,2023,Jul,7,Q3,PEKAN,PANTAI TIMUR,CHINI,Luar Bandar,"2,900",29,"8,571","1,936","77,921","39,382","2,577",674,70.2%,0.966,"39,098",0.3781,"5,519","5,339",7,22,1,9.1,5,3.1,2.83,108,27.6,17.7,97.6,"42,633","35,288",45.3%,"24,772","10,516",86.7%,"41,183.48","14,782.95","25,640.95",0.329,37.7%,21.27,"1,604.0",160.5,0.502
836,01/08/2023,2023,Aug,8,Q3,PEKAN,PANTAI TIMUR,CHINI,Luar Bandar,"2,900",29,"8,571","2,121","79,188","41,704","2,677",905,70.2%,0.966,"37,538",0.3730,"6,886","5,128",7,22,1,9.1,3,4,2.05,159,27.1,26.8,100,"45,286","33,902",42.8%,"23,799","10,103",88.1%,"43,746.28","14,001.67","26,015.67",0.329,40.5%,20.63,"1,541.0",170.4,0.474
837,01/09/2023,2023,Sep,9,Q3,PEKAN,PANTAI TIMUR,CHINI,Luar Bandar,"2,900",29,"8,571","2,141","68,640","33,234","1,965",714,70.2%,0.966,"33,618",0.3653,"4,976","5,871",7,22,1,9.1,5,4.2,1.9,149,27.7,30.5,97.1,"35,913","32,727",47.7%,"22,974","9,753",78.9%,"34,691.96","12,280.66","23,127.66",0.337,33.3%,16.20,"1,487.6",139.7,0.490
838,01/10/2023,2023,Oct,10,Q4,PEKAN,PANTAI TIMUR,CHINI,Luar Bandar,"2,900",29,"8,571","2,116","71,050","35,360","1,904",651,70.2%,0.966,"36,135",0.3830,"4,743","5,470",7,22,1,9.1,5,2.4,3.09,204,26.8,27.6,97.2,"37,915","33,135",46.6%,"23,261","9,874",79.0%,"36,625.89","13,839.71","24,052.71",0.339,34.3%,17.31,"1,506.1",142.7,0.509
839,01/11/2023,2023,Nov,11,Q4,PEKAN,PANTAI TIMUR,CHINI,Luar Bandar,"2,900",29,"8,571","1,977","66,082","32,376","1,817",727,70.2%,0.966,"34,382",0.3707,"5,907","2,395",7,22,0,9.1,2,0,2.47,491,26.5,34.5,99.6,"34,920","31,162",47.2%,"21,876","9,286",76.0%,"33,732.72","12,745.41","21,047.41",0.319,37.6%,17.06,"1,416.5",135.8,0.520
840,01/12/2023,2023,Dec,12,Q4,PEKAN,PANTAI TIMUR,CHINI,Luar Bandar,"2,900",29,"8,571","1,969","67,436","34,989","2,336",836,70.2%,0.966,"32,836",0.3736,"5,586","6,201",7,22,1,9.1,3,3,1.69,335,25.8,29.4,96.6,"38,161","29,275",43.4%,"20,551","8,724",75.0%,"36,863.53","12,267.53","24,054.53",0.357,34.7%,18.72,"1,330.7",143.6,0.487
841,01/01/2024,2024,Jan,1,Q1,PEKAN,PANTAI TIMUR,CHINI,Luar Bandar,"2,900",30,"8,766","2,159","72,272","39,013","2,460",770,70.2%,0.966,"36,357",0.3809,"5,197","4,656",7,22,1,10.1,4,2,3.09,189,26.4,22.5,98.6,"42,243","30,029",41.5%,"21,080","8,949",80.4%,"40,806.74","13,848.38","23,701.38",0.328,41.9%,18.90,"1,365.0",155.5,0.503
842,01/02/2024,2024,Feb,2,Q1,PEKAN,PANTAI TIMUR,CHINI,Luar Bandar,"2,900",30,"8,766","2,022","64,568","33,400","1,795",732,70.2%,0.966,"34,355",0.3933,"4,437","6,232",7,22,1,10.1,5,2.5,2.19,86,27.2,20.6,98.1,"35,927","28,641",44.4%,"20,106","8,535",76.8%,"34,705.48","13,511.82","24,180.82",0.375,30.3%,17.16,"1,301.9",141.3,0.532
843,01/03/2024,2024,Mar,3,Q1,PEKAN,PANTAI TIMUR,CHINI,Luar Bandar,"2,900",30,"8,766","2,201","78,798","38,232","2,168",762,70.2%,0.966,"38,665",0.3868,"6,577","6,924",7,22,1,10.1,5,4.3,1.64,212,27.4,31.1,98.7,"41,162","37,636",47.8%,"26,420","11,216",87.7%,"39,762.49","14,955.62","28,456.62",0.361,28.4%,18.07,"1,710.7",151.5,0.491
844,01/04/2024,2024,Apr,4,Q2,PEKAN,PANTAI TIMUR,CHINI,Luar Bandar,"2,900",30,"8,766","2,203","74,580","37,066","2,060",637,70.2%,0.966,"41,243",0.3860,"5,523","6,927",7,22,1,10.1,5,3.8,2.82,189,28.7,22.6,97.2,"39,763","34,817",46.7%,"24,442","10,375",85.7%,"38,411.06","15,919.80","28,369.80",0.380,26.1%,17.44,"1,582.6",151.2,0.553
845,01/05/2024,2024,May,5,Q2,PEKAN,PANTAI TIMUR,CHINI,Luar Bandar,"2,900",30,"8,766","2,212","81,295","42,509","2,350",910,70.2%,0.966,"42,907",0.3849,"6,899","4,384",7,22,1,10.1,6,4.4,3.2,132,28.4,25.8,98.8,"45,769","35,526",43.7%,"24,939","10,587",90.4%,"44,212.85","16,514.90","27,797.90",0.342,37.1%,19.99,"1,614.8",168.4,0.528
846,01/06/2024,2024,Jun,6,Q2,PEKAN,PANTAI TIMUR,CHINI,Luar Bandar,"2,900",30,"8,766","2,052","73,255","37,756","2,190",775,70.2%,0.966,"34,880",0.3916,"5,863","5,218",7,22,1,10.1,5,3.1,3.18,147,28.5,20.8,96.6,"40,721","32,534",44.4%,"22,839","9,695",84.2%,"39,336.49","13,659.01","24,740.01",0.338,37.1%,19.17,"1,478.8",154.8,0.476
847,01/07/2024,2024,Jul,7,Q3,PEKAN,PANTAI TIMUR,CHINI,Luar Bandar,"2,900",30,"8,766","2,153","82,776","42,847","2,528","1,051",70.2%,0.966,"42,506",0.3818,"6,142","4,452",7,22,1,10.1,3,3.4,2.63,178,28.4,26.4,97.1,"46,426","36,350",43.9%,"25,518","10,832",92.1%,"44,847.52","16,228.79","26,822.79",0.324,40.2%,20.83,"1,652.3",170.8,0.514
848,01/08/2024,2024,Aug,8,Q3,PEKAN,PANTAI TIMUR,CHINI,Luar Bandar,"2,900",30,"8,766","2,043","74,547","36,872","2,361",902,70.2%,0.966,"39,585",0.3843,"5,335","4,378",7,22,1,10.1,5,2.8,2.34,204,28.2,21.3,99,"40,135","34,412",46.2%,"24,157","10,255",82.9%,"38,770.41","15,212.52","24,925.52",0.334,35.7%,18.98,"1,564.2",147.7,0.531
849,01/09/2024,2024,Sep,9,Q3,PEKAN,PANTAI TIMUR,CHINI,Luar Bandar,"2,900",30,"8,766","2,001","71,104","34,432","2,047",806,70.2%,0.966,"36,216",0.3955,"5,580","4,998",7,22,1,10.1,4,2.9,3.04,130,27.8,20.8,97.2,"37,285","33,819",47.6%,"23,741","10,078",81.7%,"36,017.31","14,323.43","24,901.43",0.350,30.9%,18.00,"1,537.2",141.8,0.509
850,01/10/2024,2024,Oct,10,Q4,PEKAN,PANTAI TIMUR,CHINI,Luar Bandar,"2,900",30,"8,766","2,038","75,229","37,426","1,969",702,70.2%,0.966,"35,927",0.3778,"6,444","5,136",7,22,1,10.1,3,2.8,1.92,344,27.1,19.6,99.9,"40,097","35,132",46.7%,"24,663","10,469",83.7%,"38,733.70","13,573.22","25,153.22",0.334,35.1%,19.01,"1,596.9",147.6,0.478
851,01/11/2024,2024,Nov,11,Q4,PEKAN,PANTAI TIMUR,CHINI,Luar Bandar,"2,900",30,"8,766","2,190","67,603","33,020","1,798",571,70.2%,0.966,"33,982",0.3861,"5,853","5,016",7,22,1,10.1,3,1.9,2.03,370,26.6,30.1,98.1,"35,389","32,214",47.7%,"22,614","9,600",77.7%,"34,185.77","13,120.45","23,989.45",0.355,29.8%,15.61,"1,464.3",134.6,0.503
852,01/12/2024,2024,Dec,12,Q4,PEKAN,PANTAI TIMUR,CHINI,Luar Bandar,"2,900",30,"8,766","2,181","69,360","37,048","2,161",693,70.2%,0.966,"37,596",0.3897,"6,022","4,703",7,22,1,10.1,6,4.2,2.53,442,26.3,35.3,98.3,"39,902","29,458",42.5%,"20,680","8,778",77.2%,"38,545.33","14,651.16","25,376.16",0.366,34.2%,17.67,"1,339.0",146.8,0.542
853,01/01/2025,2025,Jan,1,Q1,PEKAN,PANTAI TIMUR,CHINI,Luar Bandar,"2,900",31,"8,936","2,076","69,027","36,167","1,970",785,70.2%,0.966,"34,258",0.4084,"4,875","5,486",7,22,1,11.1,4,4.7,2.28,256,27.3,32.8,98.3,"38,922","30,105",43.6%,"21,134","8,971",76.8%,"37,598.65","13,990.97","24,351.97",0.353,35.2%,18.11,"1,368.4",140.5,0.496
854,01/02/2025,2025,Feb,2,Q1,PEKAN,PANTAI TIMUR,CHINI,Luar Bandar,"2,900",31,"8,936","2,111","69,961","36,338","1,914",850,70.2%,0.966,"34,320",0.4087,"5,179","5,245",7,22,1,11.1,3,3.8,3.22,158,27.5,22.2,98,"39,102","30,859",44.1%,"21,663","9,196",86.2%,"37,772.53","14,026.58","24,450.58",0.349,35.3%,17.89,"1,402.7",156.3,0.491
855,01/03/2025,2025,Mar,3,Q1,PEKAN,PANTAI TIMUR,CHINI,Luar Bandar,"2,900",31,"8,936","2,168","77,376","41,143","2,640",879,70.2%,0.966,"40,117",0.4038,"6,869","6,248",7,22,1,11.1,3,4.6,1.91,233,28.5,25.9,98.8,"44,662","32,714",42.3%,"22,965","9,749",86.1%,"43,143.49","16,199.24","29,316.24",0.379,32.0%,19.90,"1,487.0",161.2,0.518
856,01/04/2025,2025,Apr,4,Q2,PEKAN,PANTAI TIMUR,CHINI,Luar Bandar,"2,900",31,"8,936","2,101","77,763","40,710","2,424",915,70.2%,0.966,"42,642",0.4024,"6,255","3,001",7,22,0,11.1,2,0,1.67,206,28.6,29.3,99.6,"44,049","33,714",43.4%,"23,667","10,047",89.4%,"42,551.33","17,159.14","26,415.14",0.340,37.9%,20.25,"1,532.5",164.3,0.548
857,01/05/2025,2025,May,5,Q2,PEKAN,PANTAI TIMUR,CHINI,Luar Bandar,"2,900",31,"8,936","2,226","84,408","43,620","2,889",947,70.2%,0.966,"39,899",0.3939,"5,701","4,900",7,22,1,11.1,5,4.8,1.86,212,29.2,30.8,99.6,"47,456","36,952",43.8%,"25,940","11,012",93.9%,"45,842.50","15,716.22","26,317.22",0.312,42.6%,20.59,"1,679.6",171.3,0.473
858,01/06/2025,2025,Jun,6,Q2,PEKAN,PANTAI TIMUR,CHINI,Luar Bandar,"2,900",31,"8,936","2,177","74,806","37,683","2,183",773,70.2%,0.966,"38,617",0.4035,"5,577","4,469",7,22,1,11.1,4,4.7,2.85,204,27.6,36.4,96.6,"40,639","34,167",45.7%,"23,985","10,182",86.0%,"39,257.27","15,581.96","25,627.96",0.343,34.7%,18.03,"1,553.0",151.6,0.516
859,01/07/2025,2025,Jul,7,Q3,PEKAN,PANTAI TIMUR,CHINI,Luar Bandar,"2,900",31,"8,936","2,096","84,414","45,224","2,640",871,70.2%,0.966,"45,353",0.3906,"6,479","4,481",7,22,1,11.1,4,4.8,3.28,106,28.2,16,96.8,"48,735","35,679",42.3%,"25,047","10,632",93.9%,"47,078.01","17,714.88","28,674.88",0.340,39.1%,22.46,"1,621.8",175.9,0.537
860,01/08/2025,2025,Aug,8,Q3,PEKAN,PANTAI TIMUR,CHINI,Luar Bandar,"2,900",31,"8,936","2,212","74,918","40,556","2,180",940,70.2%,0.966,"41,362",0.3918,"5,790","4,500",7,22,1,11.1,4,3.6,3.23,136,28.2,26.8,99.7,"43,676","31,242",41.7%,"21,932","9,310",83.3%,"42,191.02","16,205.63","26,495.63",0.354,37.2%,19.07,"1,420.1",157.7,0.552
861,01/09/2025,2025,Sep,9,Q3,PEKAN,PANTAI TIMUR,CHINI,Luar Bandar,"2,900",31,"8,936","2,073","72,843","38,894","2,204",766,70.2%,0.966,"35,205",0.3956,"6,485","7,028",7,22,1,11.1,4,2.5,1.8,257,28.3,22.7,99.8,"41,864","30,979",42.5%,"21,747","9,232",83.7%,"40,440.62","13,927.10","27,440.10",0.377,32.1%,19.51,"1,408.1",156.2,0.483
862,01/10/2025,2025,Oct,10,Q4,PEKAN,PANTAI TIMUR,CHINI,Luar Bandar,"2,900",31,"8,936","2,016","73,068","40,424","2,625",770,70.2%,0.966,"37,873",0.4002,"5,856","4,783",7,22,1,11.1,6,4.4,3.28,340,28.1,33.6,99,"43,819","29,249",40.0%,"20,533","8,716",81.3%,"42,329.15","15,156.77","25,795.77",0.353,39.1%,21.00,"1,329.5",158.2,0.518
863,01/11/2025,2025,Nov,11,Q4,PEKAN,PANTAI TIMUR,CHINI,Luar Bandar,"2,900",31,"8,936","2,120","68,883","36,184","2,197",866,70.2%,0.966,"36,529",0.3903,"6,057","5,483",7,22,1,11.1,3,3.6,2.95,333,26.7,34.3,97.8,"39,247","29,636",43.0%,"20,804","8,832",79.2%,"37,912.60","14,257.27","25,797.27",0.375,32.0%,17.88,"1,347.1",146.4,0.530
864,01/12/2025,2025,Dec,12,Q4,PEKAN,PANTAI TIMUR,CHINI,Luar Bandar,"2,900",31,"8,936","2,132","74,532","38,787","2,347",852,70.2%,0.966,"35,842",0.3957,"6,038","6,663",7,22,1,11.1,3,3.4,2.57,509,26.4,47.5,97.4,"41,986","32,546",43.7%,"22,847","9,699",82.9%,"40,558.48","14,182.68","26,883.68",0.361,33.7%,19.02,"1,479.4",151.6,0.481
865,01/01/2023,2023,Jan,1,Q1,PEKAN,PANTAI TIMUR,RUNCHANG,Pinggir Bandar,"13,000",10,"34,558","8,508","296,513","124,688","30,957","15,639",55.2%,1.152,"162,366",0.3673,"20,005","10,847",13,34,2,13.9,18,4.5,2.41,228,26.3,24.8,98.6,"171,284","125,229",42.2%,"69,126","56,103",73.6%,"197,319.17","59,637.03","90,489.03",0.305,54.1%,23.19,"3,683.2",159.9,0.548
866,01/02/2023,2023,Feb,2,Q1,PEKAN,PANTAI TIMUR,RUNCHANG,Pinggir Bandar,"13,000",10,"34,558","8,516","254,563","109,566","26,197","14,607",55.2%,1.152,"130,264",0.3820,"13,486","11,943",13,34,2,13.9,19,4.9,1.69,139,27.2,19.8,98.6,"150,370","104,193",40.9%,"57,515","46,678",69.9%,"173,226.24","49,760.85","75,189.85",0.295,56.6%,20.34,"3,064.5",155.4,0.512
867,01/03/2023,2023,Mar,3,Q1,PEKAN,PANTAI TIMUR,RUNCHANG,Pinggir Bandar,"13,000",10,"34,558","8,567","292,940","127,690","29,035","16,685",55.2%,1.152,"167,387",0.3700,"20,010","7,125",13,34,1,13.9,13,2.1,3.19,189,27.2,18.7,99.4,"173,410","119,530",40.8%,"65,981","53,549",72.7%,"199,768.32","61,933.19","89,068.19",0.304,55.4%,23.32,"3,515.6",161.9,0.571
868,01/04/2023,2023,Apr,4,Q2,PEKAN,PANTAI TIMUR,RUNCHANG,Pinggir Bandar,"13,000",10,"34,558","7,887","298,702","124,883","31,370","15,949",55.2%,1.152,"170,594",0.3815,"19,231","5,845",13,34,1,13.9,16,2.3,2.48,136,28.7,23.6,97.3,"172,202","126,500",42.3%,"69,828","56,672",76.6%,"198,376.70","65,081.61","90,157.61",0.302,54.6%,25.15,"3,720.6",166.1,0.571
869,01/05/2023,2023,May,5,Q2,PEKAN,PANTAI TIMUR,RUNCHANG,Pinggir Bandar,"13,000",10,"34,558","7,867","298,842","112,382","29,601","18,746",55.2%,1.152,"149,134",0.3786,"17,589","5,700",13,34,1,13.9,13,3.5,1.75,250,28.5,29.3,97.8,"160,729","138,113",46.2%,"76,238","61,875",74.2%,"185,159.81","56,462.13","79,751.13",0.267,56.9%,23.54,"4,062.1",150.0,0.499
870,01/06/2023,2023,Jun,6,Q2,PEKAN,PANTAI TIMUR,RUNCHANG,Pinggir Bandar,"13,000",10,"34,558","8,713","312,978","125,492","32,440","15,425",55.2%,1.152,"180,559",0.3670,"17,007","9,048",13,34,1,13.9,16,3.8,2.69,98,28,23.3,98.8,"173,357","139,621",44.6%,"77,071","62,550",80.3%,"199,707.26","66,265.15","92,320.15",0.295,53.8%,22.92,"4,106.5",167.2,0.577
871,01/07/2023,2023,Jul,7,Q3,PEKAN,PANTAI TIMUR,RUNCHANG,Pinggir Bandar,"13,000",10,"34,558","8,160","317,651","129,062","26,090","14,426",55.2%,1.152,"167,449",0.3700,"19,210","8,634",13,34,1,13.9,11,2.8,2.26,101,27.4,15.9,99.3,"169,578","148,073",46.6%,"81,736","66,337",78.8%,"195,353.86","61,956.13","89,800.13",0.283,54.0%,23.94,"4,355.1",158.3,0.527
872,01/08/2023,2023,Aug,8,Q3,PEKAN,PANTAI TIMUR,RUNCHANG,Pinggir Bandar,"13,000",10,"34,558","7,822","287,446","110,701","24,987","15,543",55.2%,1.152,"162,696",0.3686,"15,693","6,120",13,34,1,13.9,10,2,1.71,125,28.2,28.4,99.4,"151,231","136,215",47.4%,"75,191","61,024",71.3%,"174,218.11","59,969.75","81,782.75",0.285,53.1%,22.27,"4,006.3",141.2,0.566
873,01/09/2023,2023,Sep,9,Q3,PEKAN,PANTAI TIMUR,RUNCHANG,Pinggir Bandar,"13,000",10,"34,558","8,303","270,864","109,118","26,787","17,399",55.2%,1.152,"145,188",0.3719,"18,896","6,873",13,34,1,13.9,14,3.8,2.65,252,27.3,42.7,97.6,"153,304","117,560",43.4%,"64,893","52,667",69.5%,"176,606.21","53,995.42","79,764.42",0.294,54.8%,21.27,"3,457.6",147.9,0.536
874,01/10/2023,2023,Oct,10,Q4,PEKAN,PANTAI TIMUR,RUNCHANG,Pinggir Bandar,"13,000",10,"34,558","8,030","292,839","112,620","26,605","15,153",55.2%,1.152,"161,175",0.3710,"20,579","8,310",13,34,1,13.9,12,3.5,2.45,378,26.5,36.5,98.2,"154,378","138,461",47.3%,"76,430","62,031",72.7%,"177,843.46","59,795.93","88,684.93",0.303,50.1%,22.15,"4,072.4",144.1,0.550
875,01/11/2023,2023,Nov,11,Q4,PEKAN,PANTAI TIMUR,RUNCHANG,Pinggir Bandar,"13,000",10,"34,558","8,699","287,192","119,307","29,883","17,481",55.2%,1.152,"166,512",0.3682,"18,697","6,978",13,34,1,13.9,13,3.4,2.17,316,26.3,,98,"166,671","120,521",42.0%,"66,528","53,993",73.6%,"192,004.99","61,309.72","86,984.72",0.303,54.7%,22.07,"3,544.7",160.8,0.580
876,01/12/2023,2023,Dec,12,Q4,PEKAN,PANTAI TIMUR,RUNCHANG,Pinggir Bandar,"13,000",10,"34,558","7,778","277,200","113,727","31,215","17,557",55.2%,1.152,"159,430",0.3806,"15,935","7,243",13,34,1,13.9,8,2.3,2.99,409,25.9,41.9,98.8,"162,499","114,701",41.4%,"63,315","51,386",68.8%,"187,198.85","60,679.06","83,857.06",0.303,55.2%,24.07,"3,373.6",151.7,0.575
877,01/01/2024,2024,Jan,1,Q1,PEKAN,PANTAI TIMUR,RUNCHANG,Pinggir Bandar,"13,000",11,"35,378","8,680","273,433","123,173","25,540","14,059",55.2%,1.152,"152,353",0.3883,"19,144","11,549",13,34,2,14.9,18,7.7,1.92,191,27.6,17.3,97.8,"162,772","110,661",40.5%,"61,085","49,576",67.8%,"187,513.34","59,158.67","89,851.67",0.329,52.1%,21.60,"3,254.7",148.4,0.557
878,01/02/2024,2024,Feb,2,Q1,PEKAN,PANTAI TIMUR,RUNCHANG,Pinggir Bandar,"13,000",11,"35,378","7,924","262,444","113,017","29,773","15,323",55.2%,1.152,"140,298",0.3866,"13,938","7,724",13,34,1,14.9,8,2.8,2.26,186,27.6,22,97.6,"158,113","104,331",39.8%,"57,591","46,740",69.6%,"182,146.18","54,239.21","75,901.21",0.289,58.3%,22.99,"3,068.6",154.1,0.535
879,01/03/2024,2024,Mar,3,Q1,PEKAN,PANTAI TIMUR,RUNCHANG,Pinggir Bandar,"13,000",11,"35,378","8,333","304,833","124,655","29,964","20,335",55.2%,1.152,"169,946",0.3864,"18,121","6,526",13,34,1,14.9,7,2.7,2.09,174,27.7,32.7,98.2,"174,954","129,879",42.6%,"71,693","58,186",75.6%,"201,547.01","65,667.13","90,314.13",0.296,55.2%,24.19,"3,820.0",159.5,0.558
880,01/04/2024,2024,Apr,4,Q2,PEKAN,PANTAI TIMUR,RUNCHANG,Pinggir Bandar,"13,000",11,"35,378","8,402","308,429","118,966","32,685","17,957",55.2%,1.152,"171,348",0.3803,"21,599","5,662",13,34,1,14.9,10,2.5,2.47,148,28,25,97,"169,608","138,821",45.0%,"76,629","62,192",79.1%,"195,388.42","65,163.64","92,424.64",0.300,52.7%,23.25,"4,083.0",159.8,0.556
881,01/05/2024,2024,May,5,Q2,PEKAN,PANTAI TIMUR,RUNCHANG,Pinggir Bandar,"13,000",11,"35,378","8,920","312,338","125,258","31,137","20,349",55.2%,1.152,"162,038",0.3933,"21,745","6,113",13,34,1,14.9,16,2,2.43,158,28,28.2,96.9,"176,744","135,594",43.4%,"74,848","60,746",77.5%,"203,609.09","63,729.55","91,587.55",0.293,55.0%,22.83,"3,988.1",161.2,0.519
882,01/06/2024,2024,Jun,6,Q2,PEKAN,PANTAI TIMUR,RUNCHANG,Pinggir Bandar,"13,000",11,"35,378","8,075","296,399","126,575","25,491","14,030",55.2%,1.152,"158,410",0.3821,"17,674","6,657",13,34,1,14.9,17,4.2,2.54,184,28.2,21.5,99.9,"166,096","130,303",44.0%,"71,927","58,376",76.0%,"191,342.59","60,528.46","84,859.46",0.286,55.7%,23.70,"3,832.4",156.5,0.534
883,01/07/2024,2024,Jul,7,Q3,PEKAN,PANTAI TIMUR,RUNCHANG,Pinggir Bandar,"13,000",11,"35,378","8,511","321,797","139,925","35,603","20,384",55.2%,1.152,"179,599",0.3887,"20,499","6,319",13,34,1,14.9,8,4.2,2.03,112,27.4,13.2,98.8,"195,912","125,885",39.1%,"69,489","56,396",79.9%,"225,690.62","69,810.13","96,628.13",0.300,57.2%,26.52,"3,702.5",178.6,0.558
884,01/08/2024,2024,Aug,8,Q3,PEKAN,PANTAI TIMUR,RUNCHANG,Pinggir Bandar,"13,000",11,"35,378","8,249","304,600","120,870","30,076","14,586",55.2%,1.152,"159,128",0.3951,"16,409","8,095",13,34,1,14.9,9,2,2.93,153,27,20.2,97.3,"165,532","139,068",45.7%,"76,766","62,302",75.6%,"190,692.86","62,871.47","87,375.47",0.287,54.2%,23.12,"4,090.2",150.9,0.522
885,01/09/2024,2024,Sep,9,Q3,PEKAN,PANTAI TIMUR,RUNCHANG,Pinggir Bandar,"13,000",11,"35,378","8,393","295,191","110,391","30,638","18,970",55.2%,1.152,"155,944",0.3968,"18,010","11,687",13,34,2,14.9,15,5.4,1.97,142,27.8,,97.7,"159,999","135,192",45.8%,"74,626","60,566",75.7%,"184,318.85","61,878.58","91,575.58",0.310,50.3%,21.96,"3,976.2",150.8,0.528
886,01/10/2024,2024,Oct,10,Q4,PEKAN,PANTAI TIMUR,RUNCHANG,Pinggir Bandar,"13,000",11,"35,378","8,104","283,471","109,194","28,363","17,070",55.2%,1.152,"161,451",0.3784,"17,908","10,696",13,34,2,14.9,18,9.5,2.43,276,27.7,24.3,97.2,"154,627","128,844",45.5%,"71,122","57,722",70.3%,"178,130.30","61,093.06","89,697.06",0.316,49.6%,21.98,"3,789.5",141.0,0.570
887,01/11/2024,2024,Nov,11,Q4,PEKAN,PANTAI TIMUR,RUNCHANG,Pinggir Bandar,"13,000",11,"35,378","8,353","267,799","109,489","28,186","16,961",55.2%,1.152,"144,913",0.3923,"14,140","5,722",13,34,1,14.9,17,4.3,2.86,524,27.2,47.1,99.9,"154,636","113,163",42.3%,"62,466","50,697",68.7%,"178,140.67","56,849.37","76,711.37",0.286,56.9%,21.33,"3,328.3",145.7,0.541
888,01/12/2024,2024,Dec,12,Q4,PEKAN,PANTAI TIMUR,RUNCHANG,Pinggir Bandar,"13,000",11,"35,378","8,576","295,072","120,111","32,838","16,997",55.2%,1.152,"148,328",0.3819,"19,065","6,788",13,34,1,14.9,11,3.7,2.66,285,26.2,36.1,97.4,"169,946","125,126",42.4%,"69,070","56,056",73.2%,"195,777.79","56,646.46","82,499.46",0.280,57.9%,22.83,"3,680.2",155.0,0.503
889,01/01/2025,2025,Jan,1,Q1,PEKAN,PANTAI TIMUR,RUNCHANG,Pinggir Bandar,"13,000",12,"36,293","8,746","306,350","126,938","30,847","16,277",55.2%,1.152,"161,794",0.4020,"16,804","8,627",13,34,1,15.9,7,3,3.16,178,26.7,18.4,98.8,"174,062","132,288",43.2%,"73,023","59,265",76.0%,"200,519.42","65,041.19","90,472.19",0.295,54.9%,22.93,"3,890.8",154.7,0.528
890,01/02/2025,2025,Feb,2,Q1,PEKAN,PANTAI TIMUR,RUNCHANG,Pinggir Bandar,"13,000",12,"36,293","8,993","278,207","118,503","30,918","19,875",55.2%,1.152,"144,862",0.4076,"19,436","8,854",13,34,2,15.9,16,7.2,2.15,85,27.9,16.9,97.1,"169,296","108,911",39.1%,"60,119","48,792",76.4%,"195,028.99","59,045.75","87,335.75",0.314,55.2%,21.69,"3,203.3",166.6,0.521
891,01/03/2025,2025,Mar,3,Q1,PEKAN,PANTAI TIMUR,RUNCHANG,Pinggir Bandar,"13,000",12,"36,293","8,629","322,766","140,440","37,127","17,611",55.2%,1.152,"180,512",0.4042,"18,504","7,441",13,34,1,15.9,12,3.2,2.03,219,28.1,,97,"195,178","127,588",39.5%,"70,429","57,159",80.1%,"224,845.06","72,962.95","98,907.95",0.306,56.0%,26.06,"3,752.6",173.5,0.559
892,01/04/2025,2025,Apr,4,Q2,PEKAN,PANTAI TIMUR,RUNCHANG,Pinggir Bandar,"13,000",12,"36,293","8,291","298,649","129,631","26,317","14,428",55.2%,1.152,"169,103",0.3954,"17,252","6,173",13,34,1,15.9,9,2.5,2.07,243,27.7,36.8,97.9,"170,376","128,273",43.0%,"70,807","57,466",76.6%,"196,273.15","66,863.33","90,288.33",0.302,54.0%,23.67,"3,772.7",156.5,0.566
893,01/05/2025,2025,May,5,Q2,PEKAN,PANTAI TIMUR,RUNCHANG,Pinggir Bandar,"13,000",12,"36,293","8,729","313,949","132,490","27,853","16,515",55.2%,1.152,"181,878",0.4022,"16,712","8,434",13,34,1,15.9,8,4.4,3.14,239,28.2,30.2,99.2,"176,858","137,091",43.7%,"75,674","61,417",77.9%,"203,740.42","73,151.33","98,297.33",0.313,51.8%,23.34,"4,032.1",157.2,0.579
894,01/06/2025,2025,Jun,6,Q2,PEKAN,PANTAI TIMUR,RUNCHANG,Pinggir Bandar,"13,000",12,"36,293","8,809","324,147","145,108","38,661","17,425",55.2%,1.152,"180,906",0.3893,"19,652","5,540",13,34,1,15.9,14,4.9,2.43,142,27.9,14.1,99.8,"201,194","122,953",37.9%,"67,870","55,083",83.1%,"231,775.49","70,426.71","95,618.71",0.295,58.7%,26.31,"3,616.3",184.8,0.558
895,01/07/2025,2025,Jul,7,Q3,PEKAN,PANTAI TIMUR,RUNCHANG,Pinggir Bandar,"13,000",12,"36,293","8,796","334,407","135,420","36,943","22,956",55.2%,1.152,"182,981",0.4020,"20,563","7,984",13,34,1,15.9,17,4.4,3.09,171,27.9,27.6,98.7,"195,319","139,088",41.6%,"76,777","62,311",83.0%,"225,007.49","73,558.36","102,105.36",0.305,54.6%,25.58,"4,090.8",173.6,0.547
896,01/08/2025,2025,Aug,8,Q3,PEKAN,PANTAI TIMUR,RUNCHANG,Pinggir Bandar,"13,000",12,"36,293","8,611","315,286","143,979","34,934","17,158",55.2%,1.152,"178,567",0.4086,"19,351","8,171",13,34,2,15.9,19,5.7,3.03,196,28.2,15.9,99.4,"196,071","119,215",37.8%,"65,807","53,408",78.2%,"225,873.79","72,962.48","100,484.48",0.319,55.5%,26.23,"3,506.3",174.3,0.566
897,01/09/2025,2025,Sep,9,Q3,PEKAN,PANTAI TIMUR,RUNCHANG,Pinggir Bandar,"13,000",12,"36,293","8,772","316,932","147,673","30,625","17,683",55.2%,1.152,"166,320",0.4075,"17,181","6,879",13,34,1,15.9,14,3.7,1.99,220,27.7,,99.9,"195,981","120,951",38.2%,"66,765","54,186",81.3%,"225,770.11","67,775.40","91,835.40",0.290,59.3%,25.74,"3,557.4",180.0,0.525
898,01/10/2025,2025,Oct,10,Q4,PEKAN,PANTAI TIMUR,RUNCHANG,Pinggir Bandar,"13,000",12,"36,293","8,256","316,837","131,032","34,620","16,093",55.2%,1.152,"181,458",0.4012,"18,939","12,115",13,34,2,15.9,9,9.4,2.78,357,26.9,43.1,99.6,"181,745","135,092",42.6%,"74,571","60,521",78.6%,"209,370.24","72,800.95","103,854.95",0.328,50.4%,25.36,"3,973.3",161.5,0.573
899,01/11/2025,2025,Nov,11,Q4,PEKAN,PANTAI TIMUR,RUNCHANG,Pinggir Bandar,"13,000",12,"36,293","8,801","279,615","116,375","25,839","13,691",55.2%,1.152,"142,206",0.3938,"18,757","12,105",13,34,2,15.9,11,7.2,2.97,257,26.7,24.8,96.6,"155,905","123,710",44.2%,"68,288","55,422",71.7%,"179,602.56","56,000.72","86,862.72",0.311,51.6%,20.41,"3,638.5",143.2,0.509
900,01/12/2025,2025,Dec,12,Q4,PEKAN,PANTAI TIMUR,RUNCHANG,Pinggir Bandar,"13,000",12,"36,293","8,591","302,037","115,170","32,302","19,142",55.2%,1.152,"169,874",0.4007,"19,291","7,641",13,34,1,15.9,16,4.4,1.95,474,26.3,38.1,97.8,"166,614","135,423",44.8%,"74,753","60,670",74.9%,"191,939.33","68,068.51","95,000.51",0.315,50.5%,22.34,"3,983.0",148.1,0.562
901,01/01/2023,2023,Jan,1,Q1,PEKAN,PANTAI TIMUR,RUNCHANG AGRO,Pinggir Bandar,"31,500",21,"80,206","18,717","642,482","289,933","57,610","36,447",77.8%,1.130,"273,436",0.3677,"38,007","14,454",17,53,2,12.1,29,9.6,2.57,225,26.8,40.8,97.5,"383,990","258,492",40.2%,"201,107","57,385",65.8%,"433,908.70","100,542.42","153,003.42",0.238,64.7%,23.18,"4,877.2",154.4,0.426
902,01/02/2023,2023,Feb,2,Q1,PEKAN,PANTAI TIMUR,RUNCHANG AGRO,Pinggir Bandar,"31,500",21,"80,206","18,251","573,563","256,839","46,691","26,033",77.8%,1.130,"266,471",0.3808,"40,801","14,237",17,53,3,12.1,35,6.1,1.7,106,27.7,12.3,98.4,"329,563","244,000",42.5%,"189,832","54,168",65.0%,"372,406.19","101,472.16","156,510.16",0.273,58.0%,20.40,"4,603.8",146.7,0.465
903,01/03/2023,2023,Mar,3,Q1,PEKAN,PANTAI TIMUR,RUNCHANG AGRO,Pinggir Bandar,"31,500",21,"80,206","19,055","683,579","306,794","67,677","36,365",77.8%,1.130,"298,086",0.3771,"47,683","13,736",17,53,3,12.1,31,9.5,3.05,195,27.3,24.1,99.9,"410,836","272,743",39.9%,"212,194","60,549",70.0%,"464,244.68","112,408.23","173,827.23",0.254,62.6%,24.36,"5,146.1",165.2,0.436
904,01/04/2023,2023,Apr,4,Q2,PEKAN,PANTAI TIMUR,RUNCHANG AGRO,Pinggir Bandar,"31,500",21,"80,206","19,107","715,666","308,001","59,466","37,587",77.8%,1.130,"323,334",0.3685,"39,933","9,536",17,53,2,12.1,33,5.4,3.07,295,28.2,23,96.9,"405,054","310,612",43.4%,"241,656","68,956",75.7%,"457,711.02","119,148.58","168,617.58",0.236,63.2%,23.96,"5,860.6",168.3,0.452
905,01/05/2023,2023,May,5,Q2,PEKAN,PANTAI TIMUR,RUNCHANG AGRO,Pinggir Bandar,"31,500",21,"80,206","19,609","724,975","335,380","66,565","46,312",77.8%,1.130,"312,332",0.3810,"46,387","12,886",17,53,3,12.1,23,6.9,2.84,149,28.8,32.4,99,"448,257","276,718",38.2%,"215,287","61,431",74.2%,"506,530.41","118,998.49","178,271.49",0.246,64.8%,25.83,"5,221.1",180.3,0.431
906,01/06/2023,2023,Jun,6,Q2,PEKAN,PANTAI TIMUR,RUNCHANG AGRO,Pinggir Bandar,"31,500",21,"80,206","20,153","726,393","325,479","77,112","41,596",77.8%,1.130,"337,102",0.3707,"41,213","9,479",17,53,1,12.1,21,4.2,2.57,97,27.5,15.4,99.8,"444,187","282,206",38.9%,"219,556","62,650",76.9%,"501,931.31","124,963.71","175,655.71",0.242,65.0%,24.91,"5,324.6",184.6,0.464
907,01/07/2023,2023,Jul,7,Q3,PEKAN,PANTAI TIMUR,RUNCHANG AGRO,Pinggir Bandar,"31,500",21,"80,206","19,763","716,796","331,196","71,738","38,778",77.8%,1.130,"341,204",0.3653,"44,510","11,432",17,53,2,12.1,21,9.4,3.17,102,27.7,18.5,98.5,"441,712","275,084",38.4%,"214,015","61,069",73.4%,"499,134.56","124,641.82","180,583.82",0.252,63.8%,25.26,"5,190.3",177.7,0.476
908,01/08/2023,2023,Aug,8,Q3,PEKAN,PANTAI TIMUR,RUNCHANG AGRO,Pinggir Bandar,"31,500",21,"80,206","18,712","703,527","291,217","65,766","38,812",77.8%,1.130,"324,390",0.3833,"51,038","11,265",17,53,1,12.1,32,4.8,2.7,175,27.8,21.4,97.4,"395,795","307,732",43.7%,"239,415","68,317",72.0%,"447,248.35","124,338.69","186,641.69",0.265,58.3%,23.90,"5,806.3",159.2,0.461
909,01/09/2023,2023,Sep,9,Q3,PEKAN,PANTAI TIMUR,RUNCHANG AGRO,Pinggir Bandar,"31,500",21,"80,206","18,829","636,734","292,138","53,877","38,311",77.8%,1.130,"302,811",0.3722,"39,621","10,723",17,53,2,12.1,32,6.3,1.77,264,27.9,36.5,99.9,"384,326","252,408",39.6%,"196,373","56,035",67.4%,"434,288.38","112,706.25","163,050.25",0.256,62.5%,23.06,"4,762.4",159.7,0.476
910,01/10/2023,2023,Oct,10,Q4,PEKAN,PANTAI TIMUR,RUNCHANG AGRO,Pinggir Bandar,"31,500",21,"80,206","18,358","665,557","283,377","67,068","41,044",77.8%,1.130,"305,245",0.3671,"38,104","12,495",17,53,2,12.1,19,5.6,2.14,384,27.2,32.7,99.9,"391,489","274,068",41.2%,"213,225","60,843",68.2%,"442,382.57","112,055.44","162,654.44",0.244,63.2%,24.10,"5,171.1",157.5,0.459
911,01/11/2023,2023,Nov,11,Q4,PEKAN,PANTAI TIMUR,RUNCHANG AGRO,Pinggir Bandar,"31,500",21,"80,206","18,558","661,209","314,820","58,566","45,467",77.8%,1.130,"321,305",0.3819,"41,400","12,179",17,53,1,12.1,25,2.7,2.39,290,26.6,42.9,99.7,"418,853","242,356",36.7%,"188,553","53,803",70.0%,"473,303.89","122,706.38","176,285.38",0.267,62.8%,25.50,"4,572.8",174.1,0.486
912,01/12/2023,2023,Dec,12,Q4,PEKAN,PANTAI TIMUR,RUNCHANG AGRO,Pinggir Bandar,"31,500",21,"80,206","18,610","650,202","284,578","53,489","31,518",77.8%,1.130,"306,738",0.3843,"40,443","11,685",17,53,3,12.1,38,6.6,2.39,597,27,63,97.7,"369,585","280,617",43.2%,"218,320","62,297",66.6%,"417,631.05","117,879.41","170,007.41",0.261,59.3%,22.44,"5,294.7",148.6,0.472
913,01/01/2024,2024,Jan,1,Q1,PEKAN,PANTAI TIMUR,RUNCHANG AGRO,Pinggir Bandar,"31,500",22,"82,019","19,639","701,923","339,807","70,795","41,174",77.8%,1.130,"321,190",0.3828,"45,951","10,881",17,53,1,13.1,22,4.7,2.85,120,27.1,13.2,97.4,"451,776","250,147",35.6%,"194,614","55,533",71.9%,"510,506.88","122,951.53","179,783.53",0.256,64.8%,25.99,"4,719.8",177.7,0.458
914,01/02/2024,2024,Feb,2,Q1,PEKAN,PANTAI TIMUR,RUNCHANG AGRO,Pinggir Bandar,"31,500",22,"82,019","19,198","592,990","284,032","64,174","35,471",77.8%,1.130,"253,244",0.3938,"39,941","12,121",17,53,2,13.1,25,6.8,2.66,171,27.8,,99.5,"383,677","209,313",35.3%,"162,846","46,467",64.9%,"433,555.01","99,727.49","151,789.49",0.256,65.0%,22.58,"3,949.3",161.3,0.427
915,01/03/2024,2024,Mar,3,Q1,PEKAN,PANTAI TIMUR,RUNCHANG AGRO,Pinggir Bandar,"31,500",22,"82,019","20,622","725,349","327,548","67,522","37,239",77.8%,1.130,"321,534",0.3822,"49,896","13,714",17,53,2,13.1,25,3.9,1.76,152,28,32.2,100,"432,309","293,040",40.4%,"227,985","65,055",74.3%,"488,509.17","122,890.29","186,500.29",0.257,61.8%,23.69,"5,529.1",170.0,0.443
916,01/04/2024,2024,Apr,4,Q2,PEKAN,PANTAI TIMUR,RUNCHANG AGRO,Pinggir Bandar,"31,500",22,"82,019","20,468","723,604","331,182","67,106","39,195",77.8%,1.130,"343,296",0.3771,"43,522","7,894",17,53,1,13.1,17,4.3,3.24,143,28.4,30.9,96.7,"437,483","286,121",39.5%,"222,602","63,519",76.6%,"494,355.79","129,456.92","180,872.92",0.250,63.4%,24.15,"5,398.5",177.8,0.474
917,01/05/2024,2024,May,5,Q2,PEKAN,PANTAI TIMUR,RUNCHANG AGRO,Pinggir Bandar,"31,500",22,"82,019","19,393","716,324","322,562","75,699","40,093",77.8%,1.130,"329,445",0.3878,"48,862","8,741",17,53,1,13.1,12,3.9,,283,29,33.4,96.5,"438,354","277,970",38.8%,"216,261","61,709",73.4%,"495,340.02","127,758.77","185,361.77",0.259,62.6%,25.54,"5,244.7",172.4,0.460
918,01/06/2024,2024,Jun,6,Q2,PEKAN,PANTAI TIMUR,RUNCHANG AGRO,Pinggir Bandar,"31,500",22,"82,019","20,484","721,452","326,741","75,903","42,401",77.8%,1.130,"305,733",0.3898,"51,488","7,897",17,53,1,13.1,30,2.5,3.07,97,27.8,19.1,99.4,"445,045","276,407",38.3%,"215,045","61,362",76.3%,"502,900.85","119,174.72","178,559.72",0.248,64.5%,24.55,"5,215.2",180.9,0.424
919,01/07/2024,2024,Jul,7,Q3,PEKAN,PANTAI TIMUR,RUNCHANG AGRO,Pinggir Bandar,"31,500",22,"82,019","18,833","757,364","360,618","69,450","35,597",77.8%,1.130,"335,627",0.3800,"48,574","14,913",17,53,2,13.1,33,7.5,2.22,154,28.1,25,99.4,"465,665","291,699",38.5%,"226,942","64,757",77.6%,"526,201.45","127,538.26","191,025.26",0.252,63.7%,27.94,"5,503.8",183.1,0.443
920,01/08/2024,2024,Aug,8,Q3,PEKAN,PANTAI TIMUR,RUNCHANG AGRO,Pinggir Bandar,"31,500",22,"82,019","20,284","745,821","320,736","74,627","39,525",77.8%,1.130,"365,720",0.3862,"55,038","12,584",17,53,2,13.1,26,9.7,2.28,154,27.6,16.2,98.3,"434,888","310,933",41.7%,"241,906","69,027",76.4%,"491,423.44","141,241.06","208,863.06",0.280,57.5%,24.23,"5,866.7",171.0,0.490
921,01/09/2024,2024,Sep,9,Q3,PEKAN,PANTAI TIMUR,RUNCHANG AGRO,Pinggir Bandar,"31,500",22,"82,019","19,452","683,826","328,410","69,979","42,055",77.8%,1.130,"299,235",0.3970,"44,487","10,315",17,53,1,13.1,34,2.1,2.62,281,27.6,30.8,99.8,"440,444","243,382",35.6%,"189,351","54,031",72.4%,"497,701.72","118,796.30","173,598.30",0.254,65.1%,25.59,"4,592.1",179.0,0.438
922,01/10/2024,2024,Oct,10,Q4,PEKAN,PANTAI TIMUR,RUNCHANG AGRO,Pinggir Bandar,"31,500",22,"82,019","19,066","686,262","335,503","70,311","35,962",77.8%,1.130,"294,995",0.3966,"46,452","17,380",17,53,3,13.1,23,9.4,,186,27.5,29.3,99.6,"441,776","244,486",35.6%,"190,210","54,276",70.3%,"499,206.88","116,995.02","180,827.02",0.263,63.8%,26.18,"4,612.9",173.8,0.430
923,01/11/2024,2024,Nov,11,Q4,PEKAN,PANTAI TIMUR,RUNCHANG AGRO,Pinggir Bandar,"31,500",22,"82,019","18,510","635,336","303,779","62,122","35,638",77.8%,1.130,"291,086",0.3819,"37,159","10,971",17,53,2,13.1,23,7.8,3.09,262,26.7,33.1,99.2,"401,539","233,797",36.8%,"181,894","51,903",67.2%,"453,739.07","111,165.74","159,295.74",0.251,64.9%,24.51,"4,411.3",163.2,0.458
924,01/12/2024,2024,Dec,12,Q4,PEKAN,PANTAI TIMUR,RUNCHANG AGRO,Pinggir Bandar,"31,500",22,"82,019","20,483","700,282","334,344","64,718","34,810",77.8%,1.130,"343,747",0.3906,"41,945","15,852",17,53,3,13.1,26,6.8,2.15,518,27,60,99.2,"433,872","266,410",38.0%,"207,267","59,143",71.7%,"490,275.36","134,267.58","192,064.58",0.274,60.8%,23.94,"5,026.6",170.6,0.491
925,01/01/2025,2025,Jan,1,Q1,PEKAN,PANTAI TIMUR,RUNCHANG AGRO,Pinggir Bandar,"31,500",23,"83,890","21,165","701,952","322,232","75,163","46,531",77.8%,1.130,"322,515",0.4064,"40,097","14,301",17,53,3,14.1,24,11.8,2.91,191,26.9,27.8,97.1,"443,926","258,026",36.8%,"200,744","57,282",71.9%,"501,636.38","131,070.10","185,468.10",0.264,63.0%,23.70,"4,868.4",170.7,0.459
926,01/02/2025,2025,Feb,2,Q1,PEKAN,PANTAI TIMUR,RUNCHANG AGRO,Pinggir Bandar,"31,500",23,"83,890","19,426","632,414","293,685","65,773","37,953",77.8%,1.130,"308,964",0.3952,"46,224","16,256",17,53,3,14.1,29,9.5,2.24,93,27.8,21.7,98.3,"397,411","235,003",37.2%,"182,832","52,171",71.7%,"449,074.43","122,102.57","184,582.57",0.292,58.9%,23.12,"4,434.0",169.2,0.489
927,01/03/2025,2025,Mar,3,Q1,PEKAN,PANTAI TIMUR,RUNCHANG AGRO,Pinggir Bandar,"31,500",23,"83,890","18,858","694,115","311,804","58,213","42,461",77.8%,1.130,"333,084",0.4057,"44,054","11,657",17,53,2,14.1,38,5.9,2.04,130,28.1,21.4,98.8,"412,478","281,637",40.6%,"219,114","62,523",71.1%,"466,100.14","135,132.18","190,843.18",0.275,59.1%,24.72,"5,313.9",158.6,0.480
928,01/04/2025,2025,Apr,4,Q2,PEKAN,PANTAI TIMUR,RUNCHANG AGRO,Pinggir Bandar,"31,500",23,"83,890","20,679","698,670","316,512","67,932","36,959",77.8%,1.130,"328,274",0.4066,"43,735","8,068",17,53,1,14.1,16,2,2.39,242,28.2,26.8,99.3,"421,403","277,267",39.7%,"215,714","61,553",73.9%,"476,185.39","133,476.21","185,279.21",0.265,61.1%,23.03,"5,231.5",167.4,0.470
929,01/05/2025,2025,May,5,Q2,PEKAN,PANTAI TIMUR,RUNCHANG AGRO,Pinggir Bandar,"31,500",23,"83,890","19,293","780,875","370,387","75,442","52,868",77.8%,1.130,"333,480",0.3968,"50,910","11,463",17,53,2,14.1,17,9.7,2.71,167,27.9,23.2,98.9,"498,697","282,178",36.1%,"219,534","62,644",80.0%,"563,527.61","132,324.86","194,697.86",0.249,65.5%,29.21,"5,324.1",191.8,0.427
930,01/06/2025,2025,Jun,6,Q2,PEKAN,PANTAI TIMUR,RUNCHANG AGRO,Pinggir Bandar,"31,500",23,"83,890","20,934","709,769","341,482","81,066","37,063",77.8%,1.130,"320,722",0.3997,"47,022","13,727",17,53,2,14.1,39,4.7,2.82,136,28.5,19.7,97.5,"459,611","250,158",35.2%,"194,623","55,535",75.1%,"519,360.43","128,192.58","188,941.58",0.266,63.6%,24.81,"4,720.0",182.6,0.452
931,01/07/2025,2025,Jul,7,Q3,PEKAN,PANTAI TIMUR,RUNCHANG AGRO,Pinggir Bandar,"31,500",23,"83,890","19,002","725,386","357,758","72,337","42,789",77.8%,1.130,"330,076",0.4089,"41,317","11,763",17,53,1,14.1,13,3.8,2.03,195,28.1,27.1,98.8,"472,884","252,502",34.8%,"196,447","56,055",74.3%,"534,358.92","134,968.08","188,048.08",0.259,64.8%,28.12,"4,764.2",181.8,0.455
932,01/08/2025,2025,Aug,8,Q3,PEKAN,PANTAI TIMUR,RUNCHANG AGRO,Pinggir Bandar,"31,500",23,"83,890","19,924","749,067","364,452","79,788","36,516",77.8%,1.130,"355,342",0.3989,"48,332","18,225",17,53,3,14.1,24,6.5,3.07,173,28.5,19.2,97.9,"480,756","268,311",35.8%,"208,746","59,565",76.7%,"543,254.28","141,745.92","208,302.92",0.278,61.7%,27.27,"5,062.5",184.9,0.474
933,01/09/2025,2025,Sep,9,Q3,PEKAN,PANTAI TIMUR,RUNCHANG AGRO,Pinggir Bandar,"31,500",23,"83,890","19,787","661,830","303,961","73,396","36,833",77.8%,1.130,"312,774",0.3967,"37,224","15,149",17,53,3,14.1,19,10.2,3.21,181,27,23.3,99.2,"414,190","247,640",37.4%,"192,664","54,976",70.0%,"468,034.70","124,077.45","176,450.45",0.267,62.3%,23.65,"4,672.5",164.6,0.473
934,01/10/2025,2025,Oct,10,Q4,PEKAN,PANTAI TIMUR,RUNCHANG AGRO,Pinggir Bandar,"31,500",23,"83,890","19,584","725,256","316,966","70,868","43,384",77.8%,1.130,"324,311",0.3947,"42,185","8,053",17,53,1,14.1,32,2.3,2.57,393,27.1,43.8,99.9,"431,218","294,038",40.5%,"228,762","65,276",74.3%,"487,276.34","128,005.55","178,243.55",0.246,63.4%,24.88,"5,547.9",165.8,0.447
935,01/11/2025,2025,Nov,11,Q4,PEKAN,PANTAI TIMUR,RUNCHANG AGRO,Pinggir Bandar,"31,500",23,"83,890","18,874","625,907","294,733","53,814","30,811",77.8%,1.130,"288,853",0.3943,"41,152","13,384",17,53,2,14.1,34,6.4,3.04,340,27.6,46,99.1,"379,358","246,549",39.4%,"191,815","54,734",66.2%,"428,674.54","113,894.74","168,430.74",0.269,60.7%,22.71,"4,651.9",150.7,0.461
936,01/12/2025,2025,Dec,12,Q4,PEKAN,PANTAI TIMUR,RUNCHANG AGRO,Pinggir Bandar,"31,500",23,"83,890","19,370","713,449","346,773","79,379","36,217",77.8%,1.130,"316,151",0.4081,"48,248","7,742",17,53,1,14.1,13,2,2.95,398,26.7,39.2,97.9,"462,369","251,080",35.2%,"195,340","55,740",73.1%,"522,476.97","129,021.22","185,011.22",0.259,64.6%,26.97,"4,737.4",177.8,0.443
937,01/01/2023,2023,Jan,1,Q1,PEKAN,PANTAI TIMUR,GANCHONG,Luar Bandar,"2,600",26,"5,762","1,397","46,194","18,973","1,858",484,73.2%,0.933,"25,803",0.3679,"3,361","4,588",5,20,1,5.2,4,4.6,2.3,117,26.8,13.7,97.5,"21,315","24,879",53.9%,"18,211","6,668",57.3%,"19,886.90","9,492.92","17,441.92",0.378,12.3%,14.24,"1,244.0",119.3,0.559
938,01/02/2023,2023,Feb,2,Q1,PEKAN,PANTAI TIMUR,GANCHONG,Luar Bandar,"2,600",26,"5,762","1,446","43,440","16,835","1,792",493,73.2%,0.933,"25,477",0.3794,"2,592","4,342",5,20,1,5.2,3,2.9,2.27,162,27.4,24.8,98,"19,120","24,320",56.0%,"17,802","6,518",59.7%,"17,838.96","9,665.97","16,599.97",0.382,6.9%,12.34,"1,216.0",118.5,0.586
939,01/03/2023,2023,Mar,3,Q1,PEKAN,PANTAI TIMUR,GANCHONG,Luar Bandar,"2,600",26,"5,762","1,312","49,078","22,087","2,539",675,73.2%,0.933,"28,885",0.3758,"3,299","4,206",5,20,1,5.2,3,2.3,2.07,124,28.4,30.1,97.7,"25,301","23,777",48.4%,"17,405","6,372",60.9%,"23,605.83","10,854.98","18,359.98",0.374,22.2%,17.99,"1,188.9",141.6,0.589
940,01/04/2023,2023,Apr,4,Q2,PEKAN,PANTAI TIMUR,GANCHONG,Luar Bandar,"2,600",26,"5,762","1,390","47,202","21,035","2,114",663,73.2%,0.933,"28,067",0.3700,"3,056","5,591",5,20,1,5.2,3,4.8,2.89,177,27.6,26.1,97.4,"23,812","23,390",49.6%,"17,121","6,269",60.5%,"22,216.60","10,384.79","19,031.79",0.403,14.3%,15.98,"1,169.5",137.8,0.595
941,01/05/2023,2023,May,5,Q2,PEKAN,PANTAI TIMUR,GANCHONG,Luar Bandar,"2,600",26,"5,762","1,406","51,407","19,430","1,966",630,73.2%,0.933,"28,142",0.3742,"3,948","5,563",5,20,1,5.2,4,2.9,1.57,198,28.9,19.4,99.5,"22,026","29,381",57.2%,"21,507","7,874",63.8%,"20,550.26","10,530.74","20,041.74",0.390,2.5%,14.62,"1,469.1",123.3,0.547
942,01/06/2023,2023,Jun,6,Q2,PEKAN,PANTAI TIMUR,GANCHONG,Luar Bandar,"2,600",26,"5,762","1,378","48,751","21,078","2,162",524,73.2%,0.933,"26,968",0.3701,"3,560","4,508",5,20,1,5.2,3,2.6,1.76,119,28.1,23.7,99.2,"23,764","24,987",51.3%,"18,290","6,697",62.5%,"22,171.81","9,980.86","18,048.86",0.370,18.6%,16.09,"1,249.4",137.5,0.553
943,01/07/2023,2023,Jul,7,Q3,PEKAN,PANTAI TIMUR,GANCHONG,Luar Bandar,"2,600",26,"5,762","1,412","52,565","20,792","2,225",630,73.2%,0.933,"30,607",0.3709,"4,081","5,981",5,20,1,5.2,4,2.5,3.13,188,28.2,31.9,99.5,"23,647","28,918",55.0%,"21,168","7,750",65.2%,"22,062.65","11,352.14","21,414.14",0.407,2.9%,15.63,"1,445.9",132.4,0.582
944,01/08/2023,2023,Aug,8,Q3,PEKAN,PANTAI TIMUR,GANCHONG,Luar Bandar,"2,600",26,"5,762","1,348","50,287","19,943","2,029",567,73.2%,0.933,"29,921",0.3684,"2,975","5,259",5,20,1,5.2,3,4.8,1.94,180,27.1,18.8,97.2,"22,539","27,748",55.2%,"20,312","7,436",62.4%,"21,028.89","11,022.90","19,256.90",0.383,8.4%,15.60,"1,387.4",126.2,0.595
945,01/09/2023,2023,Sep,9,Q3,PEKAN,PANTAI TIMUR,GANCHONG,Luar Bandar,"2,600",26,"5,762","1,309","46,844","19,660","1,946",526,73.2%,0.933,"26,582",0.3805,"3,098","4,268",5,20,1,5.2,4,3.7,2.85,263,27.1,29.7,99.9,"22,132","24,712",52.8%,"18,089","6,623",60.1%,"20,649.16","10,114.45","17,480.45",0.373,15.3%,15.77,"1,235.6",128.0,0.567
946,01/10/2023,2023,Oct,10,Q4,PEKAN,PANTAI TIMUR,GANCHONG,Luar Bandar,"2,600",26,"5,762","1,437","50,577","22,068","2,606",773,73.2%,0.933,"27,442",0.3809,"3,886","4,818",5,20,1,5.2,3,4.2,2.36,282,26.6,38.2,96.6,"25,447","25,130",49.7%,"18,395","6,735",62.8%,"23,742.05","10,452.66","19,156.66",0.379,19.3%,16.52,"1,256.5",142.5,0.543
947,01/11/2023,2023,Nov,11,Q4,PEKAN,PANTAI TIMUR,GANCHONG,Luar Bandar,"2,600",26,"5,762","1,308","47,501","18,269","1,911",522,73.2%,0.933,"27,752",0.3783,"2,859","5,686",5,20,1,5.2,4,2,2.46,251,27.2,31.2,97.4,"20,702","26,799",56.4%,"19,617","7,182",60.9%,"19,314.97","10,498.58","19,043.58",0.401,1.4%,14.77,"1,340.0",119.8,0.584
948,01/12/2023,2023,Dec,12,Q4,PEKAN,PANTAI TIMUR,GANCHONG,Luar Bandar,"2,600",26,"5,762","1,336","46,631","18,327","2,151",590,73.2%,0.933,"24,982",0.3753,"3,436","5,442",5,20,1,5.2,3,4.7,3.04,464,26.8,43.2,96.8,"21,068","25,563",54.8%,"18,712","6,851",57.9%,"19,656.44","9,375.74","18,253.74",0.391,7.1%,14.71,"1,278.2",117.9,0.536
949,01/01/2024,2024,Jan,1,Q1,PEKAN,PANTAI TIMUR,GANCHONG,Luar Bandar,"2,600",27,"5,889","1,481","48,505","20,283","2,372",665,73.2%,0.933,"25,032",0.3848,"3,342","4,360",5,20,1,6.2,4,2.6,2.73,155,26.7,23.1,96.6,"23,320","25,185",51.9%,"18,435","6,750",60.2%,"21,757.56","9,632.31","17,334.31",0.357,20.3%,14.69,"1,259.3",127.7,0.516
950,01/02/2024,2024,Feb,2,Q1,PEKAN,PANTAI TIMUR,GANCHONG,Luar Bandar,"2,600",27,"5,889","1,419","44,336","17,599","2,063",566,73.2%,0.933,"23,254",0.3799,"3,133","6,123",5,20,1,6.2,4,2.5,2.54,96,27,22.3,96.6,"20,228","24,108",54.4%,"17,647","6,461",58.8%,"18,872.72","8,834.19","18,090.19",0.408,4.1%,13.30,"1,205.4",118.4,0.524
951,01/03/2024,2024,Mar,3,Q1,PEKAN,PANTAI TIMUR,GANCHONG,Luar Bandar,"2,600",27,"5,889","1,388","52,464","24,235","2,830",612,73.2%,0.933,"27,094",0.3905,"3,411","4,450",5,20,1,6.2,4,3.6,2.06,223,27.6,23,97.4,"27,677","24,787",47.2%,"18,144","6,643",65.1%,"25,822.64","10,580.21","18,441.21",0.352,28.6%,18.60,"1,239.4",151.6,0.516
952,01/04/2024,2024,Apr,4,Q2,PEKAN,PANTAI TIMUR,GANCHONG,Luar Bandar,"2,600",27,"5,889","1,384","49,399","21,654","2,218",609,73.2%,0.933,"25,871",0.3834,"3,315","5,226",5,20,1,6.2,3,2.5,2.24,314,28.1,34.8,96.8,"24,481","24,918",50.4%,"18,240","6,678",63.3%,"22,840.77","9,918.94","18,459.94",0.374,19.2%,16.50,"1,245.9",138.6,0.524
953,01/05/2024,2024,May,5,Q2,PEKAN,PANTAI TIMUR,GANCHONG,Luar Bandar,"2,600",27,"5,889","1,373","53,314","22,705","2,225",807,73.2%,0.933,"29,108",0.3869,"3,978","4,546",5,20,1,6.2,4,3.8,2.51,246,29.1,29.1,98.7,"25,737","27,577",51.7%,"20,186","7,391",66.1%,"24,012.62","11,261.89","19,785.89",0.371,17.6%,17.49,"1,378.9",141.0,0.546
954,01/06/2024,2024,Jun,6,Q2,PEKAN,PANTAI TIMUR,GANCHONG,Luar Bandar,"2,600",27,"5,889","1,460","54,333","23,100","2,305",732,73.2%,0.933,"31,160",0.3803,"3,198","5,828",5,20,1,6.2,4,4.6,1.66,161,27.6,16,99.6,"26,137","28,196",51.9%,"20,639","7,557",69.7%,"24,385.82","11,850.15","20,876.15",0.384,14.4%,16.70,"1,409.8",147.9,0.574
955,01/07/2024,2024,Jul,7,Q3,PEKAN,PANTAI TIMUR,GANCHONG,Luar Bandar,"2,600",27,"5,889","1,385","51,871","22,824","2,563",746,73.2%,0.933,"27,323",0.3936,"3,082","4,844",5,20,1,6.2,3,4.1,2.67,178,28.1,25,98.7,"26,133","25,738",49.6%,"18,840","6,898",64.4%,"24,382.09","10,754.33","18,680.33",0.360,23.4%,17.60,"1,286.9",143.1,0.527
956,01/08/2024,2024,Aug,8,Q3,PEKAN,PANTAI TIMUR,GANCHONG,Luar Bandar,"2,600",27,"5,889","1,404","50,683","22,826","2,687",741,73.2%,0.933,"30,269",0.3915,"3,037","2,636",5,20,0,6.2,1,0,1.95,154,27.1,,97.4,"26,254","24,429",48.2%,"17,882","6,547",62.9%,"24,494.98","11,850.31","17,523.31",0.346,28.5%,17.45,"1,221.5",143.8,0.597
957,01/09/2024,2024,Sep,9,Q3,PEKAN,PANTAI TIMUR,GANCHONG,Luar Bandar,"2,600",27,"5,889","1,447","49,643","23,004","2,356",587,73.2%,0.933,"25,631",0.3942,"3,357","5,989",5,20,1,6.2,5,3.7,2.16,231,27.1,20.6,98.2,"25,947","23,696",47.7%,"17,345","6,351",63.6%,"24,208.55","10,103.74","19,449.74",0.392,19.7%,16.73,"1,184.8",146.9,0.516
958,01/10/2024,2024,Oct,10,Q4,PEKAN,PANTAI TIMUR,GANCHONG,Luar Bandar,"2,600",27,"5,889","1,479","49,483","22,715","2,354",740,73.2%,0.933,"29,366",0.3858,"3,757","4,171",5,20,1,6.2,4,3.1,2.17,282,27.2,36.8,97.1,"25,809","23,674",47.8%,"17,329","6,345",61.4%,"24,079.80","11,329.40","19,257.40",0.389,20.0%,16.28,"1,183.7",141.4,0.593
959,01/11/2024,2024,Nov,11,Q4,PEKAN,PANTAI TIMUR,GANCHONG,Luar Bandar,"2,600",27,"5,889","1,366","45,318","20,813","2,377",611,73.2%,0.933,"25,875",0.3778,"3,054","4,578",5,20,1,6.2,4,2.1,1.65,508,26.7,34,98.7,"23,801","21,517",47.5%,"15,750","5,767",58.1%,"22,206.33","9,775.58","17,407.58",0.384,21.6%,16.26,"1,075.9",134.7,0.571
960,01/12/2024,2024,Dec,12,Q4,PEKAN,PANTAI TIMUR,GANCHONG,Luar Bandar,"2,600",27,"5,889","1,393","49,244","20,749","2,507",707,73.2%,0.933,"28,571",0.3954,"3,127","5,229",5,20,1,6.2,3,4.6,2.88,448,26.2,43.4,97.5,"23,963","25,281",51.3%,"18,506","6,775",61.1%,"22,357.48","11,296.97","19,652.97",0.399,12.1%,16.05,"1,264.1",131.3,0.580
961,01/01/2025,2025,Jan,1,Q1,PEKAN,PANTAI TIMUR,GANCHONG,Luar Bandar,"2,600",28,"6,009","1,349","49,626","21,736","2,336",715,73.2%,0.933,"28,469",0.4068,"3,443","4,087",5,20,1,7.2,4,3.4,2.19,115,26.9,17.7,97,"24,787","24,839",50.1%,"18,182","6,657",61.6%,"23,126.27","11,581.19","19,111.19",0.385,17.4%,17.14,"1,242.0",133.1,0.574
962,01/02/2025,2025,Feb,2,Q1,PEKAN,PANTAI TIMUR,GANCHONG,Luar Bandar,"2,600",28,"6,009","1,458","44,722","19,064","2,341",666,73.2%,0.933,"24,219",0.3985,"2,793","4,328",5,20,1,7.2,3,2.5,2.96,104,28.1,30.4,97.3,"22,071","22,651",50.6%,"16,581","6,070",61.4%,"20,592.24","9,651.27","16,772.27",0.375,18.6%,14.12,"1,132.6",131.2,0.542
963,01/03/2025,2025,Mar,3,Q1,PEKAN,PANTAI TIMUR,GANCHONG,Luar Bandar,"2,600",28,"6,009","1,453","52,685","22,730","2,499",819,73.2%,0.933,"30,179",0.3974,"4,029","5,861",5,20,1,7.2,3,3.8,2.19,116,28.7,26,99.4,"26,048","26,637",50.6%,"19,498","7,139",65.4%,"24,302.78","11,993.13","21,883.13",0.415,10.0%,16.73,"1,331.9",139.8,0.573
964,01/04/2025,2025,Apr,4,Q2,PEKAN,PANTAI TIMUR,GANCHONG,Luar Bandar,"2,600",28,"6,009","1,389","49,391","20,720","2,063",742,73.2%,0.933,"28,384",0.3965,"3,755","4,598",5,20,1,7.2,4,2.9,2.26,312,28.2,29.1,99.3,"23,525","25,866",52.4%,"18,934","6,932",63.3%,"21,948.83","11,254.26","19,607.26",0.397,10.7%,15.80,"1,293.3",130.5,0.575
965,01/05/2025,2025,May,5,Q2,PEKAN,PANTAI TIMUR,GANCHONG,Luar Bandar,"2,600",28,"6,009","1,348","51,960","22,262","2,224",605,73.2%,0.933,"26,986",0.3953,"3,054","6,016",5,20,1,7.2,3,4.8,2.75,142,29.1,25.9,96.5,"25,091","26,869",51.7%,"19,668","7,201",64.5%,"23,409.90","10,667.57","19,737.57",0.380,15.7%,17.37,"1,343.5",134.7,0.519
966,01/06/2025,2025,Jun,6,Q2,PEKAN,PANTAI TIMUR,GANCHONG,Luar Bandar,"2,600",28,"6,009","1,449","51,029","23,608","2,942",752,73.2%,0.933,"27,990",0.4052,"3,533","2,613",5,20,0,7.2,1,0,2.41,176,27.7,26.7,98.1,"27,302","23,727",46.5%,"17,368","6,359",65.4%,"25,472.77","11,341.55","17,487.55",0.343,31.3%,17.58,"1,186.4",151.5,0.549
967,01/07/2025,2025,Jul,7,Q3,PEKAN,PANTAI TIMUR,GANCHONG,Luar Bandar,"2,600",28,"6,009","1,405","54,121","23,167","2,774",741,73.2%,0.933,"30,399",0.4049,"3,860","6,373",5,20,1,7.2,3,2.3,2.03,123,28.4,21.5,96.6,"26,682","27,439",50.7%,"20,085","7,354",67.1%,"24,894.31","12,308.56","22,541.56",0.417,9.5%,17.72,"1,372.0",143.2,0.562
968,01/08/2025,2025,Aug,8,Q3,PEKAN,PANTAI TIMUR,GANCHONG,Luar Bandar,"2,600",28,"6,009","1,353","54,671","24,036","2,492",693,73.2%,0.933,"29,040",0.3978,"3,245","6,204",5,20,1,7.2,4,3.7,3.17,134,28,20,96.9,"27,221","27,450",50.2%,"20,093","7,357",67.8%,"25,397.19","11,552.11","21,001.11",0.384,17.3%,18.77,"1,372.5",146.1,0.531
969,01/09/2025,2025,Sep,9,Q3,PEKAN,PANTAI TIMUR,GANCHONG,Luar Bandar,"2,600",28,"6,009","1,455","52,538","22,969","2,720",595,73.2%,0.933,"30,056",0.4071,"3,919","5,326",5,20,1,7.2,3,2.8,2.34,127,27.8,17,98.2,"26,284","26,254",50.0%,"19,218","7,036",67.4%,"24,522.97","12,235.80","21,480.80",0.409,12.4%,16.85,"1,312.7",145.8,0.572
970,01/10/2025,2025,Oct,10,Q4,PEKAN,PANTAI TIMUR,GANCHONG,Luar Bandar,"2,600",28,"6,009","1,411","50,691","20,357","2,073",691,73.2%,0.933,"27,077",0.3920,"3,362","5,655",5,20,1,7.2,4,3.2,3.08,335,27.1,22.8,98.1,"23,121","27,570",54.4%,"20,181","7,389",62.9%,"21,571.89","10,614.18","19,631.18",0.387,9.0%,15.29,"1,378.5",124.1,0.534
971,01/11/2025,2025,Nov,11,Q4,PEKAN,PANTAI TIMUR,GANCHONG,Luar Bandar,"2,600",28,"6,009","1,410","46,646","19,399","1,942",658,73.2%,0.933,"23,994",0.4084,"3,459","4,834",5,20,1,7.2,3,3.1,2.07,262,27.1,32.8,99.7,"21,999","24,647",52.8%,"18,042","6,605",59.8%,"20,525.07","9,799.15","18,092.15",0.388,11.9%,14.56,"1,232.4",122.0,0.514
972,01/12/2025,2025,Dec,12,Q4,PEKAN,PANTAI TIMUR,GANCHONG,Luar Bandar,"2,600",28,"6,009","1,455","49,242","22,847","2,217",570,73.2%,0.933,"28,608",0.3899,"3,248","2,261",5,20,0,7.2,1,0,2.78,392,26.8,35.6,96.6,"25,634","23,608",47.9%,"17,281","6,327",61.1%,"23,916.52","11,154.26","16,663.26",0.338,30.3%,16.44,"1,180.4",137.6,0.581
973,01/01/2023,2023,Jan,1,Q1,TEMERLOH,TENGAH,LUBUK KAWAH,Luar Bandar,"3,700",10,"8,611","2,108","66,441","28,179","1,392",448,77.9%,0.967,"24,325",0.3842,"4,817","4,799",10,22,1,9.3,3,4.9,1.83,174,26.6,21.4,99,"30,019","36,422",54.8%,"28,373","8,049",57.9%,"29,028.37","9,345.67","18,961.67",0.285,34.7%,13.77,"1,655.5",112.5,0.366
974,01/02/2023,2023,Feb,2,Q1,TEMERLOH,TENGAH,LUBUK KAWAH,Luar Bandar,"3,700",10,"8,611","1,997","64,154","22,662","1,183",349,77.9%,0.967,"22,616",0.3785,"4,822","6,540",10,22,1,9.3,3,2.7,2.89,67,26.9,23.8,97.7,"24,194","39,960",62.3%,"31,129","8,831",61.9%,"23,395.60","8,560.16","19,922.16",0.311,14.8%,11.72,"1,816.4",100.3,0.353
975,01/03/2023,2023,Mar,3,Q1,TEMERLOH,TENGAH,LUBUK KAWAH,Luar Bandar,"3,700",10,"8,611","1,995","77,811","31,538","1,705",420,77.9%,0.967,"28,809",0.3830,"4,962","4,687",10,22,1,9.3,5,3.9,2.1,84,27.2,21.2,97.6,"33,663","44,148",56.7%,"34,391","9,757",67.8%,"32,552.12","11,033.85","20,682.85",0.266,36.5%,16.32,"2,006.7",126.1,0.370
976,01/04/2023,2023,Apr,4,Q2,TEMERLOH,TENGAH,LUBUK KAWAH,Luar Bandar,"3,700",10,"8,611","2,148","75,118","26,167","1,493",401,77.9%,0.967,"28,369",0.3770,"4,786","5,644",10,22,1,9.3,3,3.2,1.92,168,28.4,19.8,97.2,"28,061","47,057",62.6%,"36,657","10,400",67.7%,"27,134.99","10,695.11","21,125.11",0.281,22.1%,12.63,"2,139.0",108.6,0.378
977,01/05/2023,2023,May,5,Q2,TEMERLOH,TENGAH,LUBUK KAWAH,Luar Bandar,"3,700",10,"8,611","2,114","73,871","24,845","1,398",369,77.9%,0.967,"25,381",0.3651,"5,658","6,272",10,22,1,9.3,6,3,2.39,215,28.4,18.1,96.6,"26,612","47,259",64.0%,"36,815","10,444",64.4%,"25,733.80","9,266.60","21,196.60",0.287,17.6%,12.17,"2,148.1",99.7,0.344
978,01/06/2023,2023,Jun,6,Q2,TEMERLOH,TENGAH,LUBUK KAWAH,Luar Bandar,"3,700",10,"8,611","1,936","71,368","27,462","1,350",360,77.9%,0.967,"26,661",0.3789,"4,593","4,858",10,22,1,9.3,6,2.7,1.57,102,28.4,25.1,97.1,"29,172","42,196",59.1%,"32,871","9,325",64.3%,"28,209.32","10,101.85","19,552.85",0.274,30.7%,14.57,"1,918.0",112.9,0.374
979,01/07/2023,2023,Jul,7,Q3,TEMERLOH,TENGAH,LUBUK KAWAH,Luar Bandar,"3,700",10,"8,611","2,152","76,747","31,210","1,774",545,77.9%,0.967,"26,057",0.3686,"4,611","6,350",10,22,1,9.3,4,2,2.29,92,27.9,23.5,98.3,"33,529","43,218",56.3%,"33,667","9,551",66.9%,"32,422.54","9,604.61","20,565.61",0.268,36.6%,15.07,"1,964.5",125.6,0.340
980,01/08/2023,2023,Aug,8,Q3,TEMERLOH,TENGAH,LUBUK KAWAH,Luar Bandar,"3,700",10,"8,611","2,054","77,204","25,073","1,499",391,77.9%,0.967,"28,244",0.3766,"4,930","6,835",10,22,1,9.3,5,4.5,2.98,85,27.6,22,98.9,"26,963","50,241",65.1%,"39,138","11,103",67.3%,"26,073.22","10,636.69","22,401.69",0.290,14.1%,12.69,"2,283.7",101.0,0.366
981,01/09/2023,2023,Sep,9,Q3,TEMERLOH,TENGAH,LUBUK KAWAH,Luar Bandar,"3,700",10,"8,611","2,081","70,119","29,012","1,657",458,77.9%,0.967,"25,772",0.3692,"4,990","5,392",10,22,1,9.3,6,2.5,2.89,138,27.9,22.6,98.5,"31,127","38,992",55.6%,"30,375","8,617",63.2%,"30,099.81","9,515.02","19,897.02",0.284,33.9%,14.46,"1,772.4",120.5,0.368
982,01/10/2023,2023,Oct,10,Q4,TEMERLOH,TENGAH,LUBUK KAWAH,Luar Bandar,"3,700",10,"8,611","2,153","68,142","28,487","1,643",437,77.9%,0.967,"24,656",0.3683,"4,665","3,793",10,22,0,9.3,3,0,2.25,272,26.6,27.5,99.5,"30,567","37,575",55.1%,"29,271","8,304",59.4%,"29,558.29","9,080.80","17,538.80",0.257,40.7%,13.73,"1,708.0",114.5,0.362
983,01/11/2023,2023,Nov,11,Q4,TEMERLOH,TENGAH,LUBUK KAWAH,Luar Bandar,"3,700",10,"8,611","2,069","66,388","27,458","1,533",434,77.9%,0.967,"22,767",0.3695,"4,206","6,369",10,22,1,9.3,4,2.8,2.53,325,26.3,28.9,99.2,"29,425","36,963",55.7%,"28,794","8,169",59.8%,"28,453.98","8,412.41","18,987.41",0.286,33.3%,13.75,"1,680.1",113.9,0.343
984,01/12/2023,2023,Dec,12,Q4,TEMERLOH,TENGAH,LUBUK KAWAH,Luar Bandar,"3,700",10,"8,611","2,019","68,388","26,170","1,462",345,77.9%,0.967,"23,089",0.3779,"5,295","5,940",10,22,1,9.3,4,2,2.74,323,26.4,27.4,97.8,"27,977","40,411",59.1%,"31,480","8,931",59.6%,"27,053.76","8,725.33","19,960.33",0.292,26.2%,13.40,"1,836.9",104.8,0.338
985,01/01/2024,2024,Jan,1,Q1,TEMERLOH,TENGAH,LUBUK KAWAH,Luar Bandar,"3,700",11,"8,825","2,118","70,693","27,867","1,644",446,77.9%,0.967,"25,856",0.3936,"4,661","6,272",10,22,1,10.3,3,2.9,2.65,175,27,19.8,97.5,"29,957","40,736",57.6%,"31,733","9,003",61.6%,"28,968.42","10,176.92","21,109.92",0.299,27.1%,13.68,"1,851.6",109.5,0.366
986,01/02/2024,2024,Feb,2,Q1,TEMERLOH,TENGAH,LUBUK KAWAH,Luar Bandar,"3,700",11,"8,825","2,181","65,598","28,281","1,385",356,77.9%,0.967,"21,481",0.3811,"4,207","4,731",10,22,1,10.3,4,4.7,1.61,121,26.7,25.8,97.4,"30,022","35,576",54.2%,"27,714","7,862",61.1%,"29,031.27","8,186.41","17,124.41",0.261,41.0%,13.31,"1,617.1",117.3,0.327
987,01/03/2024,2024,Mar,3,Q1,TEMERLOH,TENGAH,LUBUK KAWAH,Luar Bandar,"3,700",11,"8,825","2,108","78,616","28,166","1,412",431,77.9%,0.967,"25,881",0.3950,"4,675","5,663",10,22,1,10.3,5,2.7,2.6,166,28.2,28.3,97.1,"30,009","48,607",61.8%,"37,865","10,742",68.5%,"29,018.70","10,223.00","20,561.00",0.262,29.1%,13.77,"2,209.4",109.7,0.329
988,01/04/2024,2024,Apr,4,Q2,TEMERLOH,TENGAH,LUBUK KAWAH,Luar Bandar,"3,700",11,"8,825","2,020","72,737","25,278","1,311",342,77.9%,0.967,"24,699",0.3785,"4,552","4,785",10,22,1,10.3,3,4.4,1.66,169,28.2,21,98.6,"26,931","45,806",63.0%,"35,683","10,123",65.5%,"26,042.28","9,348.57","18,685.57",0.257,28.2%,12.89,"2,082.1",101.7,0.340
989,01/05/2024,2024,May,5,Q2,TEMERLOH,TENGAH,LUBUK KAWAH,Luar Bandar,"3,700",11,"8,825","1,984","79,682","34,314","2,033",439,77.9%,0.967,"29,324",0.3818,"5,755","4,273",10,22,1,10.3,4,2.1,2.51,116,28.4,16.9,98.7,"36,786","42,896",53.8%,"33,416","9,480",69.5%,"35,572.06","11,195.90","21,223.90",0.266,40.3%,17.93,"1,949.8",134.5,0.368
990,01/06/2024,2024,Jun,6,Q2,TEMERLOH,TENGAH,LUBUK KAWAH,Luar Bandar,"3,700",11,"8,825","2,122","73,469","25,164","1,367",374,77.9%,0.967,"27,250",0.3953,"5,671","4,643",10,22,1,10.3,4,4.5,1.66,101,28.7,21.8,99.8,"26,905","46,564",63.4%,"36,273","10,291",66.2%,"26,017.14","10,771.93","21,085.93",0.287,19.0%,12.26,"2,116.5",101.6,0.371
991,01/07/2024,2024,Jul,7,Q3,TEMERLOH,TENGAH,LUBUK KAWAH,Luar Bandar,"3,700",11,"8,825","2,199","82,660","31,091","1,543",402,77.9%,0.967,"31,491",0.3780,"6,388","6,561",10,22,1,10.3,5,3.3,2.46,114,27.5,24.7,98.7,"33,036","49,624",60.0%,"38,657","10,967",72.1%,"31,945.81","11,903.60","24,852.60",0.301,22.2%,14.53,"2,255.6",120.8,0.381
992,01/08/2024,2024,Aug,8,Q3,TEMERLOH,TENGAH,LUBUK KAWAH,Luar Bandar,"3,700",11,"8,825","2,177","74,131","26,003","1,392",398,77.9%,0.967,"24,210",0.3927,"5,620","5,949",10,22,1,10.3,6,3.9,2.01,100,27.1,13.6,97.3,"27,793","46,338",62.5%,"36,097","10,241",64.6%,"26,875.83","9,507.27","21,076.27",0.284,21.6%,12.35,"2,106.3",101.6,0.327
993,01/09/2024,2024,Sep,9,Q3,TEMERLOH,TENGAH,LUBUK KAWAH,Luar Bandar,"3,700",11,"8,825","2,220","73,606","25,734","1,378",332,77.9%,0.967,"28,039",0.3830,"4,669","6,202",10,22,1,10.3,3,3.4,1.49,104,27.2,16.6,98.9,"27,444","46,162",62.7%,"35,960","10,202",66.3%,"26,538.35","10,738.94","21,609.94",0.294,18.6%,11.95,"2,098.3",103.7,0.381
994,01/10/2024,2024,Oct,10,Q4,TEMERLOH,TENGAH,LUBUK KAWAH,Luar Bandar,"3,700",11,"8,825","2,005","69,877","25,134","1,337",345,77.9%,0.967,"26,029",0.3914,"4,164","6,756",10,22,1,10.3,5,2.3,2.31,277,26.7,18.9,98.5,"26,816","43,061",61.6%,"33,545","9,516",60.9%,"25,931.07","10,187.75","21,107.75",0.302,18.6%,12.93,"1,957.3",98.0,0.372
995,01/11/2024,2024,Nov,11,Q4,TEMERLOH,TENGAH,LUBUK KAWAH,Luar Bandar,"3,700",11,"8,825","1,978","71,764","30,668","1,696",463,77.9%,0.967,"26,659",0.3857,"5,448","4,595",10,22,1,10.3,5,2.5,1.86,246,27.2,28.2,99.4,"32,827","38,937",54.3%,"30,332","8,605",64.7%,"31,743.71","10,282.38","20,325.38",0.283,36.0%,16.05,"1,769.9",124.0,0.371
996,01/12/2024,2024,Dec,12,Q4,TEMERLOH,TENGAH,LUBUK KAWAH,Luar Bandar,"3,700",11,"8,825","2,003","74,858","29,928","1,408",400,77.9%,0.967,"24,877",0.3826,"5,869","9,149",10,22,2,10.3,6,6.9,2.38,279,26.4,31.7,99.3,"31,736","43,122",57.6%,"33,592","9,530",65.3%,"30,688.71","9,517.94","24,535.94",0.328,20.0%,15.32,"1,960.1",116.0,0.332
997,01/01/2025,2025,Jan,1,Q1,TEMERLOH,TENGAH,LUBUK KAWAH,Luar Bandar,"3,700",12,"9,017","2,069","70,376","27,824","1,434",358,77.9%,0.967,"24,319",0.4015,"5,090","6,666",10,22,1,11.3,4,4.5,2.74,159,26.9,26.6,97.5,"29,616","40,760",57.9%,"31,752","9,008",61.4%,"28,638.67","9,764.08","21,520.08",0.306,24.9%,13.84,"1,852.7",106.0,0.346
998,01/02/2025,2025,Feb,2,Q1,TEMERLOH,TENGAH,LUBUK KAWAH,Luar Bandar,"3,700",12,"9,017","2,107","69,241","24,238","1,350",423,77.9%,0.967,"24,493",0.3912,"5,079","6,940",10,22,1,11.3,4,4.4,2.51,87,26.9,25,99.2,"26,011","43,230",62.4%,"33,676","9,554",66.8%,"25,152.64","9,581.66","21,600.66",0.312,14.1%,11.94,"1,965.0",103.0,0.354
999,01/03/2025,2025,Mar,3,Q1,TEMERLOH,TENGAH,LUBUK KAWAH,Luar Bandar,"3,700",12,"9,017","2,239","79,386","33,687","1,980",427,77.9%,0.967,"29,115",0.3967,"4,716","5,095",10,22,1,11.3,4,3.5,2,162,27.4,25.1,97.8,"36,094","43,292",54.5%,"33,724","9,568",69.2%,"34,902.90","11,549.92","21,360.92",0.269,38.8%,15.59,"1,967.8",129.1,0.367
1000,01/04/2025,2025,Apr,4,Q2,TEMERLOH,TENGAH,LUBUK KAWAH,Luar Bandar,"3,700",12,"9,017","2,054","74,595","27,605","1,415",490,77.9%,0.967,"24,589",0.3914,"5,427","5,049",10,22,1,11.3,4,2.6,2.35,156,27.7,23.7,99.4,"29,510","45,085",60.4%,"35,121","9,964",67.2%,"28,536.17","9,624.13","20,100.13",0.269,29.6%,13.89,"2,049.3",109.1,0.330
1001,01/05/2025,2025,May,5,Q2,TEMERLOH,TENGAH,LUBUK KAWAH,Luar Bandar,"3,700",12,"9,017","2,207","79,773","35,427","1,777",442,77.9%,0.967,"28,878",0.4060,"4,903","5,844",10,22,1,11.3,3,4.6,2.37,103,28.1,19.4,97.2,"37,646","42,127",52.8%,"32,817","9,310",69.5%,"36,403.68","11,724.47","22,471.47",0.282,38.3%,16.49,"1,914.9",134.7,0.362
1002,01/06/2025,2025,Jun,6,Q2,TEMERLOH,TENGAH,LUBUK KAWAH,Luar Bandar,"3,700",12,"9,017","2,053","82,568","34,071","1,837",568,77.9%,0.967,"31,188",0.3995,"6,114","6,258",10,22,1,11.3,4,4.2,2,76,28,17.6,98.1,"36,476","46,092",55.8%,"35,906","10,186",74.4%,"35,272.29","12,459.61","24,831.61",0.301,29.6%,17.18,"2,095.1",134.8,0.378
1003,01/07/2025,2025,Jul,7,Q3,TEMERLOH,TENGAH,LUBUK KAWAH,Luar Bandar,"3,700",12,"9,017","2,085","79,411","32,598","1,631",578,77.9%,0.967,"28,233",0.4083,"5,902","4,861",10,22,1,11.3,4,4.2,2.01,146,28.2,20.2,97.5,"34,807","44,604",56.2%,"34,747","9,857",69.2%,"33,658.37","11,527.53","22,290.53",0.281,33.8%,16.14,"2,027.5",124.5,0.356
1004,01/08/2025,2025,Aug,8,Q3,TEMERLOH,TENGAH,LUBUK KAWAH,Luar Bandar,"3,700",12,"9,017","2,129","78,576","28,442","1,355",474,77.9%,0.967,"25,655",0.4056,"5,003","6,404",10,22,1,11.3,4,2.2,2.13,165,27.7,32.9,96.9,"30,271","48,305",61.5%,"37,630","10,675",68.5%,"29,272.06","10,405.67","21,812.67",0.278,25.5%,13.75,"2,195.7",108.3,0.326
1005,01/09/2025,2025,Sep,9,Q3,TEMERLOH,TENGAH,LUBUK KAWAH,Luar Bandar,"3,700",12,"9,017","2,218","78,075","31,803","1,927",473,77.9%,0.967,"27,225",0.3920,"4,890","6,354",10,22,1,11.3,5,4.6,3.04,151,27.2,22.4,97.5,"34,203","43,872",56.2%,"34,176","9,696",70.3%,"33,074.30","10,672.20","21,916.20",0.281,33.7%,14.91,"1,994.2",126.4,0.349
1006,01/10/2025,2025,Oct,10,Q4,TEMERLOH,TENGAH,LUBUK KAWAH,Luar Bandar,"3,700",12,"9,017","2,126","71,317","29,544","1,526",504,77.9%,0.967,"25,418",0.3999,"4,905","5,629",10,22,1,11.3,4,3.3,2.43,207,27.4,38.3,97.3,"31,574","39,743",55.7%,"30,960","8,783",62.2%,"30,532.06","10,164.66","20,698.66",0.290,32.2%,14.36,"1,806.5",113.0,0.356
1007,01/11/2025,2025,Nov,11,Q4,TEMERLOH,TENGAH,LUBUK KAWAH,Luar Bandar,"3,700",12,"9,017","2,245","73,154","30,390","1,480",498,77.9%,0.967,"25,751",0.4016,"5,238","6,052",10,22,1,11.3,3,4.3,1.97,185,26.9,23.2,98,"32,368","40,786",55.8%,"31,772","9,014",65.9%,"31,299.86","10,341.60","21,631.60",0.296,30.9%,13.94,"1,853.9",119.7,0.352
1008,01/12/2025,2025,Dec,12,Q4,TEMERLOH,TENGAH,LUBUK KAWAH,Luar Bandar,"3,700",12,"9,017","2,157","72,055","25,744","1,410",334,77.9%,0.967,"24,998",0.3952,"4,682","3,212",10,22,0,11.3,3,0,1.96,327,26.8,34.9,97.6,"27,488","44,567",61.9%,"34,718","9,849",62.8%,"26,580.90","9,879.21","17,773.21",0.247,33.1%,12.32,"2,025.8",98.3,0.347
1009,01/01/2023,2023,Jan,1,Q1,TEMERLOH,TENGAH,MEMPATEH,Luar Bandar,"2,000",15,"5,575","1,384","43,311","23,792",949,749,70.0%,0.978,"25,012",0.3768,"3,447","5,210",6,21,1,13.2,3,2.1,2.12,118,26.2,25.8,97.9,"25,490","17,821",41.1%,"12,475","5,346",69.9%,"24,929.22","9,424.52","18,081.52",0.417,27.5%,18.01,848.6,147.5,0.577
1010,01/02/2023,2023,Feb,2,Q1,TEMERLOH,TENGAH,MEMPATEH,Luar Bandar,"2,000",15,"5,575","1,286","40,169","21,040","1,072",698,70.0%,0.978,"23,834",0.3810,"3,315","5,322",6,21,1,13.2,3,4.7,2.44,115,26.7,20.3,98.9,"22,810","17,359",43.2%,"12,151","5,208",71.7%,"22,308.18","9,080.75","17,717.75",0.441,20.6%,17.35,826.6,146.1,0.593
1011,01/03/2023,2023,Mar,3,Q1,TEMERLOH,TENGAH,MEMPATEH,Luar Bandar,"2,000",15,"5,575","1,388","45,783","22,371","1,122",776,70.0%,0.978,"26,313",0.3844,"3,196","5,751",6,21,1,13.2,4,2.9,2.96,139,28.4,17.7,98.2,"24,269","21,514",47.0%,"15,060","6,454",73.8%,"23,735.08","10,114.72","19,061.72",0.416,19.7%,17.10,"1,024.5",140.4,0.575
1012,01/04/2023,2023,Apr,4,Q2,TEMERLOH,TENGAH,MEMPATEH,Luar Bandar,"2,000",15,"5,575","1,340","48,654","23,505","1,157",814,70.0%,0.978,"26,247",0.3729,"4,181","5,527",6,21,1,13.2,4,2.4,2.61,109,27.8,12.6,96.6,"25,476","23,178",47.6%,"16,225","6,953",81.1%,"24,915.53","9,787.51","19,495.51",0.401,21.8%,18.59,"1,103.7",152.3,0.539
1013,01/05/2023,2023,May,5,Q2,TEMERLOH,TENGAH,MEMPATEH,Luar Bandar,"2,000",15,"5,575","1,301","50,499","25,546","1,095",824,70.0%,0.978,"29,168",0.3812,"4,339","4,477",6,21,1,13.2,3,3.4,2.86,206,28.1,23.6,97.9,"27,465","23,034",45.6%,"16,124","6,910",81.5%,"26,860.77","11,118.84","19,934.84",0.395,25.8%,20.65,"1,096.9",158.9,0.578
1014,01/06/2023,2023,Jun,6,Q2,TEMERLOH,TENGAH,MEMPATEH,Luar Bandar,"2,000",15,"5,575","1,356","48,751","25,744","1,019",628,70.0%,0.978,"27,972",0.3708,"4,303","4,431",6,21,1,13.2,4,4,2.45,112,28.3,16.6,97.5,"27,391","21,360",43.8%,"14,952","6,408",81.3%,"26,788.40","10,372.02","19,106.02",0.392,28.7%,19.76,"1,017.1",163.8,0.574
1015,01/07/2023,2023,Jul,7,Q3,TEMERLOH,TENGAH,MEMPATEH,Luar Bandar,"2,000",15,"5,575","1,372","48,818","23,939",978,582,70.0%,0.978,"28,780",0.3850,"4,062","5,988",6,21,1,13.2,3,2.2,2.21,90,27.6,30.1,99.1,"25,499","23,319",47.8%,"16,323","6,996",78.7%,"24,938.02","11,080.30","21,130.30",0.433,15.3%,18.18,"1,110.4",147.5,0.590
1016,01/08/2023,2023,Aug,8,Q3,TEMERLOH,TENGAH,MEMPATEH,Luar Bandar,"2,000",15,"5,575","1,396","48,207","25,417","1,189",868,70.0%,0.978,"26,083",0.3744,"3,819","5,921",6,21,1,13.2,4,1.9,2.18,111,27.4,18.7,97.8,"27,474","20,733",43.0%,"14,513","6,220",77.8%,"26,869.57","9,765.48","19,505.48",0.405,27.4%,19.25,987.3,159.0,0.541
1017,01/09/2023,2023,Sep,9,Q3,TEMERLOH,TENGAH,MEMPATEH,Luar Bandar,"2,000",15,"5,575","1,332","43,711","22,104",992,664,70.0%,0.978,"24,558",0.3743,"3,649","3,449",6,21,0,13.2,1,0,2.31,157,27.3,28.9,98.4,"23,760","19,951",45.6%,"13,966","5,985",72.9%,"23,237.28","9,192.06","16,290.06",0.373,29.9%,17.45,950.0,142.1,0.562
1018,01/10/2023,2023,Oct,10,Q4,TEMERLOH,TENGAH,MEMPATEH,Luar Bandar,"2,000",15,"5,575","1,380","48,535","25,067","1,237",641,70.0%,0.978,"26,839",0.3747,"3,825","4,409",6,21,1,13.2,4,4.5,2.53,172,26.6,30.5,98.4,"26,945","21,590",44.5%,"15,113","6,477",78.3%,"26,352.21","10,056.57","18,290.57",0.377,30.6%,19.10,"1,028.1",155.9,0.553
1019,01/11/2023,2023,Nov,11,Q4,TEMERLOH,TENGAH,MEMPATEH,Luar Bandar,"2,000",15,"5,575","1,396","41,661","20,834",859,564,70.0%,0.978,"22,150",0.3752,"3,735","5,199",6,21,1,13.2,4,4.7,2.11,339,27.5,30,99.2,"22,257","19,404",46.6%,"13,583","5,821",69.4%,"21,767.35","8,310.68","17,244.68",0.414,20.8%,15.59,924.0,133.1,0.532
1020,01/12/2023,2023,Dec,12,Q4,TEMERLOH,TENGAH,MEMPATEH,Luar Bandar,"2,000",15,"5,575","1,368","43,344","23,957","1,051",780,70.0%,0.978,"25,519",0.3766,"3,433","4,587",6,21,1,13.2,4,4.4,2.61,447,26.1,31.9,98.2,"25,788","17,556",40.5%,"12,289","5,267",69.9%,"25,220.66","9,610.46","17,630.46",0.407,30.1%,18.44,836.0,149.2,0.589
1021,01/01/2024,2024,Jan,1,Q1,TEMERLOH,TENGAH,MEMPATEH,Luar Bandar,"2,000",16,"5,693","1,389","47,072","23,416","1,056",633,70.0%,0.978,"27,315",0.3807,"3,405","6,870",6,21,1,14.2,3,2.2,3.05,107,27.5,,98.8,"25,105","21,967",46.7%,"15,377","6,590",75.9%,"24,552.69","10,398.82","20,673.82",0.439,15.8%,17.68,"1,046.0",142.3,0.580
1022,01/02/2024,2024,Feb,2,Q1,TEMERLOH,TENGAH,MEMPATEH,Luar Bandar,"2,000",16,"5,693","1,426","42,713","22,885","1,147",598,70.0%,0.978,"21,779",0.3900,"3,755","5,296",6,21,1,14.2,4,4.9,2.07,100,26.8,18.6,97.4,"24,630","18,083",42.3%,"12,658","5,425",73.6%,"24,088.14","8,493.81","17,544.81",0.411,27.2%,16.89,861.1,149.2,0.510
1023,01/03/2024,2024,Mar,3,Q1,TEMERLOH,TENGAH,MEMPATEH,Luar Bandar,"2,000",16,"5,693","1,418","46,357","22,934","1,121",568,70.0%,0.978,"27,235",0.3874,"3,718","5,928",6,21,1,14.2,4,4.1,2.59,142,27.9,,97.4,"24,623","21,734",46.9%,"15,214","6,520",74.8%,"24,081.29","10,550.84","20,196.84",0.436,16.1%,16.98,"1,035.0",139.5,0.588
1024,01/04/2024,2024,Apr,4,Q2,TEMERLOH,TENGAH,MEMPATEH,Luar Bandar,"2,000",16,"5,693","1,370","50,221","27,519","1,351",861,70.0%,0.978,"28,045",0.3851,"4,181","4,460",6,21,1,14.2,3,3.2,3.09,191,28,21.2,97.2,"29,731","20,490",40.8%,"14,343","6,147",83.7%,"29,076.92","10,800.13","19,441.13",0.387,33.1%,21.22,975.7,174.1,0.558
1025,01/05/2024,2024,May,5,Q2,TEMERLOH,TENGAH,MEMPATEH,Luar Bandar,"2,000",16,"5,693","1,371","49,020","26,459","1,109",817,70.0%,0.978,"27,270",0.3941,"3,981","5,558",6,21,1,14.2,3,3.2,3.26,146,27.9,18.2,97.1,"28,385","20,635",42.1%,"14,445","6,191",79.1%,"27,760.53","10,747.11","20,286.11",0.414,26.9%,20.25,982.6,160.8,0.556
1026,01/06/2024,2024,Jun,6,Q2,TEMERLOH,TENGAH,MEMPATEH,Luar Bandar,"2,000",16,"5,693","1,339","51,961","26,229","1,049",810,70.0%,0.978,"26,531",0.3937,"4,419","5,583",6,21,1,14.2,3,2.3,1.83,113,28.6,29.3,97.3,"28,088","23,873",45.9%,"16,711","7,162",86.6%,"27,470.06","10,445.25","20,447.25",0.394,25.6%,20.52,"1,136.8",164.5,0.511
1027,01/07/2024,2024,Jul,7,Q3,TEMERLOH,TENGAH,MEMPATEH,Luar Bandar,"2,000",16,"5,693","1,401","52,636","27,547","1,183",778,70.0%,0.978,"28,890",0.3934,"3,742","6,902",6,21,1,14.2,3,2.3,2.33,102,27.4,19,99.3,"29,508","23,128",43.9%,"16,190","6,938",84.9%,"28,858.82","11,365.33","22,009.33",0.418,23.7%,20.60,"1,101.3",167.2,0.549
1028,01/08/2024,2024,Aug,8,Q3,TEMERLOH,TENGAH,MEMPATEH,Luar Bandar,"2,000",16,"5,693","1,394","51,090","25,256","1,288",784,70.0%,0.978,"28,652",0.3965,"3,448","5,759",6,21,1,14.2,4,2.5,3.1,125,27.5,31.6,97.1,"27,328","23,762",46.5%,"16,633","7,129",82.4%,"26,726.78","11,360.52","20,567.52",0.403,23.0%,19.17,"1,131.5",154.8,0.561
1029,01/09/2024,2024,Sep,9,Q3,TEMERLOH,TENGAH,MEMPATEH,Luar Bandar,"2,000",16,"5,693","1,412","47,204","25,348","1,175",739,70.0%,0.978,"24,428",0.3810,"3,780","6,340",6,21,1,14.2,3,2.9,2.31,144,28.2,26.4,98.1,"27,262","19,942",42.2%,"13,959","5,983",78.7%,"26,662.24","9,307.07","19,427.07",0.412,27.1%,18.88,949.6,159.6,0.517
1030,01/10/2024,2024,Oct,10,Q4,TEMERLOH,TENGAH,MEMPATEH,Luar Bandar,"2,000",16,"5,693","1,321","44,927","24,717","1,198",658,70.0%,0.978,"25,669",0.3842,"3,274","5,685",6,21,1,14.2,3,2.4,1.89,254,27.3,27.1,99.9,"26,573","18,354",40.9%,"12,848","5,506",72.5%,"25,988.39","9,862.03","18,821.03",0.419,27.6%,19.67,874.0,150.6,0.571
1031,01/11/2024,2024,Nov,11,Q4,TEMERLOH,TENGAH,MEMPATEH,Luar Bandar,"2,000",16,"5,693","1,358","43,492","22,162",952,615,70.0%,0.978,"23,070",0.3787,"3,310","5,921",6,21,1,14.2,3,4.8,,384,26.5,45.2,96.8,"23,729","19,763",45.4%,"13,834","5,929",72.5%,"23,206.96","8,736.61","17,967.61",0.413,22.6%,17.09,941.1,138.9,0.530
1032,01/12/2024,2024,Dec,12,Q4,TEMERLOH,TENGAH,MEMPATEH,Luar Bandar,"2,000",16,"5,693","1,367","48,318","25,080","1,242",866,70.0%,0.978,"26,270",0.3925,"3,316","5,134",6,21,1,14.2,3,3.2,2.09,254,26.5,36,98.7,"27,188","21,130",43.7%,"14,791","6,339",77.9%,"26,589.86","10,310.98","18,760.98",0.388,29.4%,19.45,"1,006.2",154.1,0.544
1033,01/01/2025,2025,Jan,1,Q1,TEMERLOH,TENGAH,MEMPATEH,Luar Bandar,"2,000",17,"5,854","1,430","48,903","25,245","1,153",618,70.0%,0.978,"25,757",0.4061,"3,452","5,414",6,21,1,15.2,3,2.3,2.75,130,26.6,21.7,98.8,"27,016","21,887",44.8%,"15,321","6,566",78.9%,"26,421.65","10,459.92","19,325.92",0.395,26.9%,18.48,"1,042.2",148.9,0.527
1034,01/02/2025,2025,Feb,2,Q1,TEMERLOH,TENGAH,MEMPATEH,Luar Bandar,"2,000",17,"5,854","1,453","45,875","23,746","1,131",817,70.0%,0.978,"25,079",0.4059,"3,174","5,031",6,21,1,15.2,3,4,1.83,100,27.9,25.2,99.3,"25,694","20,181",44.0%,"14,127","6,054",81.9%,"25,128.73","10,179.57","18,384.57",0.401,26.8%,17.29,961.0,156.8,0.547
1035,01/03/2025,2025,Mar,3,Q1,TEMERLOH,TENGAH,MEMPATEH,Luar Bandar,"2,000",17,"5,854","1,325","51,486","28,082","1,166",700,70.0%,0.978,"29,795",0.4023,"3,722","5,937",6,21,1,15.2,3,4.6,2.33,141,28.6,24.4,97,"29,948","21,538",41.8%,"15,077","6,461",83.0%,"29,289.14","11,986.53","21,645.53",0.420,26.1%,22.11,"1,025.6",165.0,0.579
1036,01/04/2025,2025,Apr,4,Q2,TEMERLOH,TENGAH,MEMPATEH,Luar Bandar,"2,000",17,"5,854","1,340","47,579","25,770","1,184",726,70.0%,0.978,"25,720",0.3963,"3,506","4,824",6,21,1,15.2,3,4.9,2.72,217,28.2,,96.8,"27,680","19,899",41.8%,"13,929","5,970",79.3%,"27,071.04","10,192.84","18,522.84",0.389,31.6%,20.20,947.6,157.6,0.541
1037,01/05/2025,2025,May,5,Q2,TEMERLOH,TENGAH,MEMPATEH,Luar Bandar,"2,000",17,"5,854","1,435","54,735","30,058","1,226",722,70.0%,0.978,"30,893",0.3962,"4,744","5,505",6,21,1,15.2,4,2.6,2.05,129,28,28.2,97.4,"32,006","22,729",41.5%,"15,910","6,819",88.3%,"31,301.87","12,239.81","22,488.81",0.411,28.2%,21.81,"1,082.3",176.4,0.564
1038,01/06/2025,2025,Jun,6,Q2,TEMERLOH,TENGAH,MEMPATEH,Luar Bandar,"2,000",17,"5,854","1,349","53,670","29,370","1,245",817,70.0%,0.978,"30,142",0.4035,"3,698","5,044",6,21,1,15.2,4,3.5,1.99,112,28.5,18.4,97.6,"31,432","22,238",41.4%,"15,567","6,671",89.5%,"30,740.50","12,162.30","20,904.30",0.389,32.0%,22.79,"1,059.0",179.0,0.562
1039,01/07/2025,2025,Jul,7,Q3,TEMERLOH,TENGAH,MEMPATEH,Luar Bandar,"2,000",17,"5,854","1,343","50,031","26,750","1,177",920,70.0%,0.978,"27,673",0.3909,"3,584","6,024",6,21,1,15.2,3,2.3,2.62,126,28.4,20.7,98.6,"28,847","21,184",42.3%,"14,829","6,355",80.7%,"28,212.37","10,817.38","20,425.38",0.408,27.6%,21.01,"1,008.8",159.0,0.553
1040,01/08/2025,2025,Aug,8,Q3,TEMERLOH,TENGAH,MEMPATEH,Luar Bandar,"2,000",17,"5,854","1,475","53,191","26,555","1,119",825,70.0%,0.978,"31,443",0.4066,"4,326","2,757",6,21,0,15.2,2,0,2.99,93,27.4,26.6,99.8,"28,499","24,692",46.4%,"17,284","7,408",85.8%,"27,872.02","12,784.72","19,867.72",0.374,28.7%,18.90,"1,175.8",157.0,0.591
1041,01/09/2025,2025,Sep,9,Q3,TEMERLOH,TENGAH,MEMPATEH,Luar Bandar,"2,000",17,"5,854","1,467","46,501","25,920","1,197",745,70.0%,0.978,"24,887",0.3982,"3,366","4,257",6,21,1,15.2,3,2.4,3.24,95,26.9,26.9,98.9,"27,862","18,639",40.1%,"13,047","5,592",77.5%,"27,249.04","9,910.00","17,533.00",0.377,35.7%,18.57,887.6,158.6,0.535
1042,01/10/2025,2025,Oct,10,Q4,TEMERLOH,TENGAH,MEMPATEH,Luar Bandar,"2,000",17,"5,854","1,361","46,390","25,072","1,093",822,70.0%,0.978,"25,674",0.4054,"3,287","5,142",6,21,1,15.2,4,2.6,2.7,221,27.3,34.3,98.5,"26,987","19,403",41.8%,"13,582","5,821",74.8%,"26,393.29","10,408.24","18,837.24",0.406,28.6%,19.39,924.0,148.7,0.553
1043,01/11/2025,2025,Nov,11,Q4,TEMERLOH,TENGAH,MEMPATEH,Luar Bandar,"2,000",17,"5,854","1,354","45,709","23,440","1,090",637,70.0%,0.978,"27,102",0.4023,"3,077","5,412",6,21,1,15.2,4,2.4,2.49,372,26.7,41.7,98,"25,167","20,542",44.9%,"14,379","6,163",76.2%,"24,613.33","10,903.13","19,392.13",0.424,21.2%,18.18,978.2,143.3,0.593
1044,01/12/2025,2025,Dec,12,Q4,TEMERLOH,TENGAH,MEMPATEH,Luar Bandar,"2,000",17,"5,854","1,410","48,048","23,865","1,099",677,70.0%,0.978,"25,131",0.3945,"3,609","2,421",6,21,0,15.2,2,0,2.36,331,26.1,38.3,99.2,"25,641","22,407",46.6%,"15,685","6,722",77.5%,"25,076.90","9,914.18","15,944.18",0.332,36.4%,17.79,"1,067.0",141.3,0.523
1045,01/01/2023,2023,Jan,1,Q1,TEMERLOH,TENGAH,JENDERAK UTARA,Pinggir Bandar,"29,800",23,"75,570","18,217","602,950","279,980","62,783","35,649",61.5%,1.153,"278,712",0.3742,"45,738","17,747",14,61,3,9.8,36,9.8,2.22,159,27.2,27.7,99.2,"378,412","224,538",37.2%,"138,091","86,447",65.3%,"436,309.04","104,294.03","167,779.03",0.278,61.5%,23.95,"3,681.0",161.5,0.462
1046,01/02/2023,2023,Feb,2,Q1,TEMERLOH,TENGAH,JENDERAK UTARA,Pinggir Bandar,"29,800",23,"75,570","17,481","577,453","268,521","58,006","33,128",61.5%,1.153,"285,004",0.3752,"35,662","14,218",14,61,3,9.8,35,10.8,2.1,73,27.1,17.1,97.1,"359,655","217,798",37.7%,"133,946","83,852",69.2%,"414,682.22","106,933.50","156,813.50",0.272,62.2%,23.72,"3,570.5",170.0,0.494
1047,01/03/2023,2023,Mar,3,Q1,TEMERLOH,TENGAH,JENDERAK UTARA,Pinggir Bandar,"29,800",23,"75,570","16,933","660,305","303,456","62,032","50,858",61.5%,1.153,"336,781",0.3835,"45,468","13,468",14,61,2,9.8,14,4.6,2.55,112,27.9,17.4,100,"416,346","243,959",36.9%,"150,035","93,924",71.5%,"480,046.94","129,155.51","188,091.51",0.285,60.8%,28.35,"3,999.3",177.7,0.510
1048,01/04/2023,2023,Apr,4,Q2,TEMERLOH,TENGAH,JENDERAK UTARA,Pinggir Bandar,"29,800",23,"75,570","19,051","653,449","303,187","68,929","52,708",61.5%,1.153,"335,406",0.3696,"47,554","11,162",14,61,1,9.8,23,2.2,2.28,165,28,21.4,97.9,"424,824","228,625",35.0%,"140,604","88,021",73.1%,"489,822.07","123,966.06","182,682.06",0.280,62.7%,25.71,"3,748.0",187.4,0.513
1049,01/05/2023,2023,May,5,Q2,TEMERLOH,TENGAH,JENDERAK UTARA,Pinggir Bandar,"29,800",23,"75,570","17,801","677,015","334,401","61,791","48,498",61.5%,1.153,"325,926",0.3739,"48,419","20,259",14,61,3,9.8,28,14.8,3.2,117,28.9,23.2,97.6,"444,690","232,325",34.3%,"142,880","89,445",73.3%,"512,727.57","121,863.73","190,541.73",0.281,62.8%,28.80,"3,808.6",189.8,0.481
1050,01/06/2023,2023,Jun,6,Q2,TEMERLOH,TENGAH,JENDERAK UTARA,Pinggir Bandar,"29,800",23,"75,570","18,609","664,028","300,959","64,334","46,945",61.5%,1.153,"323,840",0.3661,"41,442","12,438",14,61,3,9.8,26,9.5,1.88,116,28.7,14.7,98,"412,238","251,790",37.9%,"154,851","96,939",74.3%,"475,310.41","118,557.82","172,437.82",0.260,63.7%,25.54,"4,127.7",181.8,0.488
1051,01/07/2023,2023,Jul,7,Q3,TEMERLOH,TENGAH,JENDERAK UTARA,Pinggir Bandar,"29,800",23,"75,570","17,866","658,280","324,170","72,608","45,591",61.5%,1.153,"313,268",0.3827,"44,721","15,227",14,61,3,9.8,27,8.9,2.35,83,28.2,19,99.3,"442,369","215,911",32.8%,"132,785","83,126",71.3%,"510,051.46","119,887.66","179,835.66",0.273,64.7%,28.55,"3,539.5",188.8,0.476
1052,01/08/2023,2023,Aug,8,Q3,TEMERLOH,TENGAH,JENDERAK UTARA,Pinggir Bandar,"29,800",23,"75,570","18,790","693,600","333,511","80,130","56,533",61.5%,1.153,"332,258",0.3682,"51,238","12,188",14,61,2,9.8,24,9.4,2.24,158,27.5,21.3,99.9,"470,174","223,426",32.2%,"137,407","86,019",75.1%,"542,110.62","122,337.40","185,763.40",0.268,65.7%,28.85,"3,662.7",200.7,0.479
1053,01/09/2023,2023,Sep,9,Q3,TEMERLOH,TENGAH,JENDERAK UTARA,Pinggir Bandar,"29,800",23,"75,570","18,493","645,025","305,923","63,978","41,433",61.5%,1.153,"314,598",0.3699,"39,591","13,864",14,61,2,9.8,33,4.7,3.28,113,27.4,14.6,97.6,"411,334","233,691",36.2%,"143,720","89,971",72.2%,"474,268.10","116,369.80","169,824.80",0.263,64.2%,25.65,"3,831.0",181.4,0.488
1054,01/10/2023,2023,Oct,10,Q4,TEMERLOH,TENGAH,JENDERAK UTARA,Pinggir Bandar,"29,800",23,"75,570","18,245","640,995","292,816","67,944","38,113",61.5%,1.153,"312,905",0.3818,"44,530","12,326",14,61,1,9.8,25,2.2,1.91,209,26.8,21.6,97.7,"398,873","242,122",37.8%,"148,905","93,217",69.4%,"459,900.57","119,467.13","176,323.13",0.275,61.7%,25.21,"3,969.2",170.3,0.488
1055,01/11/2023,2023,Nov,11,Q4,TEMERLOH,TENGAH,JENDERAK UTARA,Pinggir Bandar,"29,800",23,"75,570","18,779","612,027","285,941","52,854","39,425",61.5%,1.153,"273,685",0.3787,"38,189","15,327",14,61,2,9.8,19,5.3,2.51,227,27,33.3,98.5,"378,220","233,807",38.2%,"143,791","90,016",68.5%,"436,087.66","103,644.51","157,160.51",0.257,64.0%,23.22,"3,832.9",166.8,0.447
1056,01/12/2023,2023,Dec,12,Q4,TEMERLOH,TENGAH,JENDERAK UTARA,Pinggir Bandar,"29,800",23,"75,570","16,994","609,071","277,400","65,244","34,213",61.5%,1.153,"303,347",0.3837,"43,109","12,554",14,61,3,9.8,22,13.3,1.79,416,26.2,44.7,98.3,"376,857","232,214",38.1%,"142,812","89,402",65.9%,"434,516.12","116,394.24","172,057.24",0.282,60.4%,25.57,"3,806.8",160.9,0.498
1057,01/01/2024,2024,Jan,1,Q1,TEMERLOH,TENGAH,JENDERAK UTARA,Pinggir Bandar,"29,800",24,"77,420","17,472","618,719","311,522","62,618","44,849",61.5%,1.153,"312,156",0.3953,"37,872","19,436",14,61,3,10.8,32,8,2.17,95,27.5,18.6,98,"418,989","199,730",32.3%,"122,834","76,896",67.0%,"483,094.32","123,395.27","180,703.27",0.292,62.6%,27.65,"3,274.3",174.6,0.505
1058,01/02/2024,2024,Feb,2,Q1,TEMERLOH,TENGAH,JENDERAK UTARA,Pinggir Bandar,"29,800",24,"77,420","19,146","567,669","278,306","59,626","40,857",61.5%,1.153,"273,620",0.3878,"36,740","12,895",14,61,1,10.8,33,4.6,2.74,111,27.4,27.6,97,"378,789","188,880",33.3%,"116,161","72,719",65.7%,"436,743.72","106,109.84","155,744.84",0.274,64.3%,22.81,"3,096.4",168.7,0.482
1059,01/03/2024,2024,Mar,3,Q1,TEMERLOH,TENGAH,JENDERAK UTARA,Pinggir Bandar,"29,800",24,"77,420","18,518","674,015","323,867","62,550","52,043",61.5%,1.153,"328,860",0.3797,"50,546","12,701",14,61,2,10.8,33,6,2.24,115,28.1,22.1,100,"438,460","235,555",34.9%,"144,866","90,689",73.0%,"505,544.38","124,868.14","188,115.14",0.279,62.8%,27.30,"3,861.6",182.7,0.488
1060,01/04/2024,2024,Apr,4,Q2,TEMERLOH,TENGAH,JENDERAK UTARA,Pinggir Bandar,"29,800",24,"77,420","18,394","662,073","335,681","63,472","58,161",61.5%,1.153,"303,774",0.3879,"48,005","13,437",14,61,1,10.8,20,3.1,2.41,173,28.2,24.4,98.6,"457,314","204,759",30.9%,"125,927","78,832",74.1%,"527,283.04","117,833.93","179,275.93",0.271,66.0%,28.67,"3,356.7",196.9,0.459
1061,01/05/2024,2024,May,5,Q2,TEMERLOH,TENGAH,JENDERAK UTARA,Pinggir Bandar,"29,800",24,"77,420","18,095","708,108","362,611","79,497","44,353",61.5%,1.153,"310,475",0.3887,"55,819","8,420",14,61,1,10.8,25,3,2.97,158,28.2,26.7,98.5,"486,461","221,647",31.3%,"136,313","85,334",76.7%,"560,889.53","120,681.63","184,920.63",0.261,67.0%,31.00,"3,633.6",202.7,0.438
1062,01/06/2024,2024,Jun,6,Q2,TEMERLOH,TENGAH,JENDERAK UTARA,Pinggir Bandar,"29,800",24,"77,420","17,586","690,451","353,126","72,803","43,365",61.5%,1.153,"316,309",0.3773,"45,373","12,456",14,61,1,10.8,22,3.3,2.2,83,28.4,21.1,97.4,"469,294","221,157",32.0%,"136,012","85,145",77.2%,"541,095.98","119,343.39","177,172.39",0.257,67.3%,30.77,"3,625.5",202.1,0.458
1063,01/07/2024,2024,Jul,7,Q3,TEMERLOH,TENGAH,JENDERAK UTARA,Pinggir Bandar,"29,800",24,"77,420","18,412","686,003","327,519","70,356","52,450",61.5%,1.153,"317,437",0.3916,"52,527","16,962",14,61,2,10.8,23,7,3.22,142,28.3,30.3,99.2,"450,325","235,678",34.4%,"144,942","90,736",74.3%,"519,224.73","124,308.33","193,797.33",0.283,62.7%,28.20,"3,863.6",187.6,0.463
1064,01/08/2024,2024,Aug,8,Q3,TEMERLOH,TENGAH,JENDERAK UTARA,Pinggir Bandar,"29,800",24,"77,420","19,291","711,449","354,993","83,020","43,163",61.5%,1.153,"338,933",0.3778,"45,426","15,290",14,61,2,10.8,31,9,2.84,122,27.2,,97.8,"481,176","230,273",32.4%,"141,618","88,655",77.0%,"554,795.93","128,048.89","188,764.89",0.265,66.0%,28.76,"3,775.0",200.5,0.476
1065,01/09/2024,2024,Sep,9,Q3,TEMERLOH,TENGAH,JENDERAK UTARA,Pinggir Bandar,"29,800",24,"77,420","17,870","620,848","308,174","59,517","45,855",61.5%,1.153,"279,330",0.3874,"37,112","13,650",14,61,2,10.8,37,6.5,2.84,153,27.6,18.7,97.1,"413,546","207,302",33.4%,"127,491","79,811",69.4%,"476,818.54","108,212.44","158,974.44",0.256,66.7%,26.68,"3,398.4",178.1,0.450
1066,01/10/2024,2024,Oct,10,Q4,TEMERLOH,TENGAH,JENDERAK UTARA,Pinggir Bandar,"29,800",24,"77,420","18,934","640,281","312,449","61,755","38,042",61.5%,1.153,"327,662",0.3891,"41,337","15,651",14,61,2,10.8,14,5.9,3.29,178,27.6,24.9,100,"412,246","228,035",35.6%,"140,242","87,793",69.3%,"475,319.64","127,493.28","184,481.28",0.288,61.2%,25.10,"3,738.3",171.8,0.512
1067,01/11/2024,2024,Nov,11,Q4,TEMERLOH,TENGAH,JENDERAK UTARA,Pinggir Bandar,"29,800",24,"77,420","17,551","615,214","300,022","66,868","46,311",61.5%,1.153,"303,533",0.3862,"42,311","12,403",14,61,3,10.8,40,6.6,2.47,352,27.4,36.1,99.8,"413,201","202,013",32.8%,"124,238","77,775",68.8%,"476,420.75","117,224.44","171,938.44",0.279,63.9%,27.14,"3,311.7",177.9,0.493
1068,01/12/2024,2024,Dec,12,Q4,TEMERLOH,TENGAH,JENDERAK UTARA,Pinggir Bandar,"29,800",24,"77,420","17,566","614,026","312,832","62,808","37,919",61.5%,1.153,"283,318",0.3938,"39,146","15,170",14,61,2,10.8,31,7,2.26,290,26.9,36.5,99.9,"413,559","200,467",32.6%,"123,287","77,180",66.5%,"476,833.53","111,570.63","165,886.63",0.270,65.2%,27.15,"3,286.3",172.3,0.461
1069,01/01/2025,2025,Jan,1,Q1,TEMERLOH,TENGAH,JENDERAK UTARA,Pinggir Bandar,"29,800",25,"79,128","19,895","616,538","292,880","70,179","44,742",61.5%,1.153,"285,575",0.3911,"44,329","15,383",14,61,2,11.8,20,5.4,1.88,162,27.6,23.3,98.8,"407,801","208,737",33.9%,"128,373","80,364",66.7%,"470,194.55","111,688.38","171,400.38",0.278,63.5%,23.63,"3,421.9",166.2,0.463
1070,01/02/2025,2025,Feb,2,Q1,TEMERLOH,TENGAH,JENDERAK UTARA,Pinggir Bandar,"29,800",25,"79,128","18,108","584,947","295,743","61,636","42,216",61.5%,1.153,"271,245",0.3921,"38,701","14,625",14,61,2,11.8,17,7,,96,27.4,17.1,99.8,"399,595","185,352",31.7%,"113,991","71,361",70.1%,"460,733.04","106,355.16","159,681.16",0.273,65.3%,25.44,"3,038.6",180.4,0.464
1071,01/03/2025,2025,Mar,3,Q1,TEMERLOH,TENGAH,JENDERAK UTARA,Pinggir Bandar,"29,800",25,"79,128","17,756","689,086","339,308","72,899","45,764",61.5%,1.153,"319,326",0.3983,"42,760","17,165",14,61,3,11.8,20,12.8,2.7,110,27.5,27.9,97.7,"457,971","231,115",33.5%,"142,136","88,979",74.6%,"528,040.56","127,187.55","187,112.55",0.272,64.6%,29.74,"3,788.8",186.7,0.463
1072,01/04/2025,2025,Apr,4,Q2,TEMERLOH,TENGAH,JENDERAK UTARA,Pinggir Bandar,"29,800",25,"79,128","19,313","694,624","336,237","78,425","40,518",61.5%,1.153,"316,452",0.4002,"43,191","15,893",14,61,3,11.8,22,7,2.32,125,28,18.9,99.4,"455,180","239,444",34.5%,"147,258","92,186",77.7%,"524,822.54","126,644.09","185,728.09",0.267,64.6%,27.17,"3,925.3",191.7,0.456
1073,01/05/2025,2025,May,5,Q2,TEMERLOH,TENGAH,JENDERAK UTARA,Pinggir Bandar,"29,800",25,"79,128","18,285","749,057","379,910","90,836","56,967",61.5%,1.153,"339,166",0.3998,"48,183","15,320",14,61,3,11.8,25,6.9,2.29,137,29.2,17.9,96.9,"527,713","221,344",29.5%,"136,127","85,217",81.1%,"608,453.09","135,598.57","199,101.57",0.266,67.3%,33.28,"3,628.6",215.1,0.453
1074,01/06/2025,2025,Jun,6,Q2,TEMERLOH,TENGAH,JENDERAK UTARA,Pinggir Bandar,"29,800",25,"79,128","19,292","686,980","351,509","64,699","53,348",61.5%,1.153,"330,379",0.3945,"51,443","11,192",14,61,2,11.8,25,6.4,2.14,151,28.4,27,100,"469,556","217,424",31.6%,"133,716","83,708",76.8%,"541,398.07","130,334.52","192,969.52",0.281,64.4%,28.06,"3,564.3",197.8,0.481
1075,01/07/2025,2025,Jul,7,Q3,TEMERLOH,TENGAH,JENDERAK UTARA,Pinggir Bandar,"29,800",25,"79,128","19,820","748,302","397,650","73,085","49,887",61.5%,1.153,"359,811",0.4037,"56,934","13,191",14,61,2,11.8,21,9.6,3.26,116,27.2,13.9,99.6,"520,622","227,680",30.4%,"140,023","87,657",81.0%,"600,277.17","145,255.70","215,380.70",0.288,64.1%,30.29,"3,732.5",212.2,0.481
1076,01/08/2025,2025,Aug,8,Q3,TEMERLOH,TENGAH,JENDERAK UTARA,Pinggir Bandar,"29,800",25,"79,128","19,398","702,840","360,244","72,058","61,975",61.5%,1.153,"317,387",0.4085,"47,382","8,674",14,61,1,11.8,28,4.3,3,115,28.4,19.2,98.3,"494,277","208,563",29.7%,"128,266","80,297",76.1%,"569,901.38","129,652.59","185,708.59",0.264,67.4%,29.38,"3,419.1",201.5,0.452
1077,01/09/2025,2025,Sep,9,Q3,TEMERLOH,TENGAH,JENDERAK UTARA,Pinggir Bandar,"29,800",25,"79,128","18,349","669,565","352,402","70,875","45,866",61.5%,1.153,"298,370",0.3983,"44,632","13,365",14,61,2,11.8,14,7.6,3.24,210,27.2,25,99.6,"469,143","200,422",29.9%,"123,260","77,162",74.9%,"540,921.88","118,840.77","176,837.77",0.264,67.3%,29.48,"3,285.6",197.6,0.446
1078,01/10/2025,2025,Oct,10,Q4,TEMERLOH,TENGAH,JENDERAK UTARA,Pinggir Bandar,"29,800",25,"79,128","18,299","633,007","313,681","57,197","46,071",61.5%,1.153,"318,589",0.3988,"41,590","13,132",14,61,2,11.8,13,8,1.88,252,27.6,17.9,99.4,"416,949","216,058",34.1%,"132,876","83,182",68.5%,"480,742.20","127,053.29","181,775.29",0.287,62.2%,26.27,"3,541.9",170.0,0.503
1079,01/11/2025,2025,Nov,11,Q4,TEMERLOH,TENGAH,JENDERAK UTARA,Pinggir Bandar,"29,800",25,"79,128","19,116","618,374","302,210","60,562","48,307",61.5%,1.153,"296,751",0.4027,"41,248","16,869",14,61,3,11.8,30,13,2.74,204,26.7,27.6,98.2,"411,079","207,295",33.5%,"127,486","79,809",69.2%,"473,974.09","119,501.63","177,618.63",0.287,62.5%,24.79,"3,398.3",173.2,0.480
1080,01/12/2025,2025,Dec,12,Q4,TEMERLOH,TENGAH,JENDERAK UTARA,Pinggir Bandar,"29,800",25,"79,128","18,800","662,248","348,917","64,116","41,594",61.5%,1.153,"330,867",0.3925,"52,237","17,499",14,61,3,11.8,37,13.1,2.04,201,26.7,22.7,99.3,"454,627","207,621",31.4%,"127,687","79,934",71.7%,"524,184.93","129,865.30","199,601.30",0.301,61.9%,27.88,"3,403.6",185.3,0.500
1081,01/01/2023,2023,Jan,1,Q1,TEMERLOH,TENGAH,JENDERAK KG,Pinggir Bandar,"7,800",16,"23,963","6,026","196,339","94,009","14,558","12,551",81.6%,1.170,"107,093",0.3758,"15,935","10,019",10,30,2,3.1,10,8.5,2.98,199,27,19.7,98,"121,118","75,221",38.3%,"61,380","13,841",81.2%,"141,708.06","40,245.55","66,199.55",0.337,53.3%,23.52,"2,507.4",163.0,0.545
1082,01/02/2023,2023,Feb,2,Q1,TEMERLOH,TENGAH,JENDERAK KG,Pinggir Bandar,"7,800",16,"23,963","5,524","190,053","90,496","15,700","13,999",81.6%,1.170,"99,906",0.3794,"13,614","7,825",10,30,1,3.1,11,3.9,2.91,75,27.9,24.9,97.1,"120,195","69,858",36.8%,"57,004","12,854",87.0%,"140,628.15","37,904.34","59,343.34",0.312,57.8%,25.46,"2,328.6",179.1,0.526
1083,01/03/2023,2023,Mar,3,Q1,TEMERLOH,TENGAH,JENDERAK KG,Pinggir Bandar,"7,800",16,"23,963","5,432","195,931","89,935","12,622","13,804",81.6%,1.170,"100,032",0.3833,"14,098","7,666",10,30,1,3.1,9,4.6,2.45,167,28.1,23.8,97.9,"116,361","79,570",40.6%,"64,929","14,641",81.0%,"136,142.37","38,342.27","60,106.27",0.307,55.9%,25.06,"2,652.3",156.6,0.511
1084,01/04/2023,2023,Apr,4,Q2,TEMERLOH,TENGAH,JENDERAK KG,Pinggir Bandar,"7,800",16,"23,963","5,848","194,822","89,963","12,144","12,585",81.6%,1.170,"103,784",0.3744,"16,331","7,236",10,30,1,3.1,7,3.2,2.27,220,27.5,28.7,96.6,"114,692","80,130",41.1%,"65,386","14,744",83.3%,"134,189.64","38,856.73","62,423.73",0.320,53.5%,22.95,"2,671.0",159.5,0.533
1085,01/05/2023,2023,May,5,Q2,TEMERLOH,TENGAH,JENDERAK KG,Pinggir Bandar,"7,800",16,"23,963","5,868","209,024","98,577","15,735","14,844",81.6%,1.170,"115,018",0.3732,"16,752","6,422",10,30,1,3.1,6,4.7,3.05,196,28.5,20.2,97.1,"129,156","79,868",38.2%,"65,172","14,696",86.4%,"151,112.52","42,924.72","66,098.72",0.316,56.3%,25.75,"2,662.3",173.9,0.550
1086,01/06/2023,2023,Jun,6,Q2,TEMERLOH,TENGAH,JENDERAK KG,Pinggir Bandar,"7,800",16,"23,963","5,992","211,478","104,703","16,594","11,793",81.6%,1.170,"117,212",0.3695,"13,670","8,815",10,30,2,3.1,9,5.2,3.12,125,28.5,22.5,97.2,"133,090","78,388",37.1%,"63,965","14,423",90.4%,"155,715.30","43,309.83","65,794.83",0.311,57.7%,25.99,"2,612.9",185.1,0.554
1087,01/07/2023,2023,Jul,7,Q3,TEMERLOH,TENGAH,JENDERAK KG,Pinggir Bandar,"7,800",16,"23,963","5,983","222,422","110,811","17,361","16,542",81.6%,1.170,"122,114",0.3847,"15,957","5,311",10,30,1,3.1,11,4.1,2.68,133,27,29.9,96.8,"144,714","77,708",34.9%,"63,410","14,298",92.0%,"169,315.38","46,977.26","68,245.26",0.307,59.7%,28.30,"2,590.3",194.8,0.549
1088,01/08/2023,2023,Aug,8,Q3,TEMERLOH,TENGAH,JENDERAK KG,Pinggir Bandar,"7,800",16,"23,963","5,640","219,774","108,000","14,595","13,325",81.6%,1.170,"120,250",0.3690,"15,052","6,773",10,30,1,3.1,6,4.1,1.8,122,27.5,27.6,98.2,"135,920","83,854",38.2%,"68,425","15,429",90.9%,"159,026.40","44,372.25","66,197.25",0.301,58.4%,28.20,"2,795.1",183.0,0.547
1089,01/09/2023,2023,Sep,9,Q3,TEMERLOH,TENGAH,JENDERAK KG,Pinggir Bandar,"7,800",16,"23,963","5,826","205,875","102,950","16,457","13,949",81.6%,1.170,"117,259",0.3829,"16,079","5,400",10,30,1,3.1,9,4.2,3.18,214,28,27.9,97.7,"133,356","72,519",35.2%,"59,176","13,343",88.0%,"156,026.52","44,898.47","66,377.47",0.322,57.5%,26.78,"2,417.3",185.5,0.570
1090,01/10/2023,2023,Oct,10,Q4,TEMERLOH,TENGAH,JENDERAK KG,Pinggir Bandar,"7,800",16,"23,963","5,931","208,532","100,913","14,596","13,467",81.6%,1.170,"120,214",0.3821,"16,628","7,801",10,30,1,3.1,8,3.6,2.18,200,26.8,25.2,99.9,"128,976","79,556",38.2%,"64,918","14,638",86.2%,"150,901.92","45,933.77","70,362.77",0.337,53.4%,25.44,"2,651.9",173.6,0.576
1091,01/11/2023,2023,Nov,11,Q4,TEMERLOH,TENGAH,JENDERAK KG,Pinggir Bandar,"7,800",16,"23,963","5,723","181,975","84,358","14,383","12,483",81.6%,1.170,"97,514",0.3847,"14,743","7,637",10,30,1,3.1,11,3.9,2.33,193,26.3,27.3,96.6,"111,224","70,751",38.9%,"57,733","13,018",77.8%,"130,132.08","37,513.64","59,893.64",0.329,54.0%,22.74,"2,358.4",154.7,0.536
1092,01/12/2023,2023,Dec,12,Q4,TEMERLOH,TENGAH,JENDERAK KG,Pinggir Bandar,"7,800",16,"23,963","6,046","203,229","97,646","16,163","12,918",81.6%,1.170,"104,030",0.3696,"16,861","11,421",10,30,2,3.1,15,8.7,2.23,232,25.8,32.2,99.4,"126,727","76,502",37.6%,"62,426","14,076",84.0%,"148,270.59","38,449.49","66,731.49",0.328,55.0%,24.52,"2,550.1",170.6,0.512
1093,01/01/2024,2024,Jan,1,Q1,TEMERLOH,TENGAH,JENDERAK KG,Pinggir Bandar,"7,800",17,"24,472","5,896","210,434","96,377","14,729","15,400",81.6%,1.170,"114,385",0.3938,"15,570","6,847",10,30,1,4.1,6,3.6,1.85,125,27.1,26.5,98.3,"126,506","83,928",39.9%,"68,485","15,443",87.0%,"148,012.02","45,044.81","67,461.81",0.321,54.4%,25.10,"2,797.6",166.8,0.544
1094,01/02/2024,2024,Feb,2,Q1,TEMERLOH,TENGAH,JENDERAK KG,Pinggir Bandar,"7,800",17,"24,472","5,886","175,652","81,924","14,122","11,708",81.6%,1.170,"99,471",0.3875,"14,448","7,436",10,30,1,4.1,12,4.2,3.1,145,27.5,31.9,99.7,"107,754","67,898",38.7%,"55,405","12,493",77.7%,"126,072.18","38,545.01","60,429.01",0.344,52.1%,21.42,"2,263.3",151.8,0.566
1095,01/03/2024,2024,Mar,3,Q1,TEMERLOH,TENGAH,JENDERAK KG,Pinggir Bandar,"7,800",17,"24,472","5,551","216,047","106,507","15,675","14,023",81.6%,1.170,"120,565",0.3964,"15,558","5,998",10,30,1,4.1,6,2.5,3.18,128,28.5,22.3,97.8,"136,205","79,842",37.0%,"65,151","14,691",89.3%,"159,359.85","47,791.97","69,347.97",0.321,56.5%,28.71,"2,661.4",179.5,0.558
1096,01/04/2024,2024,Apr,4,Q2,TEMERLOH,TENGAH,JENDERAK KG,Pinggir Bandar,"7,800",17,"24,472","5,821","207,188","99,199","17,463","14,461",81.6%,1.170,"120,401",0.3909,"15,929","6,077",10,30,1,4.1,9,3.2,2.83,210,28.2,23.5,100,"131,123","76,065",36.7%,"62,069","13,996",88.5%,"153,413.91","47,064.75","69,070.75",0.333,55.0%,26.36,"2,535.5",178.6,0.581
1097,01/05/2024,2024,May,5,Q2,TEMERLOH,TENGAH,JENDERAK KG,Pinggir Bandar,"7,800",17,"24,472","5,768","218,891","113,033","15,718","14,548",81.6%,1.170,"117,648",0.3866,"15,441","7,709",10,30,1,4.1,11,2.7,2.24,131,28.1,26.3,98.4,"143,299","75,592",34.5%,"61,683","13,909",90.5%,"167,659.83","45,482.72","68,632.72",0.314,59.1%,29.07,"2,519.7",188.9,0.537
1098,01/06/2024,2024,Jun,6,Q2,TEMERLOH,TENGAH,JENDERAK KG,Pinggir Bandar,"7,800",17,"24,472","5,659","204,395","93,195","16,096","12,111",81.6%,1.170,"108,021",0.3779,"12,901","7,615",10,30,1,4.1,13,3.4,,96,28.3,17.7,98.5,"121,402","82,993",40.6%,"67,722","15,271",87.3%,"142,040.34","40,821.14","61,337.14",0.300,56.8%,25.10,"2,766.4",165.4,0.528
1099,01/07/2024,2024,Jul,7,Q3,TEMERLOH,TENGAH,JENDERAK KG,Pinggir Bandar,"7,800",17,"24,472","6,170","211,079","98,691","14,644","12,087",81.6%,1.170,"114,600",0.3807,"16,098","6,930",10,30,1,4.1,12,3.2,2.76,97,27.6,14.9,97.6,"125,422","85,657",40.6%,"69,896","15,761",87.3%,"146,743.74","43,628.22","66,656.22",0.316,54.6%,23.78,"2,855.2",165.3,0.543
1100,01/08/2024,2024,Aug,8,Q3,TEMERLOH,TENGAH,JENDERAK KG,Pinggir Bandar,"7,800",17,"24,472","5,760","212,461","104,707","17,896","13,404",81.6%,1.170,"114,356",0.3930,"13,318","8,483",10,30,1,4.1,9,3.1,3.27,113,27.8,20.8,99.8,"136,007","76,454",36.0%,"62,386","14,068",87.9%,"159,128.19","44,941.91","66,742.91",0.314,58.1%,27.63,"2,548.5",179.3,0.538
1101,01/09/2024,2024,Sep,9,Q3,TEMERLOH,TENGAH,JENDERAK KG,Pinggir Bandar,"7,800",17,"24,472","5,688","209,887","99,317","13,542","14,062",81.6%,1.170,"105,554",0.3910,"13,201","8,378",10,30,1,4.1,10,2.6,2.35,200,27.1,20.8,99.5,"126,921","82,966",39.5%,"67,700","15,266",89.7%,"148,497.57","41,271.61","62,850.61",0.299,57.7%,26.11,"2,765.5",172.9,0.503
1102,01/10/2024,2024,Oct,10,Q4,TEMERLOH,TENGAH,JENDERAK KG,Pinggir Bandar,"7,800",17,"24,472","6,131","207,750","96,533","15,468","12,419",81.6%,1.170,"120,055",0.3899,"16,434","6,311",10,30,1,4.1,6,4.7,2.81,147,27.7,23.2,97.1,"124,420","83,330",40.1%,"67,997","15,333",85.9%,"145,571.40","46,809.44","69,554.44",0.335,52.2%,23.74,"2,777.7",164.0,0.578
1103,01/11/2024,2024,Nov,11,Q4,TEMERLOH,TENGAH,JENDERAK KG,Pinggir Bandar,"7,800",17,"24,472","5,971","201,093","100,686","13,580","12,895",81.6%,1.170,"114,329",0.3970,"13,785","5,239",10,30,1,4.1,10,2.4,1.97,259,27.5,26.6,97.1,"127,161","73,932",36.8%,"60,329","13,603",85.9%,"148,778.37","45,388.61","64,412.61",0.320,56.7%,24.92,"2,464.4",173.2,0.569
1104,01/12/2024,2024,Dec,12,Q4,TEMERLOH,TENGAH,JENDERAK KG,Pinggir Bandar,"7,800",17,"24,472","5,740","208,250","103,389","15,913","14,467",81.6%,1.170,"110,279",0.3832,"13,446","7,393",10,30,1,4.1,7,2.6,2.81,451,26.3,41.3,97.7,"133,769","74,481",35.8%,"60,776","13,705",86.1%,"156,509.73","42,258.91","63,097.91",0.303,59.7%,27.27,"2,482.7",176.3,0.530
1105,01/01/2025,2025,Jan,1,Q1,TEMERLOH,TENGAH,JENDERAK KG,Pinggir Bandar,"7,800",18,"25,107","5,929","212,331","101,231","13,625","13,286",81.6%,1.170,"113,735",0.3890,"13,941","8,143",10,30,1,5.1,10,3.9,1.99,182,27.5,21.3,99.1,"128,142","84,189",39.6%,"68,698","15,491",87.8%,"149,926.14","44,242.92","66,326.92",0.312,55.8%,25.29,"2,806.3",164.6,0.536
1106,01/02/2025,2025,Feb,2,Q1,TEMERLOH,TENGAH,JENDERAK KG,Pinggir Bandar,"7,800",18,"25,107","5,830","192,031","100,967","13,404","12,470",81.6%,1.170,"96,827",0.4079,"14,612","6,020",10,30,1,5.1,8,2.7,2.29,144,27.6,18.8,99.9,"126,841","65,190",33.9%,"53,195","11,995",87.9%,"148,403.97","39,495.73","60,127.73",0.313,59.5%,25.46,"2,173.0",180.4,0.504
1107,01/03/2025,2025,Mar,3,Q1,TEMERLOH,TENGAH,JENDERAK KG,Pinggir Bandar,"7,800",18,"25,107","5,860","220,131","113,149","18,427","13,175",81.6%,1.170,"127,551",0.4046,"16,565","5,297",10,30,1,5.1,11,2.2,2.38,102,28.7,,97.7,"144,751","75,380",34.2%,"61,510","13,870",91.0%,"169,358.67","51,607.13","73,469.13",0.334,56.6%,28.90,"2,512.7",186.0,0.579
1108,01/04/2025,2025,Apr,4,Q2,TEMERLOH,TENGAH,JENDERAK KG,Pinggir Bandar,"7,800",18,"25,107","6,090","212,835","98,951","16,661","13,680",81.6%,1.170,"110,591",0.3930,"16,441","11,709",10,30,2,5.1,11,8,1.92,144,28.2,23.8,97.5,"129,292","83,543",39.3%,"68,171","15,372",91.0%,"151,271.64","43,462.26","71,612.26",0.336,52.7%,24.84,"2,784.8",171.7,0.520
1109,01/05/2025,2025,May,5,Q2,TEMERLOH,TENGAH,JENDERAK KG,Pinggir Bandar,"7,800",18,"25,107","5,667","213,164","106,627","16,797","12,984",81.6%,1.170,"106,918",0.3931,"15,438","5,694",10,30,1,5.1,5,4.3,1.8,149,27.9,19.2,96.6,"136,408","76,756",36.0%,"62,633","14,123",88.2%,"159,597.36","42,029.47","63,161.47",0.296,60.4%,28.16,"2,558.5",175.3,0.502
1110,01/06/2025,2025,Jun,6,Q2,TEMERLOH,TENGAH,JENDERAK KG,Pinggir Bandar,"7,800",18,"25,107","5,650","210,657","102,696","13,735","12,927",81.6%,1.170,"121,662",0.3905,"15,727","7,467",10,30,1,5.1,11,3.6,3.3,130,27.6,24.5,97.2,"129,358","81,299",38.6%,"66,340","14,959",90.0%,"151,348.86","47,509.01","70,703.01",0.336,53.3%,26.79,"2,710.0",171.7,0.578
1111,01/07/2025,2025,Jul,7,Q3,TEMERLOH,TENGAH,JENDERAK KG,Pinggir Bandar,"7,800",18,"25,107","5,637","225,245","113,184","17,892","18,015",81.6%,1.170,"120,970",0.3973,"16,800","7,992",10,30,1,5.1,8,2.3,2.63,114,27.8,20.4,99.3,"149,091","76,154",33.8%,"62,142","14,012",93.2%,"174,436.47","48,061.38","72,853.38",0.323,58.2%,30.94,"2,538.5",191.6,0.537
1112,01/08/2025,2025,Aug,8,Q3,TEMERLOH,TENGAH,JENDERAK KG,Pinggir Bandar,"7,800",18,"25,107","6,296","209,660","108,346","15,160","13,454",81.6%,1.170,"117,370",0.3956,"17,441","7,196",10,30,1,5.1,12,4.5,1.96,143,27.8,28.4,98.2,"136,960","72,700",34.7%,"59,323","13,377",86.7%,"160,243.20","46,431.57","71,068.57",0.339,55.6%,25.45,"2,423.3",176.0,0.560
1113,01/09/2025,2025,Sep,9,Q3,TEMERLOH,TENGAH,JENDERAK KG,Pinggir Bandar,"7,800",18,"25,107","6,325","214,870","104,105","18,091","15,593",81.6%,1.170,"115,740",0.3896,"14,747","7,048",10,30,1,5.1,12,2.8,2.54,157,27.6,26.8,96.6,"137,789","77,081",35.9%,"62,898","14,183",91.8%,"161,213.13","45,092.30","66,887.30",0.311,58.5%,25.49,"2,569.4",182.9,0.539
1114,01/10/2025,2025,Oct,10,Q4,TEMERLOH,TENGAH,JENDERAK KG,Pinggir Bandar,"7,800",18,"25,107","6,027","214,619","105,348","16,753","13,575",81.6%,1.170,"118,686",0.3901,"14,755","5,185",10,30,1,5.1,5,3.2,3.22,232,27.8,25,98.5,"135,676","78,943",36.8%,"64,417","14,526",88.8%,"158,740.92","46,299.41","66,239.41",0.309,58.3%,26.34,"2,631.4",174.3,0.553
1115,01/11/2025,2025,Nov,11,Q4,TEMERLOH,TENGAH,JENDERAK KG,Pinggir Bandar,"7,800",18,"25,107","6,147","196,447","91,461","15,245","10,851",81.6%,1.170,"98,472",0.3968,"12,281","8,709",10,30,2,5.1,10,7.2,3.22,285,27.3,34.9,98.4,"117,557","78,890",40.2%,"64,374","14,516",84.0%,"137,541.69","39,073.69","60,063.69",0.306,56.3%,22.38,"2,629.7",156.1,0.501
1116,01/12/2025,2025,Dec,12,Q4,TEMERLOH,TENGAH,JENDERAK KG,Pinggir Bandar,"7,800",18,"25,107","5,897","211,170","105,747","17,270","11,872",81.6%,1.170,"116,433",0.3947,"14,824","7,994",10,30,1,5.1,9,4.8,2.69,376,27.2,49.8,99.5,"134,889","76,281",36.1%,"62,245","14,036",87.3%,"157,820.13","45,956.11","68,774.11",0.326,56.4%,26.76,"2,542.7",173.3,0.551
1117,01/01/2023,2023,Jan,1,Q1,TEMERLOH,TENGAH,SBRG TEMERLOH,Pinggir Bandar,"19,800",12,"47,849","10,922","393,378","212,479","36,619","29,055",77.0%,1.175,"188,326",0.3719,"27,290","9,013",15,43,2,7.4,11,4.1,1.98,105,26.8,26.2,99.5,"278,153","115,225",29.3%,"88,723","26,502",64.1%,"326,829.78","70,038.44","106,341.44",0.270,67.5%,29.92,"2,679.7",187.5,0.479
1118,01/02/2023,2023,Feb,2,Q1,TEMERLOH,TENGAH,SBRG TEMERLOH,Pinggir Bandar,"19,800",12,"47,849","11,956","377,193","202,905","34,694","22,320",77.0%,1.175,"184,810",0.3710,"20,605","8,585",15,43,1,7.4,9,3.5,2.85,123,26.7,22.5,99.4,"259,919","117,274",31.1%,"90,301","26,973",68.0%,"305,404.83","68,564.51","97,754.51",0.259,68.0%,25.54,"2,727.3",194.0,0.490
1119,01/03/2023,2023,Mar,3,Q1,TEMERLOH,TENGAH,SBRG TEMERLOH,Pinggir Bandar,"19,800",12,"47,849","11,994","393,318","193,624","36,377","29,309",77.0%,1.175,"190,471",0.3830,"28,199","11,482",15,43,2,7.4,25,5.4,3.09,92,27.2,13.1,98.7,"259,310","134,008",34.1%,"103,186","30,822",64.1%,"304,689.25","72,950.39","112,631.39",0.286,63.0%,25.40,"3,116.5",174.8,0.484
1120,01/04/2023,2023,Apr,4,Q2,TEMERLOH,TENGAH,SBRG TEMERLOH,Pinggir Bandar,"19,800",12,"47,849","10,937","411,330","213,291","36,429","31,367",77.0%,1.175,"181,129",0.3849,"29,012","8,948",15,43,2,7.4,15,8.3,2.54,215,28,33.2,98.9,"281,087","130,243",31.7%,"100,287","29,956",69.2%,"330,277.23","69,716.55","107,676.55",0.262,67.4%,30.20,"3,028.9",195.8,0.440
1121,01/05/2023,2023,May,5,Q2,TEMERLOH,TENGAH,SBRG TEMERLOH,Pinggir Bandar,"19,800",12,"47,849","11,630","450,399","231,001","46,370","35,043",77.0%,1.175,"222,275",0.3652,"32,578","12,111",15,43,2,7.4,19,5.9,2.18,134,28.7,21.6,98.2,"312,414","137,985",30.6%,"106,248","31,737",73.4%,"367,086.45","81,174.83","125,863.83",0.279,65.7%,31.56,"3,209.0",210.6,0.494
1122,01/06/2023,2023,Jun,6,Q2,TEMERLOH,TENGAH,SBRG TEMERLOH,Pinggir Bandar,"19,800",12,"47,849","11,950","416,879","212,607","35,255","29,079",77.0%,1.175,"190,946",0.3750,"28,479","6,719",15,43,1,7.4,16,4.6,,85,28.4,24.4,97.9,"276,941","139,938",33.6%,"107,752","32,186",70.2%,"325,405.68","71,604.75","106,802.75",0.256,67.2%,27.23,"3,254.4",192.9,0.458
1123,01/07/2023,2023,Jul,7,Q3,TEMERLOH,TENGAH,SBRG TEMERLOH,Pinggir Bandar,"19,800",12,"47,849","11,762","408,022","211,038","40,354","23,169",77.0%,1.175,"191,328",0.3715,"23,053","10,471",15,43,1,7.4,12,4.4,2.82,81,27.1,13.2,99.1,"274,561","133,461",32.7%,"102,765","30,696",66.5%,"322,609.18","71,078.35","104,602.35",0.256,67.6%,27.43,"3,103.7",185.1,0.469
1124,01/08/2023,2023,Aug,8,Q3,TEMERLOH,TENGAH,SBRG TEMERLOH,Pinggir Bandar,"19,800",12,"47,849","11,354","414,616","212,283","36,781","27,866",77.0%,1.175,"194,120",0.3840,"25,298","9,026",15,43,2,7.4,19,4,2.89,146,27.9,31.4,97,"276,930","137,686",33.2%,"106,018","31,668",67.5%,"325,392.75","74,542.08","108,866.08",0.263,66.5%,28.66,"3,202.0",186.7,0.468
1125,01/09/2023,2023,Sep,9,Q3,TEMERLOH,TENGAH,SBRG TEMERLOH,Pinggir Bandar,"19,800",12,"47,849","10,726","390,341","198,315","33,153","25,733",77.0%,1.175,"178,353",0.3833,"26,310","12,952",15,43,2,7.4,21,7.1,1.79,149,27.3,30.7,97.4,"257,201","133,140",34.1%,"102,518","30,622",65.7%,"302,211.18","68,362.70","107,624.70",0.276,64.4%,28.18,"3,096.3",179.2,0.457
1126,01/10/2023,2023,Oct,10,Q4,TEMERLOH,TENGAH,SBRG TEMERLOH,Pinggir Bandar,"19,800",12,"47,849","11,882","393,028","202,063","32,572","28,067",77.0%,1.175,"169,985",0.3741,"26,059","13,160",15,43,2,7.4,24,5.2,2,194,27.6,28.7,99.6,"262,702","130,326",33.2%,"100,351","29,975",64.0%,"308,674.85","63,591.39","102,810.39",0.262,66.7%,25.98,"3,030.8",177.1,0.433
1127,01/11/2023,2023,Nov,11,Q4,TEMERLOH,TENGAH,SBRG TEMERLOH,Pinggir Bandar,"19,800",12,"47,849","11,871","359,948","181,942","35,815","27,773",77.0%,1.175,"174,573",0.3761,"20,759","9,130",15,43,1,7.4,8,3.5,3.29,292,27.3,33.5,96.6,"245,530","114,418",31.8%,"88,102","26,316",60.6%,"288,497.75","65,656.91","95,545.91",0.265,66.9%,24.30,"2,660.9",171.0,0.485
1128,01/12/2023,2023,Dec,12,Q4,TEMERLOH,TENGAH,SBRG TEMERLOH,Pinggir Bandar,"19,800",12,"47,849","11,539","373,730","200,049","31,721","22,948",77.0%,1.175,"180,969",0.3748,"24,861","8,473",15,43,1,7.4,7,4.6,3.2,326,25.8,42.1,98.3,"254,718","119,012",31.8%,"91,639","27,373",60.9%,"299,293.65","67,827.18","101,161.18",0.271,66.2%,25.94,"2,767.7",171.7,0.484
1129,01/01/2024,2024,Jan,1,Q1,TEMERLOH,TENGAH,SBRG TEMERLOH,Pinggir Bandar,"19,800",13,"48,978","11,020","391,733","204,768","39,429","24,771",77.0%,1.175,"175,977",0.3771,"28,501","13,639",15,43,2,8.4,12,7.6,3.29,92,27.6,13.5,96.5,"268,968","122,765",31.3%,"94,529","28,236",63.8%,"316,037.40","66,360.93","108,500.93",0.277,65.7%,28.68,"2,855.0",177.1,0.449
1130,01/02/2024,2024,Feb,2,Q1,TEMERLOH,TENGAH,SBRG TEMERLOH,Pinggir Bandar,"19,800",13,"48,978","11,681","355,148","177,396","34,030","25,827",77.0%,1.175,"170,008",0.3928,"20,322","10,699",15,43,1,8.4,20,3.9,3.31,129,27.4,32.1,96.7,"237,253","117,895",33.2%,"90,779","27,116",61.9%,"278,772.28","66,779.14","97,800.14",0.275,64.9%,23.87,"2,741.7",167.0,0.479
1131,01/03/2024,2024,Mar,3,Q1,TEMERLOH,TENGAH,SBRG TEMERLOH,Pinggir Bandar,"19,800",13,"48,978","11,013","405,957","209,078","39,603","26,456",77.0%,1.175,"203,254",0.3806,"24,586","7,513",15,43,1,8.4,19,4.1,3.38,96,27.3,22.9,97.3,"275,137","130,820",32.2%,"100,731","30,089",66.1%,"323,285.98","77,358.47","109,457.47",0.270,66.1%,29.35,"3,042.3",181.2,0.501
1132,01/04/2024,2024,Apr,4,Q2,TEMERLOH,TENGAH,SBRG TEMERLOH,Pinggir Bandar,"19,800",13,"48,978","11,051","401,906","215,591","38,250","30,444",77.0%,1.175,"182,001",0.3888,"24,614","11,397",15,43,2,8.4,15,9.2,1.87,217,27.8,34,99.9,"284,285","117,621",29.3%,"90,568","27,053",67.7%,"334,034.88","70,761.99","106,772.99",0.266,68.0%,30.23,"2,735.4",193.5,0.453
1133,01/05/2024,2024,May,5,Q2,TEMERLOH,TENGAH,SBRG TEMERLOH,Pinggir Bandar,"19,800",13,"48,978","11,212","437,502","240,077","38,482","25,238",77.0%,1.175,"203,693",0.3953,"28,849","11,687",15,43,2,8.4,25,7.2,2.31,111,28.8,29.3,98.1,"303,797","133,705",30.6%,"102,953","30,752",71.3%,"356,961.48","80,519.84","121,055.84",0.277,66.1%,31.84,"3,109.4",200.1,0.466
1134,01/06/2024,2024,Jun,6,Q2,TEMERLOH,TENGAH,SBRG TEMERLOH,Pinggir Bandar,"19,800",13,"48,978","11,418","414,796","212,526","37,086","31,992",77.0%,1.175,"190,180",0.3861,"26,141","13,834",15,43,2,8.4,10,9.6,2.91,127,27.6,20,97.4,"281,604","133,192",32.1%,"102,558","30,634",69.8%,"330,884.70","73,428.50","113,403.50",0.273,65.7%,28.98,"3,097.5",191.7,0.458
1135,01/07/2024,2024,Jul,7,Q3,TEMERLOH,TENGAH,SBRG TEMERLOH,Pinggir Bandar,"19,800",13,"48,978","11,072","434,653","226,826","41,287","27,735",77.0%,1.175,"207,593",0.3951,"28,266","10,338",15,43,2,8.4,11,6.6,2.92,132,28,22.8,97.7,"295,848","138,805",31.9%,"106,880","31,925",70.8%,"347,621.40","82,019.99","120,623.99",0.278,65.3%,31.40,"3,228.0",194.9,0.478
1136,01/08/2024,2024,Aug,8,Q3,TEMERLOH,TENGAH,SBRG TEMERLOH,Pinggir Bandar,"19,800",13,"48,978","11,506","418,084","213,480","36,333","28,269",77.0%,1.175,"184,224",0.3795,"23,522","10,375",15,43,2,8.4,21,9.4,1.98,97,27.1,23.3,97.9,"278,082","140,002",33.5%,"107,802","32,200",68.1%,"326,746.35","69,913.01","103,810.01",0.248,68.2%,28.40,"3,255.9",183.2,0.441
1137,01/09/2024,2024,Sep,9,Q3,TEMERLOH,TENGAH,SBRG TEMERLOH,Pinggir Bandar,"19,800",13,"48,978","11,699","399,845","212,338","33,766","22,138",77.0%,1.175,"178,901",0.3865,"26,223","11,792",15,43,2,8.4,16,9,2.89,114,27.4,22,99,"268,242","131,603",32.9%,"101,334","30,269",67.3%,"315,184.35","69,145.24","107,160.24",0.268,66.0%,26.94,"3,060.5",182.6,0.447
1138,01/10/2024,2024,Oct,10,Q4,TEMERLOH,TENGAH,SBRG TEMERLOH,Pinggir Bandar,"19,800",13,"48,978","11,191","418,925","218,666","45,613","32,170",77.0%,1.175,"182,330",0.3962,"23,877","11,779",15,43,2,8.4,21,9.2,1.94,196,27.7,22.4,97.2,"296,449","122,476",29.2%,"94,307","28,169",68.3%,"348,327.58","72,239.15","107,895.15",0.258,69.0%,31.13,"2,848.3",195.2,0.435
1139,01/11/2024,2024,Nov,11,Q4,TEMERLOH,TENGAH,SBRG TEMERLOH,Pinggir Bandar,"19,800",13,"48,978","12,079","406,931","219,576","34,952","28,326",77.0%,1.175,"182,464",0.3874,"23,514","11,437",15,43,2,8.4,16,5.9,2.05,371,27.2,35.1,98.2,"282,854","124,077",30.5%,"95,539","28,538",68.5%,"332,353.45","70,686.55","105,637.55",0.260,68.2%,27.51,"2,885.5",192.5,0.448
1140,01/12/2024,2024,Dec,12,Q4,TEMERLOH,TENGAH,SBRG TEMERLOH,Pinggir Bandar,"19,800",13,"48,978","12,329","401,099","218,307","37,415","23,811",77.0%,1.175,"196,197",0.3784,"22,073","7,773",15,43,1,8.4,18,3.8,2.57,447,27.2,45.9,96.8,"279,533","121,566",30.3%,"93,606","27,960",65.3%,"328,451.28","74,240.94","104,086.94",0.260,68.3%,26.64,"2,827.1",184.1,0.489
1141,01/01/2025,2025,Jan,1,Q1,TEMERLOH,TENGAH,SBRG TEMERLOH,Pinggir Bandar,"19,800",14,"50,179","12,016","414,778","211,686","41,676","23,743",77.0%,1.175,"187,960",0.4069,"23,528","6,569",15,43,1,9.4,16,4.9,1.82,158,27.1,19.1,99.9,"277,105","137,673",33.2%,"106,008","31,665",67.6%,"325,598.38","76,480.92","106,577.92",0.257,67.3%,27.10,"3,201.7",178.1,0.453
1142,01/02/2025,2025,Feb,2,Q1,TEMERLOH,TENGAH,SBRG TEMERLOH,Pinggir Bandar,"19,800",14,"50,179","11,443","362,769","204,992","32,450","22,232",77.0%,1.175,"162,400",0.4072,"25,367","7,398",15,43,1,9.4,13,2.3,1.91,104,27.8,16,96.7,"259,674","103,095",28.4%,"79,383","23,712",65.4%,"305,116.95","66,129.28","98,894.28",0.273,67.6%,26.66,"2,397.6",184.8,0.448
1143,01/03/2025,2025,Mar,3,Q1,TEMERLOH,TENGAH,SBRG TEMERLOH,Pinggir Bandar,"19,800",14,"50,179","12,055","427,847","221,243","42,540","33,763",77.0%,1.175,"184,588",0.4055,"25,338","9,147",15,43,1,9.4,15,4.8,2.81,189,28.6,19.8,98.6,"297,546","130,301",30.5%,"100,332","29,969",69.7%,"349,616.55","74,850.43","109,335.43",0.256,68.7%,29.00,"3,030.3",191.3,0.431
1144,01/04/2025,2025,Apr,4,Q2,TEMERLOH,TENGAH,SBRG TEMERLOH,Pinggir Bandar,"19,800",14,"50,179","12,406","405,238","206,486","40,956","31,653",77.0%,1.175,"192,870",0.3892,"28,284","6,664",15,43,1,9.4,22,3.3,3.17,218,29,21.3,97.1,"279,095","126,143",31.1%,"97,130","29,013",68.2%,"327,936.63","75,065.00","110,013.00",0.271,66.5%,26.43,"2,933.6",185.4,0.476
1145,01/05/2025,2025,May,5,Q2,TEMERLOH,TENGAH,SBRG TEMERLOH,Pinggir Bandar,"19,800",14,"50,179","12,059","440,027","232,412","41,252","31,919",77.0%,1.175,"194,898",0.4056,"31,890","9,873",15,43,1,9.4,18,1.9,1.89,167,28.5,30.4,98.2,"305,583","134,444",30.6%,"103,522","30,922",71.7%,"359,060.03","79,050.63","120,813.63",0.275,66.4%,29.78,"3,126.6",196.4,0.443
1146,01/06/2025,2025,Jun,6,Q2,TEMERLOH,TENGAH,SBRG TEMERLOH,Pinggir Bandar,"19,800",14,"50,179","12,036","434,787","218,137","38,900","32,885",77.0%,1.175,"198,007",0.4090,"30,772","9,435",15,43,2,9.4,12,5.8,2.51,88,28.1,14.6,96.6,"289,922","144,865",33.3%,"111,546","33,319",73.2%,"340,658.35","80,984.86","121,191.86",0.279,64.4%,28.30,"3,369.0",192.6,0.455
1147,01/07/2025,2025,Jul,7,Q3,TEMERLOH,TENGAH,SBRG TEMERLOH,Pinggir Bandar,"19,800",14,"50,179","12,559","472,981","251,579","48,947","32,142",77.0%,1.175,"232,289",0.3912,"26,739","6,748",15,43,1,9.4,9,4.2,3,137,27.9,23.8,99.6,"332,668","140,313",29.7%,"108,041","32,272",77.1%,"390,884.90","90,871.46","124,358.46",0.263,68.2%,31.12,"3,263.1",213.9,0.491
1148,01/08/2025,2025,Aug,8,Q3,TEMERLOH,TENGAH,SBRG TEMERLOH,Pinggir Bandar,"19,800",14,"50,179","12,214","460,829","232,247","40,641","35,258",77.0%,1.175,"227,590",0.3999,"30,563","9,603",15,43,1,9.4,21,3.9,2.79,163,27.8,33.6,99.8,"308,146","152,683",33.1%,"117,566","35,117",75.1%,"362,071.55","91,013.24","131,179.24",0.285,63.8%,29.64,"3,550.8",198.1,0.494
1149,01/09/2025,2025,Sep,9,Q3,TEMERLOH,TENGAH,SBRG TEMERLOH,Pinggir Bandar,"19,800",14,"50,179","11,621","425,549","227,786","40,505","24,060",77.0%,1.175,"200,348",0.3984,"26,914","13,684",15,43,2,9.4,12,5.9,3.34,177,27.7,27.7,98,"292,351","133,198",31.3%,"102,562","30,636",71.6%,"343,512.43","79,818.64","120,416.64",0.283,64.9%,29.56,"3,097.6",194.2,0.471
1150,01/10/2025,2025,Oct,10,Q4,TEMERLOH,TENGAH,SBRG TEMERLOH,Pinggir Bandar,"19,800",14,"50,179","12,114","417,795","229,979","40,998","24,796",77.0%,1.175,"182,175",0.4014,"24,253","6,806",15,43,1,9.4,12,2.7,3.27,265,27.9,18.1,99.1,"295,773","122,022",29.2%,"93,957","28,065",68.1%,"347,533.28","73,125.05","104,184.05",0.249,70.0%,28.69,"2,837.7",190.1,0.436
1151,01/11/2025,2025,Nov,11,Q4,TEMERLOH,TENGAH,SBRG TEMERLOH,Pinggir Bandar,"19,800",14,"50,179","12,479","386,611","216,384","35,093","26,083",77.0%,1.175,"167,474",0.3970,"23,218","8,896",15,43,2,9.4,11,7.1,2.55,376,27.1,,97.9,"277,560","109,051",28.2%,"83,969","25,082",65.1%,"326,133.00","66,487.18","98,601.18",0.255,69.8%,26.13,"2,536.1",184.4,0.433
1152,01/12/2025,2025,Dec,12,Q4,TEMERLOH,TENGAH,SBRG TEMERLOH,Pinggir Bandar,"19,800",14,"50,179","12,357","421,377","226,546","35,283","23,536",77.0%,1.175,"189,532",0.4060,"26,028","10,099",15,43,2,9.4,12,9.1,1.84,358,26.1,41.7,97.9,"285,365","136,012",32.3%,"104,729","31,283",68.7%,"335,303.88","76,949.99","113,076.99",0.268,66.3%,27.13,"3,163.1",183.4,0.450
1153,01/01/2023,2023,Jan,1,Q1,BERA,TENGAH,TRIANG,Bandar,"249,600",8,"687,620","167,000","5,401,386","2,343,599","677,296","359,262",63.4%,1.259,"2,107,474",0.3764,"433,669","80,723",89,294,14,4.2,255,42.3,1.87,192,27.2,24.5,98,"3,380,157","2,021,229",37.4%,"1,281,459","739,770",69.8%,"4,255,617.66","793,253.21","1,307,645.21",0.242,69.3%,25.48,"6,874.9",158.6,0.390
1154,01/02/2023,2023,Feb,2,Q1,BERA,TENGAH,TRIANG,Bandar,"249,600",8,"687,620","162,863","5,196,232","2,482,879","676,826","324,947",63.4%,1.259,"2,070,565",0.3713,"460,297","53,379",89,294,6,4.2,204,11.3,2.94,67,26.7,21.4,96.9,"3,484,652","1,711,580",32.9%,"1,085,142","626,438",74.4%,"4,387,176.87","768,800.78","1,282,476.78",0.247,70.8%,26.94,"5,821.7",181.0,0.398
1155,01/03/2023,2023,Mar,3,Q1,BERA,TENGAH,TRIANG,Bandar,"249,600",8,"687,620","160,241","5,905,021","2,765,068","714,907","377,737",63.4%,1.259,"2,161,986",0.3695,"531,176","73,562",89,294,10,4.2,294,38.7,2.03,169,27.9,,98.2,"3,857,712","2,047,309",34.7%,"1,297,994","749,315",76.3%,"4,856,859.41","798,853.83","1,403,591.83",0.238,71.1%,30.31,"6,963.6",181.0,0.366
1156,01/04/2023,2023,Apr,4,Q2,BERA,TENGAH,TRIANG,Bandar,"249,600",8,"687,620","172,896","6,021,681","2,874,305","642,596","399,395",63.4%,1.259,"2,252,983",0.3825,"510,069","64,779",89,294,9,4.2,154,30.6,2,189,28.7,29.6,97.8,"3,916,296","2,105,385",35.0%,"1,334,814","770,571",80.4%,"4,930,616.66","861,766.00","1,436,614.00",0.239,70.9%,28.52,"7,161.2",189.8,0.374
1157,01/05/2023,2023,May,5,Q2,BERA,TENGAH,TRIANG,Bandar,"249,600",8,"687,620","155,187","6,441,757","2,985,431","819,249","471,588",63.4%,1.259,"2,445,569",0.3835,"527,873","63,461",89,294,14,4.2,237,41.6,2.21,196,28.5,29.2,98.4,"4,276,268","2,165,489",33.6%,"1,372,920","792,569",83.3%,"5,383,821.41","937,875.71","1,529,209.71",0.237,71.6%,34.69,"7,365.6",200.6,0.380
1158,01/06/2023,2023,Jun,6,Q2,BERA,TENGAH,TRIANG,Bandar,"249,600",8,"687,620","168,420","5,822,567","2,688,115","753,463","447,401",63.4%,1.259,"2,268,237",0.3825,"472,444","60,060",89,294,11,4.2,251,33,2.38,115,27.6,27.6,98.5,"3,888,979","1,933,588",33.2%,"1,225,895","707,693",77.8%,"4,896,224.56","867,600.65","1,400,104.65",0.240,71.4%,29.07,"6,576.8",188.5,0.390
1159,01/07/2023,2023,Jul,7,Q3,BERA,TENGAH,TRIANG,Bandar,"249,600",8,"687,620","166,973","5,951,833","2,555,501","689,350","468,614",63.4%,1.259,"2,177,207",0.3758,"474,689","62,840",89,294,6,4.2,297,29.5,2.95,89,27.8,16.4,97.6,"3,713,465","2,238,368",37.6%,"1,419,125","819,243",76.9%,"4,675,252.44","818,194.39","1,355,723.39",0.228,71.0%,28.00,"7,613.5",174.2,0.366
1160,01/08/2023,2023,Aug,8,Q3,BERA,TENGAH,TRIANG,Bandar,"249,600",8,"687,620","172,966","5,866,300","2,610,573","771,340","367,984",63.4%,1.259,"2,076,515",0.3686,"555,691","68,302",89,294,14,4.2,149,51.2,2.29,86,27.7,27.4,99.4,"3,749,897","2,116,403",36.1%,"1,341,800","774,603",75.8%,"4,721,120.32","765,403.43","1,389,396.43",0.237,70.6%,27.30,"7,198.6",175.9,0.354
1161,01/09/2023,2023,Sep,9,Q3,BERA,TENGAH,TRIANG,Bandar,"249,600",8,"687,620","165,782","5,530,299","2,446,425","716,584","364,448",63.4%,1.259,"2,078,694",0.3723,"465,593","52,985",89,294,8,4.2,281,32.6,2.45,133,27.8,18.4,99.9,"3,527,457","2,002,842",36.2%,"1,269,802","733,040",73.9%,"4,441,068.36","773,897.78","1,292,475.78",0.234,70.9%,26.79,"6,812.4",171.0,0.376
1162,01/10/2023,2023,Oct,10,Q4,BERA,TENGAH,TRIANG,Bandar,"249,600",8,"687,620","171,740","5,982,289","2,661,186","780,099","463,430",63.4%,1.259,"2,124,801",0.3745,"501,323","72,319",89,294,9,4.2,297,31.8,2.61,226,27.1,41.1,97.2,"3,904,715","2,077,574",34.7%,"1,317,182","760,392",77.3%,"4,916,036.19","795,737.97","1,369,379.97",0.229,72.1%,28.62,"7,066.6",183.2,0.355
1163,01/11/2023,2023,Nov,11,Q4,BERA,TENGAH,TRIANG,Bandar,"249,600",8,"687,620","160,101","5,540,704","2,558,914","771,748","394,281",63.4%,1.259,"1,998,434",0.3840,"435,141","77,156",89,294,9,4.2,136,27.5,2.38,402,27.4,33.8,96.6,"3,724,943","1,815,761",32.8%,"1,151,192","664,569",74.0%,"4,689,703.24","767,398.66","1,279,695.66",0.231,72.7%,29.29,"6,176.1",180.6,0.361
1164,01/12/2023,2023,Dec,12,Q4,BERA,TENGAH,TRIANG,Bandar,"249,600",8,"687,620","161,948","5,442,821","2,453,314","702,597","426,578",63.4%,1.259,"2,057,432",0.3786,"472,045","56,682",89,294,6,4.2,244,19,2.44,341,26.8,43.3,99.8,"3,582,489","1,860,332",34.2%,"1,179,450","680,882",70.3%,"4,510,353.65","778,943.76","1,307,670.76",0.240,71.0%,27.85,"6,327.7",168.1,0.378
1165,01/01/2024,2024,Jan,1,Q1,BERA,TENGAH,TRIANG,Bandar,"249,600",9,"702,383","160,686","5,805,539","2,541,165","660,128","465,069",63.4%,1.259,"2,097,296",0.3921,"456,522","87,950",89,294,14,5.2,148,66.7,1.74,184,26.5,28.2,99.9,"3,666,362","2,139,177",36.8%,"1,356,238","782,939",75.0%,"4,615,949.76","822,349.76","1,366,821.76",0.235,70.4%,28.73,"7,276.1",168.4,0.361
1166,01/02/2024,2024,Feb,2,Q1,BERA,TENGAH,TRIANG,Bandar,"249,600",9,"702,383","157,223","5,083,540","2,353,504","616,934","430,895",63.4%,1.259,"1,976,324",0.3775,"463,230","67,964",89,294,13,5.2,323,61.3,2.56,73,27,14.6,96.6,"3,401,333","1,682,207",33.1%,"1,066,519","615,688",70.2%,"4,282,278.25","746,062.31","1,277,256.31",0.251,70.2%,27.24,"5,721.8",167.0,0.389
1167,01/03/2024,2024,Mar,3,Q1,BERA,TENGAH,TRIANG,Bandar,"249,600",9,"702,383","158,334","5,880,028","2,568,202","687,111","423,242",63.4%,1.259,"2,186,320",0.3912,"483,891","56,469",89,294,11,5.2,205,46.8,2.61,87,28.4,15.7,99.6,"3,678,555","2,201,473",37.4%,"1,395,734","805,739",76.0%,"4,631,300.75","855,288.38","1,395,648.38",0.237,69.9%,29.25,"7,488.0",168.9,0.372
1168,01/04/2024,2024,Apr,4,Q2,BERA,TENGAH,TRIANG,Bandar,"249,600",9,"702,383","161,850","5,848,765","2,526,496","766,430","488,139",63.4%,1.259,"2,357,099",0.3794,"479,218","82,609",89,294,11,5.2,136,36.3,1.99,151,27.6,22.5,96.9,"3,781,065","2,067,700",35.4%,"1,310,922","756,778",78.1%,"4,760,360.84","894,283.36","1,456,110.36",0.249,69.4%,29.41,"7,033.0",179.4,0.403
1169,01/05/2024,2024,May,5,Q2,BERA,TENGAH,TRIANG,Bandar,"249,600",9,"702,383","158,439","6,152,658","2,932,081","856,347","412,003",63.4%,1.259,"2,405,844",0.3837,"461,720","64,730",89,294,10,5.2,183,44.6,3.25,123,29.1,14.9,98.9,"4,200,431","1,952,227",31.7%,"1,237,712","714,515",79.5%,"5,288,342.63","923,122.34","1,449,572.34",0.236,72.6%,33.38,"6,640.2",192.9,0.391
1170,01/06/2024,2024,Jun,6,Q2,BERA,TENGAH,TRIANG,Bandar,"249,600",9,"702,383","171,223","6,423,136","2,895,731","678,754","464,061",63.4%,1.259,"2,537,320",0.3807,"611,101","60,353",89,294,11,5.2,304,51.7,2.75,74,28.7,20.6,96.7,"4,038,546","2,384,590",37.1%,"1,511,830","872,760",85.8%,"5,084,529.41","965,957.72","1,637,411.72",0.255,67.8%,29.70,"8,110.9",191.7,0.395
1171,01/07/2024,2024,Jul,7,Q3,BERA,TENGAH,TRIANG,Bandar,"249,600",9,"702,383","164,287","6,496,654","2,928,136","868,211","546,788",63.4%,1.259,"2,649,829",0.3820,"605,357","59,761",89,294,8,5.2,179,31.6,2.69,86,27,25.5,97.1,"4,343,135","2,153,519",33.1%,"1,365,331","788,188",84.0%,"5,468,006.97","1,012,234.68","1,677,352.68",0.258,69.3%,33.28,"7,324.9",199.5,0.408
1172,01/08/2024,2024,Aug,8,Q3,BERA,TENGAH,TRIANG,Bandar,"249,600",9,"702,383","174,056","6,300,956","2,942,255","748,359","532,401",63.4%,1.259,"2,508,587",0.3965,"518,306","43,052",89,294,6,5.2,173,25.2,2.81,86,27.6,22,97.4,"4,223,015","2,077,941",33.0%,"1,317,415","760,526",81.4%,"5,316,775.89","994,654.75","1,556,012.75",0.247,70.7%,30.55,"7,067.8",193.9,0.398
1173,01/09/2024,2024,Sep,9,Q3,BERA,TENGAH,TRIANG,Bandar,"249,600",9,"702,383","159,670","5,672,067","2,416,421","702,984","436,814",63.4%,1.259,"2,312,045",0.3818,"510,163","65,306",89,294,11,5.2,311,42.7,2.74,98,27.5,29.4,97.2,"3,556,219","2,115,848",37.3%,"1,341,448","774,400",75.7%,"4,477,279.72","882,738.78","1,458,207.78",0.257,67.4%,28.04,"7,196.8",168.8,0.408
1174,01/10/2024,2024,Oct,10,Q4,BERA,TENGAH,TRIANG,Bandar,"249,600",9,"702,383","177,213","6,037,010","2,687,112","808,193","379,655",63.4%,1.259,"2,388,233",0.3963,"489,272","94,156",89,294,14,5.2,176,33.1,3.12,195,27.9,22.9,97.2,"3,874,960","2,162,050",35.8%,"1,370,740","791,310",78.0%,"4,878,574.64","946,456.74","1,529,884.74",0.253,68.6%,27.53,"7,353.9",178.0,0.396
1175,01/11/2024,2024,Nov,11,Q4,BERA,TENGAH,TRIANG,Bandar,"249,600",9,"702,383","163,173","5,722,679","2,761,447","640,911","500,170",63.4%,1.259,"2,187,510",0.3873,"542,988","90,753",89,294,13,5.2,170,31.1,1.9,262,27.5,40.8,99.1,"3,902,528","1,820,151",31.8%,"1,153,976","666,175",76.4%,"4,913,282.75","847,222.62","1,480,963.62",0.259,69.9%,30.11,"6,191.0",185.2,0.382
1176,01/12/2024,2024,Dec,12,Q4,BERA,TENGAH,TRIANG,Bandar,"249,600",9,"702,383","162,798","5,418,255","2,569,463","701,738","430,029",63.4%,1.259,"2,009,775",0.3797,"393,566","72,182",89,294,13,5.2,286,33.7,2.53,262,26.2,33.2,96.6,"3,701,230","1,717,025",31.7%,"1,088,594","628,431",70.0%,"4,659,848.57","763,111.57","1,228,859.57",0.227,73.6%,28.62,"5,840.2",170.0,0.371
1177,01/01/2025,2025,Jan,1,Q1,BERA,TENGAH,TRIANG,Bandar,"249,600",10,"718,555","163,234","6,015,038","2,807,096","724,913","364,577",63.4%,1.259,"2,106,619",0.4030,"504,251","74,220",89,294,14,6.2,294,28.5,1.86,176,26.9,,97.7,"3,896,586","2,118,452",35.2%,"1,343,099","775,353",77.7%,"4,905,801.77","848,967.46","1,427,438.46",0.237,70.9%,30.05,"7,205.6",174.9,0.350
1178,01/02/2025,2025,Feb,2,Q1,BERA,TENGAH,TRIANG,Bandar,"249,600",10,"718,555","170,692","5,423,801","2,671,292","651,029","396,370",63.4%,1.259,"2,135,919",0.4086,"429,789","41,268",89,294,5,6.2,305,12.9,2.08,140,28,20.5,99.2,"3,718,691","1,705,110",31.4%,"1,081,040","624,070",77.6%,"4,681,831.97","872,736.50","1,343,793.50",0.248,71.3%,27.43,"5,799.7",184.8,0.394
1179,01/03/2025,2025,Mar,3,Q1,BERA,TENGAH,TRIANG,Bandar,"249,600",10,"718,555","169,138","6,072,845","2,952,379","756,478","446,116",63.4%,1.259,"2,195,395",0.3939,"479,769","88,698",89,294,14,6.2,314,32.7,2.22,147,28.5,23.3,97.6,"4,154,973","1,917,872",31.6%,"1,215,931","701,941",78.5%,"5,231,111.01","864,766.09","1,433,233.09",0.236,72.6%,30.93,"6,523.4",186.5,0.362
1180,01/04/2025,2025,Apr,4,Q2,BERA,TENGAH,TRIANG,Bandar,"249,600",10,"718,555","168,560","6,205,923","2,871,123","860,709","469,609",63.4%,1.259,"2,452,575",0.3902,"470,810","44,690",89,294,6,6.2,226,17.3,1.82,138,28.4,29.1,98.6,"4,201,441","2,004,482",32.3%,"1,270,842","733,640",82.9%,"5,289,614.22","956,994.77","1,472,494.77",0.237,72.2%,31.38,"6,818.0",194.9,0.395
1181,01/05/2025,2025,May,5,Q2,BERA,TENGAH,TRIANG,Bandar,"249,600",10,"718,555","175,586","6,492,158","3,024,444","886,126","508,085",63.4%,1.259,"2,375,075",0.4005,"554,704","83,696",89,294,12,6.2,124,25.1,2.04,109,28.7,19.7,96.8,"4,418,655","2,073,503",31.9%,"1,314,601","758,902",83.9%,"5,563,086.65","951,217.54","1,589,617.54",0.245,71.4%,31.68,"7,052.7",198.4,0.366
1182,01/06/2025,2025,Jun,6,Q2,BERA,TENGAH,TRIANG,Bandar,"249,600",10,"718,555","172,763","6,415,731","3,024,124","796,808","570,093",63.4%,1.259,"2,247,620",0.3982,"553,179","59,287",89,294,7,6.2,221,19,2.52,149,28.4,24.2,97.9,"4,391,025","2,024,706",31.6%,"1,283,664","741,042",85.7%,"5,528,300.48","895,002.28","1,507,468.28",0.235,72.7%,32.00,"6,886.8",203.7,0.350
1183,01/07/2025,2025,Jul,7,Q3,BERA,TENGAH,TRIANG,Bandar,"249,600",10,"718,555","173,876","6,173,181","2,756,733","805,252","388,301",63.4%,1.259,"2,292,145",0.4087,"441,192","74,609",89,294,8,6.2,265,38.9,1.86,90,27.9,22.2,96.6,"3,950,286","2,222,895",36.0%,"1,409,315","813,580",79.8%,"4,973,410.07","936,799.66","1,452,600.66",0.235,70.8%,28.60,"7,560.9",177.3,0.371
1184,01/08/2025,2025,Aug,8,Q3,BERA,TENGAH,TRIANG,Bandar,"249,600",10,"718,555","174,719","6,186,497","2,741,816","792,840","447,715",63.4%,1.259,"2,256,348",0.3985,"556,929","69,052",89,294,10,6.2,217,21.8,3.11,141,28.3,19.3,97.3,"3,982,371","2,204,126",35.6%,"1,397,416","806,710",80.0%,"5,013,805.09","899,154.68","1,525,135.68",0.247,69.6%,28.70,"7,497.0",178.8,0.365
1185,01/09/2025,2025,Sep,9,Q3,BERA,TENGAH,TRIANG,Bandar,"249,600",10,"718,555","172,842","6,001,248","2,785,900","723,746","525,755",63.4%,1.259,"2,325,651",0.4081,"505,768","47,904",89,294,7,6.2,237,23.3,2.83,195,27.4,28.3,99.1,"4,035,401","1,965,847",32.8%,"1,246,347","719,500",80.1%,"5,080,569.86","949,098.17","1,502,770.17",0.250,70.4%,29.39,"6,686.6",187.2,0.388
1186,01/10/2025,2025,Oct,10,Q4,BERA,TENGAH,TRIANG,Bandar,"249,600",10,"718,555","168,086","6,121,855","2,959,549","830,637","408,394",63.4%,1.259,"2,247,331",0.4037,"548,228","52,580",89,294,6,6.2,176,13.1,1.91,151,28.1,30.2,98,"4,198,580","1,923,275",31.4%,"1,219,356","703,919",79.1%,"5,286,012.22","907,247.52","1,508,055.52",0.246,71.5%,31.45,"6,541.8",188.5,0.367
1187,01/11/2025,2025,Nov,11,Q4,BERA,TENGAH,TRIANG,Bandar,"249,600",10,"718,555","163,445","5,740,444","2,746,753","657,827","450,826",63.4%,1.259,"2,311,017",0.3924,"521,628","57,317",89,294,8,6.2,107,19.9,3.09,245,27.2,23.9,98.6,"3,855,406","1,885,038",32.8%,"1,195,114","689,924",76.7%,"4,853,956.15","906,843.07","1,485,788.07",0.259,69.4%,29.70,"6,411.7",178.8,0.403
1188,01/12/2025,2025,Dec,12,Q4,BERA,TENGAH,TRIANG,Bandar,"249,600",10,"718,555","170,451","6,037,177","2,890,914","697,738","518,731",63.4%,1.259,"2,449,676",0.4074,"536,277","99,566",89,294,15,6.2,216,54.2,3.15,353,26.2,42,97.7,"4,107,383","1,929,794",32.0%,"1,223,489","706,305",78.0%,"5,171,195.20","997,998.00","1,633,841.00",0.271,68.4%,30.34,"6,563.9",184.4,0.406
1189,01/01/2023,2023,Jan,1,Q1,BERA,TENGAH,BERA KOMPLEKS,Luar Bandar,"8,600",11,"20,309","5,089","174,398","64,551","5,208","2,243",77.6%,0.932,"65,218",0.3761,"9,217","9,341",9,30,2,4.2,9,5.4,2.78,165,27.3,21.1,98.7,"72,002","102,396",58.7%,"79,459","22,937",65.4%,"67,105.86","24,528.49","43,086.49",0.247,35.8%,13.19,"3,413.2",114.4,0.374
1190,01/02/2023,2023,Feb,2,Q1,BERA,TENGAH,BERA KOMPLEKS,Luar Bandar,"8,600",11,"20,309","5,086","144,654","55,540","4,614","1,568",77.6%,0.932,"53,484",0.3830,"7,801","10,844",9,30,2,4.2,10,4.7,2.14,130,27.7,25.4,96.5,"61,722","82,932",57.3%,"64,355","18,577",60.1%,"57,524.90","20,484.37","39,129.37",0.271,32.0%,11.31,"2,764.4",108.5,0.370
1191,01/03/2023,2023,Mar,3,Q1,BERA,TENGAH,BERA KOMPLEKS,Luar Bandar,"8,600",11,"20,309","5,101","177,408","54,020","4,310","1,730",77.6%,0.932,"71,083",0.3767,"10,558","7,845",9,30,1,4.2,8,4.7,2.36,188,27.7,25.7,98.4,"60,060","117,348",66.1%,"91,062","26,286",66.5%,"55,975.92","26,776.97","45,179.97",0.255,19.3%,10.97,"3,911.6",95.4,0.401
1192,01/04/2023,2023,Apr,4,Q2,BERA,TENGAH,BERA KOMPLEKS,Luar Bandar,"8,600",11,"20,309","5,115","168,393","66,735","5,282","2,013",77.6%,0.932,"66,829",0.3820,"11,094","8,048",9,30,1,4.2,6,2.5,2.37,172,27.8,20.2,99.5,"74,030","94,363",56.0%,"73,226","21,137",65.3%,"68,995.96","25,528.68","44,670.68",0.265,35.3%,13.49,"3,145.4",121.5,0.397
1193,01/05/2023,2023,May,5,Q2,BERA,TENGAH,BERA KOMPLEKS,Luar Bandar,"8,600",11,"20,309","4,997","185,143","66,769","5,698","2,076",77.6%,0.932,"69,762",0.3718,"11,933","6,918",9,30,1,4.2,8,2,2.65,207,28.9,26.1,98.1,"74,543","110,600",59.7%,"85,826","24,774",69.4%,"69,474.08","25,937.51","44,788.51",0.242,35.5%,13.90,"3,686.7",118.4,0.377
1194,01/06/2023,2023,Jun,6,Q2,BERA,TENGAH,BERA KOMPLEKS,Luar Bandar,"8,600",11,"20,309","4,682","184,946","65,597","6,182","1,649",77.6%,0.932,"73,561",0.3677,"12,476","7,526",9,30,2,4.2,9,8.7,2.43,105,28.4,18.2,98.1,"73,428","111,518",60.3%,"86,538","24,980",71.7%,"68,434.90","27,048.38","47,050.38",0.254,31.2%,14.62,"3,717.3",120.5,0.398
1195,01/07/2023,2023,Jul,7,Q3,BERA,TENGAH,BERA KOMPLEKS,Luar Bandar,"8,600",11,"20,309","4,754","173,661","57,927","5,393","2,060",77.6%,0.932,"64,437",0.3818,"12,072","11,203",9,30,2,4.2,10,8.6,2.01,150,27,19.8,98.9,"65,380","108,281",62.4%,"84,026","24,255",65.1%,"60,934.16","24,602.05","47,877.05",0.276,21.4%,12.82,"3,609.4",103.8,0.371
1196,01/08/2023,2023,Aug,8,Q3,BERA,TENGAH,BERA KOMPLEKS,Luar Bandar,"8,600",11,"20,309","4,656","184,210","61,366","5,064","2,074",77.6%,0.932,"65,801",0.3684,"10,262","5,877",9,30,1,4.2,6,4.8,2.85,143,27.6,29.5,98.8,"68,504","115,706",62.8%,"89,788","25,918",69.1%,"63,845.73","24,241.09","40,380.09",0.219,36.8%,13.71,"3,856.9",108.8,0.357
1197,01/09/2023,2023,Sep,9,Q3,BERA,TENGAH,BERA KOMPLEKS,Luar Bandar,"8,600",11,"20,309","4,591","177,369","67,919","5,204","1,741",77.6%,0.932,"64,718",0.3769,"11,052","6,826",9,30,1,4.2,9,2.2,2.56,204,28,28.8,99.8,"74,864","102,505",57.8%,"79,544","22,961",68.7%,"69,773.25","24,392.21","42,270.21",0.238,39.4%,15.20,"3,416.8",122.9,0.365
1198,01/10/2023,2023,Oct,10,Q4,BERA,TENGAH,BERA KOMPLEKS,Luar Bandar,"8,600",11,"20,309","4,556","166,457","59,357","4,816","1,539",77.6%,0.932,"60,149",0.3656,"10,577","7,201",9,30,1,4.2,5,2.3,3.05,142,27.5,30.4,99.1,"65,712","100,745",60.5%,"78,178","22,567",62.4%,"61,243.58","21,990.47","39,768.47",0.239,35.1%,13.44,"3,358.2",104.4,0.361
1199,01/11/2023,2023,Nov,11,Q4,BERA,TENGAH,BERA KOMPLEKS,Luar Bandar,"8,600",11,"20,309","4,549","157,996","50,962","4,782","1,375",77.6%,0.932,"65,454",0.3777,"10,149","7,651",9,30,1,4.2,10,2.6,2.99,191,27.2,31.3,99.3,"57,119","100,877",63.8%,"78,281","22,596",61.2%,"53,234.91","24,721.98","42,521.98",0.269,20.1%,11.70,"3,362.6",93.7,0.414
1200,01/12/2023,2023,Dec,12,Q4,BERA,TENGAH,BERA KOMPLEKS,Luar Bandar,"8,600",11,"20,309","4,903","164,365","59,358","5,789","1,653",77.6%,0.932,"66,739",0.3679,"8,764","6,621",9,30,1,4.2,8,2.5,1.8,428,26.1,40.9,99.7,"66,800","97,565",59.4%,"75,710","21,855",61.7%,"62,257.60","24,553.28","39,938.28",0.243,35.8%,12.70,"3,252.2",106.1,0.406
1201,01/01/2024,2024,Jan,1,Q1,BERA,TENGAH,BERA KOMPLEKS,Luar Bandar,"8,600",12,"20,783","4,765","173,311","65,010","6,006","1,885",77.6%,0.932,"65,646",0.3874,"9,620","5,924",9,30,1,5.2,11,4.2,2.24,162,27.6,24.4,99.9,"72,901","100,410",57.9%,"77,918","22,492",65.0%,"67,943.73","25,431.26","40,975.26",0.236,39.7%,14.26,"3,347.0",113.2,0.379
1202,01/02/2024,2024,Feb,2,Q1,BERA,TENGAH,BERA KOMPLEKS,Luar Bandar,"8,600",12,"20,783","5,127","151,153","54,098","4,426","1,424",77.6%,0.932,"61,321",0.3837,"8,289","7,574",9,30,1,5.2,9,3.5,2.52,145,27.7,27.3,97,"59,948","91,205",60.3%,"70,775","20,430",60.6%,"55,871.54","23,528.87","39,391.87",0.261,29.5%,10.90,"3,040.2",99.5,0.406
1203,01/03/2024,2024,Mar,3,Q1,BERA,TENGAH,BERA KOMPLEKS,Luar Bandar,"8,600",12,"20,783","5,178","169,201","55,089","4,967","1,426",77.6%,0.932,"63,550",0.3792,"10,645","6,168",9,30,1,5.2,7,2.1,1.57,84,27.6,25.1,100,"61,482","107,719",63.7%,"83,590","24,129",63.5%,"57,301.22","24,098.16","40,911.16",0.242,28.6%,11.07,"3,590.6",95.4,0.376
1204,01/04/2024,2024,Apr,4,Q2,BERA,TENGAH,BERA KOMPLEKS,Luar Bandar,"8,600",12,"20,783","5,156","181,282","68,318","6,637","1,718",77.6%,0.932,"70,714",0.3837,"10,410","5,532",9,30,1,5.2,6,4.4,2.34,110,28.9,20.3,99.2,"76,673","104,609",57.7%,"81,177","23,432",70.3%,"71,459.24","27,132.96","43,074.96",0.238,39.7%,13.86,"3,487.0",123.0,0.390
1205,01/05/2024,2024,May,5,Q2,BERA,TENGAH,BERA KOMPLEKS,Luar Bandar,"8,600",12,"20,783","4,777","180,957","65,714","6,244","1,977",77.6%,0.932,"70,064",0.3896,"9,415","10,085",9,30,2,5.2,10,8.3,2.58,200,28.8,27.2,97.8,"73,935","107,022",59.1%,"83,049","23,973",67.9%,"68,907.42","27,296.93","46,796.93",0.259,32.1%,14.42,"3,567.4",114.8,0.387
1206,01/06/2024,2024,Jun,6,Q2,BERA,TENGAH,BERA KOMPLEKS,Luar Bandar,"8,600",12,"20,783","5,032","174,241","60,033","5,190","1,671",77.6%,0.932,"64,538",0.3779,"10,751","11,099",9,30,2,5.2,12,3.8,1.52,74,28.1,22.7,99.2,"66,894","107,347",61.6%,"83,301","24,046",67.5%,"62,345.21","24,388.91","46,238.91",0.265,25.8%,12.39,"3,578.2",107.3,0.370
1207,01/07/2024,2024,Jul,7,Q3,BERA,TENGAH,BERA KOMPLEKS,Luar Bandar,"8,600",12,"20,783","5,147","196,624","68,382","5,831","2,402",77.6%,0.932,"79,987",0.3823,"11,217","5,366",9,30,1,5.2,9,3.6,2.19,105,27.6,26.9,98.4,"76,615","120,009",61.0%,"93,127","26,882",73.8%,"71,405.18","30,579.03","47,162.03",0.240,34.0%,13.87,"4,000.3",118.9,0.407
1208,01/08/2024,2024,Aug,8,Q3,BERA,TENGAH,BERA KOMPLEKS,Luar Bandar,"8,600",12,"20,783","5,157","188,748","73,809","6,607","2,587",77.6%,0.932,"67,360",0.3937,"10,166","6,994",9,30,1,5.2,10,2.5,2.36,112,27.8,20.5,99,"83,003","105,745",56.0%,"82,058","23,687",70.8%,"77,358.80","26,519.63","43,679.63",0.231,43.5%,15.00,"3,524.8",128.8,0.357
1209,01/09/2024,2024,Sep,9,Q3,BERA,TENGAH,BERA KOMPLEKS,Luar Bandar,"8,600",12,"20,783","4,924","169,912","69,799","5,736","2,242",77.6%,0.932,"68,527",0.3797,"10,845","11,525",9,30,2,5.2,7,9,,98,27.5,18.5,97.3,"77,777","92,135",54.2%,"71,497","20,638",65.9%,"72,488.16","26,019.70","48,389.70",0.285,33.2%,14.72,"3,071.2",124.7,0.403
1210,01/10/2024,2024,Oct,10,Q4,BERA,TENGAH,BERA KOMPLEKS,Luar Bandar,"8,600",12,"20,783","5,120","171,765","69,766","6,835","2,035",77.6%,0.932,"64,274",0.3799,"10,380","6,990",9,30,1,5.2,5,2.9,1.96,306,27.4,21.7,99.7,"78,636","93,129",54.2%,"72,268","20,861",64.4%,"73,288.75","24,417.69","41,787.69",0.243,43.0%,14.31,"3,104.3",122.1,0.374
1211,01/11/2024,2024,Nov,11,Q4,BERA,TENGAH,BERA KOMPLEKS,Luar Bandar,"8,600",12,"20,783","4,825","163,262","55,697","4,855","1,756",77.6%,0.932,"61,474",0.3800,"11,284","6,014",9,30,1,5.2,6,2.6,2.76,253,26.7,32.9,98.3,"62,308","100,954",61.8%,"78,340","22,614",63.3%,"58,071.06","23,360.12","40,658.12",0.249,30.0%,12.04,"3,365.1",99.9,0.377
1212,01/12/2024,2024,Dec,12,Q4,BERA,TENGAH,BERA KOMPLEKS,Luar Bandar,"8,600",12,"20,783","4,956","161,690","54,002","4,794","1,704",77.6%,0.932,"67,319",0.3868,"10,402","10,382",9,30,2,5.2,11,8.1,1.82,341,27.3,37.8,99.1,"60,500","101,190",62.6%,"78,523","22,667",60.6%,"56,386.00","26,038.99","46,822.99",0.290,17.0%,11.38,"3,373.0",93.9,0.416
1213,01/01/2025,2025,Jan,1,Q1,BERA,TENGAH,BERA KOMPLEKS,Luar Bandar,"8,600",13,"21,246","4,840","178,358","65,489","5,845","1,618",77.6%,0.932,"66,036",0.3952,"11,574","6,642",9,30,1,6.2,7,3.3,1.63,110,26.5,16.9,97.6,"72,952","105,406",59.1%,"81,795","23,611",66.9%,"67,991.26","26,097.43","44,313.43",0.248,34.8%,14.05,"3,513.5",110.8,0.370
1214,01/02/2025,2025,Feb,2,Q1,BERA,TENGAH,BERA KOMPLEKS,Luar Bandar,"8,600",13,"21,246","5,284","163,968","55,624","4,987","1,837",77.6%,0.932,"68,286",0.3937,"8,757","7,001",9,30,1,6.2,7,2.3,2.65,145,26.9,25.1,97.8,"62,448","101,520",61.9%,"78,780","22,740",68.1%,"58,201.54","26,884.20","42,642.20",0.260,26.7%,11.01,"3,384.0",105.0,0.416
1215,01/03/2025,2025,Mar,3,Q1,BERA,TENGAH,BERA KOMPLEKS,Luar Bandar,"8,600",13,"21,246","5,299","188,003","74,710","7,231","2,631",77.6%,0.932,"77,694",0.3905,"12,303","8,365",9,30,1,6.2,8,3.9,2.06,192,27.7,27.5,98.7,"84,572","103,431",55.0%,"80,262","23,169",70.5%,"78,821.10","30,339.51","51,007.51",0.271,35.3%,14.87,"3,447.7",128.4,0.413
1216,01/04/2025,2025,Apr,4,Q2,BERA,TENGAH,BERA KOMPLEKS,Luar Bandar,"8,600",13,"21,246","4,811","190,241","72,818","6,543","1,806",77.6%,0.932,"77,394",0.4004,"11,750","5,743",9,30,1,6.2,5,2.7,2.64,221,28.1,30.7,96.5,"81,167","109,074",57.3%,"84,641","24,433",73.7%,"75,647.64","30,988.56","48,481.56",0.255,35.9%,15.72,"3,635.8",127.3,0.407
1217,01/05/2025,2025,May,5,Q2,BERA,TENGAH,BERA KOMPLEKS,Luar Bandar,"8,600",13,"21,246","5,357","198,534","74,607","6,616","2,608",77.6%,0.932,"74,202",0.3989,"13,212","7,874",9,30,1,6.2,9,4.1,1.54,190,29,31.7,98.4,"83,831","114,703",57.8%,"89,010","25,693",74.5%,"78,130.49","29,599.18","50,685.18",0.255,35.1%,14.58,"3,823.4",127.3,0.374
1218,01/06/2025,2025,Jun,6,Q2,BERA,TENGAH,BERA KOMPLEKS,Luar Bandar,"8,600",13,"21,246","4,866","178,090","69,938","5,383","2,104",77.6%,0.932,"68,431",0.3911,"9,916","10,408",9,30,2,6.2,7,9,2.33,102,27.6,13.9,98.6,"77,425","100,665",56.5%,"78,116","22,549",69.0%,"72,160.10","26,763.36","47,087.36",0.264,34.7%,14.83,"3,355.5",121.5,0.384
1219,01/07/2025,2025,Jul,7,Q3,BERA,TENGAH,BERA KOMPLEKS,Luar Bandar,"8,600",13,"21,246","5,202","181,719","70,637","6,312","2,200",77.6%,0.932,"65,551",0.4077,"11,909","8,177",9,30,1,6.2,11,3.4,3.02,115,27.7,13.4,98.8,"79,149","102,570",56.4%,"79,594","22,976",68.2%,"73,766.87","26,725.14","46,811.14",0.258,36.5%,14.18,"3,419.0",120.2,0.361
1220,01/08/2025,2025,Aug,8,Q3,BERA,TENGAH,BERA KOMPLEKS,Luar Bandar,"8,600",13,"21,246","4,940","185,188","77,585","7,126","2,403",77.6%,0.932,"70,830",0.4086,"12,293","7,891",9,30,2,6.2,13,4.8,2.76,107,27.9,27.8,97.8,"87,114","98,074",53.0%,"76,105","21,969",69.5%,"81,190.25","28,941.14","49,125.14",0.265,39.5%,16.44,"3,269.1",132.3,0.382
1221,01/09/2025,2025,Sep,9,Q3,BERA,TENGAH,BERA KOMPLEKS,Luar Bandar,"8,600",13,"21,246","5,229","182,954","60,910","4,831","1,856",77.6%,0.932,"73,623",0.4035,"11,218","8,364",9,30,1,6.2,8,4.3,3.05,138,27.6,25.2,96.5,"67,597","115,357",63.1%,"89,517","25,840",70.9%,"63,000.40","29,706.88","49,288.88",0.269,21.8%,12.05,"3,845.2",106.1,0.402
1222,01/10/2025,2025,Oct,10,Q4,BERA,TENGAH,BERA KOMPLEKS,Luar Bandar,"8,600",13,"21,246","5,152","181,565","66,898","5,389","1,846",77.6%,0.932,"64,893",0.3972,"10,046","7,533",9,30,2,6.2,8,9.5,2.47,224,27.5,23,97.8,"74,133","107,432",59.2%,"83,367","24,065",68.1%,"69,091.96","25,775.50","43,354.50",0.239,37.3%,13.41,"3,581.1",112.6,0.357
1223,01/11/2025,2025,Nov,11,Q4,BERA,TENGAH,BERA KOMPLEKS,Luar Bandar,"8,600",13,"21,246","5,032","166,705","56,546","4,371","1,504",77.6%,0.932,"62,020",0.4000,"9,070","9,795",9,30,2,6.2,9,8,2.48,412,27.4,35.4,99.7,"62,421","104,284",62.6%,"80,924","23,360",64.6%,"58,176.37","24,808.00","43,673.00",0.262,24.9%,11.56,"3,476.1",97.9,0.372
1224,01/12/2025,2025,Dec,12,Q4,BERA,TENGAH,BERA KOMPLEKS,Luar Bandar,"8,600",13,"21,246","5,330","178,876","66,369","5,940","2,200",77.6%,0.932,"71,635",0.4013,"10,450","6,080",9,30,1,6.2,5,3.7,2.25,300,27.3,41.8,98.8,"74,509","104,367",58.3%,"80,989","23,378",67.1%,"69,442.39","28,747.13","45,277.13",0.253,34.8%,13.03,"3,478.9",113.1,0.400
1225,01/01/2023,2023,Jan,1,Q1,BERA,TENGAH,SG BERA (TEMBANGAU),Pinggir Bandar,"12,200",27,"35,177","8,353","281,927","138,253","20,211","8,495",68.2%,1.145,"126,382",0.3773,"18,082","10,827",10,35,2,10.1,14,5.5,2.35,164,26.8,20.3,98.6,"166,959","114,968",40.8%,"78,408","36,560",74.5%,"191,168.06","47,683.93","76,592.93",0.272,59.9%,22.89,"3,284.8",153.1,0.448
1226,01/02/2023,2023,Feb,2,Q1,BERA,TENGAH,SG BERA (TEMBANGAU),Pinggir Bandar,"12,200",27,"35,177","8,388","270,215","132,837","19,470","11,278",68.2%,1.145,"140,316",0.3730,"18,223","7,640",10,35,1,10.1,8,4.9,2.22,122,27.9,19.2,99,"163,585","106,630",39.5%,"72,722","33,908",79.1%,"187,304.83","52,337.87","78,200.87",0.289,58.2%,22.33,"3,046.6",166.1,0.519
1227,01/03/2023,2023,Mar,3,Q1,BERA,TENGAH,SG BERA (TEMBANGAU),Pinggir Bandar,"12,200",27,"35,177","8,629","314,630","165,640","24,664","14,432",68.2%,1.145,"142,530",0.3848,"18,598","6,298",10,35,1,10.1,8,3.9,2.54,141,28.1,30.1,99.8,"204,736","109,894",34.9%,"74,948","34,946",83.2%,"234,422.72","54,845.54","79,741.54",0.253,66.0%,27.17,"3,139.8",187.7,0.453
1228,01/04/2023,2023,Apr,4,Q2,BERA,TENGAH,SG BERA (TEMBANGAU),Pinggir Bandar,"12,200",27,"35,177","8,028","294,571","149,112","25,683","9,413",68.2%,1.145,"139,607",0.3708,"17,238","9,722",10,35,2,10.1,11,3.8,2.79,126,28,25.6,98.4,"184,208","110,363",37.5%,"75,268","35,095",80.5%,"210,918.16","51,766.28","78,726.28",0.267,62.7%,26.27,"3,153.2",174.6,0.474
1229,01/05/2023,2023,May,5,Q2,BERA,TENGAH,SG BERA (TEMBANGAU),Pinggir Bandar,"12,200",27,"35,177","8,352","307,462","155,239","26,419","12,170",68.2%,1.145,"157,255",0.3767,"18,335","10,815",10,35,2,10.1,16,4,2.14,150,28,29.5,97.4,"193,828","113,634",37.0%,"77,498","36,136",81.3%,"221,933.06","59,237.96","88,387.96",0.287,60.2%,26.57,"3,246.7",177.7,0.511
1230,01/06/2023,2023,Jun,6,Q2,BERA,TENGAH,SG BERA (TEMBANGAU),Pinggir Bandar,"12,200",27,"35,177","8,615","303,368","152,282","25,978","12,159",68.2%,1.145,"148,044",0.3801,"17,277","9,008",10,35,2,10.1,9,7.6,2.52,97,27.4,24.4,97.2,"190,419","112,949",37.2%,"77,031","35,918",82.9%,"218,029.76","56,271.52","82,556.52",0.272,62.1%,25.31,"3,227.1",180.4,0.488
1231,01/07/2023,2023,Jul,7,Q3,BERA,TENGAH,SG BERA (TEMBANGAU),Pinggir Bandar,"12,200",27,"35,177","8,589","299,011","155,179","21,263","11,469",68.2%,1.145,"145,458",0.3828,"16,428","7,831",10,35,2,10.1,10,4.1,2.04,140,27.3,16.7,97,"187,911","111,100",37.2%,"75,770","35,330",79.1%,"215,158.10","55,681.32","79,940.32",0.267,62.8%,25.05,"3,174.3",172.3,0.486
1232,01/08/2023,2023,Aug,8,Q3,BERA,TENGAH,SG BERA (TEMBANGAU),Pinggir Bandar,"12,200",27,"35,177","7,959","293,308","147,747","24,520","9,206",68.2%,1.145,"151,531",0.3716,"17,966","11,730",10,35,2,10.1,14,8,2,119,28.1,27.6,97,"181,473","111,835",38.1%,"76,271","35,564",77.6%,"207,786.59","56,308.92","86,004.92",0.293,58.6%,26.11,"3,195.3",166.4,0.517
1233,01/09/2023,2023,Sep,9,Q3,BERA,TENGAH,SG BERA (TEMBANGAU),Pinggir Bandar,"12,200",27,"35,177","8,050","298,060","157,042","23,263","10,008",68.2%,1.145,"141,410",0.3735,"20,406","8,758",10,35,1,10.1,16,3,2.58,184,28,25.5,98.4,"190,313","107,747",36.1%,"73,483","34,264",81.4%,"217,908.39","52,816.64","81,980.64",0.275,62.4%,27.07,"3,078.5",180.3,0.474
1234,01/10/2023,2023,Oct,10,Q4,BERA,TENGAH,SG BERA (TEMBANGAU),Pinggir Bandar,"12,200",27,"35,177","8,235","302,490","147,685","22,163","10,204",68.2%,1.145,"156,998",0.3789,"15,639","11,568",10,35,2,10.1,16,7.1,2,194,27.6,21.2,98,"180,052","122,438",40.5%,"83,503","38,935",80.0%,"206,159.54","59,486.54","86,693.54",0.287,57.9%,25.03,"3,498.2",165.1,0.519
1235,01/11/2023,2023,Nov,11,Q4,BERA,TENGAH,SG BERA (TEMBANGAU),Pinggir Bandar,"12,200",27,"35,177","8,449","267,746","130,399","22,191","9,444",68.2%,1.145,"128,179",0.3671,"18,165","11,916",10,35,2,10.1,16,9.4,2.55,283,27.3,19.6,98.1,"162,034","105,712",39.5%,"72,096","33,616",73.2%,"185,528.93","47,054.51","77,135.51",0.288,58.4%,21.96,"3,020.3",153.5,0.479
1236,01/12/2023,2023,Dec,12,Q4,BERA,TENGAH,SG BERA (TEMBANGAU),Pinggir Bandar,"12,200",27,"35,177","8,437","288,768","137,772","22,598","9,490",68.2%,1.145,"142,596",0.3770,"17,518","8,555",10,35,1,10.1,11,2.8,3.01,212,26,19.6,96.7,"169,860","118,908",41.2%,"81,095","37,813",76.4%,"194,489.70","53,758.69","79,831.69",0.276,59.0%,23.05,"3,397.4",155.8,0.494
1237,01/01/2024,2024,Jan,1,Q1,BERA,TENGAH,SG BERA (TEMBANGAU),Pinggir Bandar,"12,200",28,"35,930","8,895","289,416","146,108","24,622","9,592",68.2%,1.145,"134,241",0.3877,"17,407","11,304",10,35,2,11.1,9,4.6,1.93,187,26.8,31.6,97,"180,322","109,094",37.7%,"74,402","34,692",76.5%,"206,468.69","52,045.24","80,756.24",0.279,60.9%,23.21,"3,117.0",161.9,0.464
1238,01/02/2024,2024,Feb,2,Q1,BERA,TENGAH,SG BERA (TEMBANGAU),Pinggir Bandar,"12,200",28,"35,930","8,834","256,914","131,441","22,514","8,049",68.2%,1.145,"121,400",0.3965,"13,577","11,708",10,35,2,11.1,13,5.8,2.82,111,27.6,24.6,98.2,"162,004","94,910",36.9%,"64,729","30,181",72.6%,"185,494.58","48,135.10","73,420.10",0.286,60.4%,21.00,"2,711.7",155.5,0.473
1239,01/03/2024,2024,Mar,3,Q1,BERA,TENGAH,SG BERA (TEMBANGAU),Pinggir Bandar,"12,200",28,"35,930","8,826","302,533","149,076","24,071","12,082",68.2%,1.145,"156,285",0.3775,"19,995","7,846",10,35,1,11.1,9,3.1,3.02,160,28.6,22.1,99.8,"185,229","117,304",38.8%,"80,001","37,303",80.0%,"212,087.21","58,997.59","86,838.59",0.287,59.1%,24.03,"3,351.5",166.3,0.517
1240,01/04/2024,2024,Apr,4,Q2,BERA,TENGAH,SG BERA (TEMBANGAU),Pinggir Bandar,"12,200",28,"35,930","8,921","322,643","167,400","28,647","13,459",68.2%,1.145,"162,772",0.3954,"20,571","7,514",10,35,1,11.1,6,4.1,2.98,188,28.1,29.6,97.2,"209,506","113,137",35.1%,"77,159","35,978",88.2%,"239,884.37","64,360.05","92,445.05",0.287,61.5%,26.89,"3,232.5",194.4,0.504
1241,01/05/2024,2024,May,5,Q2,BERA,TENGAH,SG BERA (TEMBANGAU),Pinggir Bandar,"12,200",28,"35,930","9,042","337,233","175,655","26,792","11,601",68.2%,1.145,"156,621",0.3861,"22,018","9,030",10,35,1,11.1,11,3.1,3.07,163,28.3,30.5,100,"214,048","123,185",36.5%,"84,012","39,173",89.2%,"245,084.96","60,471.37","91,519.37",0.271,62.7%,27.11,"3,519.6",192.2,0.464
1242,01/06/2024,2024,Jun,6,Q2,BERA,TENGAH,SG BERA (TEMBANGAU),Pinggir Bandar,"12,200",28,"35,930","8,666","301,826","158,954","25,988","13,358",68.2%,1.145,"155,695",0.3855,"16,448","6,208",10,35,1,11.1,13,4.9,2.13,156,28.1,27.1,99.1,"198,300","103,526",34.3%,"70,605","32,921",82.5%,"227,053.50","60,020.42","82,676.42",0.274,63.6%,26.20,"2,957.9",184.0,0.516
1243,01/07/2024,2024,Jul,7,Q3,BERA,TENGAH,SG BERA (TEMBANGAU),Pinggir Bandar,"12,200",28,"35,930","8,532","307,713","151,400","22,625","12,837",68.2%,1.145,"147,028",0.3906,"20,434","8,983",10,35,1,11.1,14,4.6,2.52,103,28.3,,99.3,"186,862","120,851",39.3%,"82,420","38,431",81.4%,"213,956.99","57,429.14","86,846.14",0.282,59.4%,25.08,"3,452.9",167.8,0.478
1244,01/08/2024,2024,Aug,8,Q3,BERA,TENGAH,SG BERA (TEMBANGAU),Pinggir Bandar,"12,200",28,"35,930","8,914","318,636","169,785","29,565","12,100",68.2%,1.145,"167,063",0.3947,"17,195","6,367",10,35,1,11.1,8,2.5,3.29,171,27.7,29.5,99.2,"211,450","107,186",33.6%,"73,101","34,085",84.3%,"242,110.25","65,939.77","89,501.77",0.281,63.0%,27.16,"3,062.5",189.8,0.524
1245,01/09/2024,2024,Sep,9,Q3,BERA,TENGAH,SG BERA (TEMBANGAU),Pinggir Bandar,"12,200",28,"35,930","8,548","302,230","146,416","24,921","12,577",68.2%,1.145,"141,794",0.3936,"16,589","7,702",10,35,2,11.1,14,7.3,2.75,174,28.2,23.3,99.3,"183,914","118,316",39.1%,"80,692","37,624",82.6%,"210,581.53","55,810.12","80,101.12",0.265,62.0%,24.64,"3,380.5",170.6,0.469
1246,01/10/2024,2024,Oct,10,Q4,BERA,TENGAH,SG BERA (TEMBANGAU),Pinggir Bandar,"12,200",28,"35,930","8,846","287,439","155,878","22,371","11,521",68.2%,1.145,"141,129",0.3871,"14,968","7,919",10,35,2,11.1,19,7.3,3.11,189,26.9,28.3,99.9,"189,770","97,669",34.0%,"66,610","31,059",76.0%,"217,286.65","54,631.04","77,518.04",0.270,64.3%,24.56,"2,790.5",170.4,0.491
1247,01/11/2024,2024,Nov,11,Q4,BERA,TENGAH,SG BERA (TEMBANGAU),Pinggir Bandar,"12,200",28,"35,930","8,391","289,256","147,674","25,903","12,819",68.2%,1.145,"143,580",0.3854,"16,080","12,596",10,35,2,11.1,18,3.9,2.96,198,27.2,25.6,97.7,"186,396","102,860",35.6%,"70,151","32,709",79.0%,"213,423.42","55,335.73","84,011.73",0.290,60.6%,25.43,"2,938.9",172.9,0.496
1248,01/12/2024,2024,Dec,12,Q4,BERA,TENGAH,SG BERA (TEMBANGAU),Pinggir Bandar,"12,200",28,"35,930","8,144","295,279","158,011","25,784","12,489",68.2%,1.145,"134,488",0.3805,"17,282","8,525",10,35,1,11.1,6,4.7,2.77,370,26,38.1,97.5,"196,284","98,995",33.5%,"67,515","31,480",78.1%,"224,745.18","51,172.68","76,979.68",0.261,65.7%,27.60,"2,828.4",176.2,0.455
1249,01/01/2025,2025,Jan,1,Q1,BERA,TENGAH,SG BERA (TEMBANGAU),Pinggir Bandar,"12,200",29,"36,860","8,608","310,967","164,018","26,718","14,563",68.2%,1.145,"156,874",0.4045,"19,319","8,936",10,35,1,12.1,12,4.8,3.09,192,26.4,37.6,99.8,"205,299","105,668",34.0%,"72,066","33,602",82.2%,"235,067.36","63,455.53","91,710.53",0.295,61.0%,27.31,"3,019.1",179.7,0.504
1250,01/02/2025,2025,Feb,2,Q1,BERA,TENGAH,SG BERA (TEMBANGAU),Pinggir Bandar,"12,200",29,"36,860","9,301","266,400","136,604","23,716","8,947",68.2%,1.145,"127,677",0.3953,"13,838","6,169",10,35,1,12.1,10,3.8,3.06,80,27.6,20.2,96.7,"169,267","97,133",36.5%,"66,245","30,888",78.0%,"193,810.72","50,470.72","70,477.72",0.265,63.6%,20.84,"2,775.2",164.0,0.479
1251,01/03/2025,2025,Mar,3,Q1,BERA,TENGAH,SG BERA (TEMBANGAU),Pinggir Bandar,"12,200",29,"36,860","8,798","326,609","168,751","30,533","14,669",68.2%,1.145,"158,769",0.3954,"21,825","8,893",10,35,1,12.1,13,1.9,2.61,190,28.7,28.3,98.2,"213,953","112,656",34.5%,"76,831","35,825",86.4%,"244,976.19","62,777.26","93,495.26",0.286,61.8%,27.84,"3,218.7",187.2,0.486
1252,01/04/2025,2025,Apr,4,Q2,BERA,TENGAH,SG BERA (TEMBANGAU),Pinggir Bandar,"12,200",29,"36,860","8,694","328,920","175,249","29,228","11,986",68.2%,1.145,"150,916",0.3982,"17,094","8,679",10,35,1,12.1,17,3.7,2.04,107,28.3,24.9,99.8,"216,463","112,457",34.2%,"76,696","35,761",89.9%,"247,850.14","60,094.75","85,867.75",0.261,65.4%,28.51,"3,213.1",195.8,0.459
1253,01/05/2025,2025,May,5,Q2,BERA,TENGAH,SG BERA (TEMBANGAU),Pinggir Bandar,"12,200",29,"36,860","8,324","332,562","171,133","25,364","13,982",68.2%,1.145,"174,401",0.4013,"21,395","7,617",10,35,1,12.1,17,2.4,2.72,199,28.6,29.2,96.5,"210,479","122,083",36.7%,"83,261","38,822",87.9%,"240,998.46","69,987.12","98,999.12",0.298,58.9%,28.95,"3,488.1",184.2,0.524
1254,01/06/2025,2025,Jun,6,Q2,BERA,TENGAH,SG BERA (TEMBANGAU),Pinggir Bandar,"12,200",29,"36,860","8,927","330,375","162,410","27,013","14,290",68.2%,1.145,"159,828",0.3927,"17,187","9,076",10,35,1,12.1,18,4,1.76,125,27.9,20.5,96.7,"203,713","126,662",38.3%,"86,383","40,279",90.3%,"233,251.39","62,764.46","89,027.46",0.269,61.8%,26.13,"3,618.9",184.2,0.484
1255,01/07/2025,2025,Jul,7,Q3,BERA,TENGAH,SG BERA (TEMBANGAU),Pinggir Bandar,"12,200",29,"36,860","8,753","313,363","166,247","29,112","10,326",68.2%,1.145,"163,853",0.4004,"17,534","6,425",10,35,1,12.1,10,2.4,1.99,73,27.6,17.7,97.5,"205,685","107,678",34.4%,"73,436","34,242",82.9%,"235,509.33","65,606.74","89,565.74",0.286,62.0%,26.91,"3,076.5",180.0,0.523
1256,01/08/2025,2025,Aug,8,Q3,BERA,TENGAH,SG BERA (TEMBANGAU),Pinggir Bandar,"12,200",29,"36,860","8,758","326,199","165,036","26,546","13,220",68.2%,1.145,"151,160",0.4086,"19,597","7,965",10,35,1,12.1,13,3.1,1.74,94,27.5,22.7,96.7,"204,802","121,397",37.2%,"82,793","38,604",86.3%,"234,498.29","61,763.98","89,325.98",0.274,61.9%,26.78,"3,468.5",179.2,0.463
1257,01/09/2025,2025,Sep,9,Q3,BERA,TENGAH,SG BERA (TEMBANGAU),Pinggir Bandar,"12,200",29,"36,860","8,744","292,064","145,947","25,178","10,497",68.2%,1.145,"140,047",0.4065,"15,431","8,117",10,35,2,12.1,18,6.4,2.46,165,27.6,24.1,97.9,"181,622","110,442",37.8%,"75,321","35,121",79.8%,"207,957.19","56,929.11","80,477.11",0.276,61.3%,23.78,"3,155.5",164.2,0.480
1258,01/10/2025,2025,Oct,10,Q4,BERA,TENGAH,SG BERA (TEMBANGAU),Pinggir Bandar,"12,200",29,"36,860","8,617","323,707","178,561","28,603","11,119",68.2%,1.145,"166,414",0.4048,"18,464","10,607",10,35,2,12.1,9,9.4,3.06,243,27.5,,98.5,"218,283","105,424",32.6%,"71,899","33,525",85.6%,"249,934.04","67,364.39","96,435.39",0.298,61.4%,29.00,"3,012.1",191.0,0.514
1259,01/11/2025,2025,Nov,11,Q4,BERA,TENGAH,SG BERA (TEMBANGAU),Pinggir Bandar,"12,200",29,"36,860","8,397","295,876","160,158","26,277","11,827",68.2%,1.145,"142,259",0.3944,"15,403","8,110",10,35,2,12.1,16,3.8,3.23,288,27,38.4,96.8,"198,262","97,614",33.0%,"66,573","31,041",80.8%,"227,009.99","56,106.95","79,619.95",0.269,64.9%,27.03,"2,789.0",179.3,0.481
1260,01/12/2025,2025,Dec,12,Q4,BERA,TENGAH,SG BERA (TEMBANGAU),Pinggir Bandar,"12,200",29,"36,860","8,999","284,850","153,648","21,547","10,126",68.2%,1.145,"145,976",0.3991,"15,368","8,349",10,35,1,12.1,8,2.6,1.96,370,26.8,32.3,98.5,"185,321","99,529",34.9%,"67,879","31,650",75.3%,"212,192.55","58,259.02","81,976.02",0.288,61.4%,23.58,"2,843.7",162.2,0.512
1261,01/01/2023,2023,Jan,1,Q1,BERA,TENGAH,SG BERA (KEPAYANG),Luar Bandar,"9,600",28,"22,560","5,123","183,047","63,254","6,230","2,465",78.3%,0.952,"95,817",0.3849,"15,652","7,206",7,28,2,5.7,9,5.1,2.19,139,27.5,17.5,97.8,"71,949","111,098",60.7%,"86,990","24,108",61.5%,"68,495.45","36,879.96","59,737.96",0.326,12.8%,13.37,"3,967.8",102.9,0.523
1262,01/02/2023,2023,Feb,2,Q1,BERA,TENGAH,SG BERA (KEPAYANG),Luar Bandar,"9,600",28,"22,560","5,440","164,094","53,164","6,414","1,822",78.3%,0.952,"78,354",0.3823,"11,927","7,498",7,28,1,5.7,5,2.6,2.73,143,26.5,25,98.9,"61,400","102,694",62.6%,"80,409","22,285",61.0%,"58,452.80","29,954.73","49,379.73",0.301,15.5%,10.75,"3,667.6",97.2,0.477
1263,01/03/2023,2023,Mar,3,Q1,BERA,TENGAH,SG BERA (KEPAYANG),Luar Bandar,"9,600",28,"22,560","5,270","202,726","69,325","6,906","2,351",78.3%,0.952,"97,531",0.3759,"13,927","7,938",7,28,1,5.7,8,3.2,1.86,127,28.1,26,99.4,"78,582","124,144",61.2%,"97,205","26,939",68.1%,"74,810.06","36,661.90","58,526.90",0.289,21.8%,14.20,"4,433.7",112.4,0.481
1264,01/04/2023,2023,Apr,4,Q2,BERA,TENGAH,SG BERA (KEPAYANG),Luar Bandar,"9,600",28,"22,560","5,515","198,505","72,881","7,356","2,523",78.3%,0.952,"101,866",0.3744,"13,463","8,739",7,28,2,5.7,13,8,1.79,188,27.6,30.9,97.6,"82,760","115,745",58.3%,"90,628","25,117",68.9%,"78,787.52","38,138.63","60,340.63",0.304,23.4%,14.29,"4,133.8",122.3,0.513
1265,01/05/2023,2023,May,5,Q2,BERA,TENGAH,SG BERA (KEPAYANG),Luar Bandar,"9,600",28,"22,560","5,675","198,209","67,244","6,462","2,602",78.3%,0.952,"89,179",0.3775,"14,225","5,626",7,28,1,5.7,7,4,2.12,198,28.3,29.5,97.2,"76,308","121,901",61.5%,"95,448","26,453",66.6%,"72,645.22","33,665.07","53,516.07",0.270,26.3%,12.80,"4,353.6",109.1,0.450
1266,01/06/2023,2023,Jun,6,Q2,BERA,TENGAH,SG BERA (KEPAYANG),Luar Bandar,"9,600",28,"22,560","5,332","200,010","77,408","8,736","2,498",78.3%,0.952,"100,248",0.3756,"15,040","6,452",7,28,1,5.7,7,4.4,2.1,81,27.7,16.7,96.9,"88,642","111,368",55.7%,"87,201","24,167",69.4%,"84,387.18","37,653.15","59,145.15",0.296,29.9%,15.83,"3,977.4",131.0,0.501
1267,01/07/2023,2023,Jul,7,Q3,BERA,TENGAH,SG BERA (KEPAYANG),Luar Bandar,"9,600",28,"22,560","5,289","198,541","70,104","6,536","2,203",78.3%,0.952,"94,521",0.3808,"14,021","7,299",7,28,1,5.7,6,2.7,2.16,92,27.5,15.9,98.4,"78,843","119,698",60.3%,"93,724","25,974",66.7%,"75,058.54","35,993.60","57,313.60",0.289,23.6%,14.19,"4,274.9",112.7,0.476
1268,01/08/2023,2023,Aug,8,Q3,BERA,TENGAH,SG BERA (KEPAYANG),Luar Bandar,"9,600",28,"22,560","5,463","209,001","71,743","6,846","2,276",78.3%,0.952,"109,545",0.3840,"18,081","7,650",7,28,2,5.7,7,7.6,2.27,81,27.9,,97,"80,865","128,136",61.3%,"100,330","27,806",70.2%,"76,983.48","42,065.28","67,796.28",0.324,11.9%,14.09,"4,576.3",115.6,0.524
1269,01/09/2023,2023,Sep,9,Q3,BERA,TENGAH,SG BERA (KEPAYANG),Luar Bandar,"9,600",28,"22,560","5,332","181,226","67,411","7,702","2,082",78.3%,0.952,"82,482",0.3695,"13,340","8,735",7,28,2,5.7,11,4.3,2.35,179,26.7,32.4,97.5,"77,195","104,031",57.4%,"81,456","22,575",62.9%,"73,489.64","30,477.10","52,552.10",0.290,28.5%,13.78,"3,715.4",114.1,0.455
1270,01/10/2023,2023,Oct,10,Q4,BERA,TENGAH,SG BERA (KEPAYANG),Luar Bandar,"9,600",28,"22,560","5,149","193,394","71,733","8,446","3,023",78.3%,0.952,"100,502",0.3742,"15,296","6,373",7,28,1,5.7,8,4.4,,203,26.7,33.3,99.4,"83,202","110,192",57.0%,"86,280","23,912",65.0%,"79,208.30","37,607.85","59,276.85",0.307,25.2%,15.38,"3,935.4",119.0,0.520
1271,01/11/2023,2023,Nov,11,Q4,BERA,TENGAH,SG BERA (KEPAYANG),Luar Bandar,"9,600",28,"22,560","5,572","179,802","59,033","6,086","1,800",78.3%,0.952,"92,386",0.3693,"16,260","6,324",7,28,1,5.7,7,3.8,1.71,390,26.8,43.3,99.5,"66,919","112,883",62.8%,"88,387","24,496",62.4%,"63,706.89","34,118.15","56,702.15",0.315,11.0%,11.43,"4,031.5",98.9,0.514
1272,01/12/2023,2023,Dec,12,Q4,BERA,TENGAH,SG BERA (KEPAYANG),Luar Bandar,"9,600",28,"22,560","5,200","183,181","57,446","6,533","1,778",78.3%,0.952,"82,720",0.3823,"13,282","7,465",7,28,1,5.7,12,3.3,1.59,423,26.5,37.7,96.7,"65,757","117,424",64.1%,"91,943","25,481",61.6%,"62,600.66","31,623.86","52,370.86",0.286,16.3%,12.04,"4,193.7",94.0,0.452
1273,01/01/2024,2024,Jan,1,Q1,BERA,TENGAH,SG BERA (KEPAYANG),Luar Bandar,"9,600",29,"23,073","5,664","192,771","62,418","7,403","2,450",78.3%,0.952,"87,588",0.3845,"17,265","6,246",7,28,1,6.7,12,2.7,2.71,106,26.8,16.7,97,"72,271","120,500",62.5%,"94,352","26,149",64.8%,"68,801.99","33,677.59","57,188.59",0.297,16.9%,12.15,"4,303.6",101.0,0.454
1274,01/02/2024,2024,Feb,2,Q1,BERA,TENGAH,SG BERA (KEPAYANG),Luar Bandar,"9,600",29,"23,073","5,682","179,181","63,768","6,914","2,782",78.3%,0.952,"80,809",0.3826,"13,569","9,912",7,28,2,6.7,10,6.5,2.86,114,27.3,24,97.8,"73,464","105,717",59.0%,"82,776","22,941",64.4%,"69,937.73","30,917.52","54,398.52",0.304,22.2%,12.31,"3,775.6",109.8,0.451
1275,01/03/2024,2024,Mar,3,Q1,BERA,TENGAH,SG BERA (KEPAYANG),Luar Bandar,"9,600",29,"23,073","5,463","193,193","79,398","8,676","2,448",78.3%,0.952,"94,968",0.3841,"15,748","6,990",7,28,2,6.7,11,6.8,1.86,103,28.4,21.6,99,"90,522","102,671",53.1%,"80,391","22,280",64.9%,"86,176.94","36,477.21","59,215.21",0.307,31.3%,15.77,"3,666.8",126.6,0.492
1276,01/04/2024,2024,Apr,4,Q2,BERA,TENGAH,SG BERA (KEPAYANG),Luar Bandar,"9,600",29,"23,073","5,529","205,147","70,503","8,537","2,793",78.3%,0.952,"105,813",0.3905,"16,326","10,225",7,28,2,6.7,8,5.1,2.62,204,28.4,21.5,97.4,"81,833","123,314",60.1%,"96,555","26,759",71.2%,"77,905.02","41,319.98","67,870.98",0.331,12.9%,14.09,"4,404.1",118.2,0.516
1277,01/05/2024,2024,May,5,Q2,BERA,TENGAH,SG BERA (KEPAYANG),Luar Bandar,"9,600",29,"23,073","5,789","204,515","82,337","9,205","2,708",78.3%,0.952,"100,934",0.3910,"14,772","7,475",7,28,2,6.7,12,6.4,2.02,205,28.1,29.8,96.5,"94,250","110,265",53.9%,"86,337","23,928",68.7%,"89,726.00","39,465.19","61,712.19",0.302,31.2%,15.50,"3,938.0",131.8,0.494
1278,01/06/2024,2024,Jun,6,Q2,BERA,TENGAH,SG BERA (KEPAYANG),Luar Bandar,"9,600",29,"23,073","5,589","211,432","72,056","7,134","2,925",78.3%,0.952,"102,407",0.3921,"15,223","8,255",7,28,2,6.7,7,9.4,1.98,98,28.5,18.3,99.3,"82,115","129,317",61.2%,"101,255","28,062",73.4%,"78,173.48","40,153.78","63,631.78",0.301,18.6%,13.99,"4,618.5",118.6,0.484
1279,01/07/2024,2024,Jul,7,Q3,BERA,TENGAH,SG BERA (KEPAYANG),Luar Bandar,"9,600",29,"23,073","5,737","213,818","78,849","9,269","2,489",78.3%,0.952,"110,370",0.3955,"16,042","8,000",7,28,2,6.7,9,4.4,2.9,129,27.3,17.5,97,"90,607","123,211",57.6%,"96,474","26,737",71.8%,"86,257.86","43,651.34","67,693.34",0.317,21.5%,15.04,"4,400.4",126.7,0.516
1280,01/08/2024,2024,Aug,8,Q3,BERA,TENGAH,SG BERA (KEPAYANG),Luar Bandar,"9,600",29,"23,073","5,528","201,326","71,068","7,649","2,235",78.3%,0.952,"90,676",0.3806,"13,848","6,515",7,28,1,6.7,6,3,2.61,87,28.3,22,98.2,"80,952","120,374",59.8%,"94,253","26,121",67.6%,"77,066.30","34,511.29","54,874.29",0.273,28.8%,13.94,"4,299.1",113.2,0.450
1281,01/09/2024,2024,Sep,9,Q3,BERA,TENGAH,SG BERA (KEPAYANG),Luar Bandar,"9,600",29,"23,073","5,727","183,544","61,367","6,572","2,654",78.3%,0.952,"89,618",0.3932,"13,700","8,538",7,28,2,6.7,14,7.5,2.36,123,28.1,24.1,99,"70,593","112,951",61.5%,"88,441","24,510",63.7%,"67,204.54","35,237.80","57,475.80",0.313,14.5%,11.73,"4,034.0",102.0,0.488
1282,01/10/2024,2024,Oct,10,Q4,BERA,TENGAH,SG BERA (KEPAYANG),Luar Bandar,"9,600",29,"23,073","5,580","200,095","76,659","8,692","2,737",78.3%,0.952,"99,081",0.3868,"17,973","8,624",7,28,2,6.7,9,4.9,1.98,232,26.7,29.8,98.9,"88,088","112,007",56.0%,"87,701","24,306",67.2%,"83,859.78","38,324.53","64,921.53",0.324,22.6%,15.03,"4,000.3",123.2,0.495
1283,01/11/2024,2024,Nov,11,Q4,BERA,TENGAH,SG BERA (KEPAYANG),Luar Bandar,"9,600",29,"23,073","5,803","186,006","65,457","6,292","2,572",78.3%,0.952,"88,564",0.3879,"15,362","8,914",7,28,2,6.7,10,7.7,1.74,378,26.8,40.3,98.3,"74,321","111,685",60.0%,"87,449","24,236",64.6%,"70,753.59","34,353.98","58,629.98",0.315,17.1%,12.19,"3,988.8",107.4,0.476
1284,01/12/2024,2024,Dec,12,Q4,BERA,TENGAH,SG BERA (KEPAYANG),Luar Bandar,"9,600",29,"23,073","5,289","195,879","64,963","6,601","2,740",78.3%,0.952,"97,169",0.3823,"16,137","7,534",7,28,1,6.7,7,4.2,3.04,436,26.8,32.3,97.7,"74,304","121,575",62.1%,"95,193","26,382",65.8%,"70,737.41","37,147.71","60,818.71",0.310,14.0%,13.37,"4,342.0",103.9,0.496
1285,01/01/2025,2025,Jan,1,Q1,BERA,TENGAH,SG BERA (KEPAYANG),Luar Bandar,"9,600",30,"23,588","5,650","188,458","73,633","8,318","2,582",78.3%,0.952,"89,819",0.4017,"17,008","11,186",7,28,2,7.7,11,6.8,1.89,172,26.6,32.7,98.7,"84,533","103,925",55.1%,"81,373","22,552",63.3%,"80,475.42","36,080.29","64,274.29",0.341,20.1%,14.24,"3,711.6",115.6,0.477
1286,01/02/2025,2025,Feb,2,Q1,BERA,TENGAH,SG BERA (KEPAYANG),Luar Bandar,"9,600",30,"23,588","5,848","177,714","64,915","7,699","2,031",78.3%,0.952,"90,803",0.4068,"12,550","8,545",7,28,2,7.7,10,8,1.89,69,27.9,26,99.1,"74,645","103,069",58.0%,"80,703","22,366",66.1%,"71,062.04","36,938.66","58,033.66",0.327,18.3%,12.15,"3,681.0",113.0,0.511
1287,01/03/2025,2025,Mar,3,Q1,BERA,TENGAH,SG BERA (KEPAYANG),Luar Bandar,"9,600",30,"23,588","5,918","208,728","82,330","8,023","3,022",78.3%,0.952,"106,030",0.3947,"16,950","5,731",7,28,1,7.7,6,4.8,2.99,93,28.1,26.8,98.6,"93,375","115,353",55.3%,"90,321","25,032",70.1%,"88,893.00","41,850.04","64,531.04",0.309,27.4%,15.02,"4,119.8",127.7,0.508
1288,01/04/2025,2025,Apr,4,Q2,BERA,TENGAH,SG BERA (KEPAYANG),Luar Bandar,"9,600",30,"23,588","5,842","209,305","86,786","8,464","2,946",78.3%,0.952,"99,771",0.4049,"15,523","7,753",7,28,1,7.7,11,3.3,2.5,159,29,24.9,99.7,"98,196","111,109",53.1%,"86,998","24,111",72.7%,"93,482.59","40,397.28","63,673.28",0.304,31.9%,16.00,"3,968.2",138.8,0.477
1289,01/05/2025,2025,May,5,Q2,BERA,TENGAH,SG BERA (KEPAYANG),Luar Bandar,"9,600",30,"23,588","5,929","216,127","72,298","7,031","3,050",78.3%,0.952,"102,737",0.4030,"18,351","11,016",7,28,2,7.7,9,4.8,1.54,137,28.8,18.3,98,"82,379","133,748",61.9%,"104,725","29,023",72.6%,"78,424.81","41,403.01","70,770.01",0.327,9.8%,13.23,"4,776.7",112.7,0.475
1290,01/06/2025,2025,Jun,6,Q2,BERA,TENGAH,SG BERA (KEPAYANG),Luar Bandar,"9,600",30,"23,588","5,542","207,109","68,659","7,734","2,440",78.3%,0.952,"93,464",0.4001,"16,683","6,390",7,28,1,7.7,7,3,2.55,148,28.2,14.5,99.6,"78,833","128,276",61.9%,"100,440","27,836",71.9%,"75,049.02","37,394.95","60,467.95",0.292,19.4%,13.54,"4,581.3",111.4,0.451
1291,01/07/2025,2025,Jul,7,Q3,BERA,TENGAH,SG BERA (KEPAYANG),Luar Bandar,"9,600",30,"23,588","5,933","213,705","78,926","8,728","3,055",78.3%,0.952,"97,871",0.4014,"16,749","5,578",7,28,1,7.7,7,2.4,2.63,128,27.3,13.8,96.9,"90,709","122,996",57.6%,"96,306","26,690",71.8%,"86,354.97","39,285.42","61,612.42",0.288,28.7%,14.56,"4,392.7",124.1,0.458
1292,01/08/2025,2025,Aug,8,Q3,BERA,TENGAH,SG BERA (KEPAYANG),Luar Bandar,"9,600",30,"23,588","5,790","200,192","78,297","9,186","3,272",78.3%,0.952,"91,275",0.3969,"16,944","8,074",7,28,2,7.7,11,8.9,1.9,170,27.4,22.9,98.7,"90,755","109,437",54.7%,"85,689","23,748",67.3%,"86,398.76","36,227.05","61,245.05",0.306,29.1%,14.92,"3,908.5",124.1,0.456
1293,01/09/2025,2025,Sep,9,Q3,BERA,TENGAH,SG BERA (KEPAYANG),Luar Bandar,"9,600",30,"23,588","5,887","195,478","71,162","7,549","2,222",78.3%,0.952,"94,567",0.3954,"13,902","7,599",7,28,2,7.7,8,4.3,2.89,124,28.1,27.3,98,"80,933","114,545",58.6%,"89,689","24,856",67.9%,"77,048.22","37,391.79","58,892.79",0.301,23.6%,13.09,"4,090.9",114.4,0.484
1294,01/10/2025,2025,Oct,10,Q4,BERA,TENGAH,SG BERA (KEPAYANG),Luar Bandar,"9,600",30,"23,588","5,705","199,372","76,535","7,290","2,836",78.3%,0.952,"104,171",0.4075,"14,102","11,388",7,28,2,7.7,13,5,1.97,231,27.6,24.6,97.4,"86,661","112,711",56.5%,"88,253","24,458",67.0%,"82,501.27","42,449.68","67,939.68",0.341,17.7%,14.46,"4,025.4",118.5,0.522
1295,01/11/2025,2025,Nov,11,Q4,BERA,TENGAH,SG BERA (KEPAYANG),Luar Bandar,"9,600",30,"23,588","5,384","176,208","67,347","8,009","2,999",78.3%,0.952,"86,107",0.4063,"13,828","7,635",7,28,1,7.7,12,3.3,2.68,370,26.7,33.6,98.5,"78,355","97,853",55.5%,"76,619","21,234",61.2%,"74,593.96","34,985.27","56,448.27",0.320,24.3%,13.85,"3,494.8",110.7,0.489
1296,01/12/2025,2025,Dec,12,Q4,BERA,TENGAH,SG BERA (KEPAYANG),Luar Bandar,"9,600",30,"23,588","5,659","195,512","63,835","6,583","2,419",78.3%,0.952,"97,570",0.4040,"17,005","10,578",7,28,2,7.7,10,3.8,2.46,374,26.9,28.8,98,"72,837","122,675",62.7%,"96,055","26,620",65.7%,"69,340.82","39,418.28","67,001.28",0.343,3.4%,12.25,"4,381.3",99.6,0.499
1297,01/01/2023,2023,Jan,1,Q1,JERANTUT,TENGAH,BATU BALAI,Pinggir Bandar,"10,200",16,"23,328","5,862","189,191","106,165","15,201","5,535",73.8%,1.201,"79,462",0.3672,"13,599","4,968",9,28,1,6.2,7,3.1,2.96,183,26.1,28.6,99.2,"126,901","62,290",32.9%,"45,970","16,320",59.8%,"152,408.10","29,178.45","47,745.45",0.252,68.7%,26.00,"2,224.6",175.5,0.420
1298,01/02/2023,2023,Feb,2,Q1,JERANTUT,TENGAH,BATU BALAI,Pinggir Bandar,"10,200",16,"23,328","5,530","169,266","84,862","14,014","4,669",73.8%,1.201,"64,183",0.3794,"13,006","6,055",9,28,1,6.2,12,2.1,2.51,133,27.8,21.9,98.1,"103,545","65,721",38.8%,"48,502","17,219",59.3%,"124,357.55","24,351.03","43,412.03",0.256,65.1%,22.49,"2,347.2",158.5,0.379
1299,01/03/2023,2023,Mar,3,Q1,JERANTUT,TENGAH,BATU BALAI,Pinggir Bandar,"10,200",16,"23,328","5,241","194,597","100,409","16,613","4,655",73.8%,1.201,"75,107",0.3734,"13,465","5,849",9,28,1,6.2,8,3.9,1.77,142,28.2,23.1,96.8,"121,677","72,920",37.5%,"53,815","19,105",61.5%,"146,134.08","28,044.95","47,358.95",0.243,67.6%,27.88,"2,604.3",168.3,0.386
1300,01/04/2023,2023,Apr,4,Q2,JERANTUT,TENGAH,BATU BALAI,Pinggir Bandar,"10,200",16,"23,328","5,222","195,277","104,452","14,079","6,082",73.8%,1.201,"80,379",0.3815,"11,702","7,680",9,28,2,6.2,9,4,2.38,125,28.5,29.8,97.6,"124,613","70,664",36.2%,"52,150","18,514",63.8%,"149,660.21","30,664.59","50,046.59",0.256,66.6%,28.66,"2,523.7",178.1,0.412
1301,01/05/2023,2023,May,5,Q2,JERANTUT,TENGAH,BATU BALAI,Pinggir Bandar,"10,200",16,"23,328","5,569","206,550","105,242","15,583","5,320",73.8%,1.201,"80,040",0.3775,"16,424","5,270",9,28,1,6.2,8,4.8,2.64,163,28.5,22.9,98,"126,145","80,405",38.9%,"59,339","21,066",65.3%,"151,500.15","30,215.10","51,909.10",0.251,65.7%,27.20,"2,871.6",174.4,0.388
1302,01/06/2023,2023,Jun,6,Q2,JERANTUT,TENGAH,BATU BALAI,Pinggir Bandar,"10,200",16,"23,328","5,528","211,462","110,026","17,845","6,336",73.8%,1.201,"81,263",0.3687,"15,146","8,097",9,28,1,6.2,12,2.3,2.99,84,28.2,26,98,"134,207","77,255",36.5%,"57,014","20,241",69.1%,"161,182.61","29,961.67","53,204.67",0.252,67.0%,29.16,"2,759.1",191.8,0.384
1303,01/07/2023,2023,Jul,7,Q3,JERANTUT,TENGAH,BATU BALAI,Pinggir Bandar,"10,200",16,"23,328","5,718","203,460","112,004","18,959","5,678",73.8%,1.201,"84,686",0.3703,"14,013","6,069",9,28,1,6.2,5,3.2,,86,27.7,19.3,98.1,"136,641","66,819",32.8%,"49,312","17,507",64.3%,"164,105.84","31,359.23","51,441.23",0.253,68.7%,28.70,"2,386.4",188.9,0.416
1304,01/08/2023,2023,Aug,8,Q3,JERANTUT,TENGAH,BATU BALAI,Pinggir Bandar,"10,200",16,"23,328","5,410","204,317","107,484","16,453","5,741",73.8%,1.201,"82,630",0.3718,"12,930","4,087",9,28,0,6.2,7,0,3.29,117,27.5,16.2,98.4,"129,678","74,639",36.5%,"55,084","19,555",64.6%,"155,743.28","30,721.83","47,738.83",0.234,69.3%,28.79,"2,665.7",179.3,0.404
1305,01/09/2023,2023,Sep,9,Q3,JERANTUT,TENGAH,BATU BALAI,Pinggir Bandar,"10,200",16,"23,328","5,546","201,310","111,203","17,315","6,552",73.8%,1.201,"85,126",0.3695,"12,211","4,531",9,28,0,6.2,4,0,2.87,109,26.8,21.3,96.7,"135,070","66,240",32.9%,"48,885","17,355",65.8%,"162,219.07","31,454.06","48,196.06",0.239,70.3%,29.25,"2,365.7",193.0,0.423
1306,01/10/2023,2023,Oct,10,Q4,JERANTUT,TENGAH,BATU BALAI,Pinggir Bandar,"10,200",16,"23,328","5,530","186,768","105,572","14,167","5,787",73.8%,1.201,"80,987",0.3815,"12,909","5,338",9,28,1,6.2,5,2.6,2.74,272,26.6,21.8,96.7,"125,526","61,242",32.8%,"45,197","16,045",59.1%,"150,756.73","30,896.54","49,143.54",0.263,67.4%,27.26,"2,187.2",173.6,0.434
1307,01/11/2023,2023,Nov,11,Q4,JERANTUT,TENGAH,BATU BALAI,Pinggir Bandar,"10,200",16,"23,328","5,887","185,032","95,323","15,433","4,305",73.8%,1.201,"79,590",0.3822,"11,458","5,993",9,28,1,6.2,5,3.3,3.01,258,27.1,37.7,96.7,"115,061","69,971",37.8%,"51,639","18,332",60.5%,"138,188.26","30,419.30","47,870.30",0.259,65.4%,23.47,"2,499.0",164.4,0.430
1308,01/12/2023,2023,Dec,12,Q4,JERANTUT,TENGAH,BATU BALAI,Pinggir Bandar,"10,200",16,"23,328","5,688","187,226","98,537","13,525","4,385",73.8%,1.201,"77,746",0.3659,"12,714","7,131",9,28,1,6.2,10,4.4,3.03,330,27.1,38,98.4,"116,447","70,779",37.8%,"52,235","18,544",59.2%,"139,852.85","28,447.26","48,292.26",0.258,65.5%,24.59,"2,527.8",161.0,0.415
1309,01/01/2024,2024,Jan,1,Q1,JERANTUT,TENGAH,BATU BALAI,Pinggir Bandar,"10,200",17,"23,854","5,935","193,734","107,948","15,014","5,790",73.8%,1.201,"83,211",0.3864,"14,187","6,184",9,28,1,7.2,8,4.5,2.65,96,26.6,27.8,99,"128,752","64,982",33.5%,"47,957","17,025",61.3%,"154,631.15","32,152.73","52,523.73",0.271,66.0%,26.05,"2,320.8",174.1,0.430
1310,01/02/2024,2024,Feb,2,Q1,JERANTUT,TENGAH,BATU BALAI,Pinggir Bandar,"10,200",17,"23,854","5,444","179,916","96,250","16,813","5,638",73.8%,1.201,"69,544",0.3807,"11,131","7,337",9,28,1,7.2,10,3.9,2.45,65,27.4,16.8,99.3,"118,701","61,215",34.0%,"45,177","16,038",60.8%,"142,559.90","26,475.40","44,943.40",0.250,68.5%,26.19,"2,186.3",171.6,0.387
1311,01/03/2024,2024,Mar,3,Q1,JERANTUT,TENGAH,BATU BALAI,Pinggir Bandar,"10,200",17,"23,854","5,763","208,084","114,996","15,574","5,987",73.8%,1.201,"83,853",0.3940,"13,681","5,485",9,28,1,7.2,8,2.2,3.09,122,28.2,29.6,98.6,"136,557","71,527",34.4%,"52,787","18,740",65.8%,"164,004.96","33,038.08","52,204.08",0.251,68.2%,28.46,"2,554.5",184.7,0.403
1312,01/04/2024,2024,Apr,4,Q2,JERANTUT,TENGAH,BATU BALAI,Pinggir Bandar,"10,200",17,"23,854","5,473","196,897","106,707","17,845","4,626",73.8%,1.201,"85,269",0.3954,"12,218","6,575",9,28,1,7.2,9,4.8,2.45,234,28.8,26.6,96.8,"129,178","67,719",34.4%,"49,977","17,742",64.3%,"155,142.78","33,715.36","52,508.36",0.267,66.2%,28.35,"2,418.5",180.5,0.433
1313,01/05/2024,2024,May,5,Q2,JERANTUT,TENGAH,BATU BALAI,Pinggir Bandar,"10,200",17,"23,854","5,577","209,686","116,441","16,671","5,699",73.8%,1.201,"85,789",0.3805,"14,671","8,085",9,28,1,7.2,9,2.4,3.21,140,27.8,15.2,98.3,"138,811","70,875",33.8%,"52,306","18,569",66.3%,"166,712.01","32,642.71","55,398.71",0.264,66.8%,29.89,"2,531.3",187.7,0.409
1314,01/06/2024,2024,Jun,6,Q2,JERANTUT,TENGAH,BATU BALAI,Pinggir Bandar,"10,200",17,"23,854","5,611","209,034","115,396","18,326","6,192",73.8%,1.201,"83,873",0.3841,"14,349","6,352",9,28,1,7.2,11,2,1.77,117,27.8,23.3,99.6,"139,914","69,120",33.1%,"51,011","18,109",68.3%,"168,036.71","32,215.62","52,916.62",0.253,68.5%,29.95,"2,468.6",195.5,0.401
1315,01/07/2024,2024,Jul,7,Q3,JERANTUT,TENGAH,BATU BALAI,Pinggir Bandar,"10,200",17,"23,854","5,588","202,779","109,762","18,228","5,633",73.8%,1.201,"82,114",0.3956,"13,939","5,161",9,28,1,7.2,10,4.7,2.82,78,27.2,21.5,98.6,"133,623","69,156",34.1%,"51,037","18,119",64.1%,"160,481.22","32,484.30","51,584.30",0.254,67.9%,28.72,"2,469.9",180.7,0.405
1316,01/08/2024,2024,Aug,8,Q3,JERANTUT,TENGAH,BATU BALAI,Pinggir Bandar,"10,200",17,"23,854","5,633","216,728","115,852","18,199","6,962",73.8%,1.201,"85,713",0.3901,"14,277","7,313",9,28,1,7.2,6,3.2,2.32,126,27.7,26.1,99.2,"141,013","75,715",34.9%,"55,878","19,837",68.5%,"169,356.61","33,436.64","55,026.64",0.254,67.5%,30.07,"2,704.1",190.7,0.395
1317,01/09/2024,2024,Sep,9,Q3,JERANTUT,TENGAH,BATU BALAI,Pinggir Bandar,"10,200",17,"23,854","5,581","194,617","108,551","16,086","5,394",73.8%,1.201,"76,634",0.3968,"13,165","7,555",9,28,1,7.2,8,3.9,3.37,128,27.9,28.6,97.9,"130,031","64,586",33.2%,"47,664","16,922",63.6%,"156,167.23","30,408.37","51,128.37",0.263,67.3%,27.98,"2,306.6",181.7,0.394
1318,01/10/2024,2024,Oct,10,Q4,JERANTUT,TENGAH,BATU BALAI,Pinggir Bandar,"10,200",17,"23,854","5,614","188,673","101,276","14,805","5,221",73.8%,1.201,"82,160",0.3896,"14,847","6,084",9,28,1,7.2,9,3,1.89,277,27.7,36.2,99.8,"121,302","67,371",35.7%,"49,720","17,651",59.7%,"145,683.70","32,009.54","52,940.54",0.281,63.7%,25.95,"2,406.1",164.0,0.435
1319,01/11/2024,2024,Nov,11,Q4,JERANTUT,TENGAH,BATU BALAI,Pinggir Bandar,"10,200",17,"23,854","5,777","196,376","105,602","16,768","5,299",73.8%,1.201,"81,656",0.3907,"15,563","7,216",9,28,1,7.2,6,3.8,3.34,363,26.6,36.4,99.5,"127,669","68,707",35.0%,"50,706","18,001",64.2%,"153,330.47","31,903.00","54,682.00",0.278,64.3%,26.54,"2,453.8",178.4,0.416
1320,01/12/2024,2024,Dec,12,Q4,JERANTUT,TENGAH,BATU BALAI,Pinggir Bandar,"10,200",17,"23,854","5,785","194,867","104,690","14,492","6,082",73.8%,1.201,"74,763",0.3814,"15,508","7,756",9,28,1,7.2,7,2.6,2.47,444,26.5,44.5,99,"125,264","69,603",35.7%,"51,367","18,236",61.6%,"150,442.06","28,514.61","51,778.61",0.266,65.6%,26.01,"2,485.8",169.4,0.384
1321,01/01/2025,2025,Jan,1,Q1,JERANTUT,TENGAH,BATU BALAI,Pinggir Bandar,"10,200",18,"24,327","5,931","207,262","110,729","17,056","5,166",73.8%,1.201,"80,509",0.3967,"14,357","4,941",9,28,1,8.2,5,2.9,1.91,107,26.4,26.9,98.6,"132,951","74,311",35.9%,"54,842","19,469",65.5%,"159,674.15","31,937.92","51,235.92",0.247,67.9%,26.92,"2,654.0",176.3,0.388
1322,01/02/2025,2025,Feb,2,Q1,JERANTUT,TENGAH,BATU BALAI,Pinggir Bandar,"10,200",18,"24,327","5,474","191,796","107,202","17,611","4,548",73.8%,1.201,"75,405",0.3932,"11,648","5,243",9,28,1,8.2,7,3.2,3.14,73,27.6,16,99.3,"129,361","62,435",32.6%,"46,077","16,358",67.2%,"155,362.56","29,649.25","46,540.25",0.243,70.0%,28.38,"2,229.8",189.9,0.393
1323,01/03/2025,2025,Mar,3,Q1,JERANTUT,TENGAH,BATU BALAI,Pinggir Bandar,"10,200",18,"24,327","5,622","202,219","107,605","14,254","5,123",73.8%,1.201,"81,268",0.4072,"15,597","5,230",9,28,1,8.2,7,3.4,2.11,177,27.6,22.6,97.9,"126,982","75,237",37.2%,"55,525","19,712",64.0%,"152,505.38","33,092.33","53,919.33",0.267,64.6%,27.13,"2,687.0",168.4,0.402
1324,01/04/2025,2025,Apr,4,Q2,JERANTUT,TENGAH,BATU BALAI,Pinggir Bandar,"10,200",18,"24,327","5,719","217,741","120,649","17,409","6,426",73.8%,1.201,"93,369",0.3904,"15,002","5,490",9,28,1,8.2,12,2.7,1.77,132,28.9,25.7,96.8,"144,484","73,257",33.6%,"54,064","19,193",71.2%,"173,525.28","36,451.26","56,943.26",0.262,67.2%,30.34,"2,616.3",198.0,0.429
1325,01/05/2025,2025,May,5,Q2,JERANTUT,TENGAH,BATU BALAI,Pinggir Bandar,"10,200",18,"24,327","5,881","213,713","116,154","19,911","6,140",73.8%,1.201,"90,272",0.3939,"13,324","5,975",9,28,1,8.2,8,3.4,1.95,177,28.7,32.7,98.9,"142,205","71,508",33.5%,"52,773","18,735",67.6%,"170,788.21","35,558.14","54,857.14",0.257,67.9%,29.04,"2,553.9",188.6,0.422
1326,01/06/2025,2025,Jun,6,Q2,JERANTUT,TENGAH,BATU BALAI,Pinggir Bandar,"10,200",18,"24,327","5,938","212,254","116,925","15,882","5,468",73.8%,1.201,"84,053",0.3985,"14,794","5,809",9,28,1,8.2,6,4.9,1.99,105,28.8,21.1,97.4,"138,275","73,979",34.9%,"54,597","19,382",69.4%,"166,068.28","33,495.12","54,098.12",0.255,67.4%,27.97,"2,642.1",189.5,0.396
1327,01/07/2025,2025,Jul,7,Q3,JERANTUT,TENGAH,BATU BALAI,Pinggir Bandar,"10,200",18,"24,327","5,912","209,687","109,649","17,033","4,730",73.8%,1.201,"86,515",0.3896,"15,441","6,290",9,28,1,8.2,5,2,2.38,109,27.3,27.5,97.8,"131,412","78,275",37.3%,"57,767","20,508",66.3%,"157,825.81","33,706.24","55,437.24",0.264,64.9%,26.70,"2,795.5",174.3,0.413
1328,01/08/2025,2025,Aug,8,Q3,JERANTUT,TENGAH,BATU BALAI,Pinggir Bandar,"10,200",18,"24,327","5,956","210,573","108,821","18,413","5,443",73.8%,1.201,"86,006",0.3995,"15,487","7,559",9,28,1,8.2,9,4.8,2.69,104,28.5,23.4,96.6,"132,677","77,896",37.0%,"57,487","20,409",66.6%,"159,345.08","34,359.40","57,405.40",0.273,64.0%,26.75,"2,782.0",175.9,0.408
1329,01/09/2025,2025,Sep,9,Q3,JERANTUT,TENGAH,BATU BALAI,Pinggir Bandar,"10,200",18,"24,327","5,938","197,043","106,720","14,783","5,556",73.8%,1.201,"74,172",0.3969,"12,040","6,507",9,28,1,8.2,7,4.1,1.86,177,27.7,27.8,98,"127,059","69,984",35.5%,"51,648","18,336",64.4%,"152,597.86","29,438.87","47,985.87",0.244,68.6%,25.70,"2,499.4",174.1,0.376
1330,01/10/2025,2025,Oct,10,Q4,JERANTUT,TENGAH,BATU BALAI,Pinggir Bandar,"10,200",18,"24,327","5,769","201,167","108,049","17,004","6,454",73.8%,1.201,"77,513",0.3909,"13,996","6,134",9,28,1,8.2,11,4.4,3.07,296,27.8,,97.9,"131,507","69,660",34.6%,"51,409","18,251",63.6%,"157,939.91","30,299.83","50,429.83",0.251,68.1%,27.38,"2,487.9",174.4,0.385
1331,01/11/2025,2025,Nov,11,Q4,JERANTUT,TENGAH,BATU BALAI,Pinggir Bandar,"10,200",18,"24,327","5,631","183,941","98,701","16,671","4,638",73.8%,1.201,"68,902",0.4000,"13,724","6,796",9,28,1,8.2,10,3.8,2.39,245,27.3,24.1,99.2,"120,010","63,931",34.8%,"47,181","16,750",60.1%,"144,132.01","27,560.80","48,080.80",0.261,66.6%,25.60,"2,283.3",164.4,0.375
1332,01/12/2025,2025,Dec,12,Q4,JERANTUT,TENGAH,BATU BALAI,Pinggir Bandar,"10,200",18,"24,327","6,064","191,479","105,207","14,425","5,334",73.8%,1.201,"72,859",0.3906,"11,501","5,338",9,28,1,8.2,12,2.4,1.92,407,26.3,45.4,99.9,"124,966","66,513",34.7%,"49,087","17,426",60.6%,"150,084.17","28,458.73","45,297.73",0.237,69.8%,24.75,"2,375.5",165.7,0.381
1333,01/01/2023,2023,Jan,1,Q1,JERANTUT,TENGAH,PADANG PIOL,Pinggir Bandar,"26,900",14,"77,012","18,774","637,441","298,693","40,846","31,202",82.8%,1.218,"253,731",0.3751,"48,942","11,770",16,49,1,7.8,19,3.5,2.32,164,26.2,26.1,97.8,"370,741","266,700",41.8%,"220,828","45,872",76.4%,"451,562.54","95,174.50","155,886.50",0.245,65.5%,24.05,"5,442.9",155.3,0.398
1334,01/02/2023,2023,Feb,2,Q1,JERANTUT,TENGAH,PADANG PIOL,Pinggir Bandar,"26,900",14,"77,012","19,104","598,630","280,655","38,137","33,251",82.8%,1.218,"257,757",0.3657,"39,869","12,999",16,49,2,7.8,36,7.1,2.54,69,27.5,23.9,98.8,"352,043","246,587",41.2%,"204,174","42,413",79.5%,"428,788.37","94,261.73","147,129.73",0.246,65.7%,22.44,"5,032.4",163.3,0.431
1335,01/03/2023,2023,Mar,3,Q1,JERANTUT,TENGAH,PADANG PIOL,Pinggir Bandar,"26,900",14,"77,012","18,918","631,985","297,455","44,108","35,538",82.8%,1.218,"267,540",0.3699,"48,032","12,556",16,49,2,7.8,23,5.5,3.02,194,27.3,21.5,96.6,"377,101","254,884",40.3%,"211,044","43,840",75.8%,"459,309.02","98,963.05","159,551.05",0.252,65.3%,24.28,"5,201.7",158.0,0.423
1336,01/04/2023,2023,Apr,4,Q2,JERANTUT,TENGAH,PADANG PIOL,Pinggir Bandar,"26,900",14,"77,012","18,578","642,491","292,910","49,788","38,820",82.8%,1.218,"262,436",0.3836,"48,601","10,498",16,49,2,7.8,33,6.2,3.01,164,27.6,29.1,97.8,"381,518","260,973",40.6%,"216,086","44,887",79.6%,"464,688.92","100,670.45","159,769.45",0.249,65.6%,25.01,"5,326.0",165.1,0.408
1337,01/05/2023,2023,May,5,Q2,JERANTUT,TENGAH,PADANG PIOL,Pinggir Bandar,"26,900",14,"77,012","17,295","726,287","297,846","50,488","36,294",82.8%,1.218,"277,799",0.3719,"45,446","9,062",16,49,2,7.8,22,4.6,2.21,143,28.5,17.3,97.7,"384,628","341,659",47.0%,"282,894","58,765",87.1%,"468,476.90","103,313.45","157,821.45",0.217,66.3%,27.09,"6,972.6",161.1,0.382
1338,01/06/2023,2023,Jun,6,Q2,JERANTUT,TENGAH,PADANG PIOL,Pinggir Bandar,"26,900",14,"77,012","19,159","683,756","320,126","46,638","45,205",82.8%,1.218,"258,535",0.3733,"49,179","17,791",16,49,3,7.8,16,6.8,2.74,128,27.4,28.7,98,"411,969","271,787",39.7%,"225,040","46,747",84.7%,"501,778.24","96,511.12","163,481.12",0.239,67.4%,26.19,"5,546.7",178.3,0.378
1339,01/07/2023,2023,Jul,7,Q3,JERANTUT,TENGAH,PADANG PIOL,Pinggir Bandar,"26,900",14,"77,012","18,441","676,099","285,434","43,255","39,808",82.8%,1.218,"286,746",0.3787,"41,161","11,188",16,49,1,7.8,24,2.3,3.07,67,27.9,16.7,96.5,"368,497","307,602",45.5%,"254,694","52,908",81.1%,"448,829.35","108,590.71","160,939.71",0.238,64.1%,24.34,"6,277.6",154.4,0.424
1340,01/08/2023,2023,Aug,8,Q3,JERANTUT,TENGAH,PADANG PIOL,Pinggir Bandar,"26,900",14,"77,012","17,824","708,488","302,523","42,302","38,398",82.8%,1.218,"285,100",0.3805,"49,051","14,058",16,49,2,7.8,29,8.6,2.27,136,27.7,26.7,96.6,"383,223","325,265",45.9%,"269,319","55,946",85.0%,"466,765.61","108,480.55","171,589.55",0.242,63.2%,26.19,"6,638.1",160.5,0.402
1341,01/09/2023,2023,Sep,9,Q3,JERANTUT,TENGAH,PADANG PIOL,Pinggir Bandar,"26,900",14,"77,012","19,355","632,785","302,222","42,943","30,165",82.8%,1.218,"254,065",0.3747,"40,231","11,075",16,49,1,7.8,30,4.4,3.17,128,27,25.2,99.7,"375,330","257,455",40.7%,"213,173","44,282",78.4%,"457,151.94","95,198.16","146,504.16",0.232,68.0%,23.62,"5,254.2",162.5,0.402
1342,01/10/2023,2023,Oct,10,Q4,JERANTUT,TENGAH,PADANG PIOL,Pinggir Bandar,"26,900",14,"77,012","18,701","652,376","282,297","42,682","29,215",82.8%,1.218,"257,458",0.3814,"41,670","15,966",16,49,3,7.8,27,7,2.69,156,27.6,24.5,97.9,"354,194","298,182",45.7%,"246,895","51,287",78.2%,"431,408.29","98,194.48","155,830.48",0.239,63.9%,23.07,"6,085.3",148.4,0.395
1343,01/11/2023,2023,Nov,11,Q4,JERANTUT,TENGAH,PADANG PIOL,Pinggir Bandar,"26,900",14,"77,012","18,406","623,876","283,071","43,663","30,016",82.8%,1.218,"239,867",0.3758,"44,862","10,723",16,49,2,7.8,31,8.8,1.77,359,26.4,49.9,98.3,"356,750","267,126",42.8%,"221,180","45,946",77.3%,"434,521.50","90,142.02","145,727.02",0.234,66.5%,23.61,"5,451.6",154.4,0.384
1344,01/12/2023,2023,Dec,12,Q4,JERANTUT,TENGAH,PADANG PIOL,Pinggir Bandar,"26,900",14,"77,012","19,208","592,326","271,383","45,710","33,105",82.8%,1.218,"228,030",0.3671,"37,219","13,273",16,49,2,7.8,14,8.7,2.49,249,26.4,31.9,99.6,"350,198","242,128",40.9%,"200,482","41,646",71.0%,"426,541.16","83,709.81","134,201.81",0.227,68.5%,22.21,"4,941.4",146.7,0.385
1345,01/01/2024,2024,Jan,1,Q1,JERANTUT,TENGAH,PADANG PIOL,Pinggir Bandar,"26,900",15,"78,899","19,890","628,070","280,975","44,917","37,185",82.8%,1.218,"270,029",0.3795,"47,709","18,307",16,49,3,8.8,28,9.5,2.33,197,27.3,29.9,97.5,"363,077","264,993",42.2%,"219,414","45,579",75.3%,"442,227.79","102,476.01","168,492.01",0.268,61.9%,22.23,"5,408.0",148.4,0.430
1346,01/02/2024,2024,Feb,2,Q1,JERANTUT,TENGAH,PADANG PIOL,Pinggir Bandar,"26,900",15,"78,899","19,767","594,024","270,923","36,887","35,203",82.8%,1.218,"247,728",0.3960,"41,780","8,310",16,49,1,8.8,21,3.2,2.3,74,27.1,11.9,99.2,"343,013","251,011",42.3%,"207,837","43,174",76.1%,"417,789.83","98,100.29","148,190.29",0.249,64.5%,21.14,"5,122.7",149.9,0.417
1347,01/03/2024,2024,Mar,3,Q1,JERANTUT,TENGAH,PADANG PIOL,Pinggir Bandar,"26,900",15,"78,899","18,204","668,193","304,893","49,612","31,846",82.8%,1.218,"273,683",0.3905,"44,888","10,631",16,49,2,8.8,13,4.7,1.89,148,28,16.7,99.7,"386,351","281,842",42.2%,"233,365","48,477",80.1%,"470,575.52","106,873.21","162,392.21",0.243,65.5%,25.85,"5,751.9",158.0,0.410
1348,01/04/2024,2024,Apr,4,Q2,JERANTUT,TENGAH,PADANG PIOL,Pinggir Bandar,"26,900",15,"78,899","19,005","700,051","298,440","40,527","41,810",82.8%,1.218,"300,425",0.3809,"49,019","11,090",16,49,1,8.8,32,3.3,2.7,207,28.2,17.9,99.5,"380,777","319,274",45.6%,"264,359","54,915",86.7%,"463,786.39","114,431.88","174,540.88",0.249,62.4%,24.40,"6,515.8",160.9,0.429
1349,01/05/2024,2024,May,5,Q2,JERANTUT,TENGAH,PADANG PIOL,Pinggir Bandar,"26,900",15,"78,899","19,536","726,466","351,738","47,576","36,943",82.8%,1.218,"269,312",0.3888,"52,563","14,323",16,49,2,8.8,37,6.3,3.19,134,28.1,28.2,97.9,"436,257","290,209",39.9%,"240,293","49,916",87.1%,"531,361.03","104,708.51","171,594.51",0.236,67.7%,27.20,"5,922.6",178.4,0.371
1350,01/06/2024,2024,Jun,6,Q2,JERANTUT,TENGAH,PADANG PIOL,Pinggir Bandar,"26,900",15,"78,899","18,934","721,338","338,841","49,030","32,229",82.8%,1.218,"297,561",0.3824,"48,323","16,126",16,49,3,8.8,20,13,2.04,121,27.5,21.8,97.5,"420,100","301,238",41.8%,"249,425","51,813",89.4%,"511,681.80","113,787.33","178,236.33",0.247,65.2%,27.02,"6,147.7",177.5,0.413
1351,01/07/2024,2024,Jul,7,Q3,JERANTUT,TENGAH,PADANG PIOL,Pinggir Bandar,"26,900",15,"78,899","18,235","727,983","331,548","50,080","39,627",82.8%,1.218,"301,276",0.3885,"44,110","8,633",16,49,1,8.8,11,3.7,3.13,126,27.2,22.1,98.5,"421,255","306,728",42.1%,"253,971","52,757",87.3%,"513,088.59","117,045.73","169,788.73",0.233,66.9%,28.14,"6,259.8",172.2,0.414
1352,01/08/2024,2024,Aug,8,Q3,JERANTUT,TENGAH,PADANG PIOL,Pinggir Bandar,"26,900",15,"78,899","19,364","702,895","317,455","45,485","39,027",82.8%,1.218,"278,946",0.3894,"50,532","10,694",16,49,1,8.8,23,2.7,3.06,161,28.2,21.3,97.6,"401,967","300,928",42.8%,"249,168","51,760",84.3%,"489,595.81","108,621.57","169,847.57",0.242,65.3%,25.28,"6,141.4",164.3,0.397
1353,01/09/2024,2024,Sep,9,Q3,JERANTUT,TENGAH,PADANG PIOL,Pinggir Bandar,"26,900",15,"78,899","19,209","645,841","292,045","49,075","39,580",82.8%,1.218,"254,027",0.3827,"49,645","12,156",16,49,3,8.8,35,10.3,2.99,182,28.1,29.2,97.3,"380,700","265,141",41.1%,"219,537","45,604",80.0%,"463,692.60","97,216.13","159,017.13",0.246,65.7%,24.14,"5,411.0",160.8,0.393
1354,01/10/2024,2024,Oct,10,Q4,JERANTUT,TENGAH,PADANG PIOL,Pinggir Bandar,"26,900",15,"78,899","18,120","693,306","301,324","46,557","42,716",82.8%,1.218,"263,440",0.3928,"51,197","12,849",16,49,2,8.8,37,5.5,2.07,273,27.2,39.3,98.5,"390,597","302,709",43.7%,"250,643","52,066",83.1%,"475,747.15","103,479.23","167,525.23",0.242,64.8%,26.26,"6,177.7",159.7,0.380
1355,01/11/2024,2024,Nov,11,Q4,JERANTUT,TENGAH,PADANG PIOL,Pinggir Bandar,"26,900",15,"78,899","19,911","645,400","308,617","43,649","32,082",82.8%,1.218,"259,903",0.3807,"50,496","14,471",16,49,2,8.8,34,7.8,3.22,291,26.9,37,99.2,"384,348","261,052",40.4%,"216,151","44,901",80.0%,"468,135.86","98,945.07","163,912.07",0.254,65.0%,23.51,"5,327.6",162.4,0.403
1356,01/12/2024,2024,Dec,12,Q4,JERANTUT,TENGAH,PADANG PIOL,Pinggir Bandar,"26,900",15,"78,899","19,017","644,085","283,733","42,661","33,054",82.8%,1.218,"237,215",0.3905,"42,859","10,000",16,49,2,8.8,38,9.4,3.24,376,26,35.5,98.4,"359,448","284,637",44.2%,"235,679","48,958",77.2%,"437,807.66","92,632.46","145,491.46",0.226,66.8%,23.02,"5,808.9",147.0,0.368
1357,01/01/2025,2025,Jan,1,Q1,JERANTUT,TENGAH,PADANG PIOL,Pinggir Bandar,"26,900",16,"80,387","19,238","633,139","306,101","40,905","29,851",82.8%,1.218,"260,681",0.4088,"46,926","8,638",16,49,1,9.8,14,2,2.58,108,27.1,26,98.6,"376,857","256,282",40.5%,"212,201","44,081",75.9%,"459,011.83","106,566.39","162,130.39",0.256,64.7%,23.86,"5,230.2",151.2,0.412
1358,01/02/2025,2025,Feb,2,Q1,JERANTUT,TENGAH,PADANG PIOL,Pinggir Bandar,"26,900",16,"80,387","18,652","631,519","290,170","43,908","37,683",82.8%,1.218,"234,811",0.4062,"47,341","11,503",16,49,2,9.8,13,4.1,2.25,136,27.1,29.3,99.3,"371,761","259,758",41.1%,"215,080","44,678",83.8%,"452,804.90","95,380.23","154,224.23",0.244,65.9%,24.28,"5,301.2",165.2,0.372
1359,01/03/2025,2025,Mar,3,Q1,JERANTUT,TENGAH,PADANG PIOL,Pinggir Bandar,"26,900",16,"80,387","19,060","651,755","288,417","44,869","37,305",82.8%,1.218,"268,175",0.3982,"42,186","8,065",16,49,1,9.8,19,4.4,2.33,181,28.1,34.8,96.9,"370,591","281,164",43.1%,"232,804","48,360",78.2%,"451,379.84","106,787.29","157,038.29",0.241,65.2%,23.68,"5,738.0",148.7,0.411
1360,01/04/2025,2025,Apr,4,Q2,JERANTUT,TENGAH,PADANG PIOL,Pinggir Bandar,"26,900",16,"80,387","18,285","678,511","326,076","48,473","40,207",82.8%,1.218,"274,183",0.3954,"52,898","14,686",16,49,3,9.8,40,13.5,2.86,133,28.9,21.3,98.8,"414,756","263,755",38.9%,"218,389","45,366",84.1%,"505,172.81","108,411.96","175,995.96",0.259,65.2%,27.63,"5,382.8",172.0,0.404
1361,01/05/2025,2025,May,5,Q2,JERANTUT,TENGAH,PADANG PIOL,Pinggir Bandar,"26,900",16,"80,387","19,378","735,403","325,050","45,037","36,674",82.8%,1.218,"281,908",0.4090,"52,443","10,675",16,49,2,9.8,36,4,1.8,130,27.9,20.8,99.7,"406,761","328,642",44.7%,"272,116","56,526",88.2%,"495,434.90","115,300.37","178,418.37",0.243,64.0%,25.57,"6,707.0",163.2,0.383
1362,01/06/2025,2025,Jun,6,Q2,JERANTUT,TENGAH,PADANG PIOL,Pinggir Bandar,"26,900",16,"80,387","19,941","693,511","319,961","51,640","41,304",82.8%,1.218,"288,157",0.3976,"51,392","14,171",16,49,3,9.8,16,7.3,1.8,130,28.9,20.2,97.4,"412,905","280,606",40.5%,"232,342","48,264",85.9%,"502,918.29","114,571.22","180,134.22",0.260,64.2%,25.22,"5,726.7",171.2,0.416
1363,01/07/2025,2025,Jul,7,Q3,JERANTUT,TENGAH,PADANG PIOL,Pinggir Bandar,"26,900",16,"80,387","18,848","742,997","323,855","52,338","39,576",82.8%,1.218,"309,468",0.3992,"53,454","9,524",16,49,1,9.8,23,2.9,2.19,152,27.8,14.7,97.2,"415,769","327,228",44.0%,"270,945","56,283",89.1%,"506,406.64","123,539.63","186,517.63",0.251,63.2%,26.87,"6,678.1",166.8,0.417
1364,01/08/2025,2025,Aug,8,Q3,JERANTUT,TENGAH,PADANG PIOL,Pinggir Bandar,"26,900",16,"80,387","19,764","730,453","337,226","55,301","44,804",82.8%,1.218,"298,783",0.4047,"44,529","12,366",16,49,3,9.8,16,10.3,2.7,134,27.3,21,98.6,"437,331","293,122",40.1%,"242,705","50,417",87.6%,"532,669.16","120,917.48","177,812.48",0.243,66.6%,26.95,"5,982.1",175.5,0.409
1365,01/09/2025,2025,Sep,9,Q3,JERANTUT,TENGAH,PADANG PIOL,Pinggir Bandar,"26,900",16,"80,387","18,263","685,560","335,982","46,433","37,389",82.8%,1.218,"268,003",0.3992,"41,657","7,597",16,49,1,9.8,34,2.5,1.83,125,27.6,25.6,97,"419,804","265,756",38.8%,"220,046","45,710",85.0%,"511,321.27","106,986.80","156,240.80",0.228,69.4%,28.00,"5,423.6",174.1,0.391
1366,01/10/2025,2025,Oct,10,Q4,JERANTUT,TENGAH,PADANG PIOL,Pinggir Bandar,"26,900",16,"80,387","19,681","659,337","324,264","44,472","37,950",82.8%,1.218,"267,980",0.3990,"41,791","9,731",16,49,1,9.8,11,2.5,2.33,175,26.8,30.1,99.3,"406,686","252,651",38.3%,"209,195","43,456",79.1%,"495,343.55","106,924.02","158,446.02",0.240,68.0%,25.17,"5,156.1",163.2,0.406
1367,01/11/2025,2025,Nov,11,Q4,JERANTUT,TENGAH,PADANG PIOL,Pinggir Bandar,"26,900",16,"80,387","18,260","650,607","320,049","45,973","31,270",82.8%,1.218,"264,355",0.3988,"41,853","10,804",16,49,1,9.8,28,4.9,2.41,386,27.6,35.1,96.9,"397,292","253,315",38.9%,"209,745","43,570",80.6%,"483,901.66","105,424.77","158,081.77",0.243,67.3%,26.50,"5,169.7",164.7,0.406
1368,01/12/2025,2025,Dec,12,Q4,JERANTUT,TENGAH,PADANG PIOL,Pinggir Bandar,"26,900",16,"80,387","18,001","666,905","306,153","51,492","41,891",82.8%,1.218,"261,740",0.4070,"40,662","9,372",16,49,2,9.8,24,6.6,1.83,318,27.3,29.8,98.4,"399,536","267,369",40.1%,"221,382","45,987",80.0%,"486,634.85","106,528.18","156,562.18",0.235,67.8%,27.03,"5,456.5",160.3,0.392
1369,01/01/2023,2023,Jan,1,Q1,JERANTUT,TENGAH,JENGKA 8,Luar Bandar,"2,900",34,"8,137","1,966","68,536","30,716","3,870","1,732",56.2%,0.957,"29,668",0.3840,"4,201","6,649",5,23,1,6.4,6,2.5,2.37,127,26.8,15.7,99.5,"36,318","32,218",47.0%,"18,107","14,111",76.2%,"34,756.33","11,392.51","22,242.51",0.325,36.0%,17.68,"1,400.8",144.0,0.433
1370,01/02/2023,2023,Feb,2,Q1,JERANTUT,TENGAH,JENGKA 8,Luar Bandar,"2,900",34,"8,137","1,821","60,443","29,720","2,863","1,385",56.2%,0.957,"29,544",0.3654,"3,452","5,044",5,23,1,6.4,4,4.7,2.2,109,27.7,23.1,98,"33,968","26,475",43.8%,"14,879","11,596",74.4%,"32,507.38","10,795.38","19,291.38",0.319,40.7%,17.85,"1,151.1",149.1,0.489
1371,01/03/2023,2023,Mar,3,Q1,JERANTUT,TENGAH,JENGKA 8,Luar Bandar,"2,900",34,"8,137","1,943","69,003","31,582","3,519","1,714",56.2%,0.957,"29,238",0.3792,"4,514","4,432",5,23,1,6.4,4,2.7,2.63,192,27.2,30.7,98.5,"36,815","32,188",46.6%,"18,090","14,098",76.8%,"35,231.96","11,087.05","20,033.05",0.290,43.1%,18.13,"1,399.5",145.9,0.424
1372,01/04/2023,2023,Apr,4,Q2,JERANTUT,TENGAH,JENGKA 8,Luar Bandar,"2,900",34,"8,137","1,902","69,241","35,004","3,536","1,523",56.2%,0.957,"31,968",0.3809,"4,377","5,804",5,23,1,6.4,4,3.3,3.16,154,28.7,19.1,98,"40,063","29,178",42.1%,"16,398","12,780",79.6%,"38,340.29","12,176.61","22,357.61",0.323,41.7%,20.16,"1,268.6",164.1,0.462
1373,01/05/2023,2023,May,5,Q2,JERANTUT,TENGAH,JENGKA 8,Luar Bandar,"2,900",34,"8,137","1,824","76,944","39,406","3,996","1,644",56.2%,0.957,"37,401",0.3747,"4,192","3,200",5,23,0,6.4,3,0,2.42,151,28.2,18.6,98.4,"45,046","31,898",41.5%,"17,927","13,971",85.6%,"43,109.02","14,014.15","21,406.15",0.278,50.3%,23.63,"1,386.9",178.6,0.486
1374,01/06/2023,2023,Jun,6,Q2,JERANTUT,TENGAH,JENGKA 8,Luar Bandar,"2,900",34,"8,137","1,907","68,505","32,891","3,988","1,618",56.2%,0.957,"30,403",0.3667,"4,118","7,076",5,23,1,6.4,5,2.9,2.78,127,28.2,28.2,98.6,"38,497","30,008",43.8%,"16,864","13,144",78.7%,"36,841.63","11,148.78","22,342.78",0.326,39.4%,19.32,"1,304.7",157.7,0.444
1375,01/07/2023,2023,Jul,7,Q3,JERANTUT,TENGAH,JENGKA 8,Luar Bandar,"2,900",34,"8,137","1,833","74,027","37,312","3,924","2,050",56.2%,0.957,"34,680",0.3830,"3,948","5,210",5,23,1,6.4,4,4.5,2.75,113,28.1,23.2,98.9,"43,286","30,741",41.5%,"17,276","13,465",82.3%,"41,424.70","13,282.44","22,440.44",0.303,45.8%,22.60,"1,336.6",171.6,0.468
1376,01/08/2023,2023,Aug,8,Q3,JERANTUT,TENGAH,JENGKA 8,Luar Bandar,"2,900",34,"8,137","1,958","69,123","33,824","3,736","1,665",56.2%,0.957,"33,694",0.3698,"4,236","7,088",5,23,1,6.4,5,3.8,2.67,138,28.1,20.8,98.6,"39,225","29,898",43.3%,"16,803","13,095",76.9%,"37,538.33","12,460.04","23,784.04",0.344,36.6%,19.17,"1,299.9",155.5,0.487
1377,01/09/2023,2023,Sep,9,Q3,JERANTUT,TENGAH,JENGKA 8,Luar Bandar,"2,900",34,"8,137","1,902","66,244","30,647","3,711","1,334",56.2%,0.957,"31,543",0.3805,"3,512","9,614",5,23,2,6.4,5,5.9,1.99,178,27.9,18.8,97.4,"35,692","30,552",46.1%,"17,170","13,382",76.1%,"34,157.24","12,002.11","25,128.11",0.379,26.4%,17.96,"1,328.3",146.2,0.476
1378,01/10/2023,2023,Oct,10,Q4,JERANTUT,TENGAH,JENGKA 8,Luar Bandar,"2,900",34,"8,137","2,024","64,703","33,421","3,511","1,817",56.2%,0.957,"28,132",0.3791,"3,632","6,582",5,23,1,6.4,4,1.9,2.5,246,26.6,28.2,98.2,"38,749","25,954",40.1%,"14,586","11,368",72.0%,"37,082.79","10,664.84","20,878.84",0.323,43.7%,18.32,"1,128.4",153.6,0.435
1379,01/11/2023,2023,Nov,11,Q4,JERANTUT,TENGAH,JENGKA 8,Luar Bandar,"2,900",34,"8,137","1,904","66,549","32,989","3,521","1,621",56.2%,0.957,"32,459",0.3738,"4,029","7,123",5,23,1,6.4,5,3.9,2.18,411,27.4,33,96.6,"38,131","28,418",42.7%,"15,971","12,447",76.5%,"36,491.37","12,133.17","23,285.17",0.350,36.2%,19.17,"1,235.6",156.2,0.488
1380,01/12/2023,2023,Dec,12,Q4,JERANTUT,TENGAH,JENGKA 8,Luar Bandar,"2,900",34,"8,137","1,865","65,320","30,892","3,280","1,514",56.2%,0.957,"30,969",0.3837,"3,571","6,360",5,23,1,6.4,5,3.2,2.67,334,26.3,,97.6,"35,686","29,634",45.4%,"16,654","12,980",72.7%,"34,151.50","11,882.81","21,813.81",0.334,36.1%,18.31,"1,288.4",141.5,0.474
1381,01/01/2024,2024,Jan,1,Q1,JERANTUT,TENGAH,JENGKA 8,Luar Bandar,"2,900",35,"8,322","1,943","66,013","31,371","3,050","1,703",56.2%,0.957,"32,206",0.3804,"3,592","5,360",5,23,1,7.4,4,3.6,2.13,177,26.5,26.5,99.6,"36,124","29,889",45.3%,"16,798","13,091",73.4%,"34,570.67","12,251.16","21,203.16",0.321,38.7%,17.79,"1,299.5",140.0,0.488
1382,01/02/2024,2024,Feb,2,Q1,JERANTUT,TENGAH,JENGKA 8,Luar Bandar,"2,900",35,"8,322","1,929","62,696","30,295","3,231","1,635",56.2%,0.957,"30,424",0.3914,"4,087","4,567",5,23,1,7.4,4,3.2,1.79,113,27.1,19.5,99.9,"35,161","27,535",43.9%,"15,475","12,060",74.5%,"33,649.08","11,907.95","20,561.95",0.328,38.9%,17.44,"1,197.2",145.7,0.485
1383,01/03/2024,2024,Mar,3,Q1,JERANTUT,TENGAH,JENGKA 8,Luar Bandar,"2,900",35,"8,322","2,003","68,490","32,617","3,189","1,295",56.2%,0.957,"28,804",0.3781,"4,578","5,195",5,23,1,7.4,6,2.6,2.4,165,28.2,14.4,99,"37,101","31,389",45.8%,"17,641","13,748",76.2%,"35,505.66","10,890.79","20,663.79",0.302,41.8%,17.73,"1,364.7",143.8,0.421
1384,01/04/2024,2024,Apr,4,Q2,JERANTUT,TENGAH,JENGKA 8,Luar Bandar,"2,900",35,"8,322","2,068","73,944","36,356","4,404","1,837",56.2%,0.957,"30,916",0.3934,"3,805","5,227",5,23,1,7.4,4,4.4,2.11,166,28.5,21.6,99.6,"42,597","31,347",42.4%,"17,617","13,730",85.0%,"40,765.33","12,162.35","21,194.35",0.287,48.0%,19.71,"1,362.9",170.6,0.418
1385,01/05/2024,2024,May,5,Q2,JERANTUT,TENGAH,JENGKA 8,Luar Bandar,"2,900",35,"8,322","1,982","76,554","35,099","4,249","1,483",56.2%,0.957,"37,402",0.3877,"4,336","8,031",5,23,2,7.4,5,4.4,2.33,116,28.7,18.1,99.3,"40,831","35,723",46.7%,"20,076","15,647",85.2%,"39,075.27","14,500.76","26,867.76",0.351,31.2%,19.72,"1,553.2",158.3,0.489
1386,01/06/2024,2024,Jun,6,Q2,JERANTUT,TENGAH,JENGKA 8,Luar Bandar,"2,900",35,"8,322","2,027","75,319","35,446","4,127","1,469",56.2%,0.957,"36,445",0.3809,"4,249","5,909",5,23,1,7.4,4,4.5,2.92,110,28.2,31.4,98.3,"41,042","34,277",45.5%,"19,264","15,013",86.6%,"39,277.19","13,881.90","24,039.90",0.319,38.8%,19.38,"1,490.3",164.4,0.484
1387,01/07/2024,2024,Jul,7,Q3,JERANTUT,TENGAH,JENGKA 8,Luar Bandar,"2,900",35,"8,322","2,019","77,381","38,449","4,616","1,570",56.2%,0.957,"37,901",0.3929,"5,222","7,064",5,23,1,7.4,3,4.7,2.5,80,27.4,16.2,99.3,"44,635","32,746",42.3%,"18,403","14,343",86.1%,"42,715.70","14,891.30","27,177.30",0.351,36.4%,21.16,"1,423.7",173.0,0.490
1388,01/08/2024,2024,Aug,8,Q3,JERANTUT,TENGAH,JENGKA 8,Luar Bandar,"2,900",35,"8,322","1,941","76,880","37,596","3,800","1,543",56.2%,0.957,"37,007",0.3840,"4,728","5,768",5,23,1,7.4,4,4.6,2.5,166,28,30.1,97.9,"42,939","33,941",44.1%,"19,075","14,866",85.5%,"41,092.62","14,210.69","24,706.69",0.321,39.9%,21.17,"1,475.7",166.4,0.481
1389,01/09/2024,2024,Sep,9,Q3,JERANTUT,TENGAH,JENGKA 8,Luar Bandar,"2,900",35,"8,322","2,013","67,227","34,271","3,300","1,300",56.2%,0.957,"32,386",0.3884,"4,035","4,781",5,23,1,7.4,4,4.5,2.22,117,27.8,22.9,99.8,"38,871","28,356",42.2%,"15,936","12,420",77.3%,"37,199.55","12,578.72","21,394.72",0.318,42.5%,18.48,"1,232.9",155.7,0.482
1390,01/10/2024,2024,Oct,10,Q4,JERANTUT,TENGAH,JENGKA 8,Luar Bandar,"2,900",35,"8,322","1,896","68,411","33,211","3,684","1,405",56.2%,0.957,"30,744",0.3841,"4,436","5,597",5,23,1,7.4,4,4.2,2.85,277,27.8,28.4,97.5,"38,300","30,111",44.0%,"16,922","13,189",76.1%,"36,653.10","11,808.77","21,841.77",0.319,40.4%,19.33,"1,309.2",148.5,0.449
1391,01/11/2024,2024,Nov,11,Q4,JERANTUT,TENGAH,JENGKA 8,Luar Bandar,"2,900",35,"8,322","2,041","65,082","33,375","3,975","1,292",56.2%,0.957,"28,891",0.3916,"4,374","4,666",5,23,1,7.4,3,2.8,2.49,276,27.4,32.4,97.3,"38,642","26,440",40.6%,"14,859","11,581",74.8%,"36,980.39","11,313.72","20,353.72",0.313,45.0%,18.12,"1,149.6",154.8,0.444
1392,01/12/2024,2024,Dec,12,Q4,JERANTUT,TENGAH,JENGKA 8,Luar Bandar,"2,900",35,"8,322","2,002","69,690","36,226","4,180","1,491",56.2%,0.957,"33,238",0.3938,"4,458","5,883",5,23,1,7.4,3,3.7,3.2,406,26.2,46.6,98.3,"41,897","27,793",39.9%,"15,620","12,173",77.5%,"40,095.43","13,089.12","23,430.12",0.336,41.6%,20.03,"1,208.4",162.4,0.477
1393,01/01/2025,2025,Jan,1,Q1,JERANTUT,TENGAH,JENGKA 8,Luar Bandar,"2,900",36,"8,518","2,004","72,126","34,396","3,441","1,572",56.2%,0.957,"35,322",0.3930,"4,797","4,650",5,23,1,8.4,5,2.7,,193,26.6,31.2,96.8,"39,409","32,717",45.4%,"18,387","14,330",80.2%,"37,714.41","13,881.55","23,328.55",0.323,38.1%,18.82,"1,422.5",149.2,0.490
1394,01/02/2025,2025,Feb,2,Q1,JERANTUT,TENGAH,JENGKA 8,Luar Bandar,"2,900",36,"8,518","1,920","64,829","33,885","3,554","1,715",56.2%,0.957,"31,198",0.3950,"3,717","7,217",5,23,1,8.4,5,4.5,2.36,120,27.3,16.5,99.9,"39,154","25,675",39.6%,"14,429","11,246",79.8%,"37,470.38","12,323.21","23,257.21",0.359,37.9%,19.52,"1,116.3",164.2,0.481
1395,01/03/2025,2025,Mar,3,Q1,JERANTUT,TENGAH,JENGKA 8,Luar Bandar,"2,900",36,"8,518","2,133","69,013","34,950","4,352","1,459",56.2%,0.957,"32,114",0.3926,"4,583","7,134",5,23,1,8.4,5,4.2,2.58,99,27.4,21.6,99,"40,761","28,252",40.9%,"15,878","12,374",76.8%,"39,008.28","12,607.96","24,324.96",0.352,37.6%,18.29,"1,228.3",154.4,0.465
1396,01/04/2025,2025,Apr,4,Q2,JERANTUT,TENGAH,JENGKA 8,Luar Bandar,"2,900",36,"8,518","1,982","73,149","35,755","4,405","1,564",56.2%,0.957,"33,856",0.4036,"4,739","7,256",5,23,1,8.4,4,3.9,2.83,199,28.3,23,99,"41,724","31,425",43.0%,"17,661","13,764",84.1%,"39,929.87","13,664.28","25,659.28",0.351,35.7%,20.15,"1,366.3",163.3,0.463
1397,01/05/2025,2025,May,5,Q2,JERANTUT,TENGAH,JENGKA 8,Luar Bandar,"2,900",36,"8,518","1,929","74,172","36,027","4,433","1,777",56.2%,0.957,"34,204",0.4024,"3,847","4,770",5,23,1,8.4,3,3.5,2.61,98,28.5,25,99.5,"42,237","31,935",43.1%,"17,947","13,988",82.5%,"40,420.81","13,763.69","22,380.69",0.302,44.6%,20.95,"1,388.5",160.0,0.461
1398,01/06/2025,2025,Jun,6,Q2,JERANTUT,TENGAH,JENGKA 8,Luar Bandar,"2,900",36,"8,518","2,012","75,829","39,495","4,668","1,923",56.2%,0.957,"33,227",0.4003,"4,571","3,245",5,23,0,8.4,2,0,3.16,135,28.6,19.5,96.9,"46,086","29,743",39.2%,"16,716","13,027",87.2%,"44,104.30","13,300.77","21,116.77",0.278,52.1%,21.92,"1,293.2",180.3,0.438
1399,01/07/2025,2025,Jul,7,Q3,JERANTUT,TENGAH,JENGKA 8,Luar Bandar,"2,900",36,"8,518","1,919","76,426","37,130","3,775","1,839",56.2%,0.957,"32,085",0.3953,"4,229","6,425",5,23,1,8.4,6,3,1.99,132,27.2,26.6,97.2,"42,744","33,682",44.1%,"18,929","14,753",85.0%,"40,906.01","12,683.20","23,337.20",0.305,42.9%,21.32,"1,464.4",161.9,0.420
1400,01/08/2025,2025,Aug,8,Q3,JERANTUT,TENGAH,JENGKA 8,Luar Bandar,"2,900",36,"8,518","2,004","73,958","38,362","4,040","1,772",56.2%,0.957,"35,924",0.4075,"4,852","6,810",5,23,1,8.4,5,2.7,2.56,117,27.7,29.3,97.6,"44,174","29,784",40.3%,"16,739","13,045",82.3%,"42,274.52","14,639.03","26,301.03",0.356,37.8%,21.10,"1,295.0",167.3,0.486
1401,01/09/2025,2025,Sep,9,Q3,JERANTUT,TENGAH,JENGKA 8,Luar Bandar,"2,900",36,"8,518","2,137","71,200","38,355","3,739","1,742",56.2%,0.957,"31,248",0.4005,"3,639","4,405",5,23,1,8.4,3,3.2,3.11,105,27.3,14.6,97.9,"43,836","27,364",38.4%,"15,379","11,985",81.8%,"41,951.05","12,514.82","20,558.82",0.289,51.0%,19.63,"1,189.7",171.5,0.439
1402,01/10/2025,2025,Oct,10,Q4,JERANTUT,TENGAH,JENGKA 8,Luar Bandar,"2,900",36,"8,518","1,946","67,543","31,224","3,867","1,688",56.2%,0.957,"31,727",0.3930,"4,560","7,251",5,23,1,8.4,4,2.6,2.54,251,27.8,25.9,99.6,"36,779","30,764",45.5%,"17,289","13,475",75.1%,"35,197.50","12,468.71","24,279.71",0.359,31.0%,18.09,"1,337.6",139.3,0.470
1403,01/11/2025,2025,Nov,11,Q4,JERANTUT,TENGAH,JENGKA 8,Luar Bandar,"2,900",36,"8,518","1,919","64,494","33,008","3,351","1,823",56.2%,0.957,"29,694",0.3928,"4,133","5,153",5,23,1,8.4,6,4.9,3.16,414,26.8,40.5,98.6,"38,182","26,312",40.8%,"14,787","11,525",74.1%,"36,540.17","11,663.80","20,949.80",0.325,42.7%,19.04,"1,144.0",149.4,0.460
1404,01/12/2025,2025,Dec,12,Q4,JERANTUT,TENGAH,JENGKA 8,Luar Bandar,"2,900",36,"8,518","1,983","72,603","36,531","3,535","1,775",56.2%,0.957,"33,290",0.4069,"4,388","7,077",5,23,1,8.4,3,2.5,3.26,340,26.4,21.3,97.1,"41,841","30,762",42.4%,"17,288","13,474",80.8%,"40,041.84","13,545.70","25,010.70",0.344,37.5%,20.19,"1,337.5",158.5,0.459
1405,01/01/2023,2023,Jan,1,Q1,JERANTUT,TENGAH,SG TEKAM UTARA,Luar Bandar,"4,600",25,"11,982","2,869","102,165","51,363","3,702","2,492",84.6%,1.019,"41,256",0.3753,"8,496","5,705",8,24,1,10.7,5,4.4,3.15,109,26.6,23.6,97.4,"57,557","44,608",43.7%,"37,738","6,870",71.6%,"58,650.58","15,483.38","29,684.38",0.291,49.4%,20.44,"1,858.7",155.0,0.404
1406,01/02/2023,2023,Feb,2,Q1,JERANTUT,TENGAH,SG TEKAM UTARA,Luar Bandar,"4,600",25,"11,982","2,923","90,915","46,942","3,071","1,974",84.6%,1.019,"35,105",0.3822,"6,682","6,550",8,24,1,10.7,6,4.5,2.02,67,26.9,19.3,97,"51,987","38,928",42.8%,"32,933","5,995",70.6%,"52,974.75","13,417.13","26,649.13",0.293,49.7%,18.12,"1,622.0",155.0,0.386
1407,01/03/2023,2023,Mar,3,Q1,JERANTUT,TENGAH,SG TEKAM UTARA,Luar Bandar,"4,600",25,"11,982","2,944","105,579","54,309","3,602","2,900",84.6%,1.019,"41,418",0.3755,"8,548","5,198",8,24,1,10.7,4,4,2.68,119,28.2,16.9,100,"60,811","44,768",42.4%,"37,874","6,894",74.0%,"61,966.41","15,552.46","29,298.46",0.278,52.7%,21.05,"1,865.3",163.7,0.392
1408,01/04/2023,2023,Apr,4,Q2,JERANTUT,TENGAH,SG TEKAM UTARA,Luar Bandar,"4,600",25,"11,982","2,910","103,484","52,877","3,322","2,713",84.6%,1.019,"40,558",0.3684,"8,214","6,012",8,24,1,10.7,5,3,1.74,160,28.4,25,99.1,"58,912","44,572",43.1%,"37,708","6,864",75.0%,"60,031.33","14,941.57","29,167.57",0.282,51.4%,20.63,"1,857.2",163.9,0.392
1409,01/05/2023,2023,May,5,Q2,JERANTUT,TENGAH,SG TEKAM UTARA,Luar Bandar,"4,600",25,"11,982","2,947","101,904","49,859","3,412","2,621",84.6%,1.019,"41,160",0.3773,"8,184","7,049",8,24,1,10.7,5,4.1,2.86,210,28,19.7,99.3,"55,892","46,012",45.2%,"38,926","7,086",71.5%,"56,953.95","15,529.67","30,762.67",0.302,46.0%,19.33,"1,917.2",150.5,0.404
1410,01/06/2023,2023,Jun,6,Q2,JERANTUT,TENGAH,SG TEKAM UTARA,Luar Bandar,"4,600",25,"11,982","2,796","101,452","49,632","3,838","2,643",84.6%,1.019,"38,661",0.3723,"7,366","6,330",8,24,1,10.7,4,2.9,2.05,147,28.1,13.9,99.9,"56,113","45,339",44.7%,"38,357","6,982",73.5%,"57,179.15","14,393.49","28,089.49",0.277,50.9%,20.45,"1,889.1",156.1,0.381
1411,01/07/2023,2023,Jul,7,Q3,JERANTUT,TENGAH,SG TEKAM UTARA,Luar Bandar,"4,600",25,"11,982","2,889","102,629","48,526","3,514","2,685",84.6%,1.019,"38,158",0.3790,"9,116","6,094",8,24,1,10.7,4,2,3.02,72,27.5,13.9,97.8,"54,725","47,904",46.7%,"40,527","7,377",72.0%,"55,764.78","14,461.88","29,671.88",0.289,46.8%,19.30,"1,996.0",147.3,0.372
1412,01/08/2023,2023,Aug,8,Q3,JERANTUT,TENGAH,SG TEKAM UTARA,Luar Bandar,"4,600",25,"11,982","2,966","103,567","54,949","3,444","3,204",84.6%,1.019,"40,312",0.3847,"7,417","7,265",8,24,1,10.7,6,4.6,2.89,108,27.7,17.6,98,"61,597","41,970",40.5%,"35,507","6,463",72.6%,"62,767.34","15,508.03","30,190.03",0.292,51.9%,21.16,"1,748.8",165.8,0.389
1413,01/09/2023,2023,Sep,9,Q3,JERANTUT,TENGAH,SG TEKAM UTARA,Luar Bandar,"4,600",25,"11,982","2,796","95,139","47,806","3,061","2,818",84.6%,1.019,"34,764",0.3713,"6,784","4,983",8,24,1,10.7,4,4.6,1.94,115,27.7,17.5,98.9,"53,685","41,454",43.6%,"35,070","6,384",68.9%,"54,705.02","12,907.87","24,674.87",0.259,54.9%,19.57,"1,727.3",149.3,0.365
1414,01/10/2023,2023,Oct,10,Q4,JERANTUT,TENGAH,SG TEKAM UTARA,Luar Bandar,"4,600",25,"11,982","2,791","96,142","49,023","3,483","2,687",84.6%,1.019,"38,167",0.3781,"8,134","5,731",8,24,1,10.7,4,4.4,1.92,188,27.9,31.7,98.6,"55,193","40,949",42.6%,"34,643","6,306",67.4%,"56,241.67","14,430.94","28,295.94",0.294,49.7%,20.15,"1,706.2",148.6,0.397
1415,01/11/2023,2023,Nov,11,Q4,JERANTUT,TENGAH,SG TEKAM UTARA,Luar Bandar,"4,600",25,"11,982","2,757","94,621","45,292","3,121","2,450",84.6%,1.019,"36,639",0.3669,"7,378","9,874",8,24,2,10.7,9,6.5,1.74,231,26.5,36,99.8,"50,863","43,758",46.2%,"37,019","6,739",68.6%,"51,829.40","13,442.85","30,694.85",0.324,40.8%,18.80,"1,823.3",141.5,0.387
1416,01/12/2023,2023,Dec,12,Q4,JERANTUT,TENGAH,SG TEKAM UTARA,Luar Bandar,"4,600",25,"11,982","2,912","92,574","47,280","3,107","2,639",84.6%,1.019,"34,906",0.3836,"8,754","7,678",8,24,2,10.7,9,5.3,2.4,405,27.2,36.1,97.9,"53,026","39,548",42.7%,"33,458","6,090",64.9%,"54,033.49","13,389.94","29,821.94",0.322,44.8%,18.56,"1,647.8",142.8,0.377
1417,01/01/2024,2024,Jan,1,Q1,JERANTUT,TENGAH,SG TEKAM UTARA,Luar Bandar,"4,600",26,"12,237","3,085","104,866","56,905","3,662","2,724",84.6%,1.019,"41,010",0.3791,"7,548","5,683",8,24,1,11.7,6,2.8,2.58,140,26.6,27.1,98.6,"63,291","41,575",39.6%,"35,172","6,403",73.5%,"64,493.53","15,546.89","28,777.89",0.274,55.4%,20.91,"1,732.3",166.8,0.391
1418,01/02/2024,2024,Feb,2,Q1,JERANTUT,TENGAH,SG TEKAM UTARA,Luar Bandar,"4,600",26,"12,237","2,947","88,303","41,997","2,917","2,162",84.6%,1.019,"34,280",0.3969,"6,334","6,569",8,24,1,11.7,6,4.4,2.13,126,27.4,25.3,97.1,"47,076","41,227",46.7%,"34,878","6,349",66.2%,"47,970.44","13,605.73","26,508.73",0.300,44.7%,16.28,"1,717.8",132.7,0.388
1419,01/03/2024,2024,Mar,3,Q1,JERANTUT,TENGAH,SG TEKAM UTARA,Luar Bandar,"4,600",26,"12,237","2,786","105,633","56,504","4,093","2,977",84.6%,1.019,"38,672",0.3956,"7,942","4,977",8,24,1,11.7,6,4.3,2.73,182,27.7,16.5,96.8,"63,574","42,059",39.8%,"35,582","6,477",74.1%,"64,781.91","15,298.64","28,217.64",0.267,56.4%,23.25,"1,752.5",167.6,0.366
1420,01/04/2024,2024,Apr,4,Q2,JERANTUT,TENGAH,SG TEKAM UTARA,Luar Bandar,"4,600",26,"12,237","3,037","109,623","55,348","3,897","2,677",84.6%,1.019,"43,936",0.3862,"8,357","7,326",8,24,1,11.7,3,3.4,2.38,116,27.9,16.3,98.2,"61,922","47,701",43.5%,"40,355","7,346",79.4%,"63,098.52","16,968.08","32,651.08",0.298,48.3%,20.78,"1,987.5",168.7,0.401
1421,01/05/2024,2024,May,5,Q2,JERANTUT,TENGAH,SG TEKAM UTARA,Luar Bandar,"4,600",26,"12,237","2,952","113,691","58,339","4,199","2,524",84.6%,1.019,"45,843",0.3833,"8,578","6,700",8,24,1,11.7,7,2.9,2.58,211,28.3,27.5,97.1,"65,062","48,629",42.8%,"41,140","7,489",79.7%,"66,298.18","17,571.62","32,849.62",0.289,50.5%,22.46,"2,026.2",171.5,0.403
1422,01/06/2024,2024,Jun,6,Q2,JERANTUT,TENGAH,SG TEKAM UTARA,Luar Bandar,"4,600",26,"12,237","2,804","101,885","53,274","3,779","2,249",84.6%,1.019,"38,370",0.3903,"7,614","4,645",8,24,1,11.7,5,4,1.83,119,27.8,18.1,99.1,"59,302","42,583",41.8%,"36,025","6,558",73.8%,"60,428.74","14,975.81","27,234.81",0.267,54.9%,21.55,"1,774.3",161.5,0.377
1423,01/07/2024,2024,Jul,7,Q3,JERANTUT,TENGAH,SG TEKAM UTARA,Luar Bandar,"4,600",26,"12,237","2,817","107,765","50,674","3,654","2,549",84.6%,1.019,"40,459",0.3841,"9,135","6,635",8,24,1,11.7,7,3.9,2.59,151,27.1,31.6,97.4,"56,877","50,888",47.2%,"43,051","7,837",75.6%,"57,957.66","15,540.30","31,310.30",0.291,46.0%,20.57,"2,120.3",149.9,0.375
1424,01/08/2024,2024,Aug,8,Q3,JERANTUT,TENGAH,SG TEKAM UTARA,Luar Bandar,"4,600",26,"12,237","3,034","112,004","53,200","4,262","2,707",84.6%,1.019,"44,782",0.3800,"8,966","6,347",8,24,1,11.7,5,4.3,1.87,79,27.7,19.6,97.2,"60,169","51,835",46.3%,"43,852","7,983",78.5%,"61,312.21","17,017.16","32,330.16",0.289,47.3%,20.21,"2,159.8",158.6,0.400
1425,01/09/2024,2024,Sep,9,Q3,JERANTUT,TENGAH,SG TEKAM UTARA,Luar Bandar,"4,600",26,"12,237","2,805","100,833","50,110","3,242","2,738",84.6%,1.019,"41,571",0.3785,"9,341","10,623",8,24,2,11.7,9,6.7,1.68,114,27.7,23.8,98.2,"56,090","44,743",44.4%,"37,853","6,890",73.1%,"57,155.71","15,734.62","35,698.62",0.354,37.5%,20.38,"1,864.3",152.8,0.412
1426,01/10/2024,2024,Oct,10,Q4,JERANTUT,TENGAH,SG TEKAM UTARA,Luar Bandar,"4,600",26,"12,237","2,874","106,663","55,477","3,898","3,306",84.6%,1.019,"39,403",0.3850,"9,763","6,777",8,24,1,11.7,7,3.3,2.69,156,26.7,32.3,99.7,"62,681","43,982",41.2%,"37,209","6,773",74.8%,"63,871.94","15,170.16","31,710.16",0.297,50.4%,22.22,"1,832.6",165.2,0.369
1427,01/11/2024,2024,Nov,11,Q4,JERANTUT,TENGAH,SG TEKAM UTARA,Luar Bandar,"4,600",26,"12,237","3,001","92,620","45,352","3,358","1,969",84.6%,1.019,"33,582",0.3958,"7,101","5,054",8,24,1,11.7,4,3.9,1.92,303,27.1,27.8,99.5,"50,679","41,941",45.3%,"35,482","6,459",67.1%,"51,641.90","13,291.76","25,446.76",0.275,50.7%,17.21,"1,747.5",138.0,0.363
1428,01/12/2024,2024,Dec,12,Q4,JERANTUT,TENGAH,SG TEKAM UTARA,Luar Bandar,"4,600",26,"12,237","2,806","96,956","51,564","3,906","2,245",84.6%,1.019,"40,555",0.3889,"6,982","4,804",8,24,1,11.7,5,3,2.93,419,26.2,37.3,99.5,"57,715","39,241",40.5%,"33,198","6,043",68.0%,"58,811.59","15,771.84","27,557.84",0.284,53.1%,20.96,"1,635.0",152.1,0.418
1429,01/01/2025,2025,Jan,1,Q1,JERANTUT,TENGAH,SG TEKAM UTARA,Luar Bandar,"4,600",27,"12,528","2,914","97,879","46,952","3,568","2,079",84.6%,1.019,"37,396",0.3991,"9,210","6,929",8,24,2,12.7,6,8.6,2.59,173,26.5,17.1,98.5,"52,599","45,280",46.3%,"38,307","6,973",68.6%,"53,598.38","14,924.74","31,063.74",0.317,42.0%,18.39,"1,886.7",135.4,0.382
1430,01/02/2025,2025,Feb,2,Q1,JERANTUT,TENGAH,SG TEKAM UTARA,Luar Bandar,"4,600",27,"12,528","2,900","97,952","47,817","3,561","2,221",84.6%,1.019,"37,818",0.4085,"7,900","5,473",8,24,1,12.7,4,4.6,1.69,140,27.2,18.4,97.6,"53,599","44,353",45.3%,"37,523","6,830",76.0%,"54,617.38","15,448.65","28,821.65",0.294,47.2%,18.83,"1,848.0",152.8,0.386
1431,01/03/2025,2025,Mar,3,Q1,JERANTUT,TENGAH,SG TEKAM UTARA,Luar Bandar,"4,600",27,"12,528","2,876","113,150","56,787","3,811","2,525",84.6%,1.019,"44,225",0.3966,"8,681","6,646",8,24,1,12.7,4,4.8,2.01,153,27.5,20,97.7,"63,123","50,027",44.2%,"42,323","7,704",79.3%,"64,322.34","17,539.64","32,866.64",0.290,48.9%,22.37,"2,084.5",162.5,0.391
1432,01/04/2025,2025,Apr,4,Q2,JERANTUT,TENGAH,SG TEKAM UTARA,Luar Bandar,"4,600",27,"12,528","2,839","103,430","52,926","3,526","2,254",84.6%,1.019,"38,185",0.4033,"8,969","9,528",8,24,2,12.7,8,6.8,2.46,205,28.1,32.6,98.7,"58,706","44,724",43.2%,"37,837","6,887",74.9%,"59,821.41","15,400.01","33,897.01",0.328,43.3%,21.07,"1,863.5",156.2,0.369
1433,01/05/2025,2025,May,5,Q2,JERANTUT,TENGAH,SG TEKAM UTARA,Luar Bandar,"4,600",27,"12,528","2,811","113,174","59,056","4,458","2,739",84.6%,1.019,"45,517",0.3930,"10,546","6,867",8,24,1,12.7,6,3.3,1.94,125,28.2,20.9,97.6,"66,253","46,921",41.5%,"39,695","7,226",79.4%,"67,511.81","17,888.18","35,301.18",0.312,47.7%,24.02,"1,955.0",170.6,0.402
1434,01/06/2025,2025,Jun,6,Q2,JERANTUT,TENGAH,SG TEKAM UTARA,Luar Bandar,"4,600",27,"12,528","2,805","114,659","57,105","4,118","2,821",84.6%,1.019,"43,521",0.3891,"10,680","8,908",8,24,2,12.7,5,4.9,2.44,79,28.8,19.7,99.4,"64,044","50,615",44.1%,"42,820","7,795",83.1%,"65,260.84","16,934.02","36,522.02",0.319,44.0%,23.27,"2,109.0",170.4,0.380
1435,01/07/2025,2025,Jul,7,Q3,JERANTUT,TENGAH,SG TEKAM UTARA,Luar Bandar,"4,600",27,"12,528","3,086","114,483","55,348","4,442","2,930",84.6%,1.019,"43,399",0.4023,"8,512","7,380",8,24,2,12.7,9,4.8,2.61,71,27.7,11.3,96.7,"62,720","51,763",45.2%,"43,791","7,972",80.3%,"63,911.68","17,459.42","33,351.42",0.291,47.8%,20.71,"2,156.8",161.5,0.379
1436,01/08/2025,2025,Aug,8,Q3,JERANTUT,TENGAH,SG TEKAM UTARA,Luar Bandar,"4,600",27,"12,528","3,013","106,668","56,391","4,214","3,230",84.6%,1.019,"44,633",0.4008,"8,939","5,110",8,24,1,12.7,4,2.2,3.26,100,27.9,19,99.7,"63,835","42,833",40.2%,"36,237","6,596",74.8%,"65,047.87","17,888.91","31,937.91",0.299,50.9%,21.59,"1,784.7",164.4,0.418
1437,01/09/2025,2025,Sep,9,Q3,JERANTUT,TENGAH,SG TEKAM UTARA,Luar Bandar,"4,600",27,"12,528","2,920","108,466","55,958","3,900","2,857",84.6%,1.019,"43,296",0.3951,"7,703","6,632",8,24,1,12.7,6,3.7,2.67,150,28.1,19.7,96.9,"62,715","45,751",42.2%,"38,705","7,046",78.6%,"63,906.59","17,106.25","31,441.25",0.290,50.8%,21.89,"1,906.3",166.9,0.399
1438,01/10/2025,2025,Oct,10,Q4,JERANTUT,TENGAH,SG TEKAM UTARA,Luar Bandar,"4,600",27,"12,528","2,813","108,012","52,240","3,474","2,990",84.6%,1.019,"43,549",0.3923,"9,334","3,068",8,24,0,12.7,2,0,1.85,236,28,,96.9,"58,704","49,308",45.7%,"41,715","7,593",75.7%,"59,819.38","17,084.27","29,486.27",0.273,50.7%,21.27,"2,054.5",151.2,0.403
1439,01/11/2025,2025,Nov,11,Q4,JERANTUT,TENGAH,SG TEKAM UTARA,Luar Bandar,"4,600",27,"12,528","2,872","103,664","51,955","4,159","2,811",84.6%,1.019,"39,794",0.3973,"9,080","6,786",8,24,1,12.7,4,3.1,2.21,362,27.4,35.6,99.2,"58,925","44,739",43.2%,"37,849","6,890",75.1%,"60,044.58","15,810.16","31,676.16",0.306,47.2%,20.91,"1,864.1",156.8,0.384
1440,01/12/2025,2025,Dec,12,Q4,JERANTUT,TENGAH,SG TEKAM UTARA,Luar Bandar,"4,600",27,"12,528","2,990","106,402","51,937","3,501","2,422",84.6%,1.019,"42,532",0.3909,"8,770","4,981",8,24,1,12.7,7,3.2,2.62,231,26.4,36.5,99.5,"57,860","48,542",45.6%,"41,067","7,475",74.6%,"58,959.34","16,625.76","30,376.76",0.285,48.5%,19.72,"2,022.6",149.0,0.400
1441,01/01/2023,2023,Jan,1,Q1,JERANTUT,TENGAH,KG BANTAL,Pinggir Bandar,"9,500",13,"25,415","5,957","218,449","110,005","17,863","5,767",73.5%,1.140,"114,976",0.3664,"18,228","9,632",12,30,2,4.9,12,7.4,1.71,147,27.4,18.7,98.6,"133,635","84,814",38.8%,"62,338","22,476",74.2%,"152,343.90","42,127.21","69,987.21",0.320,54.1%,25.57,"2,827.1",169.6,0.526
1442,01/02/2023,2023,Feb,2,Q1,JERANTUT,TENGAH,KG BANTAL,Pinggir Bandar,"9,500",13,"25,415","5,813","200,241","98,984","16,207","5,616",73.5%,1.140,"116,192",0.3748,"15,331","7,190",12,30,1,4.9,11,2.5,3.03,111,27.3,23.6,98.9,"120,807","79,434",39.7%,"58,384","21,050",75.3%,"137,719.98","43,548.76","66,069.76",0.330,52.0%,23.69,"2,647.8",169.8,0.580
1443,01/03/2023,2023,Mar,3,Q1,JERANTUT,TENGAH,KG BANTAL,Pinggir Bandar,"9,500",13,"25,415","5,942","205,853","98,170","16,335","5,234",73.5%,1.140,"113,379",0.3832,"17,630","11,591",12,30,2,4.9,10,6.9,2.69,127,28.5,18.5,97.7,"119,739","86,114",41.8%,"63,294","22,820",69.9%,"136,502.46","43,446.83","72,667.83",0.353,46.8%,22.97,"2,870.5",152.0,0.551
1444,01/04/2023,2023,Apr,4,Q2,JERANTUT,TENGAH,KG BANTAL,Pinggir Bandar,"9,500",13,"25,415","6,286","224,465","119,460","17,650","6,122",73.5%,1.140,"118,413",0.3677,"16,911","6,971",12,30,1,4.9,13,3.4,2.05,126,27.7,25.4,99.8,"143,232","81,233",36.2%,"59,706","21,527",78.8%,"163,284.48","43,540.46","67,422.46",0.300,58.7%,25.98,"2,707.8",187.9,0.528
1445,01/05/2023,2023,May,5,Q2,JERANTUT,TENGAH,KG BANTAL,Pinggir Bandar,"9,500",13,"25,415","6,382","235,657","120,180","22,247","7,954",73.5%,1.140,"142,620",0.3806,"19,843","8,066",12,30,1,4.9,7,2.8,2.08,148,27.8,21.1,97.9,"150,381","85,276",36.2%,"62,678","22,598",80.0%,"171,434.34","54,281.17","82,190.17",0.349,52.1%,26.86,"2,842.5",190.9,0.605
1446,01/06/2023,2023,Jun,6,Q2,JERANTUT,TENGAH,KG BANTAL,Pinggir Bandar,"9,500",13,"25,415","6,280","233,398","108,431","19,721","7,420",73.5%,1.140,"134,514",0.3809,"16,818","7,745",12,30,1,4.9,12,4.6,2.98,104,28,22.8,97.9,"135,572","97,826",41.9%,"71,902","25,924",81.9%,"154,552.08","51,236.38","75,799.38",0.325,51.0%,24.61,"3,260.9",177.8,0.576
1447,01/07/2023,2023,Jul,7,Q3,JERANTUT,TENGAH,KG BANTAL,Pinggir Bandar,"9,500",13,"25,415","5,721","235,667","117,176","18,463","7,517",73.5%,1.140,"131,651",0.3829,"16,621","11,449",12,30,2,4.9,14,9.5,2.43,125,27.5,14.5,98.1,"143,156","92,511",39.3%,"67,996","24,515",80.0%,"163,197.84","50,409.17","78,479.17",0.333,51.9%,28.53,"3,083.7",181.7,0.559
1448,01/08/2023,2023,Aug,8,Q3,JERANTUT,TENGAH,KG BANTAL,Pinggir Bandar,"9,500",13,"25,415","5,982","220,763","106,916","16,881","5,089",73.5%,1.140,"121,958",0.3776,"16,173","6,499",12,30,1,4.9,10,2.9,2.26,114,27.3,23.1,99.6,"128,886","91,877",41.6%,"67,530","24,347",75.0%,"146,930.04","46,051.34","68,723.34",0.311,53.2%,24.56,"3,062.6",163.6,0.552
1449,01/09/2023,2023,Sep,9,Q3,JERANTUT,TENGAH,KG BANTAL,Pinggir Bandar,"9,500",13,"25,415","5,928","204,719","107,520","15,669","5,103",73.5%,1.140,"115,154",0.3680,"14,127","8,398",12,30,1,4.9,5,4.8,3.1,209,27.7,34.8,98.3,"128,292","76,427",37.3%,"56,174","20,253",71.8%,"146,252.88","42,376.67","64,901.67",0.317,55.6%,24.67,"2,547.6",168.3,0.562
1450,01/10/2023,2023,Oct,10,Q4,JERANTUT,TENGAH,KG BANTAL,Pinggir Bandar,"9,500",13,"25,415","5,740","206,002","96,545","17,880","5,842",73.5%,1.140,"121,673",0.3815,"18,019","7,078",12,30,2,4.9,9,9,2.05,158,27.5,28.4,97.7,"120,267","85,735",41.6%,"63,015","22,720",69.9%,"137,104.38","46,418.25","71,515.25",0.347,47.8%,23.89,"2,857.8",152.6,0.591
1451,01/11/2023,2023,Nov,11,Q4,JERANTUT,TENGAH,KG BANTAL,Pinggir Bandar,"9,500",13,"25,415","5,874","197,238","103,421","17,081","5,403",73.5%,1.140,"108,782",0.3728,"17,177","5,885",12,30,1,4.9,11,2.3,1.79,344,27,29.4,98.2,"125,905","71,333",36.2%,"52,430","18,903",69.2%,"143,531.70","40,553.93","63,615.93",0.323,55.7%,24.44,"2,377.8",165.1,0.552
1452,01/12/2023,2023,Dec,12,Q4,JERANTUT,TENGAH,KG BANTAL,Pinggir Bandar,"9,500",13,"25,415","6,366","207,901","101,982","15,663","6,107",73.5%,1.140,"113,928",0.3695,"17,017","6,854",12,30,1,4.9,13,4.7,3.25,237,26,27.6,97.7,"123,752","84,149",40.5%,"61,850","22,299",70.6%,"141,077.28","42,096.40","65,967.40",0.317,53.2%,22.16,"2,805.0",157.1,0.548
1453,01/01/2024,2024,Jan,1,Q1,JERANTUT,TENGAH,KG BANTAL,Pinggir Bandar,"9,500",14,"25,980","6,018","212,511","108,424","18,617","6,542",73.5%,1.140,"127,986",0.3774,"16,746","6,641",12,30,1,5.9,5,4.2,3.31,146,27.4,21.4,99.8,"133,583","78,928",37.1%,"58,012","20,916",72.2%,"152,284.62","48,301.92","71,688.92",0.337,52.9%,25.30,"2,630.9",165.9,0.602
1454,01/02/2024,2024,Feb,2,Q1,JERANTUT,TENGAH,KG BANTAL,Pinggir Bandar,"9,500",14,"25,980","5,868","194,703","103,697","15,211","5,847",73.5%,1.140,"105,753",0.3894,"13,198","7,580",12,30,1,5.9,13,3,2.32,142,27.8,23.2,96.8,"124,755","69,948",35.9%,"51,412","18,536",70.7%,"142,220.70","41,180.22","61,958.22",0.318,56.4%,24.24,"2,331.6",165.6,0.543
1455,01/03/2024,2024,Mar,3,Q1,JERANTUT,TENGAH,KG BANTAL,Pinggir Bandar,"9,500",14,"25,980","5,934","232,452","119,759","20,192","7,179",73.5%,1.140,"127,564",0.3819,"16,288","7,634",12,30,1,5.9,11,4.4,2.61,142,28.4,14.3,99.4,"147,130","85,322",36.7%,"62,712","22,610",78.9%,"167,728.20","48,716.69","72,638.69",0.312,56.7%,28.27,"2,844.1",182.7,0.549
1456,01/04/2024,2024,Apr,4,Q2,JERANTUT,TENGAH,KG BANTAL,Pinggir Bandar,"9,500",14,"25,980","5,835","214,579","112,439","20,503","7,004",73.5%,1.140,"115,633",0.3880,"16,769","6,306",12,30,1,5.9,7,2.6,3.34,227,27.9,30.4,96.7,"139,946","74,633",34.8%,"54,855","19,778",75.3%,"159,538.44","44,865.60","67,940.60",0.317,57.4%,27.34,"2,487.8",179.6,0.539
1457,01/05/2024,2024,May,5,Q2,JERANTUT,TENGAH,KG BANTAL,Pinggir Bandar,"9,500",14,"25,980","5,979","237,657","120,935","17,125","6,513",73.5%,1.140,"138,236",0.3881,"19,223","10,439",12,30,2,5.9,15,4,2.7,188,29.1,21.4,99.9,"144,573","93,084",39.2%,"68,417","24,667",80.7%,"164,813.22","53,649.39","83,311.39",0.351,49.5%,27.57,"3,102.8",179.5,0.582
1458,01/06/2024,2024,Jun,6,Q2,JERANTUT,TENGAH,KG BANTAL,Pinggir Bandar,"9,500",14,"25,980","5,834","236,283","127,485","18,628","7,450",73.5%,1.140,"139,386",0.3826,"20,365","8,393",12,30,1,5.9,6,3.7,1.89,84,27.9,18.6,97.8,"153,563","82,720",35.0%,"60,799","21,921",82.9%,"175,061.82","53,329.08","82,087.08",0.347,53.1%,30.01,"2,757.3",197.0,0.590
1459,01/07/2024,2024,Jul,7,Q3,JERANTUT,TENGAH,KG BANTAL,Pinggir Bandar,"9,500",14,"25,980","5,929","238,049","120,026","22,000","6,115",73.5%,1.140,"123,912",0.3832,"16,828","8,060",12,30,1,5.9,9,3,3.19,80,27.1,22,98.3,"148,141","89,908",37.8%,"66,082","23,826",80.8%,"168,880.74","47,483.08","72,371.08",0.304,57.1%,28.48,"2,996.9",183.9,0.521
1460,01/08/2024,2024,Aug,8,Q3,JERANTUT,TENGAH,KG BANTAL,Pinggir Bandar,"9,500",14,"25,980","6,163","238,130","120,679","19,648","6,233",73.5%,1.140,"143,854",0.3791,"18,234","10,150",12,30,2,5.9,13,6.8,1.92,122,27.5,21,97.2,"146,560","91,570",38.5%,"67,304","24,266",80.9%,"167,078.40","54,535.05","82,919.05",0.348,50.4%,27.11,"3,052.3",182.0,0.604
1461,01/09/2024,2024,Sep,9,Q3,JERANTUT,TENGAH,KG BANTAL,Pinggir Bandar,"9,500",14,"25,980","5,832","211,462","110,460","18,980","6,326",73.5%,1.140,"110,205",0.3858,"15,260","3,740",12,30,0,5.9,4,0,2.71,122,27.5,16.9,99,"135,766","75,696",35.8%,"55,637","20,059",74.2%,"154,773.24","42,517.09","61,517.09",0.291,60.3%,26.54,"2,523.2",174.2,0.521
1462,01/10/2024,2024,Oct,10,Q4,JERANTUT,TENGAH,KG BANTAL,Pinggir Bandar,"9,500",14,"25,980","6,481","205,460","103,924","16,165","6,591",73.5%,1.140,"109,399",0.3818,"18,342","7,389",12,30,1,5.9,10,2,2.51,196,27.2,36.7,99.6,"126,680","78,780",38.3%,"57,903","20,877",69.8%,"144,415.20","41,768.54","67,499.54",0.329,53.3%,22.28,"2,626.0",157.3,0.532
1463,01/11/2024,2024,Nov,11,Q4,JERANTUT,TENGAH,KG BANTAL,Pinggir Bandar,"9,500",14,"25,980","6,286","197,403","102,787","19,188","6,567",73.5%,1.140,"106,937",0.3905,"15,424","11,268",12,30,2,5.9,15,6.1,1.95,342,26.6,28.9,99.3,"128,542","68,861",34.9%,"50,613","18,248",69.3%,"146,537.88","41,758.90","68,450.90",0.347,53.3%,23.31,"2,295.4",164.9,0.542
1464,01/12/2024,2024,Dec,12,Q4,JERANTUT,TENGAH,KG BANTAL,Pinggir Bandar,"9,500",14,"25,980","6,017","211,962","104,922","15,947","5,397",73.5%,1.140,"126,190",0.3840,"15,900","5,789",12,30,1,5.9,11,1.9,2.31,336,26.5,30.2,98.7,"126,266","85,696",40.4%,"62,987","22,709",72.0%,"143,943.24","48,456.96","70,145.96",0.331,51.3%,23.92,"2,856.5",156.8,0.595
1465,01/01/2025,2025,Jan,1,Q1,JERANTUT,TENGAH,KG BANTAL,Pinggir Bandar,"9,500",15,"26,509","6,607","221,914","116,497","19,624","7,038",73.5%,1.140,"132,600",0.4076,"16,521","5,868",12,30,1,6.9,6,3.2,2.47,100,26.7,25.7,99.5,"143,159","78,755",35.5%,"57,885","20,870",75.4%,"163,201.26","54,047.76","76,436.76",0.344,53.2%,24.70,"2,625.2",174.2,0.598
1466,01/02/2025,2025,Feb,2,Q1,JERANTUT,TENGAH,KG BANTAL,Pinggir Bandar,"9,500",15,"26,509","6,399","206,569","107,626","15,192","5,883",73.5%,1.140,"109,989",0.3958,"17,312","7,047",12,30,1,6.9,12,2.8,2.12,82,26.8,15,96.9,"128,701","77,868",37.7%,"57,233","20,635",77.7%,"146,719.14","43,533.65","67,892.65",0.329,53.7%,22.93,"2,595.6",173.4,0.532
1467,01/03/2025,2025,Mar,3,Q1,JERANTUT,TENGAH,KG BANTAL,Pinggir Bandar,"9,500",15,"26,509","6,067","234,444","116,833","18,873","7,667",73.5%,1.140,"128,539",0.4008,"17,269","9,226",12,30,2,6.9,11,4,2.26,153,28.2,34.4,99.2,"143,373","91,071",38.8%,"66,937","24,134",79.6%,"163,445.22","51,518.43","78,013.43",0.333,52.3%,26.94,"3,035.7",174.5,0.548
1468,01/04/2025,2025,Apr,4,Q2,JERANTUT,TENGAH,KG BANTAL,Pinggir Bandar,"9,500",15,"26,509","6,193","226,273","124,119","19,658","6,258",73.5%,1.140,"117,666",0.4072,"15,071","7,493",12,30,1,6.9,11,4.8,2.62,231,27.7,29.6,99.2,"150,035","76,238",33.7%,"56,035","20,203",79.4%,"171,039.90","47,913.60","70,477.60",0.311,58.8%,27.62,"2,541.3",188.7,0.520
1469,01/05/2025,2025,May,5,Q2,JERANTUT,TENGAH,KG BANTAL,Pinggir Bandar,"9,500",15,"26,509","6,004","236,989","127,092","23,181","7,903",73.5%,1.140,"129,070",0.3939,"18,493","7,692",12,30,1,6.9,7,4.9,2.72,181,28.2,24.8,98.2,"158,176","78,813",33.3%,"57,928","20,885",80.5%,"180,320.64","50,840.67","77,025.67",0.325,57.3%,30.03,"2,627.1",192.5,0.545
1470,01/06/2025,2025,Jun,6,Q2,JERANTUT,TENGAH,KG BANTAL,Pinggir Bandar,"9,500",15,"26,509","6,532","234,781","119,751","20,067","7,375",73.5%,1.140,"137,536",0.4020,"17,840","7,538",12,30,1,6.9,7,4.7,2.06,111,28.1,12.4,99.5,"147,193","87,588",37.3%,"64,377","23,211",82.4%,"167,800.02","55,289.47","80,667.47",0.344,51.9%,25.69,"2,919.6",185.1,0.586
1471,01/07/2025,2025,Jul,7,Q3,JERANTUT,TENGAH,KG BANTAL,Pinggir Bandar,"9,500",15,"26,509","5,983","245,052","130,067","18,676","6,378",73.5%,1.140,"135,765",0.4044,"16,995","8,204",12,30,1,6.9,9,3.2,2.08,85,27.9,26.9,99.6,"155,121","89,931",36.7%,"66,099","23,832",83.2%,"176,837.94","54,903.37","80,102.37",0.327,54.7%,29.56,"2,997.7",188.8,0.554
1472,01/08/2025,2025,Aug,8,Q3,JERANTUT,TENGAH,KG BANTAL,Pinggir Bandar,"9,500",15,"26,509","6,394","227,863","121,704","20,736","7,967",73.5%,1.140,"124,471",0.4045,"15,615","6,266",12,30,1,6.9,10,2.4,3.17,170,28.3,26.8,99.9,"150,407","77,456",34.0%,"56,930","20,526",77.4%,"171,463.98","50,348.52","72,229.52",0.317,57.9%,26.82,"2,581.9",183.0,0.546
1473,01/09/2025,2025,Sep,9,Q3,JERANTUT,TENGAH,KG BANTAL,Pinggir Bandar,"9,500",15,"26,509","6,169","218,392","119,596","17,302","7,588",73.5%,1.140,"118,044",0.3971,"14,577","5,158",12,30,1,6.9,10,2.7,2.05,138,27.7,15.7,98.6,"144,486","73,906",33.8%,"54,321","19,585",76.6%,"164,714.04","46,875.27","66,610.27",0.305,59.6%,26.70,"2,463.5",181.7,0.541
1474,01/10/2025,2025,Oct,10,Q4,JERANTUT,TENGAH,KG BANTAL,Pinggir Bandar,"9,500",15,"26,509","6,305","210,129","115,634","18,360","5,977",73.5%,1.140,"122,019",0.3895,"16,622","7,948",12,30,1,6.9,8,2,2.36,298,26.8,20.6,98.1,"139,971","70,158",33.4%,"51,566","18,592",71.4%,"159,566.94","47,526.40","72,096.40",0.343,54.8%,25.31,"2,338.6",170.3,0.581
1475,01/11/2025,2025,Nov,11,Q4,JERANTUT,TENGAH,KG BANTAL,Pinggir Bandar,"9,500",15,"26,509","6,019","198,402","101,472","15,869","5,501",73.5%,1.140,"103,310",0.4048,"14,138","7,626",12,30,1,6.9,6,3.4,2.4,351,27.7,29.8,98.3,"122,842","75,560",38.1%,"55,537","20,023",69.6%,"140,039.88","41,819.89","63,583.89",0.320,54.6%,23.27,"2,518.7",154.5,0.521
1476,01/12/2025,2025,Dec,12,Q4,JERANTUT,TENGAH,KG BANTAL,Pinggir Bandar,"9,500",15,"26,509","6,116","222,576","121,518","18,215","8,251",73.5%,1.140,"131,209",0.3963,"18,730","5,576",12,30,1,6.9,11,2.2,1.79,313,26.3,22,96.8,"147,984","74,592",33.5%,"54,825","19,767",75.6%,"168,701.76","51,998.13","76,304.13",0.343,54.8%,27.58,"2,486.4",180.1,0.590
1477,01/01/2023,2023,Jan,1,Q1,JERANTUT,TENGAH,KOTA GELANGGI,Pinggir Bandar,"29,700",14,"85,673","20,058","728,671","372,522","75,686","32,104",58.8%,1.134,"282,409",0.3713,"57,998","13,084",20,60,2,5.7,28,7,3.06,115,27,13.7,99.9,"480,312","248,359",34.1%,"146,035","102,324",79.1%,"544,673.81","104,858.46","175,940.46",0.241,67.7%,27.15,"4,139.3",180.8,0.388
1478,01/02/2023,2023,Feb,2,Q1,JERANTUT,TENGAH,KOTA GELANGGI,Pinggir Bandar,"29,700",14,"85,673","19,563","633,542","309,719","58,581","19,573",58.8%,1.134,"245,902",0.3656,"54,539","9,598",20,60,1,5.7,14,2.9,2.1,82,27.2,23.5,98.5,"387,873","245,669",38.8%,"144,453","101,216",76.2%,"439,847.98","89,901.77","154,038.77",0.243,65.0%,22.48,"4,094.5",161.7,0.388
1479,01/03/2023,2023,Mar,3,Q1,JERANTUT,TENGAH,KOTA GELANGGI,Pinggir Bandar,"29,700",14,"85,673","19,473","714,032","338,359","66,541","28,974",58.8%,1.134,"270,432",0.3723,"61,509","10,638",20,60,1,5.7,28,2.8,1.92,122,27.5,19.2,99.8,"433,874","280,158",39.2%,"164,733","115,425",77.6%,"492,013.12","100,681.83","172,828.83",0.242,64.9%,25.27,"4,669.3",163.4,0.379
1480,01/04/2023,2023,Apr,4,Q2,JERANTUT,TENGAH,KOTA GELANGGI,Pinggir Bandar,"29,700",14,"85,673","20,534","728,101","359,809","58,197","29,984",58.8%,1.134,"264,538",0.3719,"64,584","15,276",20,60,3,5.7,41,7.9,,181,28.5,25.3,98.8,"447,990","280,111",38.5%,"164,705","115,406",81.7%,"508,020.66","98,381.68","178,241.68",0.245,64.9%,24.74,"4,668.5",174.3,0.363
1481,01/05/2023,2023,May,5,Q2,JERANTUT,TENGAH,KOTA GELANGGI,Pinggir Bandar,"29,700",14,"85,673","20,271","774,418","382,877","65,210","27,806",58.8%,1.134,"288,853",0.3825,"51,886","15,305",20,60,2,5.7,26,8.2,2.11,93,28.3,13,99.2,"475,893","298,525",38.5%,"175,533","122,992",84.1%,"539,662.66","110,486.27","177,677.27",0.229,67.1%,26.62,"4,975.4",179.2,0.373
1482,01/06/2023,2023,Jun,6,Q2,JERANTUT,TENGAH,KOTA GELANGGI,Pinggir Bandar,"29,700",14,"85,673","20,979","772,160","387,132","65,493","33,623",58.8%,1.134,"288,905",0.3726,"65,070","16,117",20,60,2,5.7,25,6.1,2.23,91,28.5,16.2,99,"486,248","285,912",37.0%,"168,116","117,796",86.7%,"551,405.23","107,646.00","188,833.00",0.245,65.8%,26.28,"4,765.2",189.2,0.374
1483,01/07/2023,2023,Jul,7,Q3,JERANTUT,TENGAH,KOTA GELANGGI,Pinggir Bandar,"29,700",14,"85,673","19,306","786,672","407,708","75,941","24,893",58.8%,1.134,"273,056",0.3813,"69,156","19,019",20,60,3,5.7,39,14.6,2.21,143,27.8,30.4,96.7,"508,542","278,130",35.4%,"163,540","114,590",85.4%,"576,686.63","104,116.25","192,291.25",0.244,66.7%,29.87,"4,635.5",191.5,0.347
1484,01/08/2023,2023,Aug,8,Q3,JERANTUT,TENGAH,KOTA GELANGGI,Pinggir Bandar,"29,700",14,"85,673","21,565","749,644","384,264","79,059","26,733",58.8%,1.134,"264,938",0.3658,"63,530","8,829",20,60,1,5.7,36,2.3,2.25,123,27.5,30.4,97.7,"490,056","259,588",34.6%,"152,638","106,950",81.4%,"555,723.50","96,914.32","169,273.32",0.226,69.5%,25.77,"4,326.5",184.5,0.353
1485,01/09/2023,2023,Sep,9,Q3,JERANTUT,TENGAH,KOTA GELANGGI,Pinggir Bandar,"29,700",14,"85,673","21,537","702,731","329,496","68,604","26,651",58.8%,1.134,"248,534",0.3802,"51,701","10,436",20,60,1,5.7,31,2,3.27,145,26.9,12.7,97.9,"424,751","277,980",39.6%,"163,452","114,528",78.9%,"481,667.63","94,492.63","156,629.63",0.223,67.5%,22.36,"4,633.0",165.3,0.354
1486,01/10/2023,2023,Oct,10,Q4,JERANTUT,TENGAH,KOTA GELANGGI,Pinggir Bandar,"29,700",14,"85,673","21,125","724,923","379,810","70,009","33,522",58.8%,1.134,"282,832",0.3825,"51,443","12,186",20,60,2,5.7,32,8.1,2.12,194,26.7,25.7,97.2,"483,341","241,582",33.3%,"142,050","99,532",78.7%,"548,108.69","108,183.24","171,812.24",0.237,68.7%,25.95,"4,026.4",182.0,0.390
1487,01/11/2023,2023,Nov,11,Q4,JERANTUT,TENGAH,KOTA GELANGGI,Pinggir Bandar,"29,700",14,"85,673","19,844","705,585","357,309","60,993","25,455",58.8%,1.134,"249,506",0.3847,"49,609","16,577",20,60,2,5.7,32,8.2,2.1,386,26.8,37.3,98,"443,757","261,828",37.1%,"153,955","107,873",79.2%,"503,220.44","95,984.96","162,170.96",0.230,67.8%,25.36,"4,363.8",172.7,0.354
1488,01/12/2023,2023,Dec,12,Q4,JERANTUT,TENGAH,KOTA GELANGGI,Pinggir Bandar,"29,700",14,"85,673","19,706","685,050","326,575","66,778","26,236",58.8%,1.134,"248,613",0.3835,"56,980","9,353",20,60,1,5.7,38,4.6,2.06,241,25.9,25.1,97.6,"419,589","265,461",38.8%,"156,091","109,370",74.4%,"475,813.93","95,343.09","161,676.09",0.236,66.0%,24.15,"4,424.4",158.0,0.363
1489,01/01/2024,2024,Jan,1,Q1,JERANTUT,TENGAH,KOTA GELANGGI,Pinggir Bandar,"29,700",15,"87,761","21,572","689,191","369,277","63,656","25,090",58.8%,1.134,"254,058",0.3785,"53,562","12,254",20,60,3,6.7,31,12.5,2.74,99,26.6,14.3,96.9,"458,023","231,168",33.5%,"135,927","95,241",74.9%,"519,398.08","96,160.95","161,976.95",0.235,68.8%,24.08,"3,852.8",168.4,0.369
1490,01/02/2024,2024,Feb,2,Q1,JERANTUT,TENGAH,KOTA GELANGGI,Pinggir Bandar,"29,700",15,"87,761","20,526","634,077","332,296","53,071","25,225",58.8%,1.134,"235,209",0.3801,"55,236","9,480",20,60,1,6.7,34,4.4,3.19,99,27,23.1,98.2,"410,592","223,485",35.2%,"131,409","92,076",73.6%,"465,611.33","89,402.94","154,118.94",0.243,66.9%,22.68,"3,724.8",161.3,0.371
1491,01/03/2024,2024,Mar,3,Q1,JERANTUT,TENGAH,KOTA GELANGGI,Pinggir Bandar,"29,700",15,"87,761","20,442","740,805","394,533","72,596","29,535",58.8%,1.134,"260,699",0.3936,"55,021","12,439",20,60,3,6.7,25,6.5,2,192,27.5,20.9,97.8,"496,664","244,141",33.0%,"143,555","100,586",80.5%,"563,216.98","102,611.13","170,071.13",0.230,69.8%,27.55,"4,069.0",182.6,0.352
1492,01/04/2024,2024,Apr,4,Q2,JERANTUT,TENGAH,KOTA GELANGGI,Pinggir Bandar,"29,700",15,"87,761","21,289","742,273","388,840","63,864","25,920",58.8%,1.134,"247,535",0.3903,"49,856","13,956",20,60,2,6.7,35,5.6,1.99,172,28.2,23.9,97.5,"478,624","263,649",35.5%,"155,026","108,623",83.3%,"542,759.62","96,612.91","160,424.91",0.216,70.4%,25.49,"4,394.2",181.8,0.333
1493,01/05/2024,2024,May,5,Q2,JERANTUT,TENGAH,KOTA GELANGGI,Pinggir Bandar,"29,700",15,"87,761","20,465","822,326","423,294","71,069","35,453",58.8%,1.134,"282,427",0.3967,"60,921","11,585",20,60,2,6.7,23,5.9,2.56,140,28.2,30.7,100,"529,816","292,510",35.6%,"171,996","120,514",89.3%,"600,811.34","112,038.79","184,544.79",0.224,69.3%,29.36,"4,875.2",194.7,0.343
1494,01/06/2024,2024,Jun,6,Q2,JERANTUT,TENGAH,KOTA GELANGGI,Pinggir Bandar,"29,700",15,"87,761","21,189","770,924","393,174","70,684","31,687",58.8%,1.134,"277,946",0.3966,"64,229","15,534",20,60,2,6.7,35,8.9,2.81,148,27.8,14.4,97.4,"495,545","275,379",35.7%,"161,923","113,456",86.5%,"561,948.03","110,233.38","189,996.38",0.246,66.2%,26.52,"4,589.7",188.2,0.361
1495,01/07/2024,2024,Jul,7,Q3,JERANTUT,TENGAH,KOTA GELANGGI,Pinggir Bandar,"29,700",15,"87,761","19,928","803,930","430,933","70,301","28,439",58.8%,1.134,"290,152",0.3799,"67,672","16,244",20,60,2,6.7,33,5.7,1.84,123,28,22.7,99.7,"529,673","274,257",34.1%,"161,263","112,994",87.3%,"600,649.18","110,228.74","194,144.74",0.241,67.7%,30.14,"4,571.0",194.7,0.361
1496,01/08/2024,2024,Aug,8,Q3,JERANTUT,TENGAH,KOTA GELANGGI,Pinggir Bandar,"29,700",15,"87,761","21,026","787,322","414,008","75,081","31,113",58.8%,1.134,"273,659",0.3832,"69,201","15,334",20,60,2,6.7,18,4.6,3.08,168,27.8,33.4,99,"520,202","267,120",33.9%,"157,067","110,053",85.5%,"589,909.07","104,866.13","189,401.13",0.241,67.9%,28.06,"4,452.0",191.2,0.348
1497,01/09/2024,2024,Sep,9,Q3,JERANTUT,TENGAH,KOTA GELANGGI,Pinggir Bandar,"29,700",15,"87,761","21,987","737,094","375,319","68,800","32,299",58.8%,1.134,"275,925",0.3778,"63,356","12,584",20,60,1,6.7,37,3.4,2.39,153,27.7,22.9,98.4,"476,418","260,676",35.4%,"153,277","107,399",82.7%,"540,258.01","104,244.47","180,184.47",0.244,66.6%,24.57,"4,344.6",181.0,0.374
1498,01/10/2024,2024,Oct,10,Q4,JERANTUT,TENGAH,KOTA GELANGGI,Pinggir Bandar,"29,700",15,"87,761","21,319","700,070","368,725","73,359","22,749",58.8%,1.134,"251,340",0.3795,"53,290","12,060",20,60,2,6.7,21,5.2,3.28,279,27.6,38.5,99,"464,833","235,237",33.6%,"138,319","96,918",76.0%,"527,120.62","95,383.53","160,733.53",0.230,69.5%,24.73,"3,920.6",170.9,0.359
1499,01/11/2024,2024,Nov,11,Q4,JERANTUT,TENGAH,KOTA GELANGGI,Pinggir Bandar,"29,700",15,"87,761","21,263","696,430","353,410","70,565","28,627",58.8%,1.134,"253,278",0.3867,"57,186","10,544",20,60,2,6.7,30,6,2.33,343,26.8,33.8,98.7,"452,602","243,828",35.0%,"143,371","100,457",78.2%,"513,250.67","97,942.60","165,672.60",0.238,67.7%,24.14,"4,063.8",171.9,0.364
1500,01/12/2024,2024,Dec,12,Q4,JERANTUT,TENGAH,KOTA GELANGGI,Pinggir Bandar,"29,700",15,"87,761","20,873","678,186","343,413","63,388","26,963",58.8%,1.134,"240,441",0.3916,"51,114","11,269",20,60,2,6.7,24,4.9,2.64,324,26.5,27.7,99.8,"433,764","244,422",36.0%,"143,720","100,702",73.7%,"491,888.38","94,156.70","156,539.70",0.231,68.2%,23.57,"4,073.7",159.4,0.355
1501,01/01/2025,2025,Jan,1,Q1,JERANTUT,TENGAH,KOTA GELANGGI,Pinggir Bandar,"29,700",16,"89,730","22,187","757,955","394,396","81,085","28,736",58.8%,1.134,"257,084",0.4066,"62,801","10,497",20,60,1,7.7,39,4.5,3.06,195,27.1,29.7,96.5,"504,217","253,738",33.5%,"149,198","104,540",82.3%,"571,782.08","104,530.35","177,828.35",0.235,68.9%,25.77,"4,229.0",181.3,0.339
1502,01/02/2025,2025,Feb,2,Q1,JERANTUT,TENGAH,KOTA GELANGGI,Pinggir Bandar,"29,700",16,"89,730","21,108","652,592","350,642","69,736","26,803",58.8%,1.134,"242,709",0.3988,"51,936","15,020",20,60,3,7.7,19,8.9,3.15,117,27.5,28.7,99.4,"447,181","205,411",31.5%,"120,782","84,629",78.5%,"507,103.25","96,792.35","163,748.35",0.251,67.7%,24.02,"3,423.5",178.0,0.372
1503,01/03/2025,2025,Mar,3,Q1,JERANTUT,TENGAH,KOTA GELANGGI,Pinggir Bandar,"29,700",16,"89,730","20,388","785,710","414,685","83,529","28,980",58.8%,1.134,"301,667",0.4020,"60,580","13,366",20,60,2,7.7,34,8,3.03,91,28.2,17.9,99.9,"527,194","258,516",32.9%,"152,007","106,509",85.3%,"597,838.00","121,270.13","195,216.13",0.248,67.3%,29.32,"4,308.6",189.5,0.384
1504,01/04/2025,2025,Apr,4,Q2,JERANTUT,TENGAH,KOTA GELANGGI,Pinggir Bandar,"29,700",16,"89,730","22,525","731,510","402,267","70,801","30,261",58.8%,1.134,"282,670",0.3993,"60,552","13,552",20,60,1,7.7,26,2,2.84,112,28.4,21.8,96.8,"503,329","228,181",31.2%,"134,170","94,011",82.1%,"570,775.09","112,870.13","186,974.13",0.256,67.2%,25.34,"3,803.0",187.0,0.386
1505,01/05/2025,2025,May,5,Q2,JERANTUT,TENGAH,KOTA GELANGGI,Pinggir Bandar,"29,700",16,"89,730","22,274","845,482","426,326","79,754","32,631",58.8%,1.134,"306,192",0.3998,"69,776","16,877",20,60,2,7.7,19,5,2.09,165,27.9,22.5,98.9,"538,711","306,771",36.3%,"180,381","126,390",91.8%,"610,898.27","122,415.56","209,068.56",0.247,65.8%,27.43,"5,112.9",193.7,0.362
1506,01/06/2025,2025,Jun,6,Q2,JERANTUT,TENGAH,KOTA GELANGGI,Pinggir Bandar,"29,700",16,"89,730","21,610","743,882","386,011","73,420","29,998",58.8%,1.134,"287,141",0.4019,"61,899","10,286",20,60,2,7.7,18,4.2,3.26,137,27.9,25.1,97.8,"489,429","254,453",34.2%,"149,618","104,835",83.5%,"555,012.49","115,401.97","187,586.97",0.252,66.2%,25.68,"4,240.9",181.8,0.386
1507,01/07/2025,2025,Jul,7,Q3,JERANTUT,TENGAH,KOTA GELANGGI,Pinggir Bandar,"29,700",16,"89,730","21,697","795,298","416,198","77,605","33,780",58.8%,1.134,"291,059",0.4020,"69,123","19,784",20,60,3,7.7,28,6,2.78,65,28.1,24.3,98.3,"527,583","267,715",33.7%,"157,416","110,299",86.4%,"598,279.12","117,005.72","205,912.72",0.259,65.6%,27.57,"4,461.9",189.7,0.366
1508,01/08/2025,2025,Aug,8,Q3,JERANTUT,TENGAH,KOTA GELANGGI,Pinggir Bandar,"29,700",16,"89,730","21,697","754,870","399,227","81,907","30,790",58.8%,1.134,"267,398",0.3935,"51,009","16,063",20,60,2,7.7,17,7,3.03,158,28.1,25.7,97.6,"511,924","242,946",32.2%,"142,852","100,094",82.0%,"580,521.82","105,221.11","172,293.11",0.228,70.3%,26.76,"4,049.1",184.0,0.354
1509,01/09/2025,2025,Sep,9,Q3,JERANTUT,TENGAH,KOTA GELANGGI,Pinggir Bandar,"29,700",16,"89,730","21,571","712,919","363,197","71,379","23,068",58.8%,1.134,"260,036",0.3990,"51,879","10,990",20,60,2,7.7,25,5.6,2.78,201,28,20.7,96.7,"457,644","255,275",35.8%,"150,102","105,173",80.0%,"518,968.30","103,754.36","166,623.36",0.234,67.9%,24.06,"4,254.6",170.0,0.365
1510,01/10/2025,2025,Oct,10,Q4,JERANTUT,TENGAH,KOTA GELANGGI,Pinggir Bandar,"29,700",16,"89,730","21,559","715,111","362,606","70,354","30,185",58.8%,1.134,"276,233",0.3914,"63,884","12,162",20,60,2,7.7,24,6.1,2.96,190,27.2,30.5,96.8,"463,145","251,966",35.2%,"148,156","103,810",77.7%,"525,206.43","108,117.60","184,163.60",0.258,64.9%,24.36,"4,199.4",166.5,0.386
1511,01/11/2025,2025,Nov,11,Q4,JERANTUT,TENGAH,KOTA GELANGGI,Pinggir Bandar,"29,700",16,"89,730","21,888","746,499","400,785","73,540","28,489",58.8%,1.134,"274,022",0.3966,"65,244","12,808",20,60,3,7.7,16,12.2,2.27,286,27.2,29.7,99.4,"502,814","243,685",32.6%,"143,287","100,398",83.8%,"570,191.08","108,677.13","186,729.13",0.250,67.3%,26.05,"4,061.4",186.8,0.367
1512,01/12/2025,2025,Dec,12,Q4,JERANTUT,TENGAH,KOTA GELANGGI,Pinggir Bandar,"29,700",16,"89,730","21,784","737,650","409,587","69,305","27,941",58.8%,1.134,"271,296",0.4018,"58,921","9,832",20,60,1,7.7,38,4.2,2.76,412,26.6,35,98.6,"506,833","230,817",31.3%,"135,720","95,097",80.1%,"574,748.62","109,006.73","177,759.73",0.241,69.1%,26.38,"3,847.0",182.2,0.368
1513,01/01/2023,2023,Jan,1,Q1,JERANTUT,TENGAH,LEPAR UTARA,Luar Bandar,"7,500",29,"20,966","5,186","167,511","92,775","8,053","3,062",75.7%,0.987,"57,864",0.3757,"10,561","5,606",11,27,1,9.9,10,4.8,1.88,125,27.3,,96.8,"103,890","63,621",38.0%,"48,161","15,460",72.0%,"102,539.43","21,739.50","37,906.50",0.226,63.0%,19.77,"2,356.3",159.8,0.345
1514,01/02/2023,2023,Feb,2,Q1,JERANTUT,TENGAH,LEPAR UTARA,Luar Bandar,"7,500",29,"20,966","5,286","166,311","81,938","7,689","2,379",75.7%,0.987,"54,366",0.3739,"10,916","10,855",11,27,2,9.9,11,6.1,,129,27.9,32.5,99.1,"92,006","74,305",44.7%,"56,249","18,056",79.2%,"90,809.92","20,327.45","42,098.45",0.253,53.6%,17.18,"2,752.0",156.7,0.327
1515,01/03/2023,2023,Mar,3,Q1,JERANTUT,TENGAH,LEPAR UTARA,Luar Bandar,"7,500",29,"20,966","5,142","175,975","92,040","6,855","2,855",75.7%,0.987,"66,473",0.3698,"10,103","5,786",11,27,1,9.9,6,2.2,3.17,133,27.4,,98.7,"101,750","74,225",42.2%,"56,188","18,037",75.7%,"100,427.25","24,581.72","40,470.72",0.230,59.7%,19.53,"2,749.1",156.6,0.378
1516,01/04/2023,2023,Apr,4,Q2,JERANTUT,TENGAH,LEPAR UTARA,Luar Bandar,"7,500",29,"20,966","5,007","175,508","96,792","8,739","3,076",75.7%,0.987,"64,552",0.3728,"8,959","7,383",11,27,1,9.9,4,3.4,3.08,167,27.9,20.8,97.5,"108,607","66,901",38.1%,"50,644","16,257",78.0%,"107,195.11","24,064.99","40,406.99",0.230,62.3%,21.41,"2,477.8",172.7,0.368
1517,01/05/2023,2023,May,5,Q2,JERANTUT,TENGAH,LEPAR UTARA,Luar Bandar,"7,500",29,"20,966","4,743","198,263","109,358","8,673","3,916",75.7%,0.987,"73,722",0.3819,"11,104","5,690",11,27,1,9.9,8,4.8,1.85,202,28.9,33.2,98.8,"121,947","76,316",38.5%,"57,771","18,545",85.3%,"120,361.69","28,154.43","44,948.43",0.227,62.7%,25.38,"2,826.5",187.6,0.372
1518,01/06/2023,2023,Jun,6,Q2,JERANTUT,TENGAH,LEPAR UTARA,Luar Bandar,"7,500",29,"20,966","5,076","189,574","97,586","8,661","3,227",75.7%,0.987,"65,252",0.3828,"9,637","7,241",11,27,2,9.9,7,6.6,3.22,96,28.2,15.1,96.5,"109,474","80,100",42.3%,"60,636","19,464",84.3%,"108,050.84","24,978.47","41,856.47",0.221,61.3%,21.29,"2,966.7",174.1,0.344
1519,01/07/2023,2023,Jul,7,Q3,JERANTUT,TENGAH,LEPAR UTARA,Luar Bandar,"7,500",29,"20,966","5,168","195,625","105,223","7,827","3,190",75.7%,0.987,"69,917",0.3847,"12,542","7,686",11,27,1,9.9,6,3.3,3.2,136,27.5,21,98.3,"116,240","79,385",40.6%,"60,094","19,291",84.1%,"114,728.88","26,897.07","47,125.07",0.241,58.9%,22.20,"2,940.2",178.8,0.357
1520,01/08/2023,2023,Aug,8,Q3,JERANTUT,TENGAH,LEPAR UTARA,Luar Bandar,"7,500",29,"20,966","4,783","179,296","91,106","7,143","3,331",75.7%,0.987,"61,789",0.3710,"11,258","6,994",11,27,2,9.9,7,6.4,2.93,157,27,25.6,99.6,"101,580","77,716",43.3%,"58,831","18,885",77.1%,"100,259.46","22,923.72","41,175.72",0.230,58.9%,20.96,"2,878.4",156.3,0.345
1521,01/09/2023,2023,Sep,9,Q3,JERANTUT,TENGAH,LEPAR UTARA,Luar Bandar,"7,500",29,"20,966","5,160","176,446","89,999","7,932","3,497",75.7%,0.987,"58,659",0.3826,"11,404","6,975",11,27,1,9.9,5,4.4,2.45,176,28.1,25.2,99.7,"101,428","75,018",42.5%,"56,789","18,229",78.4%,"100,109.44","22,442.93","40,821.93",0.231,59.2%,19.40,"2,778.4",161.3,0.332
1522,01/10/2023,2023,Oct,10,Q4,JERANTUT,TENGAH,LEPAR UTARA,Luar Bandar,"7,500",29,"20,966","5,271","169,991","84,080","7,103","2,491",75.7%,0.987,"56,172",0.3684,"8,371","8,166",11,27,2,9.9,10,5.2,3.06,228,27.8,26.7,97.4,"93,674","76,317",44.9%,"57,772","18,545",73.1%,"92,456.24","20,693.76","37,230.76",0.219,59.7%,17.54,"2,826.6",144.1,0.330
1523,01/11/2023,2023,Nov,11,Q4,JERANTUT,TENGAH,LEPAR UTARA,Luar Bandar,"7,500",29,"20,966","5,268","167,860","83,769","7,139","2,535",75.7%,0.987,"59,365",0.3776,"9,578","9,920",11,27,2,9.9,9,5.7,2.09,351,26.3,39.8,98,"93,443","74,417",44.3%,"56,334","18,083",74.6%,"92,228.24","22,416.22","41,914.22",0.250,54.6%,17.51,"2,756.2",148.6,0.354
1524,01/12/2023,2023,Dec,12,Q4,JERANTUT,TENGAH,LEPAR UTARA,Luar Bandar,"7,500",29,"20,966","5,059","161,399","88,503","8,413","2,864",75.7%,0.987,"58,099",0.3762,"8,493","7,220",11,27,1,9.9,9,3.8,1.86,353,27.2,,99,"99,780","61,619",38.2%,"46,646","14,973",69.4%,"98,482.86","21,856.84","37,569.84",0.233,61.9%,19.47,"2,282.2",153.5,0.360
1525,01/01/2024,2024,Jan,1,Q1,JERANTUT,TENGAH,LEPAR UTARA,Luar Bandar,"7,500",30,"21,439","5,230","183,640","94,620","8,722","2,901",75.7%,0.987,"66,195",0.3780,"11,501","4,912",11,27,1,10.9,9,4,3.02,88,27.2,23.6,99.2,"106,243","77,397",42.1%,"58,590","18,807",79.0%,"104,861.84","25,021.71","41,434.71",0.226,60.5%,20.05,"2,866.6",159.9,0.360
1526,01/02/2024,2024,Feb,2,Q1,JERANTUT,TENGAH,LEPAR UTARA,Luar Bandar,"7,500",30,"21,439","4,978","158,163","82,163","6,617","2,541",75.7%,0.987,"52,090",0.3897,"9,812","6,918",11,27,2,10.9,11,6.3,2.78,115,27,23.5,97.9,"91,321","66,842",42.3%,"50,599","16,243",72.7%,"90,133.83","20,299.47","37,029.47",0.234,58.9%,18.11,"2,475.6",146.9,0.329
1527,01/03/2024,2024,Mar,3,Q1,JERANTUT,TENGAH,LEPAR UTARA,Luar Bandar,"7,500",30,"21,439","5,287","189,107","99,934","7,545","3,455",75.7%,0.987,"64,653",0.3853,"10,459","6,987",11,27,1,10.9,6,4,2.15,103,27.9,,97.8,"110,934","78,173",41.3%,"59,177","18,996",81.3%,"109,491.86","24,910.80","42,356.80",0.224,61.3%,20.71,"2,895.3",166.9,0.342
1528,01/04/2024,2024,Apr,4,Q2,JERANTUT,TENGAH,LEPAR UTARA,Luar Bandar,"7,500",30,"21,439","5,313","177,644","99,275","7,940","3,841",75.7%,0.987,"60,777",0.3827,"9,139","7,342",11,27,1,10.9,11,3.4,1.87,201,28.2,26.4,99.3,"111,056","66,588",37.5%,"50,407","16,181",79.0%,"109,612.27","23,259.36","39,740.36",0.224,63.7%,20.63,"2,466.2",172.7,0.342
1529,01/05/2024,2024,May,5,Q2,JERANTUT,TENGAH,LEPAR UTARA,Luar Bandar,"7,500",30,"21,439","4,868","190,013","97,790","8,310","3,053",75.7%,0.987,"62,555",0.3820,"10,719","6,336",11,27,1,10.9,10,4.2,1.98,159,29,27.5,96.8,"109,153","80,860",42.6%,"61,211","19,649",81.7%,"107,734.01","23,896.01","40,951.01",0.216,62.0%,22.13,"2,994.8",164.2,0.329
1530,01/06/2024,2024,Jun,6,Q2,JERANTUT,TENGAH,LEPAR UTARA,Luar Bandar,"7,500",30,"21,439","4,805","186,396","100,894","8,081","3,685",75.7%,0.987,"63,470",0.3928,"10,935","7,376",11,27,1,10.9,9,4,3.2,155,28,23.3,96.6,"112,660","73,736",39.6%,"55,818","17,918",82.8%,"111,195.42","24,931.02","43,242.02",0.232,61.1%,23.14,"2,731.0",175.2,0.341
1531,01/07/2024,2024,Jul,7,Q3,JERANTUT,TENGAH,LEPAR UTARA,Luar Bandar,"7,500",30,"21,439","4,986","200,952","113,560","10,015","3,203",75.7%,0.987,"65,913",0.3817,"10,819","7,939",11,27,1,10.9,5,2.3,2.91,138,27.9,27.2,99.1,"126,778","74,174",36.9%,"56,150","18,024",86.4%,"125,129.89","25,158.99","43,916.99",0.219,64.9%,25.10,"2,747.2",190.8,0.328
1532,01/08/2024,2024,Aug,8,Q3,JERANTUT,TENGAH,LEPAR UTARA,Luar Bandar,"7,500",30,"21,439","5,293","181,790","102,592","8,343","2,833",75.7%,0.987,"62,906",0.3809,"10,412","6,869",11,27,1,10.9,7,4.6,1.87,161,28.2,19.4,98.4,"113,768","68,022",37.4%,"51,493","16,529",78.2%,"112,289.02","23,960.90","41,241.90",0.227,63.3%,21.21,"2,519.3",171.2,0.346
1533,01/09/2024,2024,Sep,9,Q3,JERANTUT,TENGAH,LEPAR UTARA,Luar Bandar,"7,500",30,"21,439","5,317","172,425","95,465","8,003","3,073",75.7%,0.987,"62,000",0.3951,"9,375","7,315",11,27,1,10.9,5,4.8,2.19,115,27.8,26.4,97.3,"106,541","65,884",38.2%,"49,874","16,010",76.6%,"105,155.97","24,496.20","41,186.20",0.239,60.8%,19.78,"2,440.1",165.6,0.360
1534,01/10/2024,2024,Oct,10,Q4,JERANTUT,TENGAH,LEPAR UTARA,Luar Bandar,"7,500",30,"21,439","5,115","170,914","86,507","7,852","3,306",75.7%,0.987,"64,049",0.3937,"9,927","7,122",11,27,1,10.9,10,2.7,,261,27.2,19.8,96.6,"97,665","73,249",42.9%,"55,449","17,800",73.5%,"96,395.36","25,216.09","42,265.09",0.247,56.2%,18.85,"2,712.9",147.0,0.375
1535,01/11/2024,2024,Nov,11,Q4,JERANTUT,TENGAH,LEPAR UTARA,Luar Bandar,"7,500",30,"21,439","4,875","166,486","88,021","7,590","3,099",75.7%,0.987,"54,737",0.3818,"10,645","6,972",11,27,1,10.9,9,4.2,2.58,339,27.2,38.7,96.6,"98,710","67,776",40.7%,"51,306","16,470",74.0%,"97,426.77","20,898.59","38,515.59",0.231,60.5%,19.98,"2,510.2",153.5,0.329
1536,01/12/2024,2024,Dec,12,Q4,JERANTUT,TENGAH,LEPAR UTARA,Luar Bandar,"7,500",30,"21,439","4,904","179,847","96,300","7,232","3,366",75.7%,0.987,"61,584",0.3776,"11,461","6,513",11,27,1,10.9,7,4.1,2.07,332,26.7,45.8,99.6,"106,898","72,949",40.6%,"55,222","17,727",77.4%,"105,508.33","23,254.12","41,228.12",0.229,60.9%,21.51,"2,701.8",160.8,0.342
1537,01/01/2025,2025,Jan,1,Q1,JERANTUT,TENGAH,LEPAR UTARA,Luar Bandar,"7,500",31,"21,991","4,961","187,085","95,423","8,608","3,627",75.7%,0.987,"64,493",0.4064,"10,545","8,953",11,27,2,11.9,6,7.7,2.01,198,27.3,28.1,97.5,"107,658","79,427",42.5%,"60,126","19,301",80.5%,"106,258.45","26,209.96","45,707.96",0.244,57.0%,21.42,"2,941.7",157.9,0.345
1538,01/02/2025,2025,Feb,2,Q1,JERANTUT,TENGAH,LEPAR UTARA,Luar Bandar,"7,500",31,"21,991","5,200","173,327","92,618","7,853","3,277",75.7%,0.987,"57,840",0.4050,"10,256","6,024",11,27,1,11.9,11,2,2.02,133,27.3,18.3,99.9,"103,748","69,579",40.1%,"52,671","16,908",82.5%,"102,399.28","23,425.20","39,705.20",0.229,61.2%,19.69,"2,577.0",168.5,0.334
1539,01/03/2025,2025,Mar,3,Q1,JERANTUT,TENGAH,LEPAR UTARA,Luar Bandar,"7,500",31,"21,991","4,968","187,176","100,701","7,419","3,416",75.7%,0.987,"63,174",0.3948,"12,180","6,069",11,27,1,11.9,10,2.6,2.77,134,28.2,25.4,99.9,"111,536","75,640",40.4%,"57,259","18,381",80.5%,"110,086.03","24,941.10","43,190.10",0.231,60.8%,22.16,"2,801.5",163.6,0.338
1540,01/04/2025,2025,Apr,4,Q2,JERANTUT,TENGAH,LEPAR UTARA,Luar Bandar,"7,500",31,"21,991","4,928","180,795","92,546","8,858","3,380",75.7%,0.987,"64,886",0.4020,"9,994","8,703",11,27,2,11.9,8,7.2,2.59,205,27.8,26.4,97.6,"104,784","76,011",42.0%,"57,540","18,471",80.4%,"103,421.81","26,084.17","44,781.17",0.248,56.7%,20.99,"2,815.2",158.8,0.359
1541,01/05/2025,2025,May,5,Q2,JERANTUT,TENGAH,LEPAR UTARA,Luar Bandar,"7,500",31,"21,991","5,201","196,812","104,021","9,284","3,576",75.7%,0.987,"67,883",0.3957,"11,843","5,179",11,27,1,11.9,5,2.8,2.5,166,28.7,24.7,97.5,"116,881","79,931",40.6%,"60,508","19,423",84.7%,"115,361.55","26,861.30","43,883.30",0.223,62.0%,22.18,"2,960.4",171.4,0.345
1542,01/06/2025,2025,Jun,6,Q2,JERANTUT,TENGAH,LEPAR UTARA,Luar Bandar,"7,500",31,"21,991","5,294","185,946","106,056","8,743","4,026",75.7%,0.987,"61,341",0.3897,"11,612","6,858",11,27,1,11.9,11,4.5,1.91,156,28.8,21.3,98.3,"118,825","67,121",36.1%,"50,811","16,310",82.6%,"117,280.28","23,904.59","42,374.59",0.228,63.9%,22.15,"2,486.0",180.1,0.330
1543,01/07/2025,2025,Jul,7,Q3,JERANTUT,TENGAH,LEPAR UTARA,Luar Bandar,"7,500",31,"21,991","4,974","200,956","111,747","8,774","3,578",75.7%,0.987,"75,693",0.4032,"10,457","6,501",11,27,1,11.9,7,4.8,3.26,139,27.7,20.9,99.2,"124,099","76,857",38.2%,"58,181","18,676",86.4%,"122,485.71","30,519.42","47,477.42",0.236,61.2%,24.63,"2,846.6",182.0,0.377
1544,01/08/2025,2025,Aug,8,Q3,JERANTUT,TENGAH,LEPAR UTARA,Luar Bandar,"7,500",31,"21,991","5,539","184,080","95,182","8,205","2,663",75.7%,0.987,"67,440",0.3920,"9,586","4,867",11,27,1,11.9,9,3.2,2.56,94,28.2,19.4,99.5,"106,050","78,030",42.4%,"59,069","18,961",79.2%,"104,671.35","26,436.48","40,889.48",0.222,60.9%,18.90,"2,890.0",155.6,0.366
1545,01/09/2025,2025,Sep,9,Q3,JERANTUT,TENGAH,LEPAR UTARA,Luar Bandar,"7,500",31,"21,991","5,455","179,349","92,760","7,846","3,084",75.7%,0.987,"67,551",0.4067,"10,765","4,900",11,27,1,11.9,7,2.5,2.92,209,27.1,29.3,96.7,"103,690","75,659",42.2%,"57,274","18,385",79.7%,"102,342.03","27,472.99","43,137.99",0.241,57.8%,18.76,"2,802.2",157.2,0.377
1546,01/10/2025,2025,Oct,10,Q4,JERANTUT,TENGAH,LEPAR UTARA,Luar Bandar,"7,500",31,"21,991","5,207","173,696","90,743","8,130","2,994",75.7%,0.987,"65,176",0.3997,"10,325","10,896",11,27,2,11.9,10,4.4,2.11,294,27,37.6,98.9,"101,867","71,829",41.4%,"54,375","17,454",74.7%,"100,542.73","26,050.85","47,271.85",0.272,53.0%,19.31,"2,660.3",149.4,0.375
1547,01/11/2025,2025,Nov,11,Q4,JERANTUT,TENGAH,LEPAR UTARA,Luar Bandar,"7,500",31,"21,991","4,965","180,719","93,854","7,275","3,033",75.7%,0.987,"60,490",0.4072,"10,013","6,309",11,27,1,11.9,7,4,2.35,272,26.4,25.8,97.8,"104,162","76,557",42.4%,"57,954","18,603",80.3%,"102,807.89","24,631.53","40,953.53",0.227,60.2%,20.71,"2,835.4",157.9,0.335
1548,01/12/2025,2025,Dec,12,Q4,JERANTUT,TENGAH,LEPAR UTARA,Luar Bandar,"7,500",31,"21,991","5,199","182,150","96,268","7,566","2,881",75.7%,0.987,"67,106",0.3979,"10,196","7,381",11,27,1,11.9,11,3.9,2.96,208,26.3,21.7,97.6,"106,715","75,435",41.4%,"57,104","18,331",78.3%,"105,327.71","26,701.48","44,278.48",0.243,58.0%,20.26,"2,793.9",156.5,0.368
1549,01/01/2023,2023,Jan,1,Q1,JERANTUT,TENGAH,KUALA TAHAN,Luar Bandar,"5,100",29,"14,256","3,567","112,723","60,972","3,992","2,883",55.8%,0.981,"39,211",0.3799,"8,247","6,226",7,25,1,3.6,8,4.2,1.79,107,26.7,16.8,97,"67,847","44,876",39.8%,"25,041","19,835",71.3%,"66,557.91","14,896.26","29,369.26",0.261,55.9%,18.66,"1,795.0",153.5,0.348
1550,01/02/2023,2023,Feb,2,Q1,JERANTUT,TENGAH,KUALA TAHAN,Luar Bandar,"5,100",29,"14,256","3,371","102,023","61,063","3,453","2,719",55.8%,0.981,"34,480",0.3838,"9,077","5,317",7,25,1,3.6,8,3.5,2.79,81,27,23.4,97.8,"67,235","34,788",34.1%,"19,412","15,376",71.4%,"65,957.54","13,233.42","27,627.42",0.271,58.1%,19.57,"1,391.5",168.4,0.338
1551,01/03/2023,2023,Mar,3,Q1,JERANTUT,TENGAH,KUALA TAHAN,Luar Bandar,"5,100",29,"14,256","3,364","118,173","67,962","4,428","3,030",55.8%,0.981,"42,445",0.3665,"9,382","5,932",7,25,1,3.6,6,3.3,2.07,117,28.2,25.5,99.1,"75,420","42,753",36.2%,"23,856","18,897",74.7%,"73,987.02","15,556.09","30,870.09",0.261,58.3%,21.99,"1,710.1",170.7,0.359
1552,01/04/2023,2023,Apr,4,Q2,JERANTUT,TENGAH,KUALA TAHAN,Luar Bandar,"5,100",29,"14,256","3,358","125,422","73,044","4,217","3,738",55.8%,0.981,"45,990",0.3837,"8,785","7,212",7,25,1,3.6,7,3.3,2.03,184,28.1,29.8,99.8,"80,999","44,423",35.4%,"24,788","19,635",82.0%,"79,460.02","17,646.36","33,643.36",0.268,57.7%,23.66,"1,776.9",189.4,0.367
1553,01/05/2023,2023,May,5,Q2,JERANTUT,TENGAH,KUALA TAHAN,Luar Bandar,"5,100",29,"14,256","3,226","122,478","68,685","4,709","4,085",55.8%,0.981,"40,183",0.3683,"10,138","6,991",7,25,1,3.6,4,4,2.4,205,27.9,25.7,97.2,"77,479","44,999",36.7%,"25,109","19,890",77.5%,"76,006.90","14,799.40","31,928.40",0.261,58.0%,23.56,"1,800.0",175.3,0.328
1554,01/06/2023,2023,Jun,6,Q2,JERANTUT,TENGAH,KUALA TAHAN,Luar Bandar,"5,100",29,"14,256","3,291","130,138","76,785","5,078","3,145",55.8%,0.981,"48,292",0.3676,"11,428","5,319",7,25,1,3.6,5,3.3,3.26,79,28.6,15,99.9,"85,008","45,130",34.7%,"25,183","19,947",85.1%,"83,392.85","17,752.14","34,499.14",0.265,58.6%,25.34,"1,805.2",198.8,0.371
1555,01/07/2023,2023,Jul,7,Q3,JERANTUT,TENGAH,KUALA TAHAN,Luar Bandar,"5,100",29,"14,256","3,292","128,816","70,599","4,534","3,390",55.8%,0.981,"42,536",0.3807,"8,740","4,686",7,25,1,3.6,5,2.8,1.89,95,27.5,16.4,97.4,"78,523","50,293",39.0%,"28,063","22,230",81.5%,"77,031.06","16,193.46","29,619.46",0.230,61.5%,23.40,"2,011.7",177.7,0.330
1556,01/08/2023,2023,Aug,8,Q3,JERANTUT,TENGAH,KUALA TAHAN,Luar Bandar,"5,100",29,"14,256","3,226","131,139","71,434","4,674","3,930",55.8%,0.981,"43,737",0.3659,"8,677","6,065",7,25,1,3.6,5,3.5,3.13,108,27.2,25.4,96.9,"80,038","51,101",39.0%,"28,514","22,587",82.9%,"78,517.28","16,003.37","30,745.37",0.234,60.8%,24.34,"2,044.0",181.1,0.334
1557,01/09/2023,2023,Sep,9,Q3,JERANTUT,TENGAH,KUALA TAHAN,Luar Bandar,"5,100",29,"14,256","3,404","116,948","67,785","3,837","3,735",55.8%,0.981,"39,254",0.3753,"8,605","6,715",7,25,1,3.6,7,2.1,2.91,180,26.9,25.9,98.6,"75,357","41,591",35.6%,"23,208","18,383",76.4%,"73,925.22","14,732.03","30,052.03",0.257,59.3%,21.72,"1,663.6",176.2,0.336
1558,01/10/2023,2023,Oct,10,Q4,JERANTUT,TENGAH,KUALA TAHAN,Luar Bandar,"5,100",29,"14,256","3,543","114,216","62,500","3,329","2,663",55.8%,0.981,"43,437",0.3777,"9,234","6,478",7,25,1,3.6,6,1.9,1.91,165,27.4,29.8,99.9,"68,492","45,724",40.0%,"25,514","20,210",72.2%,"67,190.65","16,406.15","32,118.15",0.281,52.2%,18.96,"1,829.0",155.0,0.380
1559,01/11/2023,2023,Nov,11,Q4,JERANTUT,TENGAH,KUALA TAHAN,Luar Bandar,"5,100",29,"14,256","3,316","106,970","61,317","3,502","3,108",55.8%,0.981,"40,511",0.3770,"7,443","5,630",7,25,1,3.6,5,3.2,1.81,304,26.6,37.2,97.8,"67,927","39,043",36.5%,"21,786","17,257",69.9%,"66,636.39","15,272.65","28,345.65",0.265,57.5%,20.10,"1,561.7",158.8,0.379
1560,01/12/2023,2023,Dec,12,Q4,JERANTUT,TENGAH,KUALA TAHAN,Luar Bandar,"5,100",29,"14,256","3,592","119,447","67,335","3,637","2,954",55.8%,0.981,"43,460",0.3773,"8,404","8,004",7,25,2,3.6,8,5.9,2.59,362,26.2,40.7,99.6,"73,926","45,521",38.1%,"25,401","20,120",75.6%,"72,521.41","16,397.46","32,805.46",0.275,54.8%,20.19,"1,820.8",167.3,0.364
1561,01/01/2024,2024,Jan,1,Q1,JERANTUT,TENGAH,KUALA TAHAN,Luar Bandar,"5,100",30,"14,605","3,580","119,626","70,926","4,514","3,100",55.8%,0.981,"41,159",0.3827,"9,536","4,887",7,25,1,4.6,6,4.8,3.15,109,27.5,23,97.1,"78,540","41,086",34.3%,"22,926","18,160",75.7%,"77,047.74","15,751.55","30,174.55",0.252,60.8%,21.52,"1,643.4",173.5,0.344
1562,01/02/2024,2024,Feb,2,Q1,JERANTUT,TENGAH,KUALA TAHAN,Luar Bandar,"5,100",30,"14,605","3,420","110,471","62,743","4,227","3,472",55.8%,0.981,"38,519",0.3777,"9,349","7,035",7,25,1,4.6,4,2.7,2.19,65,27.3,12.2,98.8,"70,442","40,029",36.2%,"22,336","17,693",74.7%,"69,103.60","14,548.63","30,932.63",0.280,55.2%,20.21,"1,601.2",166.3,0.349
1563,01/03/2024,2024,Mar,3,Q1,JERANTUT,TENGAH,KUALA TAHAN,Luar Bandar,"5,100",30,"14,605","3,337","131,081","71,362","4,861","3,645",55.8%,0.981,"49,411",0.3927,"9,230","6,620",7,25,1,4.6,7,1.9,1.84,90,27.4,18,99.1,"79,868","51,213",39.1%,"28,577","22,636",82.9%,"78,350.51","19,403.70","35,253.70",0.269,55.0%,23.48,"2,048.5",176.4,0.377
1564,01/04/2024,2024,Apr,4,Q2,JERANTUT,TENGAH,KUALA TAHAN,Luar Bandar,"5,100",30,"14,605","3,357","119,636","71,554","4,324","3,426",55.8%,0.981,"42,633",0.3931,"9,283","7,470",7,25,1,4.6,4,4.6,2.99,105,28.5,16.6,97,"79,304","40,332",33.7%,"22,505","17,827",78.2%,"77,797.22","16,759.03","33,512.03",0.280,56.9%,23.17,"1,613.3",181.0,0.356
1565,01/05/2024,2024,May,5,Q2,JERANTUT,TENGAH,KUALA TAHAN,Luar Bandar,"5,100",30,"14,605","3,280","130,842","71,519","4,837","3,964",55.8%,0.981,"43,318",0.3906,"9,282","7,574",7,25,1,4.6,6,4.8,2.67,133,28.5,17.6,99.1,"80,320","50,522",38.6%,"28,191","22,331",82.8%,"78,793.92","16,920.01","33,776.01",0.258,57.1%,24.02,"2,020.9",177.4,0.331
1566,01/06/2024,2024,Jun,6,Q2,JERANTUT,TENGAH,KUALA TAHAN,Luar Bandar,"5,100",30,"14,605","3,595","130,196","79,265","4,242","3,429",55.8%,0.981,"48,412",0.3948,"9,219","5,790",7,25,1,4.6,7,4.5,1.79,112,27.9,13.4,98.7,"86,936","43,260",33.2%,"24,139","19,121",85.1%,"85,284.22","19,113.06","34,122.06",0.262,60.0%,23.72,"1,730.4",198.4,0.372
1567,01/07/2024,2024,Jul,7,Q3,JERANTUT,TENGAH,KUALA TAHAN,Luar Bandar,"5,100",30,"14,605","3,631","130,103","76,224","4,884","4,403",55.8%,0.981,"43,882",0.3953,"9,280","7,593",7,25,1,4.6,5,3.8,2.79,123,27.5,22,97.6,"85,511","44,592",34.3%,"24,882","19,710",82.3%,"83,886.29","17,346.55","34,219.55",0.263,59.2%,23.10,"1,783.7",188.9,0.337
1568,01/08/2024,2024,Aug,8,Q3,JERANTUT,TENGAH,KUALA TAHAN,Luar Bandar,"5,100",30,"14,605","3,569","134,885","73,858","4,661","3,788",55.8%,0.981,"50,111",0.3831,"11,927","8,395",7,25,2,4.6,8,8.6,3.01,160,27.7,30.1,98.5,"82,307","52,578",39.0%,"29,339","23,239",85.3%,"80,743.17","19,197.52","39,519.52",0.293,51.1%,22.62,"2,103.1",181.8,0.372
1569,01/09/2024,2024,Sep,9,Q3,JERANTUT,TENGAH,KUALA TAHAN,Luar Bandar,"5,100",30,"14,605","3,658","125,261","68,647","4,513","3,763",55.8%,0.981,"46,001",0.3885,"10,009","7,378",7,25,2,4.6,6,5.8,2.84,131,27.2,26.5,99.9,"76,923","48,338",38.6%,"26,973","21,365",81.9%,"75,461.46","17,871.39","35,258.39",0.281,53.3%,20.63,"1,933.5",175.6,0.367
1570,01/10/2024,2024,Oct,10,Q4,JERANTUT,TENGAH,KUALA TAHAN,Luar Bandar,"5,100",30,"14,605","3,319","128,287","71,058","4,384","2,948",55.8%,0.981,"47,647",0.3875,"8,673","7,126",7,25,1,4.6,7,2.9,2.35,314,27.8,,96.5,"78,390","49,897",38.9%,"27,843","22,054",81.1%,"76,900.59","18,463.21","34,262.21",0.267,55.4%,23.17,"1,995.9",173.1,0.371
1571,01/11/2024,2024,Nov,11,Q4,JERANTUT,TENGAH,KUALA TAHAN,Luar Bandar,"5,100",30,"14,605","3,600","109,313","62,897","4,040","3,653",55.8%,0.981,"40,438",0.3843,"8,637","8,665",7,25,2,4.6,7,4.1,1.9,295,27.4,28.8,97.5,"70,590","38,723",35.4%,"21,607","17,116",71.4%,"69,248.79","15,540.32","32,842.32",0.300,52.6%,19.24,"1,548.9",161.1,0.370
1572,01/12/2024,2024,Dec,12,Q4,JERANTUT,TENGAH,KUALA TAHAN,Luar Bandar,"5,100",30,"14,605","3,471","114,703","67,933","4,034","2,938",55.8%,0.981,"41,973",0.3891,"9,954","8,797",7,25,2,4.6,9,4,2.53,217,26.1,36.2,96.7,"74,905","39,798",34.7%,"22,207","17,591",72.6%,"73,481.81","16,331.69","35,082.69",0.306,52.3%,21.17,"1,591.9",165.4,0.366
1573,01/01/2025,2025,Jan,1,Q1,JERANTUT,TENGAH,KUALA TAHAN,Luar Bandar,"5,100",31,"14,932","3,426","115,456","68,255","4,424","2,870",55.8%,0.981,"37,772",0.4042,"7,835","7,116",7,25,1,5.6,6,3.5,2.79,179,26.7,36.3,99.8,"75,549","39,907",34.6%,"22,268","17,639",73.0%,"74,113.57","15,267.44","30,218.44",0.262,59.2%,21.63,"1,596.3",163.2,0.327
1574,01/02/2025,2025,Feb,2,Q1,JERANTUT,TENGAH,KUALA TAHAN,Luar Bandar,"5,100",31,"14,932","3,473","106,623","60,011","4,040","2,526",55.8%,0.981,"40,517",0.3994,"8,116","6,013",7,25,1,5.6,6,3.4,2.6,107,27.5,24.8,97.2,"66,577","40,046",37.6%,"22,346","17,700",74.7%,"65,312.04","16,182.49","30,311.49",0.284,53.6%,18.81,"1,601.8",159.2,0.380
1575,01/03/2025,2025,Mar,3,Q1,JERANTUT,TENGAH,KUALA TAHAN,Luar Bandar,"5,100",31,"14,932","3,508","122,779","73,953","4,708","4,360",55.8%,0.981,"42,039",0.4061,"9,670","6,713",7,25,1,5.6,6,4.7,2.93,144,28.5,26.2,98.4,"83,021","39,758",32.4%,"22,185","17,573",77.7%,"81,443.60","17,072.04","33,455.04",0.272,58.9%,23.22,"1,590.3",179.4,0.342
1576,01/04/2025,2025,Apr,4,Q2,JERANTUT,TENGAH,KUALA TAHAN,Luar Bandar,"5,100",31,"14,932","3,500","125,189","72,498","4,227","3,790",55.8%,0.981,"47,621",0.4086,"8,447","6,898",7,25,1,5.6,4,2.2,,191,28.3,28.4,97.7,"80,515","44,674",35.7%,"24,928","19,746",81.8%,"78,985.22","19,457.94","34,802.94",0.278,55.9%,22.57,"1,787.0",179.7,0.380
1577,01/05/2025,2025,May,5,Q2,JERANTUT,TENGAH,KUALA TAHAN,Luar Bandar,"5,100",31,"14,932","3,727","135,373","77,030","4,881","4,139",55.8%,0.981,"50,629",0.3967,"11,228","8,249",7,25,2,5.6,8,6.4,3.22,189,27.9,19.1,97.4,"86,050","49,323",36.4%,"27,522","21,801",85.6%,"84,415.05","20,084.52","39,561.52",0.292,53.1%,22.65,"1,972.9",185.9,0.374
1578,01/06/2025,2025,Jun,6,Q2,JERANTUT,TENGAH,KUALA TAHAN,Luar Bandar,"5,100",31,"14,932","3,617","135,045","74,984","4,787","3,318",55.8%,0.981,"46,643",0.4029,"11,726","5,310",7,25,1,5.6,8,3.2,2.24,111,28.7,22.3,99.3,"83,089","51,956",38.5%,"28,991","22,965",88.3%,"81,510.31","18,792.46","35,828.46",0.265,56.0%,22.54,"2,078.2",185.5,0.345
1579,01/07/2025,2025,Jul,7,Q3,JERANTUT,TENGAH,KUALA TAHAN,Luar Bandar,"5,100",31,"14,932","3,360","130,123","71,726","4,425","4,039",55.8%,0.981,"47,513",0.3935,"8,806","5,303",7,25,1,5.6,6,4.2,1.95,128,27.3,23.1,97.2,"80,190","49,933",38.4%,"27,863","22,070",82.3%,"78,666.39","18,696.37","32,805.37",0.252,58.3%,23.41,"1,997.3",173.2,0.365
1580,01/08/2025,2025,Aug,8,Q3,JERANTUT,TENGAH,KUALA TAHAN,Luar Bandar,"5,100",31,"14,932","3,468","137,497","83,451","4,436","3,550",55.8%,0.981,"46,625",0.3960,"11,085","7,189",7,25,1,5.6,4,2.6,2.05,151,27.9,24.6,99.4,"91,437","46,060",33.5%,"25,701","20,359",87.0%,"89,699.70","18,463.50","36,737.50",0.267,59.0%,25.86,"1,842.4",197.5,0.339
1581,01/09/2025,2025,Sep,9,Q3,JERANTUT,TENGAH,KUALA TAHAN,Luar Bandar,"5,100",31,"14,932","3,545","122,093","69,483","4,158","2,881",55.8%,0.981,"45,187",0.3948,"9,213","7,363",7,25,1,5.6,4,4.6,2.91,147,27.8,19.9,97.2,"76,522","45,571",37.3%,"25,429","20,142",79.8%,"75,068.08","17,839.83","34,415.83",0.282,54.2%,21.18,"1,822.8",170.8,0.370
1582,01/10/2025,2025,Oct,10,Q4,JERANTUT,TENGAH,KUALA TAHAN,Luar Bandar,"5,100",31,"14,932","3,471","120,744","68,701","4,694","3,781",55.8%,0.981,"42,742",0.3906,"9,840","7,272",7,25,1,5.6,4,4.7,1.87,210,26.9,23.6,99.5,"77,176","43,568",36.1%,"24,311","19,257",76.4%,"75,709.66","16,695.03","33,807.03",0.280,55.3%,21.81,"1,742.7",166.7,0.354
1583,01/11/2025,2025,Nov,11,Q4,JERANTUT,TENGAH,KUALA TAHAN,Luar Bandar,"5,100",31,"14,932","3,352","115,325","68,522","3,625","2,970",55.8%,0.981,"40,909",0.3975,"9,317","7,432",7,25,1,5.6,4,4.2,2.7,222,26.9,36.8,99.9,"75,117","40,208",34.9%,"22,436","17,772",75.4%,"73,689.78","16,261.33","33,010.33",0.286,55.2%,21.98,"1,608.3",167.7,0.355
1584,01/12/2025,2025,Dec,12,Q4,JERANTUT,TENGAH,KUALA TAHAN,Luar Bandar,"5,100",31,"14,932","3,390","122,005","67,674","3,925","3,490",55.8%,0.981,"44,495",0.3946,"8,890","7,539",7,25,2,5.6,7,9.3,1.86,322,26.5,41.9,98,"75,089","46,916",38.5%,"26,179","20,737",77.2%,"73,662.31","17,557.73","33,986.73",0.279,53.9%,21.73,"1,876.6",162.2,0.365
1585,01/01/2023,2023,Jan,1,Q1,JERANTUT,TENGAH,SEBERANG TEMBELING,Luar Bandar,"6,600",18,"17,747","4,188","140,710","78,578","5,020","1,343",55.1%,0.992,"52,668",0.3816,"9,466","6,933",7,27,1,5,5,4.4,2.6,177,26.4,19.8,97.7,"84,941","55,769",39.6%,"30,729","25,040",68.8%,"84,261.47","20,098.11","36,497.11",0.259,56.7%,20.12,"2,065.5",154.4,0.374
1586,01/02/2023,2023,Feb,2,Q1,JERANTUT,TENGAH,SEBERANG TEMBELING,Luar Bandar,"6,600",18,"17,747","4,313","127,733","75,847","4,830","1,181",55.1%,0.992,"50,797",0.3790,"6,909","6,759",7,27,1,5,7,2,3.17,68,27,27.4,99,"81,858","45,875",35.9%,"25,277","20,598",69.1%,"81,203.14","19,252.06","32,920.06",0.258,59.5%,18.83,"1,699.1",164.7,0.398
1587,01/03/2023,2023,Mar,3,Q1,JERANTUT,TENGAH,SEBERANG TEMBELING,Luar Bandar,"6,600",18,"17,747","4,447","148,106","82,797","4,921","1,499",55.1%,0.992,"56,251",0.3800,"9,538","7,673",7,27,1,5,9,2,2.18,144,27.5,25.3,98.2,"89,217","58,889",39.8%,"32,448","26,441",72.4%,"88,503.26","21,375.38","38,586.38",0.261,56.4%,19.90,"2,181.1",162.2,0.380
1588,01/04/2023,2023,Apr,4,Q2,JERANTUT,TENGAH,SEBERANG TEMBELING,Luar Bandar,"6,600",18,"17,747","4,340","158,932","90,203","4,823","1,700",55.1%,0.992,"57,058",0.3764,"9,626","5,684",7,27,1,5,7,4.7,3.08,233,27.9,21.2,97.8,"96,726","62,206",39.1%,"34,276","27,930",80.3%,"95,952.19","21,476.63","36,786.63",0.231,61.7%,22.11,"2,303.9",181.7,0.359
1589,01/05/2023,2023,May,5,Q2,JERANTUT,TENGAH,SEBERANG TEMBELING,Luar Bandar,"6,600",18,"17,747","4,208","155,664","92,439","5,803","1,565",55.1%,0.992,"59,078",0.3817,"10,362","7,848",7,27,1,5,8,3.8,3.24,151,28.2,22,99.5,"99,807","55,857",35.9%,"30,777","25,080",76.1%,"99,008.54","22,550.07","40,760.07",0.262,58.8%,23.53,"2,068.8",181.4,0.380
1590,01/06/2023,2023,Jun,6,Q2,JERANTUT,TENGAH,SEBERANG TEMBELING,Luar Bandar,"6,600",18,"17,747","4,062","160,874","87,432","5,621","1,536",55.1%,0.992,"57,645",0.3822,"9,902","6,943",7,27,1,5,7,4.2,2.8,128,28.6,22.5,98.5,"94,589","66,285",41.2%,"36,523","29,762",81.2%,"93,832.29","22,031.92","38,876.92",0.242,58.6%,23.10,"2,455.0",177.7,0.358
1591,01/07/2023,2023,Jul,7,Q3,JERANTUT,TENGAH,SEBERANG TEMBELING,Luar Bandar,"6,600",18,"17,747","4,450","153,652","92,065","5,837","1,680",55.1%,0.992,"63,116",0.3829,"9,984","4,598",7,27,0,5,8,0,3,129,27,18.2,98.7,"99,582","54,070",35.2%,"29,793","24,277",75.1%,"98,785.34","24,167.12","38,749.12",0.252,60.8%,22.20,"2,002.6",181.0,0.411
1592,01/08/2023,2023,Aug,8,Q3,JERANTUT,TENGAH,SEBERANG TEMBELING,Luar Bandar,"6,600",18,"17,747","4,020","162,282","92,188","5,457","1,736",55.1%,0.992,"59,820",0.3765,"8,442","5,270",7,27,1,5,5,4.7,3.17,112,27.4,,99.6,"99,381","62,901",38.8%,"34,658","28,243",79.3%,"98,585.95","22,522.23","36,234.23",0.223,63.2%,24.52,"2,329.7",180.6,0.369
1593,01/09/2023,2023,Sep,9,Q3,JERANTUT,TENGAH,SEBERANG TEMBELING,Luar Bandar,"6,600",18,"17,747","4,439","148,956","86,196","5,018","1,463",55.1%,0.992,"57,583",0.3726,"9,819","9,607",7,27,2,5,8,9.6,2.34,179,26.9,25.3,98.6,"92,677","56,279",37.8%,"31,010","25,269",75.2%,"91,935.58","21,455.43","40,881.43",0.274,55.5%,20.71,"2,084.4",174.1,0.387
1594,01/10/2023,2023,Oct,10,Q4,JERANTUT,TENGAH,SEBERANG TEMBELING,Luar Bandar,"6,600",18,"17,747","4,220","151,929","85,314","4,865","1,722",55.1%,0.992,"59,571",0.3737,"9,317","5,438",7,27,1,5,9,2.7,2.84,285,27.5,31.5,97.4,"91,901","60,028",39.5%,"33,075","26,953",74.3%,"91,165.79","22,261.68","37,016.68",0.244,59.4%,21.60,"2,223.3",167.0,0.392
1595,01/11/2023,2023,Nov,11,Q4,JERANTUT,TENGAH,SEBERANG TEMBELING,Luar Bandar,"6,600",18,"17,747","4,398","137,164","76,719","4,099","1,264",55.1%,0.992,"52,892",0.3798,"8,850","6,939",7,27,1,5,7,3.2,1.71,179,27.1,,96.5,"82,082","55,082",40.2%,"30,350","24,732",69.3%,"81,425.34","20,088.38","35,877.38",0.262,55.9%,18.51,"2,040.1",154.2,0.386
1596,01/12/2023,2023,Dec,12,Q4,JERANTUT,TENGAH,SEBERANG TEMBELING,Luar Bandar,"6,600",18,"17,747","4,093","146,453","82,728","4,474","1,395",55.1%,0.992,"57,736",0.3827,"9,321","6,598",7,27,1,5,10,3,2.66,313,26.1,41.9,97.7,"88,597","57,856",39.5%,"31,879","25,977",71.6%,"87,888.22","22,095.57","38,014.57",0.260,56.7%,21.47,"2,142.8",161.0,0.394
1597,01/01/2024,2024,Jan,1,Q1,JERANTUT,TENGAH,SEBERANG TEMBELING,Luar Bandar,"6,600",19,"18,147","4,517","151,073","84,866","5,192","1,209",55.1%,0.992,"59,659",0.3824,"8,907","10,036",7,27,2,6,7,7,1.82,104,27.3,26.2,99.8,"91,267","59,806",39.6%,"32,953","26,853",73.8%,"90,536.86","22,813.60","41,756.60",0.276,53.9%,20.04,"2,215.0",162.2,0.395
1598,01/02/2024,2024,Feb,2,Q1,JERANTUT,TENGAH,SEBERANG TEMBELING,Luar Bandar,"6,600",19,"18,147","4,434","134,338","78,023","4,749","1,496",55.1%,0.992,"54,115",0.3776,"7,919","5,439",7,27,1,6,5,4.1,3.08,73,26.8,23.3,96.7,"84,268","50,070",37.3%,"27,589","22,481",70.2%,"83,593.86","20,433.82","33,791.82",0.252,59.6%,18.85,"1,854.4",160.1,0.403
1599,01/03/2024,2024,Mar,3,Q1,JERANTUT,TENGAH,SEBERANG TEMBELING,Luar Bandar,"6,600",19,"18,147","4,102","150,538","92,097","5,964","1,632",55.1%,0.992,"60,016",0.3954,"8,413","5,843",7,27,1,6,8,2.5,2.59,131,27.2,20.1,99.7,"99,693","50,845",33.8%,"28,016","22,829",73.6%,"98,895.46","23,730.33","37,986.33",0.252,61.6%,24.11,"1,883.1",177.2,0.399
1600,01/04/2024,2024,Apr,4,Q2,JERANTUT,TENGAH,SEBERANG TEMBELING,Luar Bandar,"6,600",19,"18,147","4,171","149,673","88,510","5,275","1,361",55.1%,0.992,"58,216",0.3826,"7,907","7,703",7,27,1,6,9,3.9,2.3,126,28.4,25.7,96.9,"95,146","54,527",36.4%,"30,044","24,483",75.6%,"94,384.83","22,273.44","37,883.44",0.253,59.9%,22.63,"2,019.5",174.8,0.389
1601,01/05/2024,2024,May,5,Q2,JERANTUT,TENGAH,SEBERANG TEMBELING,Luar Bandar,"6,600",19,"18,147","4,536","154,750","88,331","5,312","1,550",55.1%,0.992,"62,301",0.3931,"8,816","3,541",7,27,0,6,5,0,1.8,167,27.7,26,98,"95,193","59,557",38.5%,"32,816","26,741",75.6%,"94,431.46","24,490.52","36,847.52",0.238,61.0%,20.82,"2,205.8",169.2,0.403
1602,01/06/2024,2024,Jun,6,Q2,JERANTUT,TENGAH,SEBERANG TEMBELING,Luar Bandar,"6,600",19,"18,147","4,257","159,439","97,553","5,200","1,609",55.1%,0.992,"62,869",0.3946,"9,072","6,036",7,27,1,6,5,4.1,2.86,123,28.3,20.6,99.4,"104,362","55,077",34.5%,"30,347","24,730",80.5%,"103,527.10","24,808.11","39,916.11",0.250,61.4%,24.32,"2,039.9",191.7,0.394
1603,01/07/2024,2024,Jul,7,Q3,JERANTUT,TENGAH,SEBERANG TEMBELING,Luar Bandar,"6,600",19,"18,147","4,572","159,229","92,849","5,898","1,393",55.1%,0.992,"64,523",0.3840,"8,187","4,545",7,27,0,6,6,0,3.15,73,28.2,16.3,99,"100,140","59,089",37.1%,"32,558","26,531",77.8%,"99,338.88","24,776.83","37,508.83",0.236,62.2%,21.73,"2,188.5",178.0,0.405
1604,01/08/2024,2024,Aug,8,Q3,JERANTUT,TENGAH,SEBERANG TEMBELING,Luar Bandar,"6,600",19,"18,147","4,076","152,544","92,883","6,167","1,555",55.1%,0.992,"61,161",0.3800,"9,722","7,612",7,27,1,6,10,3.4,2.37,120,27.1,14.1,97.6,"100,605","51,939",34.0%,"28,618","23,321",74.6%,"99,800.16","23,241.18","40,575.18",0.266,59.3%,24.48,"1,923.7",178.8,0.401
1605,01/09/2024,2024,Sep,9,Q3,JERANTUT,TENGAH,SEBERANG TEMBELING,Luar Bandar,"6,600",19,"18,147","4,270","153,787","85,941","4,942","1,540",55.1%,0.992,"61,500",0.3837,"9,494","6,814",7,27,1,6,8,4.5,2.41,180,27.6,26.1,97.7,"92,423","61,364",39.9%,"33,812","27,552",77.7%,"91,683.62","23,597.55","39,905.55",0.259,56.5%,21.47,"2,272.7",169.8,0.400
1606,01/10/2024,2024,Oct,10,Q4,JERANTUT,TENGAH,SEBERANG TEMBELING,Luar Bandar,"6,600",19,"18,147","4,429","145,132","82,285","5,292","1,323",55.1%,0.992,"58,783",0.3837,"9,201","3,821",7,27,0,6,7,0,3.15,283,27.7,34.9,98.8,"88,900","56,232",38.7%,"30,984","25,248",70.9%,"88,188.80","22,555.04","35,577.04",0.245,59.7%,19.91,"2,082.7",158.0,0.405
1607,01/11/2024,2024,Nov,11,Q4,JERANTUT,TENGAH,SEBERANG TEMBELING,Luar Bandar,"6,600",19,"18,147","4,277","142,339","86,993","4,938","1,551",55.1%,0.992,"58,453",0.3865,"7,944","5,988",7,27,1,6,6,4.4,2.72,233,26.3,27.7,98.5,"93,482","48,857",34.3%,"26,920","21,937",71.9%,"92,734.14","22,592.08","36,524.08",0.257,60.6%,21.68,"1,809.5",171.7,0.411
1608,01/12/2024,2024,Dec,12,Q4,JERANTUT,TENGAH,SEBERANG TEMBELING,Luar Bandar,"6,600",19,"18,147","4,553","148,027","89,607","5,287","1,453",55.1%,0.992,"59,306",0.3811,"7,585","4,822",7,27,1,6,8,3.4,2.9,206,26.2,18.6,99.8,"96,347","51,680",34.9%,"28,476","23,204",72.3%,"95,576.22","22,601.52","35,008.52",0.237,63.4%,20.99,"1,914.1",171.3,0.401
1609,01/01/2025,2025,Jan,1,Q1,JERANTUT,TENGAH,SEBERANG TEMBELING,Luar Bandar,"6,600",20,"18,645","4,467","160,137","95,345","5,877","1,817",55.1%,0.992,"61,712",0.3992,"9,538","7,448",7,27,1,7,8,4.9,2.69,199,27.3,26.5,96.7,"103,039","57,098",35.7%,"31,461","25,637",78.3%,"102,214.69","24,635.43","41,621.43",0.260,59.3%,22.88,"2,114.7",178.3,0.385
1610,01/02/2025,2025,Feb,2,Q1,JERANTUT,TENGAH,SEBERANG TEMBELING,Luar Bandar,"6,600",20,"18,645","4,669","141,592","89,332","5,177","1,298",55.1%,0.992,"52,000",0.3989,"8,184","5,915",7,27,1,7,10,4.7,3.27,65,27.9,25.3,96.9,"95,807","45,785",32.3%,"25,228","20,557",76.6%,"95,040.54","20,742.80","34,841.80",0.246,63.3%,20.36,"1,695.7",183.5,0.367
1611,01/03/2025,2025,Mar,3,Q1,JERANTUT,TENGAH,SEBERANG TEMBELING,Luar Bandar,"6,600",20,"18,645","4,487","158,360","93,404","5,675","1,637",55.1%,0.992,"63,533",0.4009,"9,773","3,321",7,27,0,7,4,0,2.06,155,28.6,21.3,97.2,"100,716","57,644",36.4%,"31,762","25,882",77.4%,"99,910.27","25,470.38","38,564.38",0.244,61.4%,22.27,"2,135.0",174.3,0.401
1612,01/04/2025,2025,Apr,4,Q2,JERANTUT,TENGAH,SEBERANG TEMBELING,Luar Bandar,"6,600",20,"18,645","4,440","153,214","94,489","5,509","1,805",55.1%,0.992,"61,327",0.3896,"10,243","4,986",7,27,1,7,6,2.1,,124,27.6,19.3,99.3,"101,803","51,411",33.6%,"28,327","23,084",77.4%,"100,988.58","23,893.00","39,122.00",0.255,61.3%,22.75,"1,904.1",182.0,0.400
1613,01/05/2025,2025,May,5,Q2,JERANTUT,TENGAH,SEBERANG TEMBELING,Luar Bandar,"6,600",20,"18,645","4,239","171,347","105,092","6,421","1,674",55.1%,0.992,"63,150",0.3998,"11,068","4,991",7,27,1,7,6,3.2,2.08,132,27.8,18.8,97.2,"113,187","58,160",33.9%,"32,046","26,114",83.7%,"112,281.50","25,247.37","41,306.37",0.241,63.2%,26.49,"2,154.1",195.8,0.369
1614,01/06/2025,2025,Jun,6,Q2,JERANTUT,TENGAH,SEBERANG TEMBELING,Luar Bandar,"6,600",20,"18,645","4,511","171,133","97,647","5,928","1,850",55.1%,0.992,"65,323",0.3916,"11,018","5,691",7,27,1,7,9,3.2,3.12,112,28,23.2,97.8,"105,425","65,708",38.4%,"36,205","29,503",86.4%,"104,581.60","25,580.49","42,289.49",0.247,59.6%,23.18,"2,433.6",188.5,0.382
1615,01/07/2025,2025,Jul,7,Q3,JERANTUT,TENGAH,SEBERANG TEMBELING,Luar Bandar,"6,600",20,"18,645","4,483","159,788","91,864","5,075","1,860",55.1%,0.992,"56,927",0.4071,"9,716","6,503",7,27,1,7,8,3.9,2.11,92,27.5,20,99,"98,799","60,989",38.2%,"33,605","27,384",78.1%,"98,008.61","23,174.98","39,393.98",0.247,59.8%,21.86,"2,258.9",170.9,0.356
1616,01/08/2025,2025,Aug,8,Q3,JERANTUT,TENGAH,SEBERANG TEMBELING,Luar Bandar,"6,600",20,"18,645","4,272","168,568","96,609","5,766","1,813",55.1%,0.992,"64,285",0.3946,"10,383","6,511",7,27,1,7,4,3.4,2.34,103,27.8,22.5,98.5,"104,188","64,380",38.2%,"35,473","28,907",82.4%,"103,354.50","25,366.86","42,260.86",0.251,59.1%,24.19,"2,384.4",180.3,0.381
1617,01/09/2025,2025,Sep,9,Q3,JERANTUT,TENGAH,SEBERANG TEMBELING,Luar Bandar,"6,600",20,"18,645","4,255","161,061","100,952","6,354","1,804",55.1%,0.992,"63,458",0.4065,"8,482","2,917",7,27,0,7,2,0,2.48,193,28.1,29.4,97.6,"109,110","51,951",32.3%,"28,625","23,326",81.3%,"108,237.12","25,795.68","37,194.68",0.231,65.6%,25.44,"1,924.1",195.1,0.394
1618,01/10/2025,2025,Oct,10,Q4,JERANTUT,TENGAH,SEBERANG TEMBELING,Luar Bandar,"6,600",20,"18,645","4,230","148,157","90,418","5,215","1,637",55.1%,0.992,"61,092",0.3910,"8,022","5,965",7,27,1,7,6,4.6,1.93,274,28,42.8,97.2,"97,270","50,887",34.3%,"28,039","22,848",72.4%,"96,491.84","23,886.97","37,873.97",0.256,60.7%,22.81,"1,884.7",168.3,0.412
1619,01/11/2025,2025,Nov,11,Q4,JERANTUT,TENGAH,SEBERANG TEMBELING,Luar Bandar,"6,600",20,"18,645","4,292","144,702","86,463","4,701","1,271",55.1%,0.992,"52,169",0.3983,"8,029","6,535",7,27,1,7,8,3,3,222,26.9,25.5,98.1,"92,435","52,267",36.1%,"28,799","23,468",73.1%,"91,695.52","20,778.91","35,342.91",0.244,61.5%,21.36,"1,935.8",165.3,0.361
1620,01/12/2025,2025,Dec,12,Q4,JERANTUT,TENGAH,SEBERANG TEMBELING,Luar Bandar,"6,600",20,"18,645","4,179","157,283","93,068","5,392","1,408",55.1%,0.992,"61,584",0.4084,"10,094","6,333",7,27,1,7,8,3,2.14,335,26.7,49.2,99.9,"99,868","57,415",36.5%,"31,636","25,779",76.9%,"99,069.06","25,150.91","41,577.91",0.264,58.0%,23.71,"2,126.5",172.8,0.392
1621,01/01/2023,2023,Jan,1,Q1,JERANTUT,TENGAH,BATU EMBUN,Luar Bandar,"6,200",37,"15,174","3,799","129,163","58,241","3,381","2,726",83.7%,0.976,"62,818",0.3807,"6,376","5,102",9,24,1,10.5,5,3.5,2.73,93,26.9,28.5,99,"64,348","64,815",50.2%,"54,250","10,565",67.2%,"62,803.65","23,914.81","35,392.81",0.274,43.6%,16.53,"2,700.6",136.8,0.486
1622,01/02/2023,2023,Feb,2,Q1,JERANTUT,TENGAH,BATU EMBUN,Luar Bandar,"6,200",37,"15,174","3,534","119,575","56,341","3,173","2,397",83.7%,0.976,"63,099",0.3685,"6,477","6,074",9,24,1,10.5,5,4.5,3.16,129,27.1,17.8,99.9,"61,911","57,664",48.2%,"48,265","9,399",68.9%,"60,425.14","23,251.98","35,802.98",0.299,40.7%,17.10,"2,402.7",145.7,0.528
1623,01/03/2023,2023,Mar,3,Q1,JERANTUT,TENGAH,BATU EMBUN,Luar Bandar,"6,200",37,"15,174","3,659","133,189","59,788","3,862","2,858",83.7%,0.976,"67,846",0.3730,"6,832","4,705",9,24,1,10.5,9,4.4,2.52,96,27.6,26.5,98.1,"66,508","66,681",50.1%,"55,812","10,869",69.3%,"64,911.81","25,306.56","36,843.56",0.277,43.2%,17.74,"2,778.4",141.4,0.509
1624,01/04/2023,2023,Apr,4,Q2,JERANTUT,TENGAH,BATU EMBUN,Luar Bandar,"6,200",37,"15,174","3,766","126,245","58,736","4,017","3,233",83.7%,0.976,"61,020",0.3699,"5,810","7,070",9,24,1,10.5,7,3.9,2.06,199,27.6,31.2,96.9,"65,986","60,259",47.7%,"50,437","9,822",67.9%,"64,402.34","22,571.30","35,451.30",0.281,45.0%,17.10,"2,510.8",145.0,0.483
1625,01/05/2023,2023,May,5,Q2,JERANTUT,TENGAH,BATU EMBUN,Luar Bandar,"6,200",37,"15,174","3,568","135,824","62,140","3,795","3,442",83.7%,0.976,"66,331",0.3683,"7,611","5,302",9,24,1,10.5,4,4.2,2.18,182,28.4,20.2,99.1,"69,377","66,447",48.9%,"55,616","10,831",70.7%,"67,711.95","24,429.71","37,342.71",0.275,44.9%,18.98,"2,768.6",147.5,0.488
1626,01/06/2023,2023,Jun,6,Q2,JERANTUT,TENGAH,BATU EMBUN,Luar Bandar,"6,200",37,"15,174","3,538","139,466","61,952","3,557","2,806",83.7%,0.976,"72,517",0.3845,"6,514","7,386",9,24,1,10.5,7,4.4,2.88,75,28.6,11.6,97.2,"68,315","71,151",51.0%,"59,553","11,598",75.0%,"66,675.44","27,882.79","41,782.79",0.300,37.3%,18.85,"2,964.6",150.1,0.520
1627,01/07/2023,2023,Jul,7,Q3,JERANTUT,TENGAH,BATU EMBUN,Luar Bandar,"6,200",37,"15,174","3,440","135,333","53,877","3,292","2,895",83.7%,0.976,"71,380",0.3745,"7,840","5,222",9,24,1,10.5,5,3.5,2.48,113,27.2,26.7,97.2,"60,064","75,269",55.6%,"63,000","12,269",70.4%,"58,622.46","26,731.81","39,793.81",0.294,32.1%,17.04,"3,136.2",127.7,0.527
1628,01/08/2023,2023,Aug,8,Q3,JERANTUT,TENGAH,BATU EMBUN,Luar Bandar,"6,200",37,"15,174","3,500","133,691","61,799","4,321","3,163",83.7%,0.976,"65,484",0.3719,"7,380","7,449",9,24,1,10.5,8,3.9,1.93,171,27.3,19.5,96.7,"69,283","64,408",48.2%,"53,909","10,499",69.6%,"67,620.21","24,353.50","39,182.50",0.293,42.1%,19.32,"2,683.7",147.3,0.490
1629,01/09/2023,2023,Sep,9,Q3,JERANTUT,TENGAH,BATU EMBUN,Luar Bandar,"6,200",37,"15,174","3,489","131,191","51,554","3,525","3,149",83.7%,0.976,"63,167",0.3819,"5,895","5,050",9,24,1,10.5,7,2.6,1.8,203,28,22.8,97.4,"58,228","72,963",55.6%,"61,070","11,893",70.5%,"56,830.53","24,123.48","35,068.48",0.267,38.3%,16.29,"3,040.1",127.9,0.481
1630,01/10/2023,2023,Oct,10,Q4,JERANTUT,TENGAH,BATU EMBUN,Luar Bandar,"6,200",37,"15,174","3,796","119,994","50,357","3,309","2,576",83.7%,0.976,"59,751",0.3694,"6,624","6,650",9,24,1,10.5,6,4.1,2.95,229,27.5,33.7,96.9,"56,242","63,752",53.1%,"53,360","10,392",62.4%,"54,892.19","22,072.02","35,346.02",0.295,35.6%,14.46,"2,656.3",119.6,0.498
1631,01/11/2023,2023,Nov,11,Q4,JERANTUT,TENGAH,BATU EMBUN,Luar Bandar,"6,200",37,"15,174","3,571","116,298","50,380","3,372","2,624",83.7%,0.976,"55,187",0.3814,"6,751","10,132",9,24,2,10.5,6,4.7,3.14,341,27,41.1,97.3,"56,376","59,922",51.5%,"50,155","9,767",62.5%,"55,022.98","21,048.32","37,931.32",0.326,31.1%,15.41,"2,496.8",123.8,0.475
1632,01/12/2023,2023,Dec,12,Q4,JERANTUT,TENGAH,BATU EMBUN,Luar Bandar,"6,200",37,"15,174","3,688","125,287","58,290","4,069","2,805",83.7%,0.976,"58,802",0.3708,"6,306","6,588",9,24,1,10.5,5,4.1,2.32,309,26.3,32.9,99,"65,164","60,123",48.0%,"50,323","9,800",65.2%,"63,600.06","21,803.78","34,697.78",0.277,45.4%,17.25,"2,505.1",138.5,0.469
1633,01/01/2024,2024,Jan,1,Q1,JERANTUT,TENGAH,BATU EMBUN,Luar Bandar,"6,200",38,"15,510","3,677","132,163","59,360","3,441","2,734",83.7%,0.976,"67,734",0.3914,"6,595","7,349",9,24,1,11.5,5,4.4,1.62,119,27.2,,99.4,"65,535","66,628",50.4%,"55,768","10,860",68.8%,"63,962.16","26,511.09","40,455.09",0.306,36.8%,17.40,"2,776.2",136.3,0.513
1634,01/02/2024,2024,Feb,2,Q1,JERANTUT,TENGAH,BATU EMBUN,Luar Bandar,"6,200",38,"15,510","3,633","121,726","58,424","4,051","2,582",83.7%,0.976,"59,046",0.3875,"6,313","4,497",9,24,1,11.5,8,4.1,3.08,101,27.7,22,99.5,"65,057","56,669",46.6%,"47,432","9,237",67.7%,"63,495.63","22,880.33","33,690.33",0.277,46.9%,17.48,"2,361.2",144.6,0.485
1635,01/03/2024,2024,Mar,3,Q1,JERANTUT,TENGAH,BATU EMBUN,Luar Bandar,"6,200",38,"15,510","3,712","129,615","57,276","3,566","2,896",83.7%,0.976,"62,296",0.3928,"6,243","9,491",9,24,2,11.5,10,4.8,2.32,189,27.6,30,97.7,"63,738","65,877",50.8%,"55,139","10,738",67.4%,"62,208.29","24,469.87","40,203.87",0.310,35.4%,16.76,"2,744.9",132.6,0.481
1636,01/04/2024,2024,Apr,4,Q2,JERANTUT,TENGAH,BATU EMBUN,Luar Bandar,"6,200",38,"15,510","3,572","129,201","61,403","4,086","3,325",83.7%,0.976,"60,206",0.3854,"6,558","5,796",9,24,1,11.5,5,1.9,2.76,150,28.3,27.3,99.7,"68,814","60,387",46.7%,"50,544","9,843",69.5%,"67,162.46","23,203.39","35,557.39",0.275,47.1%,18.80,"2,516.1",147.9,0.466
1637,01/05/2024,2024,May,5,Q2,JERANTUT,TENGAH,BATU EMBUN,Luar Bandar,"6,200",38,"15,510","3,481","134,569","58,481","3,485","2,728",83.7%,0.976,"64,344",0.3934,"6,275","7,365",9,24,1,11.5,4,4.1,2.32,150,27.7,27.4,97.6,"64,694","69,875",51.9%,"58,485","11,390",70.0%,"63,141.34","25,312.93","38,952.93",0.289,38.3%,18.14,"2,911.5",134.6,0.478
1638,01/06/2024,2024,Jun,6,Q2,JERANTUT,TENGAH,BATU EMBUN,Luar Bandar,"6,200",38,"15,510","3,563","141,455","65,866","4,096","2,853",83.7%,0.976,"68,216",0.3950,"7,262","10,535",9,24,2,11.5,10,8.2,1.68,104,28.4,18.6,99,"72,815","68,640",48.5%,"57,452","11,188",76.1%,"71,067.44","26,945.32","44,742.32",0.316,37.0%,19.95,"2,860.0",156.5,0.482
1639,01/07/2024,2024,Jul,7,Q3,JERANTUT,TENGAH,BATU EMBUN,Luar Bandar,"6,200",38,"15,510","3,576","143,731","61,525","4,269","2,634",83.7%,0.976,"68,556",0.3882,"6,673","9,451",9,24,2,11.5,6,9.6,2.44,130,27.2,18.1,98.8,"68,428","75,303",52.4%,"63,029","12,274",74.8%,"66,785.73","26,613.44","42,737.44",0.297,36.0%,18.68,"3,137.6",142.3,0.477
1640,01/08/2024,2024,Aug,8,Q3,JERANTUT,TENGAH,BATU EMBUN,Luar Bandar,"6,200",38,"15,510","3,885","142,894","61,074","3,415","3,185",83.7%,0.976,"66,013",0.3856,"7,022","8,252",9,24,2,11.5,6,8.4,2.79,80,28.2,27.8,97.4,"67,674","75,220",52.6%,"62,959","12,261",74.3%,"66,049.82","25,454.61","40,728.61",0.285,38.3%,17.00,"3,134.2",140.7,0.462
1641,01/09/2024,2024,Sep,9,Q3,JERANTUT,TENGAH,BATU EMBUN,Luar Bandar,"6,200",38,"15,510","3,493","131,218","54,765","3,653","3,093",83.7%,0.976,"60,921",0.3885,"6,486","9,093",9,24,2,11.5,6,4.7,3.12,168,28.2,22.2,98.1,"61,511","69,707",53.1%,"58,345","11,362",70.5%,"60,034.74","23,667.81","39,246.81",0.299,34.6%,17.19,"2,904.5",132.2,0.464
1642,01/10/2024,2024,Oct,10,Q4,JERANTUT,TENGAH,BATU EMBUN,Luar Bandar,"6,200",38,"15,510","3,539","125,687","52,824","3,003","2,940",83.7%,0.976,"65,314",0.3865,"6,901","5,315",9,24,1,11.5,5,4.5,1.68,214,27,28.9,97.8,"58,767","66,920",53.2%,"56,012","10,908",65.4%,"57,356.59","25,243.86","37,459.86",0.298,34.7%,16.21,"2,788.3",122.2,0.520
1643,01/11/2024,2024,Nov,11,Q4,JERANTUT,TENGAH,BATU EMBUN,Luar Bandar,"6,200",38,"15,510","3,598","121,532","53,977","3,017","2,533",83.7%,0.976,"59,032",0.3943,"6,687","6,147",9,24,1,11.5,8,4.7,2.13,340,27.5,,96.7,"59,527","62,005",51.0%,"51,898","10,107",65.3%,"58,098.35","23,276.32","36,110.32",0.297,37.8%,16.15,"2,583.5",127.9,0.486
1644,01/12/2024,2024,Dec,12,Q4,JERANTUT,TENGAH,BATU EMBUN,Luar Bandar,"6,200",38,"15,510","3,783","129,028","52,850","3,220","3,217",83.7%,0.976,"65,571",0.3873,"7,445","7,415",9,24,1,11.5,7,4.1,2,212,26.6,26.4,97.2,"59,287","69,741",54.1%,"58,373","11,368",67.1%,"57,864.11","25,395.65","40,255.65",0.312,30.4%,15.30,"2,905.9",123.3,0.508
1645,01/01/2025,2025,Jan,1,Q1,JERANTUT,TENGAH,BATU EMBUN,Luar Bandar,"6,200",39,"15,899","3,731","136,231","62,413","4,302","3,326",83.7%,0.976,"67,739",0.4052,"6,952","5,906",9,24,1,12.5,6,4.3,2.99,98,27.2,12.7,98.3,"70,041","66,190",48.6%,"55,401","10,789",70.9%,"68,360.02","27,447.84","40,305.84",0.296,41.0%,18.32,"2,757.9",142.1,0.497
1646,01/02/2025,2025,Feb,2,Q1,JERANTUT,TENGAH,BATU EMBUN,Luar Bandar,"6,200",39,"15,899","3,654","119,582","52,380","3,431","2,998",83.7%,0.976,"56,474",0.3944,"6,443","5,693",9,24,1,12.5,4,3.4,2.36,147,27.5,18,98.3,"58,809","60,773",50.8%,"50,867","9,906",68.9%,"57,397.58","22,273.35","34,409.35",0.288,40.1%,15.71,"2,532.2",132.1,0.472
1647,01/03/2025,2025,Mar,3,Q1,JERANTUT,TENGAH,BATU EMBUN,Luar Bandar,"6,200",39,"15,899","3,924","139,960","63,277","3,853","3,546",83.7%,0.976,"72,205",0.4073,"7,489","7,562",9,24,2,12.5,7,4.1,2.73,134,28.1,17.2,98.4,"70,676","69,284",49.5%,"57,991","11,293",72.8%,"68,979.78","29,409.10","44,460.10",0.318,35.5%,17.58,"2,886.8",143.4,0.516
1648,01/04/2025,2025,Apr,4,Q2,JERANTUT,TENGAH,BATU EMBUN,Luar Bandar,"6,200",39,"15,899","3,683","137,433","62,031","3,669","2,736",83.7%,0.976,"63,691",0.3915,"6,500","6,791",9,24,1,12.5,4,2.4,2.27,181,28.9,23.8,97,"68,436","68,997",50.2%,"57,750","11,247",73.9%,"66,793.54","24,935.03","38,226.03",0.278,42.8%,18.14,"2,874.9",143.5,0.463
1649,01/05/2025,2025,May,5,Q2,JERANTUT,TENGAH,BATU EMBUN,Luar Bandar,"6,200",39,"15,899","3,781","146,107","70,456","4,273","3,996",83.7%,0.976,"75,716",0.3935,"7,603","7,680",9,24,2,12.5,6,8.1,,105,28.3,13.2,97.6,"78,725","67,382",46.1%,"56,399","10,983",76.0%,"76,835.60","29,794.25","45,077.25",0.309,41.3%,20.32,"2,807.6",159.7,0.518
1650,01/06/2025,2025,Jun,6,Q2,JERANTUT,TENGAH,BATU EMBUN,Luar Bandar,"6,200",39,"15,899","3,719","131,466","63,025","3,524","3,062",83.7%,0.976,"69,893",0.3927,"7,502","4,917",9,24,1,12.5,7,3.9,2.78,88,28.8,20,98.9,"69,611","61,855",47.1%,"51,773","10,082",70.7%,"67,940.34","27,446.98","39,865.98",0.303,41.3%,18.27,"2,577.3",145.9,0.532
1651,01/07/2025,2025,Jul,7,Q3,JERANTUT,TENGAH,BATU EMBUN,Luar Bandar,"6,200",39,"15,899","3,618","136,938","58,562","3,704","3,051",83.7%,0.976,"72,136",0.4028,"6,406","7,203",9,24,2,12.5,7,6.1,3.08,68,28,15.6,96.8,"65,317","71,621",52.3%,"59,947","11,674",71.2%,"63,749.39","29,056.38","42,665.38",0.312,33.1%,17.62,"2,984.2",132.5,0.527
1652,01/08/2025,2025,Aug,8,Q3,JERANTUT,TENGAH,BATU EMBUN,Luar Bandar,"6,200",39,"15,899","3,975","145,500","72,731","5,013","3,563",83.7%,0.976,"75,094",0.4028,"6,331","7,923",9,24,2,12.5,8,8.1,2.7,141,28.3,13.6,98.6,"81,307","64,193",44.1%,"53,730","10,463",75.7%,"79,355.63","30,247.86","44,501.86",0.306,43.9%,19.96,"2,674.7",165.0,0.516
1653,01/09/2025,2025,Sep,9,Q3,JERANTUT,TENGAH,BATU EMBUN,Luar Bandar,"6,200",39,"15,899","3,738","125,832","61,574","4,046","3,626",83.7%,0.976,"61,037",0.3927,"6,534","4,960",9,24,1,12.5,8,2.5,3.05,128,27.6,22.2,98,"69,246","56,586",45.0%,"47,362","9,224",67.7%,"67,584.10","23,969.23","35,463.23",0.282,47.5%,18.08,"2,357.8",145.2,0.485
1654,01/10/2025,2025,Oct,10,Q4,JERANTUT,TENGAH,BATU EMBUN,Luar Bandar,"6,200",39,"15,899","3,838","127,803","54,842","3,642","2,339",83.7%,0.976,"67,245",0.3915,"7,300","4,492",9,24,1,12.5,9,2.6,2.37,218,28,14.7,97.3,"60,823","66,980",52.4%,"56,062","10,918",66.5%,"59,363.25","26,326.42","38,118.42",0.298,35.8%,15.47,"2,790.8",123.4,0.526
1655,01/11/2025,2025,Nov,11,Q4,JERANTUT,TENGAH,BATU EMBUN,Luar Bandar,"6,200",39,"15,899","3,737","129,877","60,040","3,465","3,145",83.7%,0.976,"64,866",0.3928,"7,543","7,445",9,24,2,12.5,10,5.7,2.01,390,26.5,40,98.5,"66,650","63,227",48.7%,"52,921","10,306",69.8%,"65,050.40","25,479.36","40,467.36",0.312,37.8%,17.41,"2,634.5",139.7,0.499
1656,01/12/2025,2025,Dec,12,Q4,JERANTUT,TENGAH,BATU EMBUN,Luar Bandar,"6,200",39,"15,899","3,861","127,709","58,471","4,050","3,142",83.7%,0.976,"65,204",0.3967,"6,190","6,602",9,24,1,12.5,5,3.2,2.16,381,26.4,41.7,98.8,"65,663","62,046",48.6%,"51,933","10,113",66.4%,"64,087.09","25,866.43","38,658.43",0.303,39.7%,16.60,"2,585.3",133.2,0.511
1657,01/01/2023,2023,Jan,1,Q1,BENTONG,BARAT,BENTONG (FASA 2),Bandar,"159,300",38,"377,737","93,940","3,244,071","1,147,843","517,133","393,500",60.6%,1.305,"1,268,986",0.3796,"152,746","41,650",53,193,7,6.6,87,28.3,3.31,135,26.8,29.3,99.2,"2,058,476","1,185,595",36.5%,"718,471","467,124",65.7%,"2,686,311.18","481,707.09","676,103.09",0.208,74.8%,28.60,"6,143.0",175.8,0.391
1658,01/02/2023,2023,Feb,2,Q1,BENTONG,BARAT,BENTONG (FASA 2),Bandar,"159,300",38,"377,737","88,214","2,871,639","1,000,184","481,337","321,801",60.6%,1.305,"1,141,328",0.3710,"120,877","62,969",53,193,10,6.6,105,19.2,2.34,101,27.6,25,96.7,"1,803,322","1,068,317",37.2%,"647,400","420,917",64.4%,"2,353,335.21","423,432.69","607,278.69",0.211,74.2%,26.68,"5,535.3",170.5,0.397
1659,01/03/2023,2023,Mar,3,Q1,BENTONG,BARAT,BENTONG (FASA 2),Bandar,"159,300",38,"377,737","87,957","3,326,961","1,131,522","545,260","453,094",60.6%,1.305,"1,305,558",0.3849,"157,938","39,408",53,193,8,6.6,103,24.7,3.16,123,28,18.3,98.1,"2,129,876","1,197,085",36.0%,"725,434","471,651",67.4%,"2,779,488.18","502,509.27","699,855.27",0.210,74.8%,31.60,"6,202.5",181.9,0.392
1660,01/04/2023,2023,Apr,4,Q2,BENTONG,BARAT,BENTONG (FASA 2),Bandar,"159,300",38,"377,737","94,706","3,305,107","1,153,260","484,271","403,842",60.6%,1.305,"1,298,801",0.3686,"163,910","40,549",53,193,10,6.6,177,20.3,2.75,203,28.2,37.3,96.7,"2,041,373","1,263,734",38.2%,"765,823","497,911",69.2%,"2,663,991.77","478,738.05","683,197.05",0.207,74.4%,28.13,"6,547.8",180.1,0.393
1661,01/05/2023,2023,May,5,Q2,BENTONG,BARAT,BENTONG (FASA 2),Bandar,"159,300",38,"377,737","87,098","3,488,758","1,212,232","498,405","440,162",60.6%,1.305,"1,408,304",0.3745,"169,150","51,886",53,193,6,6.6,68,22.5,3.14,200,28.9,27.8,96.6,"2,150,799","1,337,959",38.4%,"810,803","527,156",70.6%,"2,806,792.70","527,409.85","748,445.85",0.215,73.3%,32.23,"6,932.4",183.7,0.404
1662,01/06/2023,2023,Jun,6,Q2,BENTONG,BARAT,BENTONG (FASA 2),Bandar,"159,300",38,"377,737","92,939","3,163,888","1,141,540","524,009","366,537",60.6%,1.305,"1,314,946",0.3775,"152,219","56,137",53,193,9,6.6,172,32.5,2.83,91,27.4,13.5,99.3,"2,032,086","1,131,802",35.8%,"685,872","445,930",66.2%,"2,651,872.23","496,392.12","704,748.12",0.223,73.4%,28.53,"5,864.3",179.3,0.416
1663,01/07/2023,2023,Jul,7,Q3,BENTONG,BARAT,BENTONG (FASA 2),Bandar,"159,300",38,"377,737","85,528","3,338,424","1,153,287","581,398","351,080",60.6%,1.305,"1,381,758",0.3776,"168,511","56,542",53,193,10,6.6,83,33.3,2.9,106,27,21.4,99.3,"2,085,765","1,252,659",37.5%,"759,111","493,548",67.6%,"2,721,923.33","521,751.82","746,804.82",0.224,72.6%,31.82,"6,490.5",178.1,0.414
1664,01/08/2023,2023,Aug,8,Q3,BENTONG,BARAT,BENTONG (FASA 2),Bandar,"159,300",38,"377,737","88,666","3,372,300","1,167,918","514,714","393,772",60.6%,1.305,"1,304,893",0.3831,"147,556","65,523",53,193,10,6.6,77,31,,106,27.6,22.5,97.5,"2,076,404","1,295,896",38.4%,"785,313","510,583",68.3%,"2,709,707.22","499,904.51","712,983.51",0.211,73.7%,30.56,"6,714.5",177.3,0.387
1665,01/09/2023,2023,Sep,9,Q3,BENTONG,BARAT,BENTONG (FASA 2),Bandar,"159,300",38,"377,737","84,707","3,235,335","1,073,596","550,629","447,607",60.6%,1.305,"1,344,267",0.3801,"142,205","35,848",53,193,5,6.6,115,19,3.02,97,27.4,23,97.9,"2,071,832","1,163,503",36.0%,"705,083","458,420",67.7%,"2,703,740.76","510,955.89","689,008.89",0.213,74.5%,31.92,"6,028.5",182.8,0.415
1666,01/10/2023,2023,Oct,10,Q4,BENTONG,BARAT,BENTONG (FASA 2),Bandar,"159,300",38,"377,737","85,304","3,271,096","1,149,305","609,308","372,908",60.6%,1.305,"1,194,421",0.3714,"172,034","37,192",53,193,5,6.6,101,21.4,2.8,230,26.6,31.7,97.7,"2,131,521","1,139,575",34.8%,"690,582","448,993",66.2%,"2,781,634.91","443,607.96","652,833.96",0.200,76.5%,32.61,"5,904.5",182.0,0.365
1667,01/11/2023,2023,Nov,11,Q4,BENTONG,BARAT,BENTONG (FASA 2),Bandar,"159,300",38,"377,737","85,604","3,060,679","1,098,905","480,189","362,197",60.6%,1.305,"1,133,716",0.3820,"138,097","69,705",53,193,13,6.6,138,28.9,1.97,226,27.6,21.7,99.3,"1,941,291","1,119,388",36.6%,"678,349","441,039",64.0%,"2,533,384.76","433,079.51","640,881.51",0.209,74.7%,29.59,"5,799.9",171.3,0.370
1668,01/12/2023,2023,Dec,12,Q4,BENTONG,BARAT,BENTONG (FASA 2),Bandar,"159,300",38,"377,737","92,190","3,211,155","1,287,477","496,462","379,064",60.6%,1.305,"1,203,889",0.3765,"163,298","43,986",53,193,8,6.6,108,31.9,2.97,229,26.7,25.4,100,"2,163,003","1,048,152",32.6%,"635,180","412,972",65.0%,"2,822,718.92","453,264.21","660,548.21",0.206,76.6%,30.62,"5,430.8",184.7,0.375
1669,01/01/2024,2024,Jan,1,Q1,BENTONG,BARAT,BENTONG (FASA 2),Bandar,"159,300",39,"386,543","88,290","3,066,751","1,058,417","570,982","436,802",60.6%,1.305,"1,182,106",0.3914,"149,867","35,364",53,193,5,7.6,131,18.6,2.66,181,26.9,,97.6,"2,066,201","1,000,550",32.6%,"606,333","394,217",62.1%,"2,696,392.31","462,676.29","647,907.29",0.211,76.0%,30.54,"5,184.2",172.4,0.385
1670,01/02/2024,2024,Feb,2,Q1,BENTONG,BARAT,BENTONG (FASA 2),Bandar,"159,300",39,"386,543","94,706","2,819,808","1,026,357","503,560","339,520",60.6%,1.305,"1,101,664",0.3945,"114,195","52,332",53,193,10,7.6,122,27.8,3.32,128,27.9,29.5,99.4,"1,869,437","950,371",33.7%,"575,925","374,446",61.0%,"2,439,615.29","434,606.45","601,133.45",0.213,75.4%,25.76,"4,924.2",166.8,0.391
1671,01/03/2024,2024,Mar,3,Q1,BENTONG,BARAT,BENTONG (FASA 2),Bandar,"159,300",39,"386,543","88,760","3,469,076","1,234,570","519,746","421,435",60.6%,1.305,"1,434,556",0.3939,"139,838","44,395",53,193,5,7.6,63,16.7,3.28,132,28,26.1,97.6,"2,175,751","1,293,325",37.3%,"783,755","509,570",70.2%,"2,839,355.06","565,071.61","749,304.61",0.216,73.6%,31.99,"6,701.2",181.6,0.414
1672,01/04/2024,2024,Apr,4,Q2,BENTONG,BARAT,BENTONG (FASA 2),Bandar,"159,300",39,"386,543","86,753","3,189,875","1,284,549","532,065","339,088",60.6%,1.305,"1,229,831",0.3894,"169,842","34,189",53,193,4,7.6,117,10.3,2.59,230,28.2,31.1,99.4,"2,155,702","1,034,173",32.4%,"626,709","407,464",66.7%,"2,813,191.11","478,896.19","682,927.19",0.214,75.7%,32.43,"5,358.4",185.9,0.386
1673,01/05/2024,2024,May,5,Q2,BENTONG,BARAT,BENTONG (FASA 2),Bandar,"159,300",39,"386,543","91,211","3,282,010","1,190,613","503,149","403,428",60.6%,1.305,"1,289,788",0.3934,"153,929","45,335",53,193,10,7.6,123,34.3,2.82,157,28.2,26.3,97.5,"2,097,190","1,184,820",36.1%,"718,001","466,819",66.5%,"2,736,832.95","507,402.60","706,666.60",0.215,74.2%,30.01,"6,139.0",175.0,0.393
1674,01/06/2024,2024,Jun,6,Q2,BENTONG,BARAT,BENTONG (FASA 2),Bandar,"159,300",39,"386,543","97,388","3,443,676","1,247,551","589,159","338,195",60.6%,1.305,"1,328,061",0.3936,"145,285","46,661",53,193,9,7.6,172,35.2,3.16,149,28.4,17.2,96.9,"2,174,905","1,268,771",36.8%,"768,875","499,896",72.1%,"2,838,251.03","522,724.81","714,670.81",0.208,74.8%,29.14,"6,573.9",187.6,0.386
1675,01/07/2024,2024,Jul,7,Q3,BENTONG,BARAT,BENTONG (FASA 2),Bandar,"159,300",39,"386,543","88,272","3,544,076","1,422,065","578,610","361,788",60.6%,1.305,"1,490,269",0.3772,"188,314","36,467",53,193,8,7.6,178,37.5,2.68,108,28.3,20.8,99,"2,362,463","1,181,613",33.3%,"716,057","465,556",71.8%,"3,083,014.22","562,129.47","786,910.47",0.222,74.5%,34.93,"6,122.3",197.2,0.420
1676,01/08/2024,2024,Aug,8,Q3,BENTONG,BARAT,BENTONG (FASA 2),Bandar,"159,300",39,"386,543","95,558","3,482,271","1,377,562","541,459","393,746",60.6%,1.305,"1,459,932",0.3958,"177,381","61,586",53,193,10,7.6,109,47.8,1.88,133,28.1,21.3,97.9,"2,312,767","1,169,504",33.6%,"708,719","460,785",70.5%,"3,018,160.94","577,841.09","816,808.09",0.235,72.9%,31.58,"6,059.6",193.0,0.419
1677,01/09/2024,2024,Sep,9,Q3,BENTONG,BARAT,BENTONG (FASA 2),Bandar,"159,300",39,"386,543","86,560","3,029,704","1,043,583","521,368","408,704",60.6%,1.305,"1,163,897",0.3943,"139,681","64,151",53,193,11,7.6,132,25.4,1.82,109,27.9,21.5,99.6,"1,973,655","1,056,049",34.9%,"639,966","416,083",63.4%,"2,575,619.78","458,924.59","662,756.59",0.219,74.3%,29.76,"5,471.8",170.2,0.384
1678,01/10/2024,2024,Oct,10,Q4,BENTONG,BARAT,BENTONG (FASA 2),Bandar,"159,300",39,"386,543","91,386","3,117,154","1,085,708","469,580","389,203",60.6%,1.305,"1,237,357",0.3930,"146,171","49,809",53,193,10,7.6,74,22.4,2.4,292,27.2,31.8,97.3,"1,944,491","1,172,663",37.6%,"710,634","462,029",63.1%,"2,537,560.76","486,281.30","682,261.30",0.219,73.1%,27.77,"6,076.0",162.3,0.397
1679,01/11/2024,2024,Nov,11,Q4,BENTONG,BARAT,BENTONG (FASA 2),Bandar,"159,300",39,"386,543","92,892","3,218,145","1,195,636","553,713","317,101",60.6%,1.305,"1,192,084",0.3782,"165,778","60,959",53,193,11,7.6,87,39.3,2.93,189,26.5,25.9,99.6,"2,066,450","1,151,695",35.8%,"697,927","453,768",67.3%,"2,696,717.25","450,846.17","677,583.17",0.211,74.9%,29.03,"5,967.3",178.2,0.370
1680,01/12/2024,2024,Dec,12,Q4,BENTONG,BARAT,BENTONG (FASA 2),Bandar,"159,300",39,"386,543","88,218","3,226,938","1,246,833","498,178","407,113",60.6%,1.305,"1,350,300",0.3781,"165,581","60,502",53,193,11,7.6,85,35.8,2.59,423,26.2,43.4,97,"2,152,124","1,074,814",33.3%,"651,337","423,477",65.3%,"2,808,521.82","510,548.43","736,631.43",0.228,73.8%,31.84,"5,569.0",179.6,0.418
1681,01/01/2025,2025,Jan,1,Q1,BENTONG,BARAT,BENTONG (FASA 2),Bandar,"159,300",40,"396,425","92,510","3,121,318","1,159,345","524,306","388,343",60.6%,1.305,"1,261,561",0.4088,"125,377","55,130",53,193,10,8.6,135,30.8,2.71,100,27.7,18.4,98,"2,071,994","1,049,324",33.6%,"635,890","413,434",63.2%,"2,703,952.17","515,726.14","696,233.14",0.223,74.3%,29.23,"5,436.9",168.6,0.404
1682,01/02/2025,2025,Feb,2,Q1,BENTONG,BARAT,BENTONG (FASA 2),Bandar,"159,300",40,"396,425","89,712","3,041,628","1,183,901","450,612","309,718",60.6%,1.305,"1,219,712",0.3899,"148,487","50,664",53,193,8,8.6,97,32.2,2.9,98,26.9,20.7,98.4,"1,944,231","1,097,397",36.1%,"665,023","432,374",68.2%,"2,537,221.46","475,565.71","674,716.71",0.222,73.4%,28.28,"5,686.0",175.2,0.401
1683,01/03/2025,2025,Mar,3,Q1,BENTONG,BARAT,BENTONG (FASA 2),Bandar,"159,300",40,"396,425","92,701","3,558,015","1,459,048","564,549","401,250",60.6%,1.305,"1,387,855",0.3918,"169,536","48,618",53,193,12,8.6,107,44.2,1.88,167,28.1,20.9,99,"2,424,847","1,133,168",31.8%,"686,700","446,468",72.0%,"3,164,425.34","543,761.59","761,915.59",0.214,75.9%,34.14,"5,871.3",197.3,0.390
1684,01/04/2025,2025,Apr,4,Q2,BENTONG,BARAT,BENTONG (FASA 2),Bandar,"159,300",40,"396,425","90,621","3,436,079","1,224,348","557,142","478,000",60.6%,1.305,"1,367,112",0.3990,"148,664","43,281",53,193,9,8.6,185,20.6,1.85,155,28.7,,99,"2,259,490","1,176,589",34.2%,"713,013","463,576",71.9%,"2,948,634.45","545,477.69","737,422.69",0.215,75.0%,32.54,"6,096.3",190.0,0.398
1685,01/05/2025,2025,May,5,Q2,BENTONG,BARAT,BENTONG (FASA 2),Bandar,"159,300",40,"396,425","89,510","3,536,919","1,141,837","642,656","474,419",60.6%,1.305,"1,478,568",0.4060,"147,225","51,037",53,193,11,8.6,93,44.2,1.82,211,27.9,,97.7,"2,258,912","1,278,007",36.1%,"774,472","503,535",71.6%,"2,947,880.16","600,298.61","798,560.61",0.226,72.9%,32.93,"6,621.8",183.8,0.418
1686,01/06/2025,2025,Jun,6,Q2,BENTONG,BARAT,BENTONG (FASA 2),Bandar,"159,300",40,"396,425","99,513","3,527,335","1,359,741","630,986","435,160",60.6%,1.305,"1,289,795",0.3934,"157,011","34,566",53,193,5,8.6,177,18.7,2.27,95,28,21.5,98.8,"2,425,887","1,101,448",31.2%,"667,477","433,971",73.8%,"3,165,782.54","507,405.35","698,982.35",0.198,77.9%,31.81,"5,707.0",204.0,0.366
1687,01/07/2025,2025,Jul,7,Q3,BENTONG,BARAT,BENTONG (FASA 2),Bandar,"159,300",40,"396,425","92,778","3,456,073","1,268,904","606,050","466,250",60.6%,1.305,"1,334,504",0.4057,"155,621","57,212",53,193,9,8.6,125,31.6,,144,27.4,24.6,97.1,"2,341,204","1,114,869",32.3%,"675,611","439,258",70.0%,"3,055,271.22","541,408.27","754,241.27",0.218,75.3%,32.93,"5,776.5",190.5,0.386
1688,01/08/2025,2025,Aug,8,Q3,BENTONG,BARAT,BENTONG (FASA 2),Bandar,"159,300",40,"396,425","99,023","3,337,587","1,192,162","634,348","394,940",60.6%,1.305,"1,231,586",0.4041,"138,182","48,558",53,193,10,8.6,115,42.6,3.34,163,27.2,,98.4,"2,221,450","1,116,137",33.4%,"676,379","439,758",67.6%,"2,898,992.25","497,683.90","684,423.90",0.205,76.4%,29.28,"5,783.1",180.8,0.369
1689,01/09/2025,2025,Sep,9,Q3,BENTONG,BARAT,BENTONG (FASA 2),Bandar,"159,300",40,"396,425","94,796","3,439,669","1,239,950","644,896","450,643",60.6%,1.305,"1,336,278",0.3929,"139,606","64,901",53,193,12,8.6,159,31.1,1.79,208,28.3,37.3,97.5,"2,335,489","1,104,180",32.1%,"669,133","435,047",72.0%,"3,047,813.15","525,023.63","729,530.63",0.212,76.1%,32.15,"5,721.1",196.4,0.388
1690,01/10/2025,2025,Oct,10,Q4,BENTONG,BARAT,BENTONG (FASA 2),Bandar,"159,300",40,"396,425","97,162","3,343,571","1,240,601","525,220","425,656",60.6%,1.305,"1,242,650",0.3906,"165,419","34,619",53,193,7,8.6,100,24.8,2.44,251,28,31,97,"2,191,477","1,152,094",34.5%,"698,169","453,925",67.7%,"2,859,877.49","485,379.09","685,417.09",0.205,76.0%,29.43,"5,969.4",178.3,0.372
1691,01/11/2025,2025,Nov,11,Q4,BENTONG,BARAT,BENTONG (FASA 2),Bandar,"159,300",40,"396,425","89,097","2,962,731","1,088,629","572,750","346,191",60.6%,1.305,"1,083,542",0.4049,"152,545","50,283",53,193,9,8.6,97,26.7,2.75,329,27.2,32,99.2,"2,007,570","955,161",32.2%,"578,828","376,333",62.0%,"2,619,878.85","438,726.16","641,554.16",0.217,75.5%,29.40,"4,949.0",168.8,0.366
1692,01/12/2025,2025,Dec,12,Q4,BENTONG,BARAT,BENTONG (FASA 2),Bandar,"159,300",40,"396,425","93,170","3,145,306","1,163,427","606,767","328,396",60.6%,1.305,"1,321,224",0.3975,"138,522","51,575",53,193,10,8.6,101,41.4,1.96,262,26.2,40.3,98.5,"2,098,590","1,046,716",33.3%,"634,310","412,406",63.7%,"2,738,659.95","525,186.54","715,283.54",0.227,73.9%,29.39,"5,423.4",170.8,0.420
1693,01/01/2023,2023,Jan,1,Q1,BENTONG,BARAT,KARAK,Luar Bandar,"7,800",16,"21,037","5,094","170,054","81,412","6,396","4,462",77.4%,1.010,"88,304",0.3729,"13,844","7,660",7,29,2,13.9,13,8.9,2.56,139,26.3,30.6,99.9,"92,270","77,784",45.7%,"60,205","17,579",70.3%,"93,192.70","32,928.56","54,432.56",0.320,41.6%,18.29,"2,682.2",141.5,0.519
1694,01/02/2023,2023,Feb,2,Q1,BENTONG,BARAT,KARAK,Luar Bandar,"7,800",16,"21,037","5,090","163,911","74,244","6,950","3,459",77.4%,1.010,"81,917",0.3831,"13,470","6,064",7,29,1,13.9,8,3.5,2.05,103,26.7,24.9,97.4,"84,653","79,258",48.4%,"61,346","17,912",75.1%,"85,499.53","31,382.40","50,916.40",0.311,40.4%,16.80,"2,733.0",143.7,0.500
1695,01/03/2023,2023,Mar,3,Q1,BENTONG,BARAT,KARAK,Luar Bandar,"7,800",16,"21,037","4,925","182,452","93,211","8,409","4,216",77.4%,1.010,"87,701",0.3787,"13,473","7,734",7,29,1,13.9,10,2.4,1.76,119,27.9,,96.7,"105,836","76,616",42.0%,"59,301","17,315",75.5%,"106,894.36","33,212.37","54,419.37",0.298,49.1%,21.70,"2,641.9",162.3,0.481
1696,01/04/2023,2023,Apr,4,Q2,BENTONG,BARAT,KARAK,Luar Bandar,"7,800",16,"21,037","4,968","186,223","88,197","8,092","5,345",77.4%,1.010,"88,607",0.3844,"16,812","5,400",7,29,1,13.9,11,2.2,2.47,167,28.7,24.3,99.2,"101,634","84,589",45.4%,"65,472","19,117",79.6%,"102,650.34","34,060.53","56,272.53",0.302,45.2%,20.66,"2,916.9",161.0,0.476
1697,01/05/2023,2023,May,5,Q2,BENTONG,BARAT,KARAK,Luar Bandar,"7,800",16,"21,037","4,917","192,023","89,305","7,984","4,576",77.4%,1.010,"100,962",0.3714,"14,023","6,527",7,29,1,13.9,6,3.5,2.72,135,28.6,15,97.8,"101,865","90,158",47.0%,"69,782","20,376",79.4%,"102,883.65","37,497.29","58,047.29",0.302,43.6%,20.92,"3,108.9",156.2,0.526
1698,01/06/2023,2023,Jun,6,Q2,BENTONG,BARAT,KARAK,Luar Bandar,"7,800",16,"21,037","5,247","190,408","94,890","9,117","5,439",77.4%,1.010,"103,353",0.3698,"16,985","5,432",7,29,1,13.9,8,2.8,1.75,82,27.7,22.7,98.1,"109,446","80,962",42.5%,"62,665","18,297",81.4%,"110,540.46","38,219.94","60,636.94",0.318,45.1%,21.07,"2,791.8",173.4,0.543
1699,01/07/2023,2023,Jul,7,Q3,BENTONG,BARAT,KARAK,Luar Bandar,"7,800",16,"21,037","4,969","187,422","93,937","8,577","4,284",77.4%,1.010,"91,824",0.3813,"14,997","11,075",7,29,2,13.9,11,6.9,1.94,72,28,25.2,97,"106,798","80,624",43.0%,"62,403","18,221",77.5%,"107,865.98","35,012.49","61,084.49",0.326,43.4%,21.71,"2,780.1",163.8,0.490
1700,01/08/2023,2023,Aug,8,Q3,BENTONG,BARAT,KARAK,Luar Bandar,"7,800",16,"21,037","5,227","193,916","86,889","7,277","5,190",77.4%,1.010,"101,233",0.3722,"18,228","5,835",7,29,1,13.9,8,2.6,2.09,148,28.1,28.2,96.6,"99,356","94,560",48.8%,"73,189","21,371",80.2%,"100,349.56","37,678.92","61,741.92",0.318,38.5%,19.20,"3,260.7",152.4,0.522
1701,01/09/2023,2023,Sep,9,Q3,BENTONG,BARAT,KARAK,Luar Bandar,"7,800",16,"21,037","5,259","182,115","83,720","8,267","4,785",77.4%,1.010,"97,837",0.3694,"16,627","5,187",7,29,1,13.9,4,3.6,1.89,213,28,25.7,98.9,"96,772","85,343",46.9%,"66,055","19,288",77.8%,"97,739.72","36,140.99","57,954.99",0.318,40.7%,18.59,"2,942.9",153.3,0.537
1702,01/10/2023,2023,Oct,10,Q4,BENTONG,BARAT,KARAK,Luar Bandar,"7,800",16,"21,037","5,135","180,517","82,444","6,600","3,426",77.4%,1.010,"92,925",0.3781,"16,633","8,967",7,29,2,13.9,11,6.5,2.38,290,27.4,32,98.8,"92,470","88,047",48.8%,"68,148","19,899",74.7%,"93,394.70","35,134.94","60,734.94",0.336,35.0%,18.19,"3,036.1",141.8,0.515
1703,01/11/2023,2023,Nov,11,Q4,BENTONG,BARAT,KARAK,Luar Bandar,"7,800",16,"21,037","5,217","167,313","75,147","6,924","3,332",77.4%,1.010,"82,299",0.3844,"12,572","6,484",7,29,1,13.9,7,3.9,2.38,202,27.4,16.9,98.6,"85,403","81,910",49.0%,"63,398","18,512",71.5%,"86,257.03","31,635.74","50,691.74",0.303,41.2%,16.53,"2,824.5",135.3,0.492
1704,01/12/2023,2023,Dec,12,Q4,BENTONG,BARAT,KARAK,Luar Bandar,"7,800",16,"21,037","5,068","168,576","78,953","7,031","4,699",77.4%,1.010,"89,226",0.3740,"13,604","8,313",7,29,1,13.9,6,4.3,2.7,273,26.5,32.6,99.4,"90,683","77,893",46.2%,"60,289","17,604",69.7%,"91,589.83","33,370.52","55,287.52",0.328,39.6%,18.07,"2,686.0",139.1,0.529
1705,01/01/2024,2024,Jan,1,Q1,BENTONG,BARAT,KARAK,Luar Bandar,"7,800",17,"21,525","5,278","175,702","87,879","7,881","4,255",77.4%,1.010,"92,108",0.3915,"16,516","8,020",7,29,1,14.9,8,4.4,3.07,192,26.8,35.2,96.7,"100,015","75,687",43.1%,"58,582","17,105",72.7%,"101,015.15","36,060.28","60,596.28",0.345,40.0%,19.14,"2,609.9",149.9,0.524
1706,01/02/2024,2024,Feb,2,Q1,BENTONG,BARAT,KARAK,Luar Bandar,"7,800",17,"21,525","5,253","161,686","78,448","6,540","3,441",77.4%,1.010,"77,627",0.3791,"15,336","8,109",7,29,2,14.9,13,8.7,1.83,145,26.7,21.7,97.6,"88,429","73,257",45.3%,"56,701","16,556",71.5%,"89,313.29","29,428.40","52,873.40",0.327,40.8%,17.00,"2,526.1",141.7,0.480
1707,01/03/2024,2024,Mar,3,Q1,BENTONG,BARAT,KARAK,Luar Bandar,"7,800",17,"21,525","4,894","183,046","93,301","8,626","4,231",77.4%,1.010,"97,228",0.3957,"16,614","7,008",7,29,1,14.9,7,4.6,2.27,101,27.5,13.4,97.4,"106,158","76,888",42.0%,"59,511","17,377",75.7%,"107,219.58","38,473.12","62,095.12",0.339,42.1%,21.91,"2,651.3",159.1,0.531
1708,01/04/2024,2024,Apr,4,Q2,BENTONG,BARAT,KARAK,Luar Bandar,"7,800",17,"21,525","5,045","191,433","88,777","7,665","4,155",77.4%,1.010,"91,545",0.3874,"16,728","5,155",7,29,1,14.9,7,4,3.09,222,28.3,30.1,99.4,"100,597","90,836",47.5%,"70,307","20,529",81.8%,"101,602.97","35,464.53","57,347.53",0.300,43.6%,20.14,"3,132.3",155.8,0.478
1709,01/05/2024,2024,May,5,Q2,BENTONG,BARAT,KARAK,Luar Bandar,"7,800",17,"21,525","4,834","183,433","90,921","7,364","4,932",77.4%,1.010,"94,715",0.3864,"13,301","7,533",7,29,1,14.9,8,3.5,3.24,116,28.2,26.7,99.4,"103,217","80,216",43.7%,"62,087","18,129",75.9%,"104,249.17","36,597.88","57,431.88",0.313,44.9%,21.57,"2,766.1",154.7,0.516
1710,01/06/2024,2024,Jun,6,Q2,BENTONG,BARAT,KARAK,Luar Bandar,"7,800",17,"21,525","4,848","190,703","95,829","7,680","5,349",77.4%,1.010,"91,808",0.3937,"16,198","6,444",7,29,1,14.9,6,3.3,1.8,127,27.9,29.3,98.5,"108,858","81,845",42.9%,"63,348","18,497",81.5%,"109,946.58","36,144.81","58,786.81",0.308,46.5%,22.68,"2,822.2",168.6,0.481
1711,01/07/2024,2024,Jul,7,Q3,BENTONG,BARAT,KARAK,Luar Bandar,"7,800",17,"21,525","4,936","190,207","88,347","7,041","4,169",77.4%,1.010,"92,109",0.3872,"16,736","6,149",7,29,1,14.9,10,3.1,1.78,142,27.6,22.9,99.9,"99,557","90,650",47.7%,"70,163","20,487",78.7%,"100,552.57","35,664.60","58,549.60",0.308,41.8%,20.37,"3,125.9",149.2,0.484
1712,01/08/2024,2024,Aug,8,Q3,BENTONG,BARAT,KARAK,Luar Bandar,"7,800",17,"21,525","5,103","183,380","91,744","7,988","4,598",77.4%,1.010,"93,050",0.3942,"17,396","9,935",7,29,2,14.9,10,8.9,2.19,99,27.7,23.8,98.9,"104,330","79,050",43.1%,"61,185","17,865",75.8%,"105,373.30","36,680.31","64,011.31",0.349,39.3%,20.65,"2,725.9",156.4,0.507
1713,01/09/2024,2024,Sep,9,Q3,BENTONG,BARAT,KARAK,Luar Bandar,"7,800",17,"21,525","5,135","172,518","85,375","7,761","3,967",77.4%,1.010,"86,197",0.3895,"14,413","6,947",7,29,1,14.9,5,3.6,1.74,100,27.8,12.2,98.1,"97,103","75,415",43.7%,"58,371","17,044",73.7%,"98,074.03","33,573.73","54,933.73",0.318,44.0%,19.10,"2,600.5",150.4,0.500
1714,01/10/2024,2024,Oct,10,Q4,BENTONG,BARAT,KARAK,Luar Bandar,"7,800",17,"21,525","4,946","169,704","82,333","6,618","3,957",77.4%,1.010,"93,972",0.3884,"14,399","7,438",7,29,1,14.9,6,4.2,2.23,193,26.6,36.7,97,"92,908","76,796",45.3%,"59,440","17,356",70.2%,"93,837.08","36,498.72","58,335.72",0.344,37.8%,18.97,"2,648.1",139.2,0.554
1715,01/11/2024,2024,Nov,11,Q4,BENTONG,BARAT,KARAK,Luar Bandar,"7,800",17,"21,525","5,287","169,077","81,918","7,552","3,720",77.4%,1.010,"89,267",0.3868,"16,191","8,863",7,29,2,14.9,12,8.2,2.13,321,26.8,19.4,99.6,"93,190","75,887",44.9%,"58,737","17,150",72.3%,"94,121.90","34,528.48","59,582.48",0.352,36.7%,17.80,"2,616.8",144.3,0.528
1716,01/12/2024,2024,Dec,12,Q4,BENTONG,BARAT,KARAK,Luar Bandar,"7,800",17,"21,525","4,974","171,612","80,075","6,219","4,150",77.4%,1.010,"93,255",0.3863,"14,978","11,194",7,29,2,14.9,12,9.5,2.4,402,27.1,38.3,96.8,"90,444","81,168",47.3%,"62,824","18,344",71.0%,"91,348.44","36,024.41","62,196.41",0.362,31.9%,18.37,"2,798.9",135.5,0.543
1717,01/01/2025,2025,Jan,1,Q1,BENTONG,BARAT,KARAK,Luar Bandar,"7,800",18,"22,058","5,146","171,058","85,816","8,213","5,036",77.4%,1.010,"87,343",0.3927,"13,286","8,537",7,29,2,15.9,10,8.7,2.76,95,27.2,22,96.9,"99,065","71,993",42.1%,"55,723","16,270",70.7%,"100,055.65","34,299.60","56,122.60",0.328,43.9%,19.44,"2,482.5",144.9,0.511
1718,01/02/2025,2025,Feb,2,Q1,BENTONG,BARAT,KARAK,Luar Bandar,"7,800",18,"22,058","5,559","173,149","80,118","7,344","4,340",77.4%,1.010,"93,274",0.4023,"13,546","9,277",7,29,2,15.9,8,4,2.61,79,27.1,16.6,97.7,"91,802","81,347",47.0%,"62,963","18,384",79.3%,"92,720.02","37,524.13","60,347.13",0.349,34.9%,16.68,"2,805.1",148.6,0.539
1719,01/03/2025,2025,Mar,3,Q1,BENTONG,BARAT,KARAK,Luar Bandar,"7,800",18,"22,058","5,211","194,743","100,168","9,132","5,008",77.4%,1.010,"107,107",0.4032,"18,555","5,494",7,29,1,15.9,5,3.1,3.12,120,27.9,14.5,98.2,"114,308","80,435",41.3%,"62,257","18,178",80.5%,"115,451.08","43,185.54","67,234.54",0.345,41.8%,22.16,"2,773.6",167.2,0.550
1720,01/04/2025,2025,Apr,4,Q2,BENTONG,BARAT,KARAK,Luar Bandar,"7,800",18,"22,058","5,275","186,401","88,964","8,081","3,701",77.4%,1.010,"97,760",0.4016,"16,013","6,356",7,29,1,15.9,5,3,2.8,111,27.9,15.5,98,"100,746","85,655",46.0%,"66,297","19,358",79.7%,"101,753.46","39,260.42","61,629.42",0.331,39.4%,19.29,"2,953.6",152.2,0.524
1721,01/05/2025,2025,May,5,Q2,BENTONG,BARAT,KARAK,Luar Bandar,"7,800",18,"22,058","5,202","192,325","96,514","9,033","4,156",77.4%,1.010,"99,042",0.4020,"15,316","6,520",7,29,1,15.9,5,3.4,2.08,170,28,22,97.3,"109,703","82,622",43.0%,"63,949","18,673",79.5%,"110,800.03","39,814.88","61,650.88",0.321,44.4%,21.30,"2,849.0",160.4,0.515
1722,01/06/2025,2025,Jun,6,Q2,BENTONG,BARAT,KARAK,Luar Bandar,"7,800",18,"22,058","4,987","189,543","95,329","8,987","5,035",77.4%,1.010,"98,312",0.4018,"17,226","7,172",7,29,1,15.9,9,4.1,2,89,28.5,21.4,98.8,"109,351","80,192",42.3%,"62,069","18,123",81.0%,"110,444.51","39,501.76","63,899.76",0.337,42.1%,22.15,"2,765.2",165.2,0.519
1723,01/07/2025,2025,Jul,7,Q3,BENTONG,BARAT,KARAK,Luar Bandar,"7,800",18,"22,058","5,266","204,217","98,693","9,374","4,355",77.4%,1.010,"112,738",0.4009,"18,711","7,960",7,29,1,15.9,6,3.3,2.16,82,27.3,13.3,96.9,"112,422","91,795",44.9%,"71,049","20,746",84.5%,"113,546.22","45,196.66","71,867.66",0.352,36.7%,21.56,"3,165.3",164.4,0.552
1724,01/08/2025,2025,Aug,8,Q3,BENTONG,BARAT,KARAK,Luar Bandar,"7,800",18,"22,058","5,340","197,837","97,438","8,200","4,936",77.4%,1.010,"100,934",0.3977,"16,365","7,991",7,29,1,15.9,11,3.5,1.84,159,27.9,20.5,96.6,"110,574","87,263",44.1%,"67,542","19,721",81.8%,"111,679.74","40,141.45","64,497.45",0.326,42.2%,20.91,"3,009.1",161.7,0.510
1725,01/09/2025,2025,Sep,9,Q3,BENTONG,BARAT,KARAK,Luar Bandar,"7,800",18,"22,058","5,028","173,595","84,869","7,778","3,827",77.4%,1.010,"83,090",0.4088,"13,872","8,988",7,29,2,15.9,12,5.8,2.7,146,27.3,21.3,98.7,"96,474","77,121",44.4%,"59,692","17,429",74.2%,"97,438.74","33,967.19","56,827.19",0.327,41.7%,19.38,"2,659.3",145.8,0.479
1726,01/10/2025,2025,Oct,10,Q4,BENTONG,BARAT,KARAK,Luar Bandar,"7,800",18,"22,058","5,100","190,556","98,330","8,930","4,585",77.4%,1.010,"103,821",0.3938,"17,381","9,673",7,29,2,15.9,10,6.8,2.05,199,26.9,20.8,96.9,"111,845","78,711",41.3%,"60,922","17,789",78.8%,"112,963.45","40,884.71","67,938.71",0.357,39.9%,22.15,"2,714.2",163.6,0.545
1727,01/11/2025,2025,Nov,11,Q4,BENTONG,BARAT,KARAK,Luar Bandar,"7,800",18,"22,058","4,944","171,391","82,013","7,473","3,457",77.4%,1.010,"83,963",0.3906,"15,843","6,874",7,29,1,15.9,8,4.2,2.07,324,26.5,29.4,97.3,"92,943","78,448",45.8%,"60,719","17,729",73.2%,"93,872.43","32,795.95","55,512.95",0.324,40.9%,18.99,"2,705.1",140.5,0.490
1728,01/12/2025,2025,Dec,12,Q4,BENTONG,BARAT,KARAK,Luar Bandar,"7,800",18,"22,058","5,126","185,677","88,717","7,024","4,035",77.4%,1.010,"93,063",0.3945,"16,762","7,720",7,29,1,15.9,9,3.3,2.86,279,26.9,23.9,98.2,"99,776","85,901",46.3%,"66,487","19,414",76.8%,"100,773.76","36,713.35","61,195.35",0.330,39.3%,19.66,"2,962.1",145.9,0.501
1729,01/01/2023,2023,Jan,1,Q1,BENTONG,BARAT,LURAH BILUT,Luar Bandar,"5,200",36,"13,931","3,291","111,435","53,181","5,944","1,517",80.7%,0.942,"58,478",0.3790,"6,801","7,132",11,25,2,10.4,6,8.4,2.67,166,27.4,22.2,98.7,"60,642","50,793",45.6%,"40,990","9,803",69.1%,"57,124.76","22,163.16","36,096.16",0.324,36.8%,17.36,"2,031.7",140.4,0.525
1730,01/02/2023,2023,Feb,2,Q1,BENTONG,BARAT,LURAH BILUT,Luar Bandar,"5,200",36,"13,931","3,301","102,112","44,828","5,500","1,303",80.7%,0.942,"55,736",0.3850,"6,775","6,517",11,25,1,10.4,4,4.5,2.51,107,27.2,14,99.2,"51,631","50,481",49.4%,"40,738","9,743",70.1%,"48,636.40","21,458.36","34,750.36",0.340,28.6%,14.73,"2,019.2",132.4,0.546
1731,01/03/2023,2023,Mar,3,Q1,BENTONG,BARAT,LURAH BILUT,Luar Bandar,"5,200",36,"13,931","3,365","120,689","54,706","5,448","1,425",80.7%,0.942,"64,077",0.3659,"7,340","7,070",11,25,1,10.4,5,3.6,3.12,151,27.7,27.9,99.8,"61,579","59,110",49.0%,"47,702","11,408",74.9%,"58,007.42","23,445.77","37,855.77",0.314,34.7%,17.24,"2,364.4",142.6,0.531
1732,01/04/2023,2023,Apr,4,Q2,BENTONG,BARAT,LURAH BILUT,Luar Bandar,"5,200",36,"13,931","3,200","114,566","54,046","6,068","1,698",80.7%,0.942,"60,886",0.3806,"7,865","5,766",11,25,1,10.4,6,3,3.2,211,27.8,25.3,99.1,"61,812","52,754",46.0%,"42,572","10,182",73.4%,"58,226.90","23,173.21","36,804.21",0.321,36.8%,18.20,"2,110.2",147.9,0.531
1733,01/05/2023,2023,May,5,Q2,BENTONG,BARAT,LURAH BILUT,Luar Bandar,"5,200",36,"13,931","3,138","123,507","51,874","6,288","1,362",80.7%,0.942,"67,267",0.3848,"7,530","7,445",11,25,2,10.4,8,5.7,2.93,159,28.7,17.9,98.4,"59,524","63,983",51.8%,"51,634","12,349",76.6%,"56,071.61","25,884.34","40,859.34",0.331,27.1%,17.87,"2,559.3",137.8,0.545
1734,01/06/2023,2023,Jun,6,Q2,BENTONG,BARAT,LURAH BILUT,Luar Bandar,"5,200",36,"13,931","3,188","121,473","55,677","6,281","1,325",80.7%,0.942,"67,365",0.3826,"8,175","6,788",11,25,1,10.4,7,2.2,2.66,105,28.1,26.6,98.2,"63,283","58,190",47.9%,"46,959","11,231",77.9%,"59,612.59","25,773.85","40,736.85",0.335,31.7%,18.70,"2,327.6",151.4,0.555
1735,01/07/2023,2023,Jul,7,Q3,BENTONG,BARAT,LURAH BILUT,Luar Bandar,"5,200",36,"13,931","3,127","119,574","51,186","5,735","1,479",80.7%,0.942,"63,397",0.3714,"6,815","9,307",11,25,2,10.4,6,4.8,1.89,126,26.9,16.8,96.6,"58,400","61,174",51.2%,"49,367","11,807",74.2%,"55,012.80","23,545.65","39,667.65",0.332,27.9%,17.59,"2,447.0",135.2,0.530
1736,01/08/2023,2023,Aug,8,Q3,BENTONG,BARAT,LURAH BILUT,Luar Bandar,"5,200",36,"13,931","3,263","126,244","61,129","6,556","1,630",80.7%,0.942,"67,780",0.3750,"6,962","6,196",11,25,1,10.4,6,2.3,3.23,125,27.3,27.1,96.5,"69,315","56,929",45.1%,"45,942","10,987",78.3%,"65,294.73","25,417.50","38,575.50",0.306,40.9%,20.01,"2,277.2",160.5,0.537
1737,01/09/2023,2023,Sep,9,Q3,BENTONG,BARAT,LURAH BILUT,Luar Bandar,"5,200",36,"13,931","3,245","109,162","52,021","5,502","1,359",80.7%,0.942,"52,061",0.3793,"5,649","5,661",11,25,1,10.4,6,2.2,2.28,97,28.1,18.8,98.8,"58,882","50,280",46.1%,"40,576","9,704",70.0%,"55,466.84","19,746.74","31,056.74",0.285,44.0%,17.09,"2,011.2",140.9,0.477
1738,01/10/2023,2023,Oct,10,Q4,BENTONG,BARAT,LURAH BILUT,Luar Bandar,"5,200",36,"13,931","3,156","118,019","56,727","5,942","1,851",80.7%,0.942,"57,054",0.3730,"8,100","4,702",11,25,1,10.4,4,4.5,2.67,154,26.9,23.8,99.1,"64,520","53,499",45.3%,"43,174","10,325",73.2%,"60,777.84","21,281.14","34,083.14",0.289,43.9%,19.26,"2,140.0",149.4,0.483
1739,01/11/2023,2023,Nov,11,Q4,BENTONG,BARAT,LURAH BILUT,Luar Bandar,"5,200",36,"13,931","3,259","111,692","51,834","6,436","1,587",80.7%,0.942,"59,479",0.3795,"6,823","6,517",11,25,1,10.4,7,4.1,3.1,397,27,37.6,97.8,"59,857","51,835",46.4%,"41,831","10,004",71.6%,"56,385.29","22,572.28","35,912.28",0.322,36.3%,17.30,"2,073.4",143.2,0.533
1740,01/12/2023,2023,Dec,12,Q4,BENTONG,BARAT,LURAH BILUT,Luar Bandar,"5,200",36,"13,931","3,249","117,569","52,010","6,304","1,593",80.7%,0.942,"59,330",0.3725,"7,567","6,727",11,25,1,10.4,8,4.4,2.04,429,26.4,41,99.9,"59,907","57,662",49.0%,"46,533","11,129",72.9%,"56,432.39","22,100.43","36,394.43",0.310,35.5%,17.37,"2,306.5",138.7,0.505
1741,01/01/2024,2024,Jan,1,Q1,BENTONG,BARAT,LURAH BILUT,Luar Bandar,"5,200",37,"14,246","3,492","110,596","52,965","5,596","1,624",80.7%,0.942,"54,938",0.3780,"7,579","4,954",11,25,1,11.4,7,2.3,2.92,157,27.3,24.4,99,"60,185","50,411",45.6%,"40,682","9,729",68.6%,"56,694.27","20,766.56","33,299.56",0.301,41.3%,16.24,"2,016.4",136.3,0.497
1742,01/02/2024,2024,Feb,2,Q1,BENTONG,BARAT,LURAH BILUT,Luar Bandar,"5,200",37,"14,246","3,273","107,641","48,094","5,960","1,287",80.7%,0.942,"53,917",0.3821,"5,784","6,913",11,25,1,11.4,5,3.7,1.93,124,27.6,21.1,96.8,"55,341","52,300",48.6%,"42,206","10,094",71.4%,"52,131.22","20,601.69","33,298.69",0.309,36.1%,15.93,"2,092.0",134.0,0.501
1743,01/03/2024,2024,Mar,3,Q1,BENTONG,BARAT,LURAH BILUT,Luar Bandar,"5,200",37,"14,246","3,566","123,567","60,460","6,386","1,907",80.7%,0.942,"65,455",0.3788,"6,532","7,569",11,25,1,11.4,4,4.4,1.74,114,27.8,16.1,97.3,"68,753","54,814",44.4%,"44,235","10,579",76.7%,"64,765.33","24,794.35","38,895.35",0.315,39.9%,18.16,"2,192.6",155.7,0.530
1744,01/04/2024,2024,Apr,4,Q2,BENTONG,BARAT,LURAH BILUT,Luar Bandar,"5,200",37,"14,246","3,533","119,185","51,667","6,376","1,500",80.7%,0.942,"64,182",0.3842,"6,178","6,926",11,25,1,11.4,4,2.9,2.53,229,28.7,23.8,98.3,"59,543","59,642",50.0%,"48,131","11,511",76.4%,"56,089.51","24,658.72","37,762.72",0.317,32.7%,15.88,"2,385.7",139.3,0.539
1745,01/05/2024,2024,May,5,Q2,BENTONG,BARAT,LURAH BILUT,Luar Bandar,"5,200",37,"14,246","3,442","133,983","58,878","7,320","1,396",80.7%,0.942,"67,485",0.3904,"8,254","7,443",11,25,2,11.4,10,4.7,2.82,187,28.1,22.4,99.4,"67,594","66,389",49.6%,"53,576","12,813",83.1%,"63,673.55","26,346.14","42,043.14",0.314,34.0%,18.50,"2,655.6",153.1,0.504
1746,01/06/2024,2024,Jun,6,Q2,BENTONG,BARAT,LURAH BILUT,Luar Bandar,"5,200",37,"14,246","3,493","126,674","55,477","6,742","1,566",80.7%,0.942,"61,853",0.3955,"7,282","7,014",11,25,2,11.4,8,4.9,2.21,119,28.5,29.7,97.8,"63,785","62,889",49.6%,"50,751","12,138",81.2%,"60,085.47","24,462.86","38,758.86",0.306,35.5%,17.20,"2,515.6",149.2,0.488
1747,01/07/2024,2024,Jul,7,Q3,BENTONG,BARAT,LURAH BILUT,Luar Bandar,"5,200",37,"14,246","3,551","128,115","59,691","6,539","1,813",80.7%,0.942,"71,533",0.3954,"8,624","5,862",11,25,1,11.4,7,4.8,2.81,118,27.6,32.3,98.8,"68,043","60,072",46.9%,"48,478","11,594",79.5%,"64,096.51","28,284.15","42,770.15",0.334,33.3%,18.05,"2,402.9",154.1,0.558
1748,01/08/2024,2024,Aug,8,Q3,BENTONG,BARAT,LURAH BILUT,Luar Bandar,"5,200",37,"14,246","3,297","121,434","53,723","5,328","1,229",80.7%,0.942,"62,567",0.3866,"6,922","8,754",11,25,2,11.4,9,4.3,3.13,160,27.1,26.8,99.4,"60,280","61,154",50.4%,"49,351","11,803",75.3%,"56,783.76","24,188.40","39,864.40",0.328,29.8%,17.22,"2,446.2",136.5,0.515
1749,01/09/2024,2024,Sep,9,Q3,BENTONG,BARAT,LURAH BILUT,Luar Bandar,"5,200",37,"14,246","3,555","116,355","52,069","5,812","1,567",80.7%,0.942,"63,216",0.3959,"6,753","7,445",11,25,1,11.4,6,4.2,2.17,178,27.2,,97,"59,448","56,907",48.9%,"45,924","10,983",74.6%,"56,000.02","25,027.21","39,225.21",0.337,30.0%,15.75,"2,276.3",139.1,0.543
1750,01/10/2024,2024,Oct,10,Q4,BENTONG,BARAT,LURAH BILUT,Luar Bandar,"5,200",37,"14,246","3,465","112,462","52,897","6,759","1,396",80.7%,0.942,"60,401",0.3866,"7,036","7,531",11,25,1,11.4,8,1.9,1.82,172,26.9,16.9,99.3,"61,052","51,410",45.7%,"41,488","9,922",69.8%,"57,510.98","23,351.03","37,918.03",0.337,34.1%,16.60,"2,056.4",138.2,0.537
1751,01/11/2024,2024,Nov,11,Q4,BENTONG,BARAT,LURAH BILUT,Luar Bandar,"5,200",37,"14,246","3,359","106,538","48,657","6,078","1,411",80.7%,0.942,"55,514",0.3969,"6,409","4,592",11,25,1,11.4,6,4.6,2.23,234,26.6,19.7,98,"56,146","50,392",47.3%,"40,666","9,726",68.3%,"52,889.53","22,033.51","33,034.51",0.310,37.5%,15.75,"2,015.7",131.4,0.521
1752,01/12/2024,2024,Dec,12,Q4,BENTONG,BARAT,LURAH BILUT,Luar Bandar,"5,200",37,"14,246","3,578","120,381","59,712","6,230","1,471",80.7%,0.942,"60,872",0.3778,"6,459","7,119",11,25,1,11.4,6,2.2,2.35,253,26.7,28.5,96.5,"67,413","52,968",44.0%,"42,745","10,223",74.7%,"63,503.05","22,997.44","36,575.44",0.304,42.4%,17.75,"2,118.7",152.6,0.506
1753,01/01/2025,2025,Jan,1,Q1,BENTONG,BARAT,LURAH BILUT,Luar Bandar,"5,200",38,"14,570","3,644","113,288","52,463","5,604","1,435",80.7%,0.942,"58,008",0.4021,"5,944","6,275",11,25,1,12.4,5,2.2,1.8,186,27.2,26.6,97.4,"59,502","53,786",47.5%,"43,405","10,381",70.3%,"56,050.88","23,325.02","35,544.02",0.314,36.6%,15.38,"2,151.4",131.7,0.512
1754,01/02/2025,2025,Feb,2,Q1,BENTONG,BARAT,LURAH BILUT,Luar Bandar,"5,200",38,"14,570","3,600","105,608","51,600","5,281","1,234",80.7%,0.942,"55,891",0.4038,"6,268","6,603",11,25,1,12.4,7,4.1,2.35,91,26.9,17.3,99.5,"58,115","47,493",45.0%,"38,327","9,166",72.5%,"54,744.33","22,568.79","35,439.79",0.336,35.3%,15.21,"1,899.7",142.5,0.529
1755,01/03/2025,2025,Mar,3,Q1,BENTONG,BARAT,LURAH BILUT,Luar Bandar,"5,200",38,"14,570","3,638","129,629","59,230","6,619","1,858",80.7%,0.942,"71,159",0.4070,"7,832","8,402",11,25,2,12.4,8,5.7,1.64,93,28.1,17.3,98.3,"67,707","61,922",47.8%,"49,971","11,951",80.4%,"63,779.99","28,961.71","45,195.71",0.349,29.1%,17.53,"2,476.9",149.9,0.549
1756,01/04/2025,2025,Apr,4,Q2,BENTONG,BARAT,LURAH BILUT,Luar Bandar,"5,200",38,"14,570","3,424","118,238","55,916","6,273","1,723",80.7%,0.942,"65,663",0.3955,"7,664","6,886",11,25,1,12.4,6,2.6,2.83,102,28.1,28.7,99.8,"63,912","54,326",45.9%,"43,841","10,485",75.8%,"60,205.10","25,969.72","40,519.72",0.343,32.7%,17.58,"2,173.0",146.2,0.555
1757,01/05/2025,2025,May,5,Q2,BENTONG,BARAT,LURAH BILUT,Luar Bandar,"5,200",38,"14,570","3,436","125,925","62,218","7,238","2,009",80.7%,0.942,"69,500",0.4066,"7,278","6,965",11,25,1,12.4,4,4.7,2.42,201,27.9,26.3,98.7,"71,465","54,460",43.2%,"43,949","10,511",78.1%,"67,320.03","28,258.70","42,501.70",0.338,36.9%,19.59,"2,178.4",158.2,0.552
1758,01/06/2025,2025,Jun,6,Q2,BENTONG,BARAT,LURAH BILUT,Luar Bandar,"5,200",38,"14,570","3,276","126,547","63,739","6,757","1,527",80.7%,0.942,"63,152",0.4070,"7,411","5,740",11,25,1,12.4,5,4.9,,128,28.8,13.8,97.5,"72,023","54,524",43.1%,"44,001","10,523",81.1%,"67,845.67","25,702.86","38,853.86",0.307,42.7%,20.71,"2,181.0",164.8,0.499
1759,01/07/2025,2025,Jul,7,Q3,BENTONG,BARAT,LURAH BILUT,Luar Bandar,"5,200",38,"14,570","3,550","135,550","61,373","6,315","1,422",80.7%,0.942,"69,587",0.4060,"8,363","6,674",11,25,1,12.4,7,4.2,1.92,77,27.7,13.7,99.2,"69,110","66,440",49.0%,"53,617","12,823",84.1%,"65,101.62","28,252.32","43,289.32",0.319,33.5%,18.34,"2,657.6",153.0,0.513
1760,01/08/2025,2025,Aug,8,Q3,BENTONG,BARAT,LURAH BILUT,Luar Bandar,"5,200",38,"14,570","3,334","127,648","55,100","6,022","1,553",80.7%,0.942,"65,527",0.4052,"8,044","6,552",11,25,2,12.4,7,4,1.71,143,28,,98.8,"62,675","64,973",50.9%,"52,433","12,540",79.2%,"59,039.85","26,551.54","41,147.54",0.322,30.3%,17.71,"2,598.9",138.8,0.513
1761,01/09/2025,2025,Sep,9,Q3,BENTONG,BARAT,LURAH BILUT,Luar Bandar,"5,200",38,"14,570","3,372","114,828","52,091","6,183","1,707",80.7%,0.942,"58,963",0.3940,"7,639","5,296",11,25,1,12.4,8,3.1,2.65,109,27.4,28.8,97.7,"59,981","54,847",47.8%,"44,262","10,585",73.6%,"56,502.10","23,231.42","36,166.42",0.315,36.0%,16.76,"2,193.9",137.2,0.513
1762,01/10/2025,2025,Oct,10,Q4,BENTONG,BARAT,LURAH BILUT,Luar Bandar,"5,200",38,"14,570","3,428","115,850","58,651","6,077","1,604",80.7%,0.942,"57,399",0.4024,"6,612","6,633",11,25,1,12.4,7,2,2.79,159,27.3,22,98.7,"66,332","49,518",42.7%,"39,961","9,557",71.9%,"62,484.74","23,097.36","36,342.36",0.314,41.8%,18.23,"1,980.7",146.9,0.495
1763,01/11/2025,2025,Nov,11,Q4,BENTONG,BARAT,LURAH BILUT,Luar Bandar,"5,200",38,"14,570","3,453","116,144","50,032","5,836","1,508",80.7%,0.942,"64,017",0.3960,"6,994","7,711",11,25,2,12.4,8,5,3.09,190,26.5,25.3,99.7,"57,376","58,768",50.6%,"47,426","11,342",74.5%,"54,048.19","25,350.73","40,055.73",0.345,25.9%,15.65,"2,350.7",131.3,0.551
1764,01/12/2025,2025,Dec,12,Q4,BENTONG,BARAT,LURAH BILUT,Luar Bandar,"5,200",38,"14,570","3,434","114,245","53,278","5,586","1,505",80.7%,0.942,"58,350",0.4033,"6,423","5,059",11,25,1,12.4,8,2.9,2.06,401,26.3,42.5,98.5,"60,369","53,876",47.2%,"43,478","10,398",70.9%,"56,867.60","23,532.56","35,014.56",0.306,38.4%,16.56,"2,155.0",133.7,0.511
1765,01/01/2023,2023,Jan,1,Q1,BENTONG,BARAT,JANDA BAIK,Pinggir Bandar,"24,100",9,"72,616","16,376","621,684","315,670","43,899","22,374",72.7%,1.166,"213,191",0.3815,"40,370","11,206",15,47,1,13.3,31,3.6,2.8,134,26.3,22,97.9,"381,943","239,741",38.6%,"174,292","65,449",83.2%,"445,345.54","81,332.37","132,908.37",0.214,70.2%,27.20,"5,100.9",169.7,0.343
1766,01/02/2023,2023,Feb,2,Q1,BENTONG,BARAT,JANDA BAIK,Pinggir Bandar,"24,100",9,"72,616","16,256","540,458","294,231","49,903","20,025",72.7%,1.166,"175,551",0.3836,"33,974","11,197",15,47,2,13.3,35,6.8,,137,26.7,20.6,97.3,"364,159","176,299",32.6%,"128,169","48,130",80.1%,"424,609.39","67,341.36","112,512.36",0.208,73.5%,26.12,"3,751.0",179.1,0.325
1767,01/03/2023,2023,Mar,3,Q1,BENTONG,BARAT,JANDA BAIK,Pinggir Bandar,"24,100",9,"72,616","16,725","596,438","318,729","53,489","28,869",72.7%,1.166,"206,423",0.3725,"34,150","9,253",15,47,1,13.3,14,4.8,1.77,143,28.4,24,96.8,"401,087","195,351",32.8%,"142,020","53,331",79.8%,"467,667.44","76,892.57","120,295.57",0.202,74.3%,27.96,"4,156.4",178.2,0.346
1768,01/04/2023,2023,Apr,4,Q2,BENTONG,BARAT,JANDA BAIK,Pinggir Bandar,"24,100",9,"72,616","17,834","594,078","297,532","51,396","26,251",72.7%,1.166,"201,404",0.3741,"38,628","9,888",15,47,2,13.3,33,5.7,2.14,138,28.6,22.6,99.4,"375,179","218,899",36.8%,"159,140","59,759",82.2%,"437,458.71","75,345.24","123,861.24",0.208,71.7%,24.53,"4,657.4",172.2,0.339
1769,01/05/2023,2023,May,5,Q2,BENTONG,BARAT,JANDA BAIK,Pinggir Bandar,"24,100",9,"72,616","18,198","670,131","336,314","49,816","27,016",72.7%,1.166,"200,887",0.3746,"39,520","7,450",15,47,1,13.3,16,3.8,3.13,100,27.9,24.3,98.7,"413,146","256,985",38.3%,"186,828","70,157",89.7%,"481,728.24","75,252.27","122,222.27",0.182,74.6%,26.47,"5,467.8",183.5,0.300
1770,01/06/2023,2023,Jun,6,Q2,BENTONG,BARAT,JANDA BAIK,Pinggir Bandar,"24,100",9,"72,616","16,677","609,888","337,955","47,628","23,842",72.7%,1.166,"204,952",0.3728,"39,154","9,733",15,47,2,13.3,25,4.4,3.11,86,28.6,17,99.4,"409,425","200,463",32.9%,"145,737","54,726",84.4%,"477,389.55","76,406.11","125,293.11",0.205,73.8%,28.63,"4,265.2",187.9,0.336
1771,01/07/2023,2023,Jul,7,Q3,BENTONG,BARAT,JANDA BAIK,Pinggir Bandar,"24,100",9,"72,616","18,135","669,365","361,265","60,189","25,422",72.7%,1.166,"211,273",0.3688,"38,014","11,384",15,47,2,13.3,32,9.8,2.57,112,27,22.4,97.9,"446,876","222,489",33.2%,"161,750","60,739",89.6%,"521,057.42","77,917.48","127,315.48",0.190,75.6%,28.73,"4,733.8",198.5,0.316
1772,01/08/2023,2023,Aug,8,Q3,BENTONG,BARAT,JANDA BAIK,Pinggir Bandar,"24,100",9,"72,616","17,948","668,049","340,878","53,805","27,880",72.7%,1.166,"215,265",0.3758,"47,947","11,290",15,47,1,13.3,28,3,1.88,85,27.9,17.2,98.8,"422,563","245,486",36.7%,"178,468","67,018",89.4%,"492,708.46","80,896.59","140,133.59",0.210,71.6%,27.45,"5,223.1",187.7,0.322
1773,01/09/2023,2023,Sep,9,Q3,BENTONG,BARAT,JANDA BAIK,Pinggir Bandar,"24,100",9,"72,616","17,388","583,296","295,618","42,508","24,556",72.7%,1.166,"184,215",0.3684,"33,103","14,134",15,47,2,13.3,19,6,2.13,167,28,18.1,97,"362,682","220,614",37.8%,"160,386","60,228",80.7%,"422,887.21","67,864.81","115,101.81",0.197,72.8%,24.32,"4,693.9",166.5,0.316
1774,01/10/2023,2023,Oct,10,Q4,BENTONG,BARAT,JANDA BAIK,Pinggir Bandar,"24,100",9,"72,616","16,762","615,565","310,567","50,983","24,484",72.7%,1.166,"211,911",0.3821,"33,053","13,322",15,47,2,13.3,12,4.2,2.7,244,27.8,40.9,97.3,"386,034","229,531",37.3%,"166,869","62,662",82.4%,"450,115.64","80,971.19","127,346.19",0.207,71.7%,26.85,"4,883.6",171.5,0.344
1775,01/11/2023,2023,Nov,11,Q4,BENTONG,BARAT,JANDA BAIK,Pinggir Bandar,"24,100",9,"72,616","16,685","589,524","313,788","53,090","27,935",72.7%,1.166,"204,812",0.3669,"38,602","9,645",15,47,1,13.3,11,2.7,2.06,234,26.2,28.2,97.8,"394,813","194,711",33.0%,"141,555","53,156",81.5%,"460,351.96","75,145.52","123,392.52",0.209,73.2%,27.59,"4,142.8",181.2,0.347
1776,01/12/2023,2023,Dec,12,Q4,BENTONG,BARAT,JANDA BAIK,Pinggir Bandar,"24,100",9,"72,616","16,887","562,176","292,140","42,334","23,465",72.7%,1.166,"173,236",0.3805,"37,437","10,131",15,47,1,13.3,28,4.7,3.31,422,26.3,50.6,99.6,"357,939","204,237",36.3%,"148,480","55,757",75.2%,"417,356.87","65,916.30","113,484.30",0.202,72.8%,24.71,"4,345.5",159.0,0.308
1777,01/01/2024,2024,Jan,1,Q1,BENTONG,BARAT,JANDA BAIK,Pinggir Bandar,"24,100",10,"74,151","17,937","625,950","332,151","53,356","29,507",72.7%,1.166,"200,584",0.3775,"39,279","10,909",15,47,2,14.3,14,7.3,2.88,142,26.5,17.2,97.8,"415,014","210,936",33.7%,"153,350","57,586",83.8%,"483,906.32","75,720.46","125,908.46",0.201,74.0%,26.98,"4,488.0",180.5,0.320
1778,01/02/2024,2024,Feb,2,Q1,BENTONG,BARAT,JANDA BAIK,Pinggir Bandar,"24,100",10,"74,151","16,778","541,807","275,005","47,684","22,947",72.7%,1.166,"163,033",0.3827,"33,742","13,665",15,47,2,14.3,26,8.2,1.97,86,26.7,22,98.2,"345,636","196,171",36.2%,"142,616","53,555",77.5%,"403,011.58","62,392.73","109,799.73",0.203,72.8%,24.02,"4,173.9",160.7,0.301
1779,01/03/2024,2024,Mar,3,Q1,BENTONG,BARAT,JANDA BAIK,Pinggir Bandar,"24,100",10,"74,151","17,878","650,828","342,171","47,723","22,007",72.7%,1.166,"195,485",0.3846,"43,020","11,999",15,47,2,14.3,16,4.2,2.53,149,28.3,34,99.9,"411,901","238,927",36.7%,"173,700","65,227",87.1%,"480,276.57","75,183.53","130,202.53",0.200,72.9%,26.86,"5,083.6",179.2,0.300
1780,01/04/2024,2024,Apr,4,Q2,BENTONG,BARAT,JANDA BAIK,Pinggir Bandar,"24,100",10,"74,151","17,989","661,608","343,763","55,761","27,509",72.7%,1.166,"209,752",0.3809,"45,131","8,049",15,47,1,14.3,13,2.4,1.91,138,28.7,25.8,96.6,"427,033","234,575",35.5%,"170,536","64,039",91.5%,"497,920.48","79,894.54","133,074.54",0.201,73.3%,27.68,"4,991.0",192.0,0.317
1781,01/05/2024,2024,May,5,Q2,BENTONG,BARAT,JANDA BAIK,Pinggir Bandar,"24,100",10,"74,151","18,682","698,488","360,548","58,910","28,138",72.7%,1.166,"240,970",0.3960,"47,937","10,132",15,47,2,14.3,23,8.9,2.84,192,28.7,23.9,99.4,"447,596","250,892",35.9%,"182,398","68,494",93.5%,"521,896.94","95,424.12","153,493.12",0.220,70.6%,27.94,"5,338.1",194.7,0.345
1782,01/06/2024,2024,Jun,6,Q2,BENTONG,BARAT,JANDA BAIK,Pinggir Bandar,"24,100",10,"74,151","17,612","651,120","353,892","61,081","22,283",72.7%,1.166,"197,458",0.3777,"36,891","7,684",15,47,1,14.3,20,4.5,1.98,115,28.7,15.4,99.8,"437,256","213,864",32.8%,"155,479","58,385",90.1%,"509,840.50","74,579.89","119,154.89",0.183,76.6%,28.95,"4,550.3",196.6,0.303
1783,01/07/2024,2024,Jul,7,Q3,BENTONG,BARAT,JANDA BAIK,Pinggir Bandar,"24,100",10,"74,151","16,889","670,304","350,120","59,341","29,020",72.7%,1.166,"228,790",0.3830,"42,508","10,986",15,47,2,14.3,16,9.7,2.45,152,27.6,28.1,97.7,"438,481","231,823",34.6%,"168,535","63,288",89.7%,"511,268.85","87,626.57","141,120.57",0.211,72.4%,30.27,"4,932.4",190.8,0.341
1784,01/08/2024,2024,Aug,8,Q3,BENTONG,BARAT,JANDA BAIK,Pinggir Bandar,"24,100",10,"74,151","17,991","661,826","346,736","50,347","25,553",72.7%,1.166,"199,479",0.3791,"43,009","11,886",15,47,2,14.3,28,9.5,2.69,172,28.3,30.6,98.8,"422,636","239,190",36.1%,"173,891","65,299",88.6%,"492,793.58","75,622.49","130,517.49",0.197,73.5%,27.39,"5,089.1",183.9,0.301
1785,01/09/2024,2024,Sep,9,Q3,BENTONG,BARAT,JANDA BAIK,Pinggir Bandar,"24,100",10,"74,151","17,691","639,127","338,332","50,884","24,297",72.7%,1.166,"207,809",0.3893,"45,591","10,872",15,47,1,14.3,14,2.5,2.02,113,27.2,21.2,98.5,"413,513","225,614",35.3%,"164,021","61,593",88.4%,"482,156.16","80,900.04","137,363.04",0.215,71.5%,27.25,"4,800.3",185.9,0.325
1786,01/10/2024,2024,Oct,10,Q4,BENTONG,BARAT,JANDA BAIK,Pinggir Bandar,"24,100",10,"74,151","17,870","615,043","320,109","44,062","27,878",72.7%,1.166,"202,262",0.3794,"36,523","12,776",15,47,2,14.3,13,6.7,2.95,199,27.2,29.7,98.9,"392,049","222,994",36.3%,"162,117","60,877",82.3%,"457,129.13","76,738.20","126,037.20",0.205,72.4%,25.58,"4,744.6",170.6,0.329
1787,01/11/2024,2024,Nov,11,Q4,BENTONG,BARAT,JANDA BAIK,Pinggir Bandar,"24,100",10,"74,151","18,139","583,163","304,496","45,029","20,513",72.7%,1.166,"180,340",0.3846,"33,205","10,534",15,47,1,14.3,28,4.8,2.98,207,26.5,30.8,97.8,"370,038","213,125",36.5%,"154,942","58,183",80.7%,"431,464.31","69,358.76","113,097.76",0.194,73.8%,23.79,"4,534.6",166.3,0.309
1788,01/12/2024,2024,Dec,12,Q4,BENTONG,BARAT,JANDA BAIK,Pinggir Bandar,"24,100",10,"74,151","17,907","615,913","343,444","51,138","23,938",72.7%,1.166,"191,810",0.3828,"39,586","8,507",15,47,1,14.3,25,3.2,1.98,423,26.1,42.9,99.2,"418,520","197,393",32.0%,"143,505","53,888",82.4%,"487,994.32","73,424.87","121,517.87",0.197,75.1%,27.25,"4,199.9",182.1,0.311
1789,01/01/2025,2025,Jan,1,Q1,BENTONG,BARAT,JANDA BAIK,Pinggir Bandar,"24,100",11,"75,856","17,901","598,464","314,643","49,433","27,897",72.7%,1.166,"197,428",0.4086,"36,001","6,918",15,47,1,15.3,24,2.4,2.3,87,26.8,,98.1,"391,973","206,491",34.5%,"150,119","56,372",80.1%,"457,040.52","80,669.08","123,588.08",0.207,73.0%,25.53,"4,393.4",166.7,0.330
1790,01/02/2025,2025,Feb,2,Q1,BENTONG,BARAT,JANDA BAIK,Pinggir Bandar,"24,100",11,"75,856","17,719","590,699","325,139","49,460","29,143",72.7%,1.166,"194,072",0.3916,"39,430","9,831",15,47,1,15.3,24,2.1,1.88,119,26.7,15.3,99.2,"403,742","186,957",31.7%,"135,918","51,039",87.5%,"470,763.17","75,998.60","125,259.60",0.212,73.4%,26.57,"3,977.8",190.1,0.329
1791,01/03/2025,2025,Mar,3,Q1,BENTONG,BARAT,JANDA BAIK,Pinggir Bandar,"24,100",11,"75,856","17,240","660,417","358,439","61,815","32,557",72.7%,1.166,"212,199",0.3959,"45,415","9,320",15,47,1,15.3,30,2.6,2.31,144,27.6,14.8,98,"452,811","207,606",31.4%,"150,930","56,676",88.4%,"527,977.63","84,009.58","138,744.58",0.210,73.7%,30.63,"4,417.1",192.6,0.321
1792,01/04/2025,2025,Apr,4,Q2,BENTONG,BARAT,JANDA BAIK,Pinggir Bandar,"24,100",11,"75,856","19,083","637,462","331,918","46,671","27,505",72.7%,1.166,"208,827",0.3986,"45,727","13,257",15,47,2,15.3,26,4.9,3.06,214,28.6,35,99.6,"406,094","231,368",36.3%,"168,205","63,163",88.2%,"473,505.60","83,238.44","142,222.44",0.223,70.0%,24.81,"4,922.7",178.4,0.328
1793,01/05/2025,2025,May,5,Q2,BENTONG,BARAT,JANDA BAIK,Pinggir Bandar,"24,100",11,"75,856","19,131","679,388","364,678","60,160","24,658",72.7%,1.166,"234,020",0.4067,"38,783","14,204",15,47,2,15.3,21,4,3.17,206,28,27.3,99.7,"449,496","229,892",33.8%,"167,131","62,761",90.9%,"524,112.34","95,175.93","148,162.93",0.218,71.7%,27.40,"4,891.3",191.1,0.344
1794,01/06/2025,2025,Jun,6,Q2,BENTONG,BARAT,JANDA BAIK,Pinggir Bandar,"24,100",11,"75,856","17,998","657,946","347,136","53,673","23,818",72.7%,1.166,"215,955",0.3967,"38,632","7,168",15,47,1,15.3,17,2.5,2.42,156,28.7,24.7,98,"424,627","233,319",35.5%,"169,623","63,696",91.0%,"495,115.08","85,669.35","131,469.35",0.200,73.4%,27.51,"4,964.2",186.6,0.328
1795,01/07/2025,2025,Jul,7,Q3,BENTONG,BARAT,JANDA BAIK,Pinggir Bandar,"24,100",11,"75,856","17,831","705,722","364,748","61,819","29,761",72.7%,1.166,"211,623",0.4083,"50,945","9,981",15,47,2,15.3,24,8.7,2.4,147,27.7,22.1,97.9,"456,328","249,394",35.3%,"181,309","68,085",94.5%,"532,078.45","86,405.67","147,331.67",0.209,72.3%,29.84,"5,306.3",194.1,0.300
1796,01/08/2025,2025,Aug,8,Q3,BENTONG,BARAT,JANDA BAIK,Pinggir Bandar,"24,100",11,"75,856","17,206","678,851","376,515","57,949","29,530",72.7%,1.166,"202,381",0.3994,"45,277","13,549",15,47,2,15.3,30,5.6,3.24,91,27.2,21.8,97.9,"463,994","214,857",31.7%,"156,201","58,656",90.9%,"541,017.00","80,830.97","139,656.97",0.206,74.2%,31.44,"4,571.4",197.3,0.298
1797,01/09/2025,2025,Sep,9,Q3,BENTONG,BARAT,JANDA BAIK,Pinggir Bandar,"24,100",11,"75,856","17,432","662,774","359,267","61,317","27,312",72.7%,1.166,"218,210",0.3947,"47,481","7,660",15,47,1,15.3,34,4,2.29,175,28.2,20,98.2,"447,896","214,878",32.4%,"156,216","58,662",91.7%,"522,246.74","86,127.49","141,268.49",0.213,72.9%,29.96,"4,571.9",196.8,0.329
1798,01/10/2025,2025,Oct,10,Q4,BENTONG,BARAT,JANDA BAIK,Pinggir Bandar,"24,100",11,"75,856","17,266","639,592","326,685","51,904","29,162",72.7%,1.166,"205,044",0.4031,"43,740","8,705",15,47,1,15.3,29,2.1,2.32,151,28,23.2,98.5,"407,751","231,841",36.2%,"168,548","63,293",85.6%,"475,437.67","82,653.24","135,098.24",0.211,71.6%,27.54,"4,932.8",173.4,0.321
1799,01/11/2025,2025,Nov,11,Q4,BENTONG,BARAT,JANDA BAIK,Pinggir Bandar,"24,100",11,"75,856","19,100","582,900","314,034","49,446","20,969",72.7%,1.166,"177,408",0.4070,"38,525","8,268",15,47,1,15.3,13,2.7,3.12,398,26.8,48.5,98.2,"384,449","198,451",34.0%,"144,274","54,177",80.6%,"448,267.53","72,205.06","118,998.06",0.204,73.5%,23.47,"4,222.4",168.9,0.304
1800,01/12/2025,2025,Dec,12,Q4,BENTONG,BARAT,JANDA BAIK,Pinggir Bandar,"24,100",11,"75,856","18,213","600,076","343,090","49,054","21,023",72.7%,1.166,"178,588",0.4086,"38,244","12,939",15,47,2,15.3,36,6.4,2.51,390,26.2,36.4,97,"413,167","186,909",31.1%,"135,883","51,026",80.3%,"481,752.72","72,971.06","124,154.06",0.207,74.2%,26.45,"3,976.8",175.7,0.298
1801,01/01/2023,2023,Jan,1,Q1,BENTONG,BARAT,SG GAPOI,Pinggir Bandar,"38,700",33,"89,605","20,889","749,509","362,956","70,826","50,873",64.3%,1.222,"388,251",0.3784,"59,033","9,587",17,51,2,4.1,42,5.2,2.9,175,26.4,27.9,98.7,"484,655","264,854",35.3%,"170,301","94,553",62.5%,"592,248.41","146,914.18","215,534.18",0.288,63.6%,28.35,"5,193.2",174.5,0.518
1802,01/02/2023,2023,Feb,2,Q1,BENTONG,BARAT,SG GAPOI,Pinggir Bandar,"38,700",33,"89,605","20,185","654,842","321,077","57,159","46,745",64.3%,1.222,"316,173",0.3749,"47,165","13,801",17,51,2,4.1,24,5.2,3.25,122,26.9,13.5,99.8,"424,981","229,861",35.1%,"147,801","82,060",60.4%,"519,326.78","118,533.26","179,499.26",0.274,65.4%,25.73,"4,507.1",169.4,0.483
1803,01/03/2023,2023,Mar,3,Q1,BENTONG,BARAT,SG GAPOI,Pinggir Bandar,"38,700",33,"89,605","21,050","752,551","386,356","72,692","58,700",64.3%,1.222,"402,397",0.3823,"64,953","18,164",17,51,3,4.1,24,9.3,2.68,194,28.1,22,96.6,"517,748","234,803",31.2%,"150,978","83,825",62.7%,"632,688.06","153,836.37","236,953.37",0.315,62.5%,30.06,"4,604.0",186.4,0.535
1804,01/04/2023,2023,Apr,4,Q2,BENTONG,BARAT,SG GAPOI,Pinggir Bandar,"38,700",33,"89,605","20,954","770,891","369,900","81,711","46,158",64.3%,1.222,"402,999",0.3728,"59,040","9,267",17,51,1,4.1,41,2.3,2.04,129,27.7,25.4,99.4,"497,769","273,122",35.4%,"175,617","97,505",66.4%,"608,273.72","150,238.03","218,545.03",0.283,64.1%,29.03,"5,355.3",185.2,0.523
1805,01/05/2023,2023,May,5,Q2,BENTONG,BARAT,SG GAPOI,Pinggir Bandar,"38,700",33,"89,605","20,819","829,845","431,051","90,244","46,090",64.3%,1.222,"397,487",0.3763,"69,493","12,222",17,51,2,4.1,39,5.3,1.84,140,28.9,23.3,99.3,"567,385","262,460",31.6%,"168,762","93,698",69.2%,"693,344.47","149,574.36","231,289.36",0.279,66.6%,33.30,"5,146.3",204.3,0.479
1806,01/06/2023,2023,Jun,6,Q2,BENTONG,BARAT,SG GAPOI,Pinggir Bandar,"38,700",33,"89,605","20,806","805,407","393,885","74,471","55,047",64.3%,1.222,"411,668",0.3761,"67,814","8,690",17,51,1,4.1,24,4,2.09,115,28.3,23.8,97.8,"523,403","282,004",35.0%,"181,329","100,675",69.4%,"639,598.47","154,828.33","231,332.33",0.287,63.8%,30.74,"5,529.5",194.7,0.511
1807,01/07/2023,2023,Jul,7,Q3,BENTONG,BARAT,SG GAPOI,Pinggir Bandar,"38,700",33,"89,605","21,818","837,603","421,047","90,804","44,511",64.3%,1.222,"402,739",0.3783,"65,764","12,566",17,51,2,4.1,36,7.9,2.47,140,28.2,25.7,97.7,"556,362","281,241",33.6%,"180,838","100,403",69.8%,"679,874.36","152,356.16","230,686.16",0.275,66.1%,31.16,"5,514.5",200.3,0.481
1808,01/08/2023,2023,Aug,8,Q3,BENTONG,BARAT,SG GAPOI,Pinggir Bandar,"38,700",33,"89,605","22,188","798,509","398,113","79,043","52,048",64.3%,1.222,"409,225",0.3842,"57,833","14,417",17,51,3,4.1,39,6.3,2.54,158,27.9,21.6,96.7,"529,204","269,305",33.7%,"173,163","96,142",66.6%,"646,687.29","157,224.25","229,474.25",0.287,64.5%,29.15,"5,280.5",190.5,0.512
1809,01/09/2023,2023,Sep,9,Q3,BENTONG,BARAT,SG GAPOI,Pinggir Bandar,"38,700",33,"89,605","20,167","751,040","358,687","72,567","46,592",64.3%,1.222,"378,682",0.3740,"60,124","8,482",17,51,1,4.1,31,3.6,2.75,172,27.3,17.6,99.5,"477,846","273,194",36.4%,"175,664","97,530",64.7%,"583,927.81","141,627.07","210,233.07",0.280,64.0%,28.95,"5,356.7",177.8,0.504
1810,01/10/2023,2023,Oct,10,Q4,BENTONG,BARAT,SG GAPOI,Pinggir Bandar,"38,700",33,"89,605","20,642","745,181","364,845","70,692","40,170",64.3%,1.222,"413,401",0.3811,"54,546","16,089",17,51,3,4.1,20,13.7,1.83,225,27.1,30,99.9,"475,707","269,474",36.2%,"173,272","96,202",62.1%,"581,313.95","157,547.12","228,182.12",0.306,60.7%,28.16,"5,283.8",171.3,0.555
1811,01/11/2023,2023,Nov,11,Q4,BENTONG,BARAT,SG GAPOI,Pinggir Bandar,"38,700",33,"89,605","22,125","711,538","342,685","71,293","44,176",64.3%,1.222,"369,456",0.3775,"63,170","12,074",17,51,1,4.1,39,2.8,3.12,234,26.3,27.5,97.2,"458,154","253,384",35.6%,"162,926","90,458",61.3%,"559,864.19","139,469.64","214,713.64",0.302,61.6%,25.30,"4,968.3",170.4,0.519
1812,01/12/2023,2023,Dec,12,Q4,BENTONG,BARAT,SG GAPOI,Pinggir Bandar,"38,700",33,"89,605","22,137","739,864","392,080","70,592","44,715",64.3%,1.222,"357,621",0.3761,"57,192","16,804",17,51,3,4.1,26,6.4,2.03,390,26.7,37.1,98.3,"507,387","232,477",31.4%,"149,483","82,994",61.7%,"620,026.91","134,501.26","208,497.26",0.282,66.4%,28.01,"4,558.4",182.7,0.483
1813,01/01/2024,2024,Jan,1,Q1,BENTONG,BARAT,SG GAPOI,Pinggir Bandar,"38,700",34,"91,587","22,327","754,020","392,763","68,114","48,041",64.3%,1.222,"416,102",0.3790,"56,735","8,835",17,51,1,5.1,34,4.9,2.11,194,26.9,22.1,97.1,"508,918","245,102",32.5%,"157,601","87,501",62.9%,"621,897.80","157,702.66","223,272.66",0.296,64.1%,27.85,"4,805.9",179.2,0.552
1814,01/02/2024,2024,Feb,2,Q1,BENTONG,BARAT,SG GAPOI,Pinggir Bandar,"38,700",34,"91,587","22,199","670,531","328,300","70,638","44,219",64.3%,1.222,"352,036",0.3946,"56,753","10,067",17,51,1,5.1,19,3,3.09,93,27.8,15.6,99,"443,157","227,374",33.9%,"146,201","81,173",59.7%,"541,537.85","138,913.41","205,733.41",0.307,62.0%,24.39,"4,458.3",166.8,0.525
1815,01/03/2024,2024,Mar,3,Q1,BENTONG,BARAT,SG GAPOI,Pinggir Bandar,"38,700",34,"91,587","22,276","775,811","414,013","73,765","51,712",64.3%,1.222,"386,743",0.3799,"57,338","15,026",17,51,3,5.1,16,6.2,2.88,147,28.4,18.2,97.6,"539,490","236,321",30.5%,"151,954","84,367",64.7%,"659,256.78","146,923.67","219,287.67",0.283,66.7%,29.59,"4,633.7",190.0,0.499
1816,01/04/2024,2024,Apr,4,Q2,BENTONG,BARAT,SG GAPOI,Pinggir Bandar,"38,700",34,"91,587","21,391","775,913","409,306","77,836","53,873",64.3%,1.222,"384,682",0.3938,"59,573","13,811",17,51,2,5.1,39,6.9,2.85,117,28.3,,98.4,"541,015","234,898",30.3%,"151,039","83,859",66.8%,"661,120.33","151,487.77","224,871.77",0.290,66.0%,30.91,"4,605.8",196.9,0.496
1817,01/05/2024,2024,May,5,Q2,BENTONG,BARAT,SG GAPOI,Pinggir Bandar,"38,700",34,"91,587","20,827","856,669","419,161","88,469","61,484",64.3%,1.222,"443,016",0.3847,"67,992","10,907",17,51,2,5.1,36,6.9,2.23,186,27.9,31.6,97.6,"569,114","287,555",33.6%,"184,898","102,657",71.4%,"695,457.31","170,428.26","249,327.26",0.291,64.1%,33.39,"5,638.3",200.4,0.517
1818,01/06/2024,2024,Jun,6,Q2,BENTONG,BARAT,SG GAPOI,Pinggir Bandar,"38,700",34,"91,587","20,787","774,773","401,285","70,290","44,747",64.3%,1.222,"387,669",0.3806,"59,479","12,323",17,51,3,5.1,43,14.3,2.76,107,28.6,27.7,98,"516,322","258,451",33.4%,"166,184","92,267",66.7%,"630,945.48","147,546.82","219,348.82",0.283,65.2%,30.35,"5,067.7",187.9,0.500
1819,01/07/2024,2024,Jul,7,Q3,BENTONG,BARAT,SG GAPOI,Pinggir Bandar,"38,700",34,"91,587","22,395","845,105","435,431","85,653","57,920",64.3%,1.222,"407,088",0.3834,"71,878","12,594",17,51,2,5.1,43,3.7,1.94,146,28.2,24,98.4,"579,004","266,101",31.5%,"171,103","94,998",70.4%,"707,542.89","156,077.54","240,549.54",0.285,66.0%,31.59,"5,217.7",203.9,0.482
1820,01/08/2024,2024,Aug,8,Q3,BENTONG,BARAT,SG GAPOI,Pinggir Bandar,"38,700",34,"91,587","20,922","779,141","396,308","69,273","59,584",64.3%,1.222,"404,604",0.3923,"54,931","13,972",17,51,3,5.1,30,9.1,2.18,102,28.3,16.7,99.8,"525,165","253,976",32.6%,"163,307","90,669",64.9%,"641,751.63","158,726.15","227,629.15",0.292,64.5%,30.67,"4,979.9",185.0,0.519
1821,01/09/2024,2024,Sep,9,Q3,BENTONG,BARAT,SG GAPOI,Pinggir Bandar,"38,700",34,"91,587","22,723","797,688","391,516","69,313","54,762",64.3%,1.222,"432,677",0.3795,"55,710","11,214",17,51,3,5.1,43,8.4,2.48,127,27.2,18.5,98,"515,591","282,097",35.4%,"181,388","100,709",68.7%,"630,052.20","164,200.92","231,124.92",0.290,63.3%,27.73,"5,531.3",187.7,0.542
1822,01/10/2024,2024,Oct,10,Q4,BENTONG,BARAT,SG GAPOI,Pinggir Bandar,"38,700",34,"91,587","21,978","741,480","385,093","74,249","48,029",64.3%,1.222,"378,843",0.3905,"54,299","8,726",17,51,1,5.1,41,3.3,2.75,194,26.7,23,98.1,"507,371","234,109",31.6%,"150,532","83,577",61.8%,"620,007.36","147,938.19","210,963.19",0.285,66.0%,28.21,"4,590.4",178.7,0.511
1823,01/11/2024,2024,Nov,11,Q4,BENTONG,BARAT,SG GAPOI,Pinggir Bandar,"38,700",34,"91,587","21,514","687,501","350,258","64,758","42,511",64.3%,1.222,"378,346",0.3782,"49,353","9,657",17,51,2,5.1,33,6.7,2.61,268,26.6,34.3,96.8,"457,527","229,974",33.5%,"147,873","82,101",59.2%,"559,097.99","143,090.46","202,100.46",0.294,63.9%,25.99,"4,509.3",166.5,0.550
1824,01/12/2024,2024,Dec,12,Q4,BENTONG,BARAT,SG GAPOI,Pinggir Bandar,"38,700",34,"91,587","23,008","752,062","393,926","69,748","51,697",64.3%,1.222,"376,022",0.3823,"67,003","13,115",17,51,3,5.1,19,11.2,2.01,318,26,27.1,97.9,"515,371","236,691",31.5%,"152,192","84,499",62.7%,"629,783.36","143,753.21","223,871.21",0.298,64.5%,27.37,"4,641.0",181.5,0.500
1825,01/01/2025,2025,Jan,1,Q1,BENTONG,BARAT,SG GAPOI,Pinggir Bandar,"38,700",35,"93,968","21,270","790,975","381,782","82,820","51,782",64.3%,1.222,"427,209",0.3912,"57,351","13,795",17,51,2,6.1,30,9.1,1.91,140,26.7,30.3,99.1,"516,384","274,591",34.7%,"176,562","98,029",65.9%,"631,021.25","167,124.16","238,270.16",0.301,62.2%,29.67,"5,384.1",177.3,0.540
1826,01/02/2025,2025,Feb,2,Q1,BENTONG,BARAT,SG GAPOI,Pinggir Bandar,"38,700",35,"93,968","21,976","705,523","349,115","73,994","52,489",64.3%,1.222,"340,706",0.4070,"50,013","12,711",17,51,3,6.1,44,7.5,2.14,121,28,19.8,99.7,"475,598","229,925",32.6%,"147,842","82,083",65.1%,"581,180.76","138,667.34","201,391.34",0.285,65.3%,26.45,"4,508.3",180.8,0.483
1827,01/03/2025,2025,Mar,3,Q1,BENTONG,BARAT,SG GAPOI,Pinggir Bandar,"38,700",35,"93,968","21,659","783,216","415,685","78,113","51,114",64.3%,1.222,"434,666",0.4067,"68,707","8,295",17,51,1,6.1,22,4.2,,190,27.4,25.3,98.2,"544,912","238,304",30.4%,"153,229","85,075",65.3%,"665,882.46","176,778.66","253,780.66",0.324,61.9%,30.74,"4,672.6",187.1,0.555
1828,01/04/2025,2025,Apr,4,Q2,BENTONG,BARAT,SG GAPOI,Pinggir Bandar,"38,700",35,"93,968","21,252","784,003","384,633","81,926","44,388",64.3%,1.222,"383,994",0.4015,"69,596","9,264",17,51,2,6.1,30,8.3,2.08,122,28.8,24.7,99.2,"510,947","273,056",34.8%,"175,575","97,481",67.5%,"624,377.23","154,173.59","233,033.59",0.297,62.7%,29.38,"5,354.0",181.2,0.490
1829,01/05/2025,2025,May,5,Q2,BENTONG,BARAT,SG GAPOI,Pinggir Bandar,"38,700",35,"93,968","22,802","851,910","421,747","76,976","57,851",64.3%,1.222,"418,605",0.3958,"72,079","7,569",17,51,1,6.1,36,3.8,2.32,190,28.3,24.3,98,"556,574","295,336",34.7%,"189,901","105,435",71.0%,"680,133.43","165,683.86","245,331.86",0.288,63.9%,29.83,"5,790.9",191.1,0.491
1830,01/06/2025,2025,Jun,6,Q2,BENTONG,BARAT,SG GAPOI,Pinggir Bandar,"38,700",35,"93,968","21,298","793,911","394,632","70,552","58,065",64.3%,1.222,"380,837",0.4059,"55,561","11,855",17,51,2,6.1,26,5.9,3.35,118,28.6,20.7,98.5,"523,249","270,662",34.1%,"174,036","96,626",68.4%,"639,410.28","154,581.74","221,997.74",0.280,65.3%,30.02,"5,307.1",185.6,0.480
1831,01/07/2025,2025,Jul,7,Q3,BENTONG,BARAT,SG GAPOI,Pinggir Bandar,"38,700",35,"93,968","23,137","868,910","437,038","78,137","58,554",64.3%,1.222,"417,745",0.4027,"71,717","11,698",17,51,3,6.1,45,12,2.96,70,28.2,22.2,96.7,"573,729","295,181",34.0%,"189,801","105,380",72.4%,"701,096.84","168,225.91","251,640.91",0.290,64.1%,30.30,"5,787.9",197.0,0.481
1832,01/08/2025,2025,Aug,8,Q3,BENTONG,BARAT,SG GAPOI,Pinggir Bandar,"38,700",35,"93,968","21,827","794,018","402,248","86,839","46,241",64.3%,1.222,"439,076",0.4002,"62,488","18,502",17,51,3,6.1,42,7.5,3,168,27.9,18.8,97,"535,328","258,690",32.6%,"166,338","92,352",66.2%,"654,170.82","175,718.22","256,708.22",0.323,60.8%,29.97,"5,072.4",183.8,0.553
1833,01/09/2025,2025,Sep,9,Q3,BENTONG,BARAT,SG GAPOI,Pinggir Bandar,"38,700",35,"93,968","23,695","743,620","364,846","78,090","40,515",64.3%,1.222,"406,627",0.3893,"59,967","15,763",17,51,3,6.1,44,11.5,2.27,94,27.1,16.3,97.3,"483,451","260,169",35.0%,"167,289","92,880",64.0%,"590,777.12","158,299.89","234,029.89",0.315,60.4%,24.93,"5,101.4",171.5,0.547
1834,01/10/2025,2025,Oct,10,Q4,BENTONG,BARAT,SG GAPOI,Pinggir Bandar,"38,700",35,"93,968","21,465","752,377","387,591","83,798","50,348",64.3%,1.222,"376,613",0.4009,"54,774","11,807",17,51,2,6.1,23,6.5,1.9,261,27.3,21.2,97.6,"521,737","230,640",30.7%,"148,302","82,338",62.7%,"637,562.61","150,984.15","217,565.15",0.289,65.9%,29.70,"4,522.4",179.1,0.501
1835,01/11/2025,2025,Nov,11,Q4,BENTONG,BARAT,SG GAPOI,Pinggir Bandar,"38,700",35,"93,968","23,613","782,494","384,772","84,479","53,566",64.3%,1.222,"399,063",0.4060,"57,252","12,022",17,51,2,6.1,27,9.4,2.77,278,26.9,38.7,98.5,"522,817","259,677",33.2%,"166,972","92,705",67.4%,"638,882.37","162,019.58","231,293.58",0.296,63.8%,27.06,"5,091.7",185.5,0.510
1836,01/12/2025,2025,Dec,12,Q4,BENTONG,BARAT,SG GAPOI,Pinggir Bandar,"38,700",35,"93,968","22,624","719,169","366,047","64,716","43,116",64.3%,1.222,"361,415",0.4048,"58,464","14,020",17,51,3,6.1,44,13.9,2.79,216,26.8,31.1,99.8,"473,879","245,290",34.1%,"157,721","87,569",59.9%,"579,080.14","146,300.79","218,784.79",0.304,62.2%,25.60,"4,809.6",162.7,0.503
1837,01/01/2023,2023,Jan,1,Q1,BENTONG,BARAT,JAWI-JAWI,Pinggir Bandar,"19,800",26,"46,043","10,644","368,524","177,128","31,899","11,760",59.8%,1.179,"175,889",0.3806,"28,339","6,820",14,40,1,3.8,22,4.3,2.64,103,27.1,24.9,97.3,"220,787","147,737",40.1%,"88,347","59,390",60.0%,"260,307.87","66,943.35","102,102.35",0.277,60.8%,24.46,"3,693.4",154.7,0.477
1838,01/02/2023,2023,Feb,2,Q1,BENTONG,BARAT,JAWI-JAWI,Pinggir Bandar,"19,800",26,"46,043","10,856","343,112","153,412","28,479","10,755",59.8%,1.179,"178,927",0.3739,"23,218","6,721",14,40,1,3.8,12,4.4,2.74,133,27.8,31.4,98.6,"192,646","150,466",43.9%,"89,979","60,487",61.9%,"227,129.63","66,900.81","96,839.81",0.282,57.4%,20.92,"3,761.7",149.4,0.521
1839,01/03/2023,2023,Mar,3,Q1,BENTONG,BARAT,JAWI-JAWI,Pinggir Bandar,"19,800",26,"46,043","11,430","411,430","182,786","33,591","15,350",59.8%,1.179,"198,632",0.3657,"35,325","7,065",14,40,1,3.8,21,3.8,2.97,183,28.4,21.2,96.9,"231,727","179,703",43.7%,"107,462","72,241",67.0%,"273,206.13","72,639.72","115,029.72",0.280,57.9%,23.90,"4,492.6",162.3,0.483
1840,01/04/2023,2023,Apr,4,Q2,BENTONG,BARAT,JAWI-JAWI,Pinggir Bandar,"19,800",26,"46,043","11,420","382,840","186,999","38,975","14,750",59.8%,1.179,"187,487",0.3805,"26,044","11,401",14,40,2,3.8,23,9.2,3.23,197,28.8,26.7,98.9,"240,724","142,116",37.1%,"84,985","57,131",64.5%,"283,813.60","71,338.80","108,783.80",0.284,61.7%,24.85,"3,552.9",174.3,0.490
1841,01/05/2023,2023,May,5,Q2,BENTONG,BARAT,JAWI-JAWI,Pinggir Bandar,"19,800",26,"46,043","11,455","431,274","191,942","39,795","17,261",59.8%,1.179,"219,004",0.3772,"35,082","11,990",14,40,2,3.8,18,4.9,2.78,201,27.7,33.9,96.8,"248,998","182,276",42.3%,"109,001","73,275",70.3%,"293,568.64","82,608.31","129,680.31",0.301,55.8%,25.63,"4,556.9",174.4,0.508
1842,01/06/2023,2023,Jun,6,Q2,BENTONG,BARAT,JAWI-JAWI,Pinggir Bandar,"19,800",26,"46,043","10,938","406,827","195,762","33,620","15,654",59.8%,1.179,"188,092",0.3744,"30,022","8,350",14,40,1,3.8,17,3.9,3.04,118,27.4,25,96.5,"245,036","161,791",39.8%,"96,751","65,040",68.5%,"288,897.44","70,421.64","108,793.64",0.267,62.3%,26.41,"4,044.8",177.4,0.462
1843,01/07/2023,2023,Jul,7,Q3,BENTONG,BARAT,JAWI-JAWI,Pinggir Bandar,"19,800",26,"46,043","10,570","424,559","193,579","36,792","13,245",59.8%,1.179,"221,285",0.3735,"28,873","12,016",14,40,3,3.8,22,10.2,3.14,146,27.5,,98.7,"243,616","180,943",42.6%,"108,204","72,739",69.2%,"287,223.26","82,649.95","123,538.95",0.291,57.0%,27.17,"4,523.6",170.7,0.521
1844,01/08/2023,2023,Aug,8,Q3,BENTONG,BARAT,JAWI-JAWI,Pinggir Bandar,"19,800",26,"46,043","11,598","403,695","175,405","36,454","13,591",59.8%,1.179,"213,725",0.3821,"26,559","8,199",14,40,1,3.8,17,2.4,2.01,95,26.9,17.8,99.8,"225,450","178,245",44.2%,"106,591","71,654",65.8%,"265,805.55","81,664.32","116,422.32",0.288,56.2%,22.92,"4,456.1",158.0,0.529
1845,01/09/2023,2023,Sep,9,Q3,BENTONG,BARAT,JAWI-JAWI,Pinggir Bandar,"19,800",26,"46,043","11,079","386,140","173,615","32,544","14,220",59.8%,1.179,"181,870",0.3651,"27,154","12,151",14,40,2,3.8,20,5.7,2.48,177,27.3,32.9,98.6,"220,379","165,761",42.9%,"99,125","66,636",65.0%,"259,826.84","66,400.74","105,705.74",0.274,59.3%,23.45,"4,144.0",159.5,0.471
1846,01/10/2023,2023,Oct,10,Q4,BENTONG,BARAT,JAWI-JAWI,Pinggir Bandar,"19,800",26,"46,043","10,533","384,569","189,023","33,103","16,031",59.8%,1.179,"185,103",0.3662,"29,179","6,821",14,40,1,3.8,9,4.5,2.75,217,27,28.7,99.4,"238,157","146,412",38.1%,"87,554","58,858",62.7%,"280,787.10","67,784.72","103,784.72",0.270,63.0%,26.66,"3,660.3",166.9,0.481
1847,01/11/2023,2023,Nov,11,Q4,BENTONG,BARAT,JAWI-JAWI,Pinggir Bandar,"19,800",26,"46,043","10,403","367,922","168,967","30,635","13,342",59.8%,1.179,"180,800",0.3782,"28,583","10,132",14,40,2,3.8,12,4.7,2.61,288,26.4,29.7,97,"212,944","154,978",42.1%,"92,677","62,301",61.9%,"251,060.98","68,378.56","107,093.56",0.291,57.3%,24.13,"3,874.5",154.2,0.491
1848,01/12/2023,2023,Dec,12,Q4,BENTONG,BARAT,JAWI-JAWI,Pinggir Bandar,"19,800",26,"46,043","10,845","370,311","165,763","34,709","12,669",59.8%,1.179,"190,612",0.3756,"31,540","6,475",14,40,1,3.8,15,3.6,1.98,439,26.3,42.4,99.2,"213,141","157,170",42.4%,"93,988","63,182",60.3%,"251,293.24","71,593.87","109,608.87",0.296,56.4%,23.17,"3,929.3",149.3,0.515
1849,01/01/2024,2024,Jan,1,Q1,BENTONG,BARAT,JAWI-JAWI,Pinggir Bandar,"19,800",27,"47,113","11,584","379,016","188,115","37,313","13,487",59.8%,1.179,"192,875",0.3856,"32,311","8,227",14,40,2,4.8,10,4.9,2.43,157,26.3,27.1,99.8,"238,915","140,101",37.0%,"83,780","56,321",61.7%,"281,680.79","74,372.60","114,910.60",0.303,59.2%,24.32,"3,502.5",163.6,0.509
1850,01/02/2024,2024,Feb,2,Q1,BENTONG,BARAT,JAWI-JAWI,Pinggir Bandar,"19,800",27,"47,113","10,545","351,468","172,447","32,372","15,325",59.8%,1.179,"161,033",0.3851,"30,347","8,529",14,40,1,4.8,22,2.9,2.53,117,26.7,27.2,98.7,"220,144","131,324",37.4%,"78,532","52,792",61.2%,"259,549.78","62,013.81","100,889.81",0.287,61.1%,24.61,"3,283.1",161.1,0.458
1851,01/03/2024,2024,Mar,3,Q1,BENTONG,BARAT,JAWI-JAWI,Pinggir Bandar,"19,800",27,"47,113","11,400","422,473","196,613","42,119","14,836",59.8%,1.179,"213,766",0.3849,"36,593","9,934",14,40,1,4.8,21,2.2,2.54,158,28.6,17.9,99.7,"253,568","168,905",40.0%,"101,005","67,900",68.8%,"298,956.67","82,278.53","128,805.53",0.305,56.9%,26.22,"4,222.6",173.6,0.506
1852,01/04/2024,2024,Apr,4,Q2,BENTONG,BARAT,JAWI-JAWI,Pinggir Bandar,"19,800",27,"47,113","11,811","411,574","191,878","41,853","14,408",59.8%,1.179,"194,008",0.3796,"29,414","10,191",14,40,1,4.8,16,2.5,3.14,226,28.4,17.6,98,"248,139","163,435",39.7%,"97,734","65,701",69.3%,"292,555.88","73,645.44","113,250.44",0.275,61.3%,24.77,"4,085.9",175.6,0.471
1853,01/05/2024,2024,May,5,Q2,BENTONG,BARAT,JAWI-JAWI,Pinggir Bandar,"19,800",27,"47,113","10,745","429,053","214,120","43,027","13,961",59.8%,1.179,"218,163",0.3805,"29,698","9,690",14,40,1,4.8,19,3.4,2.42,207,29,20.1,98.9,"271,108","157,945",36.8%,"94,451","63,494",69.9%,"319,636.33","83,011.02","122,399.02",0.285,61.7%,29.75,"3,948.6",185.6,0.508
1854,01/06/2024,2024,Jun,6,Q2,BENTONG,BARAT,JAWI-JAWI,Pinggir Bandar,"19,800",27,"47,113","11,593","431,109","215,744","40,460","16,857",59.8%,1.179,"218,759",0.3936,"34,685","12,733",14,40,2,4.8,16,5.6,2.66,139,28.7,18.2,99.9,"273,061","158,048",36.7%,"94,513","63,535",72.6%,"321,938.92","86,103.54","133,521.54",0.310,58.5%,27.77,"3,951.2",193.2,0.507
1855,01/07/2024,2024,Jul,7,Q3,BENTONG,BARAT,JAWI-JAWI,Pinggir Bandar,"19,800",27,"47,113","10,776","419,621","188,518","40,543","15,547",59.8%,1.179,"201,839",0.3829,"31,290","11,225",14,40,2,4.8,23,5.3,2.03,124,27.6,16.4,96.8,"244,608","175,013",41.7%,"104,658","70,355",68.4%,"288,392.83","77,284.15","119,799.15",0.285,58.5%,26.76,"4,375.3",167.5,0.481
1856,01/08/2024,2024,Aug,8,Q3,BENTONG,BARAT,JAWI-JAWI,Pinggir Bandar,"19,800",27,"47,113","11,237","411,428","200,455","37,985","18,432",59.8%,1.179,"214,354",0.3842,"27,955","10,414",14,40,2,4.8,25,9.7,1.82,86,27.7,16.3,98.1,"256,872","154,556",37.6%,"92,424","62,132",67.0%,"302,852.09","82,354.81","120,723.81",0.293,60.1%,26.95,"3,863.9",175.9,0.521
1857,01/09/2024,2024,Sep,9,Q3,BENTONG,BARAT,JAWI-JAWI,Pinggir Bandar,"19,800",27,"47,113","11,719","406,325","187,313","33,997","17,433",59.8%,1.179,"204,374",0.3958,"31,521","8,370",14,40,2,4.8,20,6,1.69,110,27.5,18.5,98.3,"238,743","167,582",41.2%,"100,214","67,368",68.4%,"281,478.00","80,891.23","120,782.23",0.297,57.1%,24.02,"4,189.6",168.9,0.503
1858,01/10/2024,2024,Oct,10,Q4,BENTONG,BARAT,JAWI-JAWI,Pinggir Bandar,"19,800",27,"47,113","10,676","409,442","197,854","40,747","14,247",59.8%,1.179,"214,513",0.3968,"34,730","9,766",14,40,2,4.8,24,7.2,3.25,296,28,,100,"252,848","156,594",38.2%,"93,643","62,951",66.7%,"298,107.79","85,118.76","129,614.76",0.317,56.5%,27.92,"3,914.9",173.1,0.524
1859,01/11/2024,2024,Nov,11,Q4,BENTONG,BARAT,JAWI-JAWI,Pinggir Bandar,"19,800",27,"47,113","10,920","363,980","165,900","33,499","11,623",59.8%,1.179,"173,995",0.3818,"26,577","12,763",14,40,2,4.8,19,7.8,1.77,385,27.3,22.8,99.6,"211,022","152,958",42.0%,"91,469","61,489",61.3%,"248,794.94","66,431.29","105,771.29",0.291,57.5%,22.78,"3,824.0",149.3,0.478
1860,01/12/2024,2024,Dec,12,Q4,BENTONG,BARAT,JAWI-JAWI,Pinggir Bandar,"19,800",27,"47,113","10,872","367,124","172,608","35,627","12,846",59.8%,1.179,"176,862",0.3953,"31,854","11,828",14,40,2,4.8,11,9.6,2.78,220,26.3,22.2,98.1,"221,081","146,043",39.8%,"87,334","58,709",59.8%,"260,654.50","69,913.55","113,595.55",0.309,56.4%,23.97,"3,651.1",151.4,0.482
1861,01/01/2025,2025,Jan,1,Q1,BENTONG,BARAT,JAWI-JAWI,Pinggir Bandar,"19,800",28,"48,162","12,126","375,565","169,829","38,309","15,507",59.8%,1.179,"185,305",0.4086,"27,186","8,037",14,40,1,5.8,15,4.2,2.76,193,27.1,17.4,97.6,"223,645","151,920",40.5%,"90,848","61,072",61.2%,"263,677.46","75,715.62","110,938.62",0.295,57.9%,21.74,"3,798.0",149.8,0.493
1862,01/02/2025,2025,Feb,2,Q1,BENTONG,BARAT,JAWI-JAWI,Pinggir Bandar,"19,800",28,"48,162","12,032","359,108","176,839","35,244","15,634",59.8%,1.179,"181,265",0.4072,"28,561","7,396",14,40,1,5.8,18,3.3,2.42,69,26.7,20.6,99.9,"227,717","131,391",36.6%,"78,572","52,819",64.8%,"268,478.34","73,811.11","109,768.11",0.306,59.1%,22.31,"3,284.8",168.9,0.505
1863,01/03/2025,2025,Mar,3,Q1,BENTONG,BARAT,JAWI-JAWI,Pinggir Bandar,"19,800",28,"48,162","12,073","422,102","217,394","37,538","16,381",59.8%,1.179,"223,341",0.3951,"29,835","8,974",14,40,1,5.8,19,4.4,3.32,190,27.9,21.4,96.7,"271,313","150,789",35.7%,"90,172","60,617",68.8%,"319,878.03","88,242.03","127,051.03",0.301,60.3%,26.50,"3,769.7",181.7,0.529
1864,01/04/2025,2025,Apr,4,Q2,BENTONG,BARAT,JAWI-JAWI,Pinggir Bandar,"19,800",28,"48,162","11,629","419,035","206,690","41,359","16,452",59.8%,1.179,"197,906",0.4080,"30,840","7,946",14,40,1,5.8,17,2,1.98,113,28,18.4,98.1,"264,501","154,534",36.9%,"92,411","62,123",70.5%,"311,846.68","80,745.65","119,531.65",0.285,61.7%,26.82,"3,863.4",183.1,0.472
1865,01/05/2025,2025,May,5,Q2,BENTONG,BARAT,JAWI-JAWI,Pinggir Bandar,"19,800",28,"48,162","11,896","428,634","203,701","40,431","13,504",59.8%,1.179,"201,079",0.3909,"28,830","9,568",14,40,2,5.8,10,4.5,1.97,107,28.4,13.3,98,"257,636","170,998",39.9%,"102,257","68,741",69.8%,"303,752.84","78,601.78","116,999.78",0.273,61.5%,25.53,"4,275.0",172.6,0.469
1866,01/06/2025,2025,Jun,6,Q2,BENTONG,BARAT,JAWI-JAWI,Pinggir Bandar,"19,800",28,"48,162","10,895","402,495","189,612","40,245","14,145",59.8%,1.179,"193,374",0.3922,"33,927","11,126",14,40,2,5.8,11,4.9,1.77,121,28.2,22.3,99.5,"244,002","158,493",39.4%,"94,779","63,714",67.8%,"287,678.36","75,841.28","120,894.28",0.300,58.0%,26.40,"3,962.3",168.9,0.480
1867,01/07/2025,2025,Jul,7,Q3,BENTONG,BARAT,JAWI-JAWI,Pinggir Bandar,"19,800",28,"48,162","11,535","418,022","202,249","34,631","17,804",59.8%,1.179,"216,578",0.4002,"28,772","7,085",14,40,1,5.8,19,1.9,2.56,128,27.5,29.4,98.7,"254,684","163,338",39.1%,"97,676","65,662",68.1%,"300,272.44","86,674.52","122,531.52",0.293,59.2%,26.03,"4,083.5",170.6,0.518
1868,01/08/2025,2025,Aug,8,Q3,BENTONG,BARAT,JAWI-JAWI,Pinggir Bandar,"19,800",28,"48,162","11,550","431,477","206,279","35,189","16,705",59.8%,1.179,"207,430",0.4061,"35,991","10,548",14,40,2,5.8,20,7.8,1.76,103,28.4,29.8,97.1,"258,173","173,304",40.2%,"103,636","69,668",70.3%,"304,385.97","84,237.32","130,776.32",0.303,57.0%,26.35,"4,332.6",172.9,0.481
1869,01/09/2025,2025,Sep,9,Q3,BENTONG,BARAT,JAWI-JAWI,Pinggir Bandar,"19,800",28,"48,162","11,867","413,889","206,710","45,171","15,452",59.8%,1.179,"203,675",0.3951,"34,072","6,367",14,40,1,5.8,22,4.2,1.92,179,28.1,19.6,97.3,"267,333","146,556",35.4%,"87,640","58,916",69.7%,"315,185.61","80,471.99","120,910.99",0.292,61.6%,26.56,"3,663.9",185.0,0.492
1870,01/10/2025,2025,Oct,10,Q4,BENTONG,BARAT,JAWI-JAWI,Pinggir Bandar,"19,800",28,"48,162","11,536","402,107","204,935","39,385","13,956",59.8%,1.179,"212,248",0.3984,"33,273","11,827",14,40,2,5.8,11,5.1,2.5,257,27.1,32.3,97,"258,276","143,831",35.8%,"86,011","57,820",65.5%,"304,507.40","84,559.60","129,659.60",0.322,57.4%,26.40,"3,595.8",173.0,0.528
1871,01/11/2025,2025,Nov,11,Q4,BENTONG,BARAT,JAWI-JAWI,Pinggir Bandar,"19,800",28,"48,162","11,324","376,100","177,648","37,020","12,766",59.8%,1.179,"187,369",0.4009,"28,527","9,723",14,40,2,5.8,12,7.4,2.79,207,27.2,31.1,99.3,"227,434","148,666",39.5%,"88,902","59,764",63.3%,"268,144.69","75,116.23","113,366.23",0.301,57.7%,23.68,"3,716.7",157.4,0.498
1872,01/12/2025,2025,Dec,12,Q4,BENTONG,BARAT,JAWI-JAWI,Pinggir Bandar,"19,800",28,"48,162","11,312","389,494","199,348","34,291","12,787",59.8%,1.179,"186,035",0.4034,"26,246","10,110",14,40,2,5.8,22,9.4,2.96,236,26.7,26.8,99.4,"246,426","143,068",36.7%,"85,555","57,513",63.5%,"290,536.25","75,046.52","111,402.52",0.286,61.7%,25.68,"3,576.7",165.1,0.478
1873,01/01/2023,2023,Jan,1,Q1,BENTONG,BARAT,MEMPAGA,Luar Bandar,"5,000",24,"14,705","3,635","126,233","59,753","5,133","1,076",57.6%,0.993,"46,509",0.3743,"11,682","7,216",11,24,1,4.6,6,2.1,2.99,144,26.3,12.7,96.8,"65,962","60,271",47.7%,"34,716","25,555",81.4%,"65,500.27","17,408.32","36,306.32",0.288,44.6%,18.02,"2,511.3",144.7,0.368
1874,01/02/2023,2023,Feb,2,Q1,BENTONG,BARAT,MEMPAGA,Luar Bandar,"5,000",24,"14,705","3,556","112,797","53,764","5,822","1,082",57.6%,0.993,"45,853",0.3760,"9,101","6,380",11,24,1,4.6,5,4.6,2.54,107,27.6,21.5,97.1,"60,668","52,129",46.2%,"30,026","22,103",80.6%,"60,243.32","17,240.73","32,721.73",0.290,45.7%,16.94,"2,172.0",147.3,0.407
1875,01/03/2023,2023,Mar,3,Q1,BENTONG,BARAT,MEMPAGA,Luar Bandar,"5,000",24,"14,705","3,427","129,244","61,267","6,346","1,276",57.6%,0.993,"51,475",0.3678,"10,058","7,038",11,24,1,4.6,4,3.4,1.83,182,27.8,22.4,96.8,"68,889","60,355",46.7%,"34,764","25,591",83.4%,"68,406.78","18,932.51","36,028.51",0.279,47.3%,19.96,"2,514.8",151.1,0.398
1876,01/04/2023,2023,Apr,4,Q2,BENTONG,BARAT,MEMPAGA,Luar Bandar,"5,000",24,"14,705","3,459","121,391","57,463","5,811","1,169",57.6%,0.993,"49,619",0.3779,"9,684","4,897",11,24,1,4.6,7,3,2.65,124,28.3,14.7,96.9,"64,443","56,948",46.9%,"32,802","24,146",80.9%,"63,991.90","18,751.02","33,332.02",0.275,47.9%,18.50,"2,372.8",146.1,0.409
1877,01/05/2023,2023,May,5,Q2,BENTONG,BARAT,MEMPAGA,Luar Bandar,"5,000",24,"14,705","3,314","138,039","66,553","5,839","1,221",57.6%,0.993,"58,170",0.3763,"10,758","6,220",11,24,1,4.6,6,3.7,2.38,132,27.9,25.8,99.7,"73,613","64,426",46.7%,"37,109","27,317",89.1%,"73,097.71","21,889.37","38,867.37",0.282,46.8%,22.06,"2,684.4",161.5,0.421
1878,01/06/2023,2023,Jun,6,Q2,BENTONG,BARAT,MEMPAGA,Luar Bandar,"5,000",24,"14,705","3,448","124,753","59,582","5,005","1,016",57.6%,0.993,"47,711",0.3798,"9,949","6,411",11,24,1,4.6,7,1.9,2.68,111,28.5,23.7,96.7,"65,603","59,150",47.4%,"34,070","25,080",83.2%,"65,143.78","18,120.64","34,480.64",0.276,47.1%,18.89,"2,464.6",148.7,0.382
1879,01/07/2023,2023,Jul,7,Q3,BENTONG,BARAT,MEMPAGA,Luar Bandar,"5,000",24,"14,705","3,708","129,885","56,406","6,100",969,57.6%,0.993,"48,298",0.3800,"11,047","6,925",11,24,2,4.6,10,4.3,3.1,133,27.5,21.1,99.9,"63,475","66,410",51.1%,"38,252","28,158",83.8%,"63,030.68","18,353.24","36,325.24",0.280,42.4%,17.00,"2,767.1",139.2,0.372
1880,01/08/2023,2023,Aug,8,Q3,BENTONG,BARAT,MEMPAGA,Luar Bandar,"5,000",24,"14,705","3,546","129,798","65,221","5,651","1,206",57.6%,0.993,"51,113",0.3772,"9,413","7,019",11,24,1,4.6,6,2.3,2.8,101,27.6,20.4,97.9,"72,078","57,720",44.5%,"33,247","24,473",83.7%,"71,573.45","19,279.82","35,711.82",0.275,50.1%,20.18,"2,405.0",158.1,0.394
1881,01/09/2023,2023,Sep,9,Q3,BENTONG,BARAT,MEMPAGA,Luar Bandar,"5,000",24,"14,705","3,483","115,647","51,808","5,349","1,129",57.6%,0.993,"48,084",0.3771,"8,747","7,174",11,24,1,4.6,6,2.7,2.67,111,27.7,,99.5,"58,286","57,361",49.6%,"33,040","24,321",77.1%,"57,878.00","18,132.48","34,053.48",0.294,41.2%,16.62,"2,390.0",132.1,0.416
1882,01/10/2023,2023,Oct,10,Q4,BENTONG,BARAT,MEMPAGA,Luar Bandar,"5,000",24,"14,705","3,514","120,158","54,469","5,024",925,57.6%,0.993,"46,455",0.3764,"10,064","7,323",11,24,1,4.6,7,3.6,2.44,204,26.8,22.5,98.2,"60,418","59,740",49.7%,"34,410","25,330",77.5%,"59,995.07","17,485.66","34,872.66",0.290,41.9%,17.07,"2,489.2",132.5,0.387
1883,01/11/2023,2023,Nov,11,Q4,BENTONG,BARAT,MEMPAGA,Luar Bandar,"5,000",24,"14,705","3,679","119,514","54,278","5,304","1,228",57.6%,0.993,"46,206",0.3767,"9,035","6,653",11,24,1,4.6,7,2.5,3.15,373,27.5,27.2,98.9,"60,810","58,704",49.1%,"33,814","24,890",79.7%,"60,384.33","17,405.80","33,093.80",0.277,45.2%,16.41,"2,446.0",137.8,0.387
1884,01/12/2023,2023,Dec,12,Q4,BENTONG,BARAT,MEMPAGA,Luar Bandar,"5,000",24,"14,705","3,304","119,329","57,675","6,139","1,058",57.6%,0.993,"45,833",0.3729,"10,325","6,179",11,24,1,4.6,7,3,3.19,399,26.6,50,97.4,"64,872","54,457",45.6%,"31,367","23,090",77.0%,"64,417.90","17,091.13","33,595.13",0.282,47.8%,19.50,"2,269.0",142.3,0.384
1885,01/01/2024,2024,Jan,1,Q1,BENTONG,BARAT,MEMPAGA,Luar Bandar,"5,000",25,"15,017","3,743","122,965","61,723","5,590","1,167",57.6%,0.993,"52,543",0.3943,"11,441","3,057",11,24,0,5.6,6,0,1.96,167,27.3,24.9,96.5,"68,480","54,485",44.3%,"31,383","23,102",79.3%,"68,000.64","20,717.70","35,215.70",0.286,48.2%,18.17,"2,270.2",147.1,0.427
1886,01/02/2024,2024,Feb,2,Q1,BENTONG,BARAT,MEMPAGA,Luar Bandar,"5,000",25,"15,017","3,505","112,508","52,184","4,437","1,006",57.6%,0.993,"43,235",0.3961,"10,073","8,581",11,24,2,5.6,10,5,1.68,123,26.9,17.5,96.9,"57,627","54,881",48.8%,"31,611","23,270",77.6%,"57,223.61","17,125.38","35,779.38",0.318,37.5%,16.33,"2,286.7",132.3,0.384
1887,01/03/2024,2024,Mar,3,Q1,BENTONG,BARAT,MEMPAGA,Luar Bandar,"5,000",25,"15,017","3,458","123,962","58,029","5,391","1,057",57.6%,0.993,"47,781",0.3899,"9,272","6,012",11,24,1,5.6,8,4.2,1.72,96,28.5,18.2,99.7,"64,477","59,485",48.0%,"34,263","25,222",80.0%,"64,025.66","18,629.81","33,913.81",0.274,47.0%,18.52,"2,478.5",138.5,0.385
1888,01/04/2024,2024,Apr,4,Q2,BENTONG,BARAT,MEMPAGA,Luar Bandar,"5,000",25,"15,017","3,457","130,959","63,153","5,933","1,349",57.6%,0.993,"52,008",0.3798,"10,288","6,040",11,24,1,5.6,4,3,1.7,104,28.1,19.6,96.6,"70,435","60,524",46.2%,"34,862","25,662",87.3%,"69,941.96","19,752.64","36,080.64",0.276,48.4%,20.23,"2,521.8",156.3,0.397
1889,01/05/2024,2024,May,5,Q2,BENTONG,BARAT,MEMPAGA,Luar Bandar,"5,000",25,"15,017","3,409","134,545","69,465","6,251","1,394",57.6%,0.993,"52,510",0.3798,"10,186","5,785",11,24,1,5.6,4,2.6,2.72,165,29.1,28.1,96.9,"77,110","57,435",42.7%,"33,083","24,352",86.8%,"76,570.23","19,943.30","35,914.30",0.267,53.1%,22.46,"2,393.1",165.6,0.390
1890,01/06/2024,2024,Jun,6,Q2,BENTONG,BARAT,MEMPAGA,Luar Bandar,"5,000",25,"15,017","3,675","133,753","69,468","7,079","1,239",57.6%,0.993,"55,077",0.3855,"10,524","6,248",11,24,1,5.6,8,4.1,2.29,124,27.7,21.5,97.6,"77,786","55,967",41.8%,"32,237","23,730",89.2%,"77,241.50","21,232.18","38,004.18",0.284,50.8%,21.02,"2,332.0",172.7,0.412
1891,01/07/2024,2024,Jul,7,Q3,BENTONG,BARAT,MEMPAGA,Luar Bandar,"5,000",25,"15,017","3,538","139,598","70,930","6,827","1,545",57.6%,0.993,"57,654",0.3898,"10,607","7,005",11,24,1,5.6,5,3.7,2.54,92,27,,97.4,"79,302","60,296",43.2%,"34,730","25,566",90.1%,"78,746.89","22,473.53","40,085.53",0.287,49.1%,22.26,"2,512.3",170.3,0.413
1892,01/08/2024,2024,Aug,8,Q3,BENTONG,BARAT,MEMPAGA,Luar Bandar,"5,000",25,"15,017","3,708","125,408","59,824","6,162","1,337",57.6%,0.993,"47,424",0.3797,"11,699","6,928",11,24,1,5.6,7,3.2,2.61,159,27.8,25,98.1,"67,323","58,085",46.3%,"33,457","24,628",80.9%,"66,851.74","18,006.89","36,633.89",0.292,45.2%,18.03,"2,420.2",144.6,0.378
1893,01/09/2024,2024,Sep,9,Q3,BENTONG,BARAT,MEMPAGA,Luar Bandar,"5,000",25,"15,017","3,563","118,909","57,275","6,250","1,246",57.6%,0.993,"45,668",0.3894,"10,044","6,362",11,24,1,5.6,8,3.8,2.89,211,27.6,21.3,99.5,"64,771","54,138",45.5%,"31,183","22,955",79.3%,"64,317.60","17,783.12","34,189.12",0.288,46.8%,18.05,"2,255.8",143.8,0.384
1894,01/10/2024,2024,Oct,10,Q4,BENTONG,BARAT,MEMPAGA,Luar Bandar,"5,000",25,"15,017","3,460","123,707","56,820","6,093",932,57.6%,0.993,"46,636",0.3871,"9,882","4,903",11,24,1,5.6,6,3.2,2.77,298,26.8,31.6,99.1,"63,845","59,862",48.4%,"34,481","25,381",79.8%,"63,398.09","18,052.80","32,837.80",0.265,48.2%,18.32,"2,494.3",137.1,0.377
1895,01/11/2024,2024,Nov,11,Q4,BENTONG,BARAT,MEMPAGA,Luar Bandar,"5,000",25,"15,017","3,676","117,824","61,721","5,471","1,060",57.6%,0.993,"44,443",0.3782,"9,357","6,667",11,24,1,5.6,7,1.9,3.24,217,26.4,33.4,99.8,"68,252","49,572",42.1%,"28,553","21,019",78.5%,"67,774.24","16,808.34","32,832.34",0.279,51.6%,18.44,"2,065.5",151.5,0.377
1896,01/12/2024,2024,Dec,12,Q4,BENTONG,BARAT,MEMPAGA,Luar Bandar,"5,000",25,"15,017","3,701","126,978","56,934","5,634",953,57.6%,0.993,"48,528",0.3789,"11,507","6,106",11,24,1,5.6,7,4.7,2.59,327,26.3,20.9,97.2,"63,521","63,457",50.0%,"36,551","26,906",81.9%,"63,076.35","18,387.26","36,000.26",0.284,42.9%,17.04,"2,644.0",136.4,0.382
1897,01/01/2025,2025,Jan,1,Q1,BENTONG,BARAT,MEMPAGA,Luar Bandar,"5,000",26,"15,439","3,794","119,134","61,405","5,464","1,403",57.6%,0.993,"46,792",0.4052,"9,330","5,965",11,24,1,6.6,6,4.4,2.08,147,26.7,29.6,99.8,"68,272","50,862",42.7%,"29,297","21,565",76.9%,"67,794.10","18,960.12","34,255.12",0.288,49.5%,17.87,"2,119.3",142.6,0.393
1898,01/02/2025,2025,Feb,2,Q1,BENTONG,BARAT,MEMPAGA,Luar Bandar,"5,000",26,"15,439","3,814","110,037","55,183","5,667","1,202",57.6%,0.993,"42,387",0.3922,"9,409","6,229",11,24,1,6.6,6,2.6,2.25,68,28,17.1,97.4,"62,052","47,985",43.6%,"27,639","20,346",78.6%,"61,617.64","16,624.18","32,262.18",0.293,47.6%,16.16,"1,999.4",143.5,0.385
1899,01/03/2025,2025,Mar,3,Q1,BENTONG,BARAT,MEMPAGA,Luar Bandar,"5,000",26,"15,439","3,535","129,702","63,182","5,346","1,092",57.6%,0.993,"48,513",0.4031,"11,485","6,872",11,24,1,6.6,7,2,2.96,122,27.7,26.8,99.3,"69,620","60,082",46.3%,"34,607","25,475",83.7%,"69,132.66","19,555.59","37,912.59",0.292,45.2%,19.56,"2,503.4",145.5,0.374
1900,01/04/2025,2025,Apr,4,Q2,BENTONG,BARAT,MEMPAGA,Luar Bandar,"5,000",26,"15,439","3,528","125,639","65,892","6,728","1,425",57.6%,0.993,"46,343",0.3943,"10,404","5,935",11,24,1,6.6,7,2.9,2.51,195,28.7,,96.9,"74,045","51,594",41.1%,"29,718","21,876",83.8%,"73,526.69","18,273.04","34,612.04",0.275,52.9%,20.84,"2,149.8",159.9,0.369
1901,01/05/2025,2025,May,5,Q2,BENTONG,BARAT,MEMPAGA,Luar Bandar,"5,000",26,"15,439","3,480","133,946","70,476","7,506","1,627",57.6%,0.993,"53,139",0.3942,"12,345","4,531",11,24,1,6.6,7,3.4,2.94,124,28.5,15.5,98.9,"79,609","54,337",40.6%,"31,298","23,039",86.4%,"79,051.74","20,947.39","37,823.39",0.282,52.2%,22.72,"2,264.0",166.3,0.397
1902,01/06/2025,2025,Jun,6,Q2,BENTONG,BARAT,MEMPAGA,Luar Bandar,"5,000",26,"15,439","3,532","131,023","68,059","6,694","1,385",57.6%,0.993,"55,807",0.3994,"9,182","5,415",11,24,1,6.6,6,2.7,2.26,150,28.1,25.1,98.4,"76,138","54,885",41.9%,"31,614","23,271",87.3%,"75,605.03","22,289.32","36,886.32",0.282,51.2%,21.41,"2,286.9",164.4,0.426
1903,01/07/2025,2025,Jul,7,Q3,BENTONG,BARAT,MEMPAGA,Luar Bandar,"5,000",26,"15,439","3,599","138,217","63,629","6,521","1,310",57.6%,0.993,"59,630",0.3932,"9,916","7,213",11,24,1,6.6,7,3.6,3.02,86,28.1,20.8,99.3,"71,460","66,757",48.3%,"38,452","28,305",89.2%,"70,959.78","23,446.52","40,575.52",0.294,42.8%,19.72,"2,781.5",149.3,0.431
1904,01/08/2025,2025,Aug,8,Q3,BENTONG,BARAT,MEMPAGA,Luar Bandar,"5,000",26,"15,439","3,845","142,730","72,488","6,252","1,260",57.6%,0.993,"57,814",0.3921,"13,350","5,140",11,24,1,6.6,8,3.7,2.77,79,27.2,20.1,97.1,"80,000","62,730",44.0%,"36,132","26,598",92.1%,"79,440.00","22,668.87","41,158.87",0.288,48.2%,20.66,"2,613.8",167.2,0.405
1905,01/09/2025,2025,Sep,9,Q3,BENTONG,BARAT,MEMPAGA,Luar Bandar,"5,000",26,"15,439","3,702","126,073","61,656","6,319","1,370",57.6%,0.993,"47,267",0.4088,"10,724","6,848",11,24,1,6.6,7,4.6,1.77,164,27.4,27.5,99.8,"69,345","56,728",45.0%,"32,675","24,053",84.0%,"68,859.59","19,322.75","36,894.75",0.293,46.4%,18.60,"2,363.7",149.7,0.375
1906,01/10/2025,2025,Oct,10,Q4,BENTONG,BARAT,MEMPAGA,Luar Bandar,"5,000",26,"15,439","3,892","123,425","63,799","5,557","1,207",57.6%,0.993,"50,982",0.3975,"9,756","6,186",11,24,1,6.6,7,4.6,1.69,159,27.7,22.9,97.3,"70,563","52,862",42.8%,"30,449","22,413",79.6%,"70,069.06","20,265.35","36,207.35",0.293,48.3%,18.00,"2,202.6",147.4,0.413
1907,01/11/2025,2025,Nov,11,Q4,BENTONG,BARAT,MEMPAGA,Luar Bandar,"5,000",26,"15,439","3,894","124,636","62,316","5,743","1,311",57.6%,0.993,"51,462",0.3947,"10,941","6,702",11,24,2,6.6,10,5.2,2.98,255,26.6,29.1,98.9,"69,370","55,266",44.3%,"31,833","23,433",83.1%,"68,884.41","20,312.05","37,955.05",0.305,44.9%,17.69,"2,302.8",149.8,0.413
1908,01/12/2025,2025,Dec,12,Q4,BENTONG,BARAT,MEMPAGA,Luar Bandar,"5,000",26,"15,439","3,717","123,312","64,484","6,480","1,185",57.6%,0.993,"48,479",0.4077,"10,429","7,321",11,24,1,6.6,8,2.1,2.57,436,27.2,50.4,99.6,"72,149","51,163",41.5%,"29,470","21,693",79.6%,"71,643.96","19,764.89","37,514.89",0.304,47.6%,19.27,"2,131.8",150.7,0.393
1909,01/01/2023,2023,Jan,1,Q1,BENTONG,BARAT,KARAK INDAH,Luar Bandar,"2,100",29,"4,893","1,203","41,107","15,702","1,689",633,63.2%,0.985,"14,812",0.3765,"2,386","4,072",9,20,1,9.7,4,2.2,2.02,104,27.2,17,96.8,"18,024","23,083",56.2%,"14,588","8,495",63.1%,"17,753.64","5,576.72","12,034.72",0.293,32.2%,14.76,"1,154.2",118.8,0.360
1910,01/02/2023,2023,Feb,2,Q1,BENTONG,BARAT,KARAK INDAH,Luar Bandar,"2,100",29,"4,893","1,105","36,610","11,870","1,316",390,63.2%,0.985,"13,053",0.3845,"2,241","6,361",9,20,2,9.7,6,7.6,2.22,122,26.8,16.5,99.8,"13,576","23,034",62.9%,"14,557","8,477",62.3%,"13,372.36","5,018.88","13,620.88",0.372,-1.9%,12.10,"1,151.7",99.1,0.357
1911,01/03/2023,2023,Mar,3,Q1,BENTONG,BARAT,KARAK INDAH,Luar Bandar,"2,100",29,"4,893","1,113","39,681","11,944","1,294",487,63.2%,0.985,"13,240",0.3834,"2,081","4,326",9,20,1,9.7,3,4.5,2.7,169,27.3,21.4,97,"13,725","25,956",65.4%,"16,404","9,552",61.0%,"13,519.13","5,076.22","11,483.22",0.289,15.1%,12.15,"1,297.8",90.5,0.334
1912,01/04/2023,2023,Apr,4,Q2,BENTONG,BARAT,KARAK INDAH,Luar Bandar,"2,100",29,"4,893","1,208","42,619","15,930","1,668",631,63.2%,0.985,"13,539",0.3784,"2,492","3,303",9,20,0,9.7,2,0,2.53,143,28.3,,98.9,"18,229","24,390",57.2%,"15,414","8,976",67.6%,"17,955.57","5,123.16","10,918.16",0.256,39.2%,14.86,"1,219.5",124.2,0.318
1913,01/05/2023,2023,May,5,Q2,BENTONG,BARAT,KARAK INDAH,Luar Bandar,"2,100",29,"4,893","1,211","45,555","15,895","1,544",593,63.2%,0.985,"15,987",0.3680,"2,306","6,715",9,20,1,9.7,3,4.7,3,193,27.8,35.9,98.5,"18,032","27,523",60.4%,"17,395","10,128",70.0%,"17,761.52","5,883.22","14,904.22",0.327,16.1%,14.67,"1,376.2",118.9,0.351
1914,01/06/2023,2023,Jun,6,Q2,BENTONG,BARAT,KARAK INDAH,Luar Bandar,"2,100",29,"4,893","1,151","44,346","13,737","1,585",527,63.2%,0.985,"14,184",0.3751,"2,558","6,732",9,20,1,9.7,3,4.5,1.68,153,28.4,22.1,97.6,"15,849","28,497",64.3%,"18,010","10,487",70.4%,"15,611.27","5,320.42","14,610.42",0.329,6.4%,13.56,"1,424.9",108.0,0.320
1915,01/07/2023,2023,Jul,7,Q3,BENTONG,BARAT,KARAK INDAH,Luar Bandar,"2,100",29,"4,893","1,226","43,891","14,989","1,389",469,63.2%,0.985,"14,355",0.3745,"2,570","9,785",9,20,2,9.7,5,4.4,3.04,132,27.3,28.6,97.7,"16,847","27,044",61.6%,"17,092","9,952",67.4%,"16,594.30","5,375.95","17,730.95",0.404,-6.8%,13.54,"1,352.2",111.1,0.327
1916,01/08/2023,2023,Aug,8,Q3,BENTONG,BARAT,KARAK INDAH,Luar Bandar,"2,100",29,"4,893","1,205","43,215","14,204","1,372",592,63.2%,0.985,"14,663",0.3705,"2,400","6,287",9,20,2,9.7,5,7.2,1.53,165,28.3,30.3,98.4,"16,168","27,047",62.6%,"17,094","9,953",66.4%,"15,925.48","5,432.64","14,119.64",0.327,11.3%,13.22,"1,352.4",106.6,0.339
1917,01/09/2023,2023,Sep,9,Q3,BENTONG,BARAT,KARAK INDAH,Luar Bandar,"2,100",29,"4,893","1,104","42,564","16,440","1,752",656,63.2%,0.985,"14,886",0.3804,"2,559","5,238",9,20,1,9.7,4,4.4,2.97,151,26.9,23.8,98.7,"18,848","23,716",55.7%,"14,989","8,727",67.6%,"18,565.28","5,662.63","13,459.63",0.316,27.5%,16.82,"1,185.8",128.4,0.350
1918,01/10/2023,2023,Oct,10,Q4,BENTONG,BARAT,KARAK INDAH,Luar Bandar,"2,100",29,"4,893","1,130","39,515","12,004","1,315",473,63.2%,0.985,"13,605",0.3729,"2,358","6,301",9,20,1,9.7,3,3.5,2.15,259,26.8,37.7,98.6,"13,792","25,723",65.1%,"16,257","9,466",60.7%,"13,585.12","5,073.30","13,732.30",0.348,-1.1%,12.02,"1,286.2",90.9,0.344
1919,01/11/2023,2023,Nov,11,Q4,BENTONG,BARAT,KARAK INDAH,Luar Bandar,"2,100",29,"4,893","1,133","39,952","14,459","1,503",553,63.2%,0.985,"12,586",0.3810,"2,202","4,871",9,20,1,9.7,3,3.7,2.7,293,27,28.2,99.6,"16,515","23,437",58.7%,"14,812","8,625",63.4%,"16,267.28","4,795.27","11,868.27",0.297,27.0%,14.36,"1,171.9",112.5,0.315
1920,01/12/2023,2023,Dec,12,Q4,BENTONG,BARAT,KARAK INDAH,Luar Bandar,"2,100",29,"4,893","1,103","41,040","15,119","1,491",504,63.2%,0.985,"14,716",0.3713,"2,204","4,559",9,20,1,9.7,3,4.5,2.9,446,27,48.3,96.7,"17,114","23,926",58.3%,"15,121","8,805",63.0%,"16,857.29","5,464.05","12,227.05",0.298,27.5%,15.28,"1,196.3",112.8,0.359
1921,01/01/2024,2024,Jan,1,Q1,BENTONG,BARAT,KARAK INDAH,Luar Bandar,"2,100",30,"5,013","1,248","40,087","12,293","1,387",551,63.2%,0.985,"13,935",0.3837,"2,213","6,098",9,20,1,10.7,4,4.4,3,108,27.5,15.2,97.5,"14,231","25,856",64.5%,"16,341","9,515",61.6%,"14,017.54","5,346.86","13,657.86",0.341,2.6%,11.23,"1,292.8",91.6,0.348
1922,01/02/2024,2024,Feb,2,Q1,BENTONG,BARAT,KARAK INDAH,Luar Bandar,"2,100",30,"5,013","1,187","36,639","13,928","1,439",626,63.2%,0.985,"12,046",0.3883,"2,056","4,271",9,20,1,10.7,4,3.4,2.75,93,27.9,16.1,97.6,"15,993","20,646",56.3%,"13,048","7,598",60.2%,"15,753.11","4,677.46","11,004.46",0.300,30.1%,13.27,"1,032.3",110.0,0.329
1923,01/03/2024,2024,Mar,3,Q1,BENTONG,BARAT,KARAK INDAH,Luar Bandar,"2,100",30,"5,013","1,191","42,624","13,182","1,534",434,63.2%,0.985,"15,695",0.3803,"2,602","5,123",9,20,1,10.7,3,1.9,3.05,100,27.6,26.4,96.9,"15,150","27,474",64.5%,"17,364","10,110",65.5%,"14,922.75","5,968.81","13,693.81",0.321,8.2%,12.53,"1,373.7",97.5,0.368
1924,01/04/2024,2024,Apr,4,Q2,BENTONG,BARAT,KARAK INDAH,Luar Bandar,"2,100",30,"5,013","1,132","40,811","13,630","1,284",558,63.2%,0.985,"14,662",0.3836,"1,938","5,826",9,20,1,10.7,4,3.4,1.59,235,28.9,21.3,97.4,"15,472","25,339",62.1%,"16,014","9,325",64.8%,"15,239.92","5,624.34","13,388.34",0.328,12.1%,13.46,"1,267.0",102.9,0.359
1925,01/05/2024,2024,May,5,Q2,BENTONG,BARAT,KARAK INDAH,Luar Bandar,"2,100",30,"5,013","1,243","43,784","17,377","1,900",597,63.2%,0.985,"15,168",0.3843,"2,176","4,767",9,20,1,10.7,3,4.3,2.97,173,28.8,25.6,98,"19,874","23,910",54.6%,"15,111","8,799",67.3%,"19,575.89","5,829.06","12,772.06",0.292,34.8%,15.75,"1,195.5",127.9,0.346
1926,01/06/2024,2024,Jun,6,Q2,BENTONG,BARAT,KARAK INDAH,Luar Bandar,"2,100",30,"5,013","1,160","42,169","16,483","1,984",728,63.2%,0.985,"13,783",0.3967,"2,522","5,041",9,20,1,10.7,4,2.5,2.87,156,27.7,23.6,98.5,"19,195","22,974",54.5%,"14,520","8,454",66.9%,"18,907.08","5,467.72","13,030.72",0.309,31.1%,16.30,"1,148.7",127.6,0.327
1927,01/07/2024,2024,Jul,7,Q3,BENTONG,BARAT,KARAK INDAH,Luar Bandar,"2,100",30,"5,013","1,128","46,057","16,130","1,765",641,63.2%,0.985,"14,483",0.3905,"2,505","4,788",9,20,1,10.7,4,4.8,1.75,121,28.4,21.5,97.1,"18,536","27,521",59.8%,"17,393","10,128",70.7%,"18,257.96","5,655.61","12,948.61",0.281,29.1%,16.19,"1,376.1",119.3,0.314
1928,01/08/2024,2024,Aug,8,Q3,BENTONG,BARAT,KARAK INDAH,Luar Bandar,"2,100",30,"5,013","1,136","41,894","14,031","1,463",582,63.2%,0.985,"14,521",0.3946,"1,955","6,640",9,20,1,10.7,4,3.5,2.61,172,27.7,23.4,96.8,"16,076","25,818",61.6%,"16,317","9,501",64.4%,"15,834.86","5,729.99","14,324.99",0.342,9.5%,13.94,"1,290.9",103.4,0.347
1929,01/09/2024,2024,Sep,9,Q3,BENTONG,BARAT,KARAK INDAH,Luar Bandar,"2,100",30,"5,013","1,220","39,669","15,564","1,472",492,63.2%,0.985,"13,713",0.3792,"2,055","6,330",9,20,1,10.7,3,2.1,2.47,153,27.4,15.3,98.8,"17,528","22,141",55.8%,"13,993","8,148",63.0%,"17,265.08","5,199.97","13,584.97",0.342,21.3%,14.15,"1,107.1",116.6,0.346
1930,01/10/2024,2024,Oct,10,Q4,BENTONG,BARAT,KARAK INDAH,Luar Bandar,"2,100",30,"5,013","1,209","39,703","15,139","1,514",588,63.2%,0.985,"14,361",0.3842,"1,983","4,891",9,20,1,10.7,3,4.5,2.05,246,27.8,38.2,96.7,"17,241","22,462",56.6%,"14,196","8,266",61.0%,"16,982.39","5,517.50","12,391.50",0.312,27.0%,14.05,"1,123.1",110.9,0.362
1931,01/11/2024,2024,Nov,11,Q4,BENTONG,BARAT,KARAK INDAH,Luar Bandar,"2,100",30,"5,013","1,202","37,916","12,893","1,240",524,63.2%,0.985,"12,011",0.3828,"1,973","5,832",9,20,1,10.7,3,2,2.75,363,27.3,32.4,98,"14,657","23,259",61.3%,"14,700","8,559",60.2%,"14,437.15","4,597.81","12,402.81",0.327,14.1%,12.01,"1,163.0",97.5,0.317
1932,01/12/2024,2024,Dec,12,Q4,BENTONG,BARAT,KARAK INDAH,Luar Bandar,"2,100",30,"5,013","1,146","40,724","15,680","1,753",548,63.2%,0.985,"14,276",0.3799,"2,247","5,276",9,20,1,10.7,4,3,2.48,443,26.5,47.8,99.5,"17,981","22,743",55.8%,"14,374","8,369",62.6%,"17,711.29","5,423.45","12,946.45",0.318,26.9%,15.45,"1,137.2",115.7,0.351
1933,01/01/2025,2025,Jan,1,Q1,BENTONG,BARAT,KARAK INDAH,Luar Bandar,"2,100",31,"5,109","1,211","40,096","15,837","1,858",528,63.2%,0.985,"14,574",0.3893,"2,064","4,622",9,20,1,11.7,3,2.3,2.04,121,27,,98.5,"18,223","21,873",54.6%,"13,824","8,049",61.6%,"17,949.66","5,673.66","12,359.66",0.308,31.1%,14.82,"1,093.7",115.1,0.363
1934,01/02/2025,2025,Feb,2,Q1,BENTONG,BARAT,KARAK INDAH,Luar Bandar,"2,100",31,"5,109","1,240","38,346","14,777","1,404",544,63.2%,0.985,"12,266",0.4061,"1,926","6,622",9,20,1,11.7,3,3.8,2.76,91,27.1,27.4,99.4,"16,725","21,621",56.4%,"13,664","7,957",65.2%,"16,474.13","4,981.22","13,529.22",0.353,17.9%,13.29,"1,081.1",116.9,0.320
1935,01/03/2025,2025,Mar,3,Q1,BENTONG,BARAT,KARAK INDAH,Luar Bandar,"2,100",31,"5,109","1,280","42,296","15,021","1,454",539,63.2%,0.985,"13,934",0.3925,"2,269","8,567",9,20,2,11.7,6,8.9,3.07,186,27.5,25.8,96.6,"17,014","25,282",59.8%,"15,978","9,304",65.0%,"16,758.79","5,469.10","16,305.10",0.385,2.7%,13.09,"1,264.1",107.4,0.329
1936,01/04/2025,2025,Apr,4,Q2,BENTONG,BARAT,KARAK INDAH,Luar Bandar,"2,100",31,"5,109","1,229","44,903","16,881","1,844",602,63.2%,0.985,"15,933",0.4081,"2,529","5,897",9,20,1,11.7,3,2.7,2.14,130,28.3,13.5,97,"19,327","25,576",57.0%,"16,164","9,412",71.3%,"19,037.10","6,502.26","14,928.26",0.332,21.6%,15.49,"1,278.8",126.1,0.355
1937,01/05/2025,2025,May,5,Q2,BENTONG,BARAT,KARAK INDAH,Luar Bandar,"2,100",31,"5,109","1,234","45,693","14,588","1,695",537,63.2%,0.985,"14,956",0.3977,"2,750","4,755",9,20,1,11.7,3,2.5,2.04,116,28,24.7,99.5,"16,820","28,873",63.2%,"18,248","10,625",70.2%,"16,567.70","5,948.00","13,453.00",0.294,18.8%,13.43,"1,443.7",106.2,0.327
1938,01/06/2025,2025,Jun,6,Q2,BENTONG,BARAT,KARAK INDAH,Luar Bandar,"2,100",31,"5,109","1,217","42,581","16,419","1,888",754,63.2%,0.985,"13,653",0.3980,"1,989","5,435",9,20,1,11.7,3,3.6,2.18,136,27.8,32.3,97,"19,061","23,520",55.2%,"14,865","8,655",67.6%,"18,775.09","5,433.89","12,857.89",0.302,31.5%,15.43,"1,176.0",124.4,0.321
1939,01/07/2025,2025,Jul,7,Q3,BENTONG,BARAT,KARAK INDAH,Luar Bandar,"2,100",31,"5,109","1,277","45,711","17,593","1,933",759,63.2%,0.985,"16,717",0.4051,"2,415","4,660",9,20,1,11.7,3,4.3,2.29,124,28.1,20.9,98.4,"20,285","25,426",55.6%,"16,069","9,357",70.2%,"19,980.73","6,772.06","13,847.06",0.303,30.7%,15.65,"1,271.3",128.1,0.366
1940,01/08/2025,2025,Aug,8,Q3,BENTONG,BARAT,KARAK INDAH,Luar Bandar,"2,100",31,"5,109","1,225","47,118","16,438","1,835",674,63.2%,0.985,"15,414",0.4043,"2,770","6,181",9,20,1,11.7,3,4.2,1.92,102,27.5,28,97.4,"18,947","28,171",59.8%,"17,804","10,367",72.4%,"18,662.80","6,231.88","15,182.88",0.322,18.6%,15.23,"1,408.6",119.6,0.327
1941,01/09/2025,2025,Sep,9,Q3,BENTONG,BARAT,KARAK INDAH,Luar Bandar,"2,100",31,"5,109","1,164","42,123","15,125","1,701",512,63.2%,0.985,"13,867",0.3905,"2,470","7,756",9,20,2,11.7,6,9,3.07,96,27.3,18.4,97.7,"17,338","24,785",58.8%,"15,664","9,121",66.9%,"17,077.93","5,415.06","15,641.06",0.371,8.4%,14.67,"1,239.3",113.1,0.329
1942,01/10/2025,2025,Oct,10,Q4,BENTONG,BARAT,KARAK INDAH,Luar Bandar,"2,100",31,"5,109","1,159","41,683","15,131","1,686",587,63.2%,0.985,"13,534",0.3921,"2,564","6,217",9,20,2,11.7,6,5.7,2.7,251,28,37.4,98.7,"17,404","24,279",58.2%,"15,344","8,935",64.0%,"17,142.94","5,306.68","14,087.68",0.338,17.8%,14.79,"1,214.0",109.9,0.325
1943,01/11/2025,2025,Nov,11,Q4,BENTONG,BARAT,KARAK INDAH,Luar Bandar,"2,100",31,"5,109","1,238","40,064","14,593","1,707",505,63.2%,0.985,"14,353",0.3960,"1,972","6,075",9,20,2,11.7,5,3.7,2.88,237,26.8,24.6,97.4,"16,805","23,259",58.1%,"14,700","8,559",63.6%,"16,552.93","5,683.79","13,730.79",0.343,17.0%,13.37,"1,163.0",109.6,0.358
1944,01/12/2025,2025,Dec,12,Q4,BENTONG,BARAT,KARAK INDAH,Luar Bandar,"2,100",31,"5,109","1,163","40,102","15,085","1,615",652,63.2%,0.985,"14,553",0.3967,"1,919","6,530",9,20,1,11.7,3,4.9,2.28,431,26.3,42.7,98.9,"17,352","22,750",56.7%,"14,378","8,372",61.6%,"17,091.72","5,773.18","14,222.18",0.355,16.8%,14.70,"1,137.5",109.6,0.363
1945,01/01/2023,2023,Jan,1,Q1,CAMERON HIGHLANDS,BARAT,TERLA,Luar Bandar,"6,400",14,"17,498","4,358","136,217","62,903","5,335","3,563",75.9%,0.967,"75,046",0.3788,"8,468","7,667",8,27,1,8.2,9,2.5,1.77,325,18.7,29.7,98.8,"71,801","64,416",47.3%,"48,892","15,524",68.7%,"69,431.57","28,427.42","44,562.42",0.327,35.8%,15.93,"2,385.8",132.4,0.551
1946,01/02/2023,2023,Feb,2,Q1,CAMERON HIGHLANDS,BARAT,TERLA,Luar Bandar,"6,400",14,"17,498","4,141","128,057","51,641","4,953","2,572",75.9%,0.967,"71,545",0.3650,"7,751","6,102",8,27,1,8.2,5,4.1,2.38,235,19.1,34.8,97.2,"59,166","68,891",53.8%,"52,288","16,603",71.5%,"57,213.52","26,113.93","39,966.93",0.312,30.1%,13.82,"2,551.5",120.8,0.559
1947,01/03/2023,2023,Mar,3,Q1,CAMERON HIGHLANDS,BARAT,TERLA,Luar Bandar,"6,400",14,"17,498","4,005","155,638","69,801","5,554","3,194",75.9%,0.967,"79,550",0.3832,"10,082","6,417",8,27,1,8.2,6,3.8,3.03,314,19.6,34.6,98.7,"78,549","77,089",49.5%,"58,511","18,578",78.4%,"75,956.88","30,483.56","46,982.56",0.302,38.1%,18.97,"2,855.1",144.8,0.511
1948,01/04/2023,2023,Apr,4,Q2,CAMERON HIGHLANDS,BARAT,TERLA,Luar Bandar,"6,400",14,"17,498","4,261","152,034","64,727","5,743","2,917",75.9%,0.967,"81,469",0.3800,"10,384","5,233",8,27,1,8.2,10,3.9,2.7,351,20,31.9,97.8,"73,387","78,647",51.7%,"59,693","18,954",79.2%,"70,965.23","30,958.22","46,575.22",0.306,34.4%,16.65,"2,912.9",139.8,0.536
1949,01/05/2023,2023,May,5,Q2,CAMERON HIGHLANDS,BARAT,TERLA,Luar Bandar,"6,400",14,"17,498","4,039","148,925","67,469","5,468","3,381",75.9%,0.967,"78,838",0.3675,"8,823","5,795",8,27,1,8.2,7,2.3,2.24,186,20.2,28,97.6,"76,318","72,607",48.8%,"55,109","17,498",75.1%,"73,799.51","28,972.97","43,590.97",0.293,40.9%,18.27,"2,689.1",140.7,0.529
1950,01/06/2023,2023,Jun,6,Q2,CAMERON HIGHLANDS,BARAT,TERLA,Luar Bandar,"6,400",14,"17,498","4,304","151,635","67,022","5,482","2,845",75.9%,0.967,"81,620",0.3716,"8,852","7,593",8,27,1,8.2,7,4.8,1.69,202,19.9,17.3,97.4,"75,349","76,286",50.3%,"57,901","18,385",79.0%,"72,862.48","30,329.99","46,774.99",0.308,35.8%,16.93,"2,825.4",143.5,0.538
1951,01/07/2023,2023,Jul,7,Q3,CAMERON HIGHLANDS,BARAT,TERLA,Luar Bandar,"6,400",14,"17,498","4,399","158,286","65,291","4,990","3,060",75.9%,0.967,"78,824",0.3805,"8,877","7,152",8,27,1,8.2,6,3.3,2.18,235,19.1,30.2,96.8,"73,341","84,945",53.7%,"64,473","20,472",79.8%,"70,920.75","29,992.53","46,021.53",0.291,35.1%,16.12,"3,146.1",135.2,0.498
1952,01/08/2023,2023,Aug,8,Q3,CAMERON HIGHLANDS,BARAT,TERLA,Luar Bandar,"6,400",14,"17,498","4,097","151,668","58,121","5,187","3,241",75.9%,0.967,"74,482",0.3755,"9,696","6,078",8,27,1,8.2,7,3.4,2.24,191,19.2,28.9,98.1,"66,549","85,119",56.1%,"64,605","20,514",76.4%,"64,352.88","27,967.99","43,741.99",0.288,32.0%,15.71,"3,152.6",122.7,0.491
1953,01/09/2023,2023,Sep,9,Q3,CAMERON HIGHLANDS,BARAT,TERLA,Luar Bandar,"6,400",14,"17,498","4,265","147,837","64,834","5,367","3,321",75.9%,0.967,"74,417",0.3731,"9,411","7,242",8,27,1,8.2,9,3.2,1.7,263,20,31.1,96.8,"73,522","74,315",50.3%,"56,405","17,910",77.0%,"71,095.77","27,764.98","44,417.98",0.300,37.5%,16.67,"2,752.4",140.1,0.503
1954,01/10/2023,2023,Oct,10,Q4,CAMERON HIGHLANDS,BARAT,TERLA,Luar Bandar,"6,400",14,"17,498","4,358","146,804","61,068","5,456","2,546",75.9%,0.967,"79,741",0.3698,"8,792","6,359",8,27,1,8.2,9,3.9,2.86,475,18.6,42.3,97.5,"69,070","77,734",53.0%,"59,000","18,734",74.0%,"66,790.69","29,488.22","44,639.22",0.304,33.2%,15.33,"2,879.0",127.3,0.543
1955,01/11/2023,2023,Nov,11,Q4,CAMERON HIGHLANDS,BARAT,TERLA,Luar Bandar,"6,400",14,"17,498","4,114","132,659","54,900","4,675","2,577",75.9%,0.967,"75,430",0.3688,"8,628","6,101",8,27,1,8.2,6,3.2,2.8,726,19.1,36.6,97.8,"62,152","70,507",53.1%,"53,515","16,992",69.1%,"60,100.98","27,818.58","42,547.58",0.321,29.2%,14.61,"2,611.4",118.4,0.569
1956,01/12/2023,2023,Dec,12,Q4,CAMERON HIGHLANDS,BARAT,TERLA,Luar Bandar,"6,400",14,"17,498","4,395","148,932","57,881","4,828","3,284",75.9%,0.967,"79,929",0.3694,"10,099","7,351",8,27,1,8.2,10,3.3,2.85,430,18.2,49,98.1,"65,993","82,939",55.7%,"62,951","19,988",75.1%,"63,815.23","29,525.77","46,975.77",0.315,26.4%,14.52,"3,071.8",121.7,0.537
1957,01/01/2024,2024,Jan,1,Q1,CAMERON HIGHLANDS,BARAT,TERLA,Luar Bandar,"6,400",15,"17,868","4,465","150,574","63,646","5,145","2,841",75.9%,0.967,"76,706",0.3859,"9,119","7,323",8,27,1,9.2,5,3.3,3.14,217,18.6,29.2,98.1,"71,632","78,942",52.4%,"59,917","19,025",75.9%,"69,268.14","29,600.85","46,042.85",0.306,33.5%,15.51,"2,923.8",129.3,0.509
1958,01/02/2024,2024,Feb,2,Q1,CAMERON HIGHLANDS,BARAT,TERLA,Luar Bandar,"6,400",15,"17,868","4,359","135,946","64,017","5,887","2,689",75.9%,0.967,"71,931",0.3780,"7,184","7,472",8,27,1,9.2,8,2.8,1.85,215,19.2,20.1,98.8,"72,593","63,353",46.6%,"48,085","15,268",73.2%,"70,197.43","27,189.92","41,845.92",0.308,40.4%,16.10,"2,346.4",140.1,0.529
1959,01/03/2024,2024,Mar,3,Q1,CAMERON HIGHLANDS,BARAT,TERLA,Luar Bandar,"6,400",15,"17,868","4,190","148,602","67,951","5,620","3,259",75.9%,0.967,"83,039",0.3872,"9,676","6,876",8,27,1,9.2,7,4.3,1.9,160,19.4,25.8,97.6,"76,830","71,772",48.3%,"54,475","17,297",74.9%,"74,294.61","32,152.70","48,704.70",0.328,34.4%,17.73,"2,658.2",138.7,0.559
1960,01/04/2024,2024,Apr,4,Q2,CAMERON HIGHLANDS,BARAT,TERLA,Luar Bandar,"6,400",15,"17,868","4,322","152,685","66,570","5,909","3,405",75.9%,0.967,"83,281",0.3923,"9,517","11,063",8,27,2,9.2,7,7.4,2.75,401,20.4,32.6,99.3,"75,884","76,801",50.3%,"58,292","18,509",79.5%,"73,379.83","32,671.14","53,251.14",0.349,27.4%,16.98,"2,844.5",141.6,0.545
1961,01/05/2024,2024,May,5,Q2,CAMERON HIGHLANDS,BARAT,TERLA,Luar Bandar,"6,400",15,"17,868","4,250","156,515","72,655","6,504","3,874",75.9%,0.967,"79,207",0.3936,"8,672","4,984",8,27,1,9.2,9,3,3.19,298,20.7,34.5,99.1,"83,033","73,482",46.9%,"55,773","17,709",78.9%,"80,292.91","31,175.88","44,831.88",0.286,44.2%,18.89,"2,721.6",149.9,0.506
1962,01/06/2024,2024,Jun,6,Q2,CAMERON HIGHLANDS,BARAT,TERLA,Luar Bandar,"6,400",15,"17,868","4,368","157,352","74,480","6,378","3,567",75.9%,0.967,"78,616",0.3787,"8,287","6,399",8,27,1,9.2,5,4.5,2.75,196,19.7,28.2,98,"84,425","72,927",46.3%,"55,352","17,575",82.0%,"81,638.98","29,771.88","44,457.88",0.283,45.5%,18.69,"2,701.0",157.5,0.500
1963,01/07/2024,2024,Jul,7,Q3,CAMERON HIGHLANDS,BARAT,TERLA,Luar Bandar,"6,400",15,"17,868","4,437","168,181","69,732","5,868","4,090",75.9%,0.967,"89,080",0.3861,"11,676","10,337",8,27,2,9.2,10,5.7,2.43,216,19.6,18.4,96.6,"79,690","88,491",52.6%,"67,165","21,326",84.8%,"77,060.23","34,393.79","56,406.79",0.335,26.8%,17.37,"3,277.4",143.9,0.530
1964,01/08/2024,2024,Aug,8,Q3,CAMERON HIGHLANDS,BARAT,TERLA,Luar Bandar,"6,400",15,"17,868","4,035","159,560","71,530","6,288","3,597",75.9%,0.967,"89,267",0.3828,"10,214","4,975",8,27,1,9.2,8,2.8,2.29,298,20.2,30.2,98,"81,415","78,145",49.0%,"59,312","18,833",80.4%,"78,728.31","34,171.41","49,360.41",0.309,37.3%,19.51,"2,894.3",147.0,0.559
1965,01/09/2024,2024,Sep,9,Q3,CAMERON HIGHLANDS,BARAT,TERLA,Luar Bandar,"6,400",15,"17,868","4,310","151,253","65,980","5,262","2,877",75.9%,0.967,"76,067",0.3793,"8,372","7,311",8,27,1,9.2,7,4,1.63,222,19.5,28.6,99.5,"74,119","77,134",51.0%,"58,545","18,589",78.8%,"71,673.07","28,852.21","44,535.21",0.294,37.9%,16.63,"2,856.8",138.3,0.503
1966,01/10/2024,2024,Oct,10,Q4,CAMERON HIGHLANDS,BARAT,TERLA,Luar Bandar,"6,400",15,"17,868","4,341","153,995","71,092","6,642","3,103",75.9%,0.967,"77,034",0.3859,"9,679","5,851",8,27,1,9.2,5,2.8,2.13,294,18.7,22,96.7,"80,837","73,158",47.5%,"55,527","17,631",77.6%,"78,169.38","29,727.42","45,257.42",0.294,42.1%,18.01,"2,709.6",145.9,0.500
1967,01/11/2024,2024,Nov,11,Q4,CAMERON HIGHLANDS,BARAT,TERLA,Luar Bandar,"6,400",15,"17,868","4,427","138,569","63,274","4,989","3,427",75.9%,0.967,"74,282",0.3839,"8,315","6,610",8,27,1,9.2,7,2,3.14,545,19.6,47.1,99.1,"71,690","66,879",48.3%,"50,761","16,118",72.2%,"69,324.23","28,516.86","43,441.86",0.314,37.3%,15.66,"2,477.0",133.7,0.536
1968,01/12/2024,2024,Dec,12,Q4,CAMERON HIGHLANDS,BARAT,TERLA,Luar Bandar,"6,400",15,"17,868","4,253","144,359","62,147","5,280","2,840",75.9%,0.967,"74,272",0.3880,"9,376","7,769",8,27,1,9.2,7,3.3,3.05,648,18.3,60.6,97.2,"70,267","74,092",51.3%,"56,236","17,856",72.8%,"67,948.19","28,817.54","45,962.54",0.318,32.4%,15.98,"2,744.1",126.9,0.514
1969,01/01/2025,2025,Jan,1,Q1,CAMERON HIGHLANDS,BARAT,TERLA,Luar Bandar,"6,400",16,"18,379","4,370","156,301","66,546","5,289","2,806",75.9%,0.967,"78,085",0.3968,"10,528","7,480",8,27,1,10.2,9,2.6,3.13,155,19,20.2,98.3,"74,641","81,660",52.2%,"61,980","19,680",78.8%,"72,177.85","30,984.13","48,992.13",0.313,32.1%,16.52,"3,024.4",131.0,0.500
1970,01/02/2025,2025,Feb,2,Q1,CAMERON HIGHLANDS,BARAT,TERLA,Luar Bandar,"6,400",16,"18,379","4,210","140,012","59,784","4,814","3,447",75.9%,0.967,"71,124",0.4023,"7,737","6,068",8,27,1,10.2,9,3.3,3.03,145,20.1,16.6,99.7,"68,045","71,967",51.4%,"54,623","17,344",78.1%,"65,799.52","28,613.19","42,418.19",0.303,35.5%,15.63,"2,665.4",132.2,0.508
1971,01/03/2025,2025,Mar,3,Q1,CAMERON HIGHLANDS,BARAT,TERLA,Luar Bandar,"6,400",16,"18,379","4,288","162,189","68,354","6,541","3,649",75.9%,0.967,"81,530",0.4026,"8,943","7,502",8,27,2,10.2,10,9.8,2.69,327,20.7,36.1,98.6,"78,544","83,645",51.6%,"63,487","20,158",81.7%,"75,952.05","32,823.98","49,268.98",0.304,35.1%,17.71,"3,098.0",137.9,0.503
1972,01/04/2025,2025,Apr,4,Q2,CAMERON HIGHLANDS,BARAT,TERLA,Luar Bandar,"6,400",16,"18,379","4,547","161,561","69,097","5,223","3,701",75.9%,0.967,"79,269",0.3928,"8,639","10,359",8,27,2,10.2,10,5,3.05,200,20.2,21.9,99.6,"78,021","83,540",51.7%,"63,407","20,133",84.1%,"75,446.31","31,136.86","50,134.86",0.310,33.5%,16.59,"3,094.1",141.5,0.491
1973,01/05/2025,2025,May,5,Q2,CAMERON HIGHLANDS,BARAT,TERLA,Luar Bandar,"6,400",16,"18,379","4,265","161,202","68,683","6,242","3,998",75.9%,0.967,"87,024",0.3961,"9,974","6,287",8,27,1,10.2,6,3,3.02,319,20,23,98.3,"78,923","82,279",51.0%,"62,450","19,829",81.3%,"76,318.54","34,470.21","50,731.21",0.315,33.5%,17.89,"3,047.4",138.5,0.540
1974,01/06/2025,2025,Jun,6,Q2,CAMERON HIGHLANDS,BARAT,TERLA,Luar Bandar,"6,400",16,"18,379","4,359","163,434","73,523","6,014","4,208",75.9%,0.967,"82,005",0.4077,"9,053","5,528",8,27,1,10.2,9,1.9,2.9,208,20.2,29.3,99.8,"83,745","79,689",48.8%,"60,484","19,205",85.1%,"80,981.42","33,433.44","48,014.44",0.294,40.7%,18.58,"2,951.4",151.9,0.502
1975,01/07/2025,2025,Jul,7,Q3,CAMERON HIGHLANDS,BARAT,TERLA,Luar Bandar,"6,400",16,"18,379","4,229","162,911","68,472","5,280","3,060",75.9%,0.967,"85,630",0.3959,"9,016","5,366",8,27,1,10.2,9,3,1.95,228,19.2,28.8,98.5,"76,812","86,099",52.9%,"65,349","20,750",82.1%,"74,277.20","33,900.92","48,282.92",0.296,35.0%,17.56,"3,188.9",134.8,0.526
1976,01/08/2025,2025,Aug,8,Q3,CAMERON HIGHLANDS,BARAT,TERLA,Luar Bandar,"6,400",16,"18,379","4,210","168,400","80,412","6,431","4,270",75.9%,0.967,"95,828",0.3961,"10,858","6,778",8,27,1,10.2,7,3.5,2.05,162,19.5,23.3,99.6,"91,113","77,287",45.9%,"58,661","18,626",84.9%,"88,106.27","37,957.47","55,593.47",0.330,36.9%,20.93,"2,862.5",159.9,0.569
1977,01/09/2025,2025,Sep,9,Q3,CAMERON HIGHLANDS,BARAT,TERLA,Luar Bandar,"6,400",16,"18,379","4,357","159,699","67,800","5,771","3,412",75.9%,0.967,"83,510",0.3977,"9,350","4,825",8,27,1,10.2,8,4.2,2.09,221,20,28.4,96.9,"76,983","82,716",51.8%,"62,781","19,935",83.2%,"74,442.56","33,211.93","47,386.93",0.297,36.3%,17.09,"3,063.6",139.6,0.523
1978,01/10/2025,2025,Oct,10,Q4,CAMERON HIGHLANDS,BARAT,TERLA,Luar Bandar,"6,400",16,"18,379","4,583","149,753","62,385","5,284","3,004",75.9%,0.967,"83,004",0.3903,"9,084","6,367",8,27,1,10.2,9,3.4,2.87,377,19.6,22.6,97.3,"70,673","79,080",52.8%,"60,022","19,058",75.5%,"68,340.79","32,396.46","47,847.46",0.320,30.0%,14.91,"2,928.9",124.0,0.554
1979,01/11/2025,2025,Nov,11,Q4,CAMERON HIGHLANDS,BARAT,TERLA,Luar Bandar,"6,400",16,"18,379","4,493","152,055","71,786","5,470","4,289",75.9%,0.967,"80,454",0.3979,"8,561","5,543",8,27,1,10.2,6,3.8,3.15,479,18.9,41.4,99.7,"81,545","70,510",46.4%,"53,517","16,993",79.2%,"78,854.02","32,012.65","46,116.65",0.303,41.5%,17.55,"2,611.5",147.9,0.529
1980,01/12/2025,2025,Dec,12,Q4,CAMERON HIGHLANDS,BARAT,TERLA,Luar Bandar,"6,400",16,"18,379","4,525","153,499","70,347","5,777","3,057",75.9%,0.967,"82,224",0.3980,"8,869","10,694",8,27,2,10.2,7,5.1,2.08,594,18.4,58.5,99.3,"79,181","74,318",48.4%,"56,407","17,911",77.4%,"76,568.03","32,725.15","52,288.15",0.341,31.7%,16.92,"2,752.5",139.0,0.536
1981,01/01/2023,2023,Jan,1,Q1,CAMERON HIGHLANDS,BARAT,HABU,Luar Bandar,"3,000",20,"6,898","1,711","58,211","29,375","1,708",387,76.5%,0.953,"33,201",0.3812,"4,371","4,327",10,22,1,13.3,5,3.8,2.87,325,18.3,28.6,96.7,"31,470","26,741",45.9%,"20,457","6,284",62.6%,"29,990.91","12,656.22","21,354.22",0.367,28.8%,17.53,"1,215.5",147.2,0.570
1982,01/02/2023,2023,Feb,2,Q1,CAMERON HIGHLANDS,BARAT,HABU,Luar Bandar,"3,000",20,"6,898","1,696","49,662","25,842","1,565",345,76.5%,0.953,"25,799",0.3695,"4,120","5,502",10,22,1,13.3,3,2.8,2.81,194,19.1,24,99.8,"27,752","21,910",44.1%,"16,761","5,149",59.1%,"26,447.66","9,532.73","19,154.73",0.386,27.6%,15.59,995.9,143.7,0.519
1983,01/03/2023,2023,Mar,3,Q1,CAMERON HIGHLANDS,BARAT,HABU,Luar Bandar,"3,000",20,"6,898","1,631","57,786","30,583","2,032",386,76.5%,0.953,"29,420",0.3793,"4,916","6,810",10,22,1,13.3,3,3.9,2.01,157,19.5,30.4,99.5,"33,001","24,785",42.9%,"18,961","5,824",62.1%,"31,449.95","11,159.01","22,885.01",0.396,27.2%,19.28,"1,126.6",154.3,0.509
1984,01/04/2023,2023,Apr,4,Q2,CAMERON HIGHLANDS,BARAT,HABU,Luar Bandar,"3,000",20,"6,898","1,592","57,925","28,647","1,813",377,76.5%,0.953,"29,461",0.3707,"4,633","6,428",10,22,1,13.3,4,3.2,1.91,333,19.7,34.4,97.5,"30,837","27,088",46.8%,"20,722","6,366",64.4%,"29,387.66","10,921.19","21,982.19",0.379,25.2%,18.46,"1,231.3",149.0,0.509
1985,01/05/2023,2023,May,5,Q2,CAMERON HIGHLANDS,BARAT,HABU,Luar Bandar,"3,000",20,"6,898","1,664","62,564","32,371","1,944",383,76.5%,0.953,"33,080",0.3681,"5,276","4,904",10,22,1,13.3,4,2.5,2.85,246,20.1,38.5,98.5,"34,698","27,866",44.5%,"21,317","6,549",67.3%,"33,067.19","12,176.75","22,356.75",0.357,32.4%,19.87,"1,266.6",162.3,0.529
1986,01/06/2023,2023,Jun,6,Q2,CAMERON HIGHLANDS,BARAT,HABU,Luar Bandar,"3,000",20,"6,898","1,589","57,887","27,698","1,651",308,76.5%,0.953,"33,657",0.3751,"4,939","6,494",10,22,1,13.3,4,3.8,2.47,146,20.5,16.4,98.5,"29,657","28,230",48.8%,"21,596","6,634",64.3%,"28,263.12","12,624.74","24,057.74",0.416,14.9%,17.79,"1,283.2",143.3,0.581
1987,01/07/2023,2023,Jul,7,Q3,CAMERON HIGHLANDS,BARAT,HABU,Luar Bandar,"3,000",20,"6,898","1,708","61,862","31,818","2,028",404,76.5%,0.953,"35,982",0.3669,"5,158","5,446",10,22,1,13.3,4,2.7,1.98,152,19.2,23.6,97.1,"34,250","27,612",44.6%,"21,123","6,489",66.5%,"32,640.25","13,201.80","23,805.80",0.385,27.1%,19.11,"1,255.1",160.2,0.582
1988,01/08/2023,2023,Aug,8,Q3,CAMERON HIGHLANDS,BARAT,HABU,Luar Bandar,"3,000",20,"6,898","1,682","59,492","29,239","1,818",313,76.5%,0.953,"31,278",0.3753,"5,140","6,617",10,22,1,13.3,5,2.8,2.57,264,20.3,31.2,99,"31,370","28,122",47.3%,"21,513","6,609",64.0%,"29,895.61","11,738.63","23,495.63",0.395,21.4%,17.77,"1,278.3",146.7,0.526
1989,01/09/2023,2023,Sep,9,Q3,CAMERON HIGHLANDS,BARAT,HABU,Luar Bandar,"3,000",20,"6,898","1,571","54,225","26,759","1,627",338,76.5%,0.953,"28,004",0.3675,"4,527","5,572",10,22,1,13.3,3,3.4,2.74,251,19.5,41.4,97,"28,724","25,501",47.0%,"19,508","5,993",60.3%,"27,373.97","10,291.47","20,390.47",0.376,25.5%,17.42,"1,159.1",138.8,0.516
1990,01/10/2023,2023,Oct,10,Q4,CAMERON HIGHLANDS,BARAT,HABU,Luar Bandar,"3,000",20,"6,898","1,652","56,448","28,141","2,018",387,76.5%,0.953,"32,481",0.3831,"4,336","4,530",10,22,1,13.3,4,3.9,2.09,297,19.7,29,96.6,"30,546","25,902",45.9%,"19,815","6,087",60.7%,"29,110.34","12,443.47","21,309.47",0.378,26.8%,17.62,"1,177.4",142.8,0.575
1991,01/11/2023,2023,Nov,11,Q4,CAMERON HIGHLANDS,BARAT,HABU,Luar Bandar,"3,000",20,"6,898","1,733","55,464","29,282","1,914",400,76.5%,0.953,"30,867",0.3795,"4,084","4,916",10,22,1,13.3,4,3.8,3.01,593,18.5,62.1,96.8,"31,596","23,868",43.0%,"18,259","5,609",61.6%,"30,110.99","11,714.03","20,714.03",0.373,31.2%,17.38,"1,084.9",152.7,0.557
1992,01/12/2023,2023,Dec,12,Q4,CAMERON HIGHLANDS,BARAT,HABU,Luar Bandar,"3,000",20,"6,898","1,736","58,467","30,095","1,925",315,76.5%,0.953,"33,978",0.3825,"4,838","6,021",10,22,1,13.3,3,3,1.9,512,18.7,33,98.6,"32,335","26,132",44.7%,"19,991","6,141",62.9%,"30,815.26","12,996.59","23,855.59",0.408,22.6%,17.75,"1,187.8",151.2,0.581
1993,01/01/2024,2024,Jan,1,Q1,CAMERON HIGHLANDS,BARAT,HABU,Luar Bandar,"3,000",21,"7,051","1,637","55,291","27,377","1,903",303,76.5%,0.953,"31,439",0.3857,"4,331","6,011",10,22,1,14.3,4,2.5,1.91,306,18.6,32.5,99.2,"29,583","25,708",46.5%,"19,667","6,041",59.5%,"28,192.60","12,126.02","22,468.02",0.406,20.3%,17.22,"1,168.5",135.3,0.569
1994,01/02/2024,2024,Feb,2,Q1,CAMERON HIGHLANDS,BARAT,HABU,Luar Bandar,"3,000",21,"7,051","1,598","51,113","25,120","1,771",339,76.5%,0.953,"26,298",0.3870,"3,368","5,690",10,22,1,14.3,3,3.7,2.34,202,19.9,22.3,99.8,"27,230","23,883",46.7%,"18,270","5,613",58.8%,"25,950.19","10,177.33","19,235.33",0.376,25.9%,16.24,"1,085.6",133.2,0.515
1995,01/03/2024,2024,Mar,3,Q1,CAMERON HIGHLANDS,BARAT,HABU,Luar Bandar,"3,000",21,"7,051","1,622","60,849","30,301","1,980",392,76.5%,0.953,"32,341",0.3824,"4,387","5,137",10,22,1,14.3,5,2.2,2.66,303,20.5,33.5,99.9,"32,673","28,176",46.3%,"21,555","6,621",65.4%,"31,137.37","12,367.20","21,891.20",0.360,29.7%,19.20,"1,280.7",149.5,0.531
1996,01/04/2024,2024,Apr,4,Q2,CAMERON HIGHLANDS,BARAT,HABU,Luar Bandar,"3,000",21,"7,051","1,709","61,536","31,744","2,075",407,76.5%,0.953,"32,044",0.3842,"4,264","5,662",10,22,1,14.3,5,4,2.88,344,20.8,30,98.6,"34,226","27,310",44.4%,"20,892","6,418",68.4%,"32,617.38","12,311.30","22,237.30",0.361,31.8%,19.09,"1,241.4",161.8,0.521
1997,01/05/2024,2024,May,5,Q2,CAMERON HIGHLANDS,BARAT,HABU,Luar Bandar,"3,000",21,"7,051","1,696","66,697","35,004","2,308",375,76.5%,0.953,"39,124",0.3898,"5,617","6,203",10,22,1,14.3,5,2.8,3.18,375,21.1,42.2,97.5,"37,687","29,010",43.5%,"22,193","6,817",71.7%,"35,915.71","15,250.54","27,070.54",0.406,24.6%,21.18,"1,318.6",172.4,0.587
1998,01/06/2024,2024,Jun,6,Q2,CAMERON HIGHLANDS,BARAT,HABU,Luar Bandar,"3,000",21,"7,051","1,630","59,096","29,482","2,028",322,76.5%,0.953,"34,549",0.3831,"4,462","2,710",10,22,0,14.3,2,0,2.74,280,20.1,34.4,97.7,"31,832","27,264",46.1%,"20,857","6,407",65.7%,"30,335.90","13,235.72","20,407.72",0.345,32.7%,18.61,"1,239.3",150.5,0.585
1999,01/07/2024,2024,Jul,7,Q3,CAMERON HIGHLANDS,BARAT,HABU,Luar Bandar,"3,000",21,"7,051","1,744","60,805","28,905","1,873",283,76.5%,0.953,"30,736",0.3944,"5,076","7,045",10,22,1,14.3,3,2.6,2.97,155,19.8,22.1,97.6,"31,061","29,744",48.9%,"22,754","6,990",65.4%,"29,601.13","12,122.28","24,243.28",0.399,18.1%,16.97,"1,352.0",142.1,0.505
2000,01/08/2024,2024,Aug,8,Q3,CAMERON HIGHLANDS,BARAT,HABU,Luar Bandar,"3,000",21,"7,051","1,633","64,266","34,180","2,274",418,76.5%,0.953,"34,605",0.3955,"4,225","6,340",10,22,1,14.3,4,4.4,2.16,311,20.3,37.3,99.4,"36,872","27,394",42.6%,"20,956","6,438",69.1%,"35,139.02","13,686.28","24,251.28",0.377,31.0%,21.52,"1,245.2",168.7,0.538
2001,01/09/2024,2024,Sep,9,Q3,CAMERON HIGHLANDS,BARAT,HABU,Luar Bandar,"3,000",21,"7,051","1,710","61,492","31,781","1,970",330,76.5%,0.953,"34,059",0.3773,"4,573","6,307",10,22,1,14.3,5,4.6,2,379,19,26.9,97.2,"34,081","27,411",44.6%,"20,969","6,442",68.3%,"32,479.19","12,850.46","23,730.46",0.386,26.9%,18.99,"1,246.0",161.1,0.554
2002,01/10/2024,2024,Oct,10,Q4,CAMERON HIGHLANDS,BARAT,HABU,Luar Bandar,"3,000",21,"7,051","1,600","57,183","28,550","2,038",316,76.5%,0.953,"29,328",0.3953,"4,876","6,207",10,22,1,14.3,4,4,2.17,438,18.8,41.5,97.2,"30,904","26,279",46.0%,"20,103","6,176",61.5%,"29,451.51","11,593.36","22,676.36",0.397,23.0%,18.41,"1,194.5",141.4,0.513
2003,01/11/2024,2024,Nov,11,Q4,CAMERON HIGHLANDS,BARAT,HABU,Luar Bandar,"3,000",21,"7,051","1,675","54,287","29,004","1,995",289,76.5%,0.953,"29,261",0.3799,"4,249","7,021",10,22,1,14.3,4,4.4,3.11,451,19.4,42.6,98.3,"31,288","22,999",42.4%,"17,594","5,405",60.3%,"29,817.46","11,116.25","22,386.25",0.412,24.9%,17.80,"1,045.4",147.9,0.539
2004,01/12/2024,2024,Dec,12,Q4,CAMERON HIGHLANDS,BARAT,HABU,Luar Bandar,"3,000",21,"7,051","1,689","60,155","32,386","1,915",363,76.5%,0.953,"32,717",0.3893,"4,769","5,765",10,22,1,14.3,3,4,3.19,655,18.9,61.4,96.7,"34,664","25,491",42.4%,"19,501","5,990",64.7%,"33,034.79","12,736.73","23,270.73",0.387,29.6%,19.56,"1,158.7",158.6,0.544
2005,01/01/2025,2025,Jan,1,Q1,CAMERON HIGHLANDS,BARAT,HABU,Luar Bandar,"3,000",22,"7,242","1,642","61,598","31,888","2,248",364,76.5%,0.953,"34,209",0.4087,"4,236","4,506",10,22,1,15.3,3,4,2.43,213,19.5,27.8,98,"34,500","27,098",44.0%,"20,730","6,368",66.2%,"32,878.50","13,981.22","22,723.22",0.369,30.9%,20.02,"1,231.7",153.7,0.555
2006,01/02/2025,2025,Feb,2,Q1,CAMERON HIGHLANDS,BARAT,HABU,Luar Bandar,"3,000",22,"7,242","1,807","54,262","27,134","1,815",276,76.5%,0.953,"29,998",0.3916,"4,346","5,207",10,22,1,15.3,4,4.8,2.63,156,19.6,29.2,98.3,"29,225","25,037",46.1%,"19,153","5,884",64.6%,"27,851.43","11,747.22","21,300.22",0.393,23.5%,15.41,"1,138.0",144.1,0.553
2007,01/03/2025,2025,Mar,3,Q1,CAMERON HIGHLANDS,BARAT,HABU,Luar Bandar,"3,000",22,"7,242","1,688","61,640","31,238","2,032",321,76.5%,0.953,"33,267",0.4047,"4,708","5,980",10,22,1,15.3,4,3,2.6,167,19.9,24.7,97.1,"33,591","28,049",45.5%,"21,457","6,592",66.3%,"32,012.22","13,463.15","24,151.15",0.392,24.6%,18.96,"1,275.0",149.6,0.540
2008,01/04/2025,2025,Apr,4,Q2,CAMERON HIGHLANDS,BARAT,HABU,Luar Bandar,"3,000",22,"7,242","1,781","59,115","32,730","1,882",430,76.5%,0.953,"30,984",0.4089,"4,371","4,417",10,22,1,15.3,3,2.1,2.59,351,19.9,40,99.6,"35,042","24,073",40.7%,"18,416","5,657",65.7%,"33,395.03","12,669.36","21,457.36",0.363,35.7%,18.75,"1,094.2",161.3,0.524
2009,01/05/2025,2025,May,5,Q2,CAMERON HIGHLANDS,BARAT,HABU,Luar Bandar,"3,000",22,"7,242","1,762","61,513","32,708","1,918",339,76.5%,0.953,"34,818",0.3951,"5,195","6,725",10,22,1,15.3,4,3.5,2.52,174,20.8,22.4,99.2,"34,965","26,548",43.2%,"20,309","6,239",66.1%,"33,321.65","13,756.59","25,676.59",0.417,22.9%,18.91,"1,206.7",155.7,0.566
2010,01/06/2025,2025,Jun,6,Q2,CAMERON HIGHLANDS,BARAT,HABU,Luar Bandar,"3,000",22,"7,242","1,646","66,507","33,293","1,925",416,76.5%,0.953,"37,198",0.4054,"4,943","5,389",10,22,1,15.3,4,3.2,2.58,181,20.9,22.8,99.5,"35,634","30,873",46.4%,"23,618","7,255",73.9%,"33,959.20","15,080.07","25,412.07",0.382,25.2%,20.63,"1,403.3",164.0,0.559
2011,01/07/2025,2025,Jul,7,Q3,CAMERON HIGHLANDS,BARAT,HABU,Luar Bandar,"3,000",22,"7,242","1,652","65,713","36,190","2,325",485,76.5%,0.953,"34,316",0.3971,"4,751","4,294",10,22,1,15.3,5,3.3,2.14,238,20.1,27.7,97.4,"39,000","26,713",40.7%,"20,435","6,278",70.7%,"37,167.00","13,626.88","22,671.88",0.345,39.0%,22.50,"1,214.2",173.7,0.522
2012,01/08/2025,2025,Aug,8,Q3,CAMERON HIGHLANDS,BARAT,HABU,Luar Bandar,"3,000",22,"7,242","1,826","62,566","34,050","2,205",390,76.5%,0.953,"32,388",0.3946,"5,245","6,133",10,22,1,15.3,4,1.9,1.78,136,20,14.9,98.9,"36,645","25,921",41.4%,"19,830","6,091",67.3%,"34,922.69","12,780.30","24,158.30",0.386,30.8%,19.13,"1,178.2",163.2,0.518
2013,01/09/2025,2025,Sep,9,Q3,CAMERON HIGHLANDS,BARAT,HABU,Luar Bandar,"3,000",22,"7,242","1,761","62,286","33,570","2,308",415,76.5%,0.953,"35,578",0.4042,"4,448","5,475",10,22,1,15.3,4,3.5,2.92,229,19.4,32,100,"36,293","25,993",41.7%,"19,885","6,108",69.2%,"34,587.23","14,380.63","24,303.63",0.390,29.7%,19.64,"1,181.5",167.0,0.571
2014,01/10/2025,2025,Oct,10,Q4,CAMERON HIGHLANDS,BARAT,HABU,Luar Bandar,"3,000",22,"7,242","1,756","63,033","33,405","2,056",338,76.5%,0.953,"33,924",0.3890,"5,222","5,973",10,22,1,15.3,4,4,2.36,439,18.9,42.6,97,"35,799","27,234",43.2%,"20,834","6,400",67.8%,"34,116.45","13,196.44","24,391.44",0.387,28.5%,19.43,"1,237.9",159.5,0.538
2015,01/11/2025,2025,Nov,11,Q4,CAMERON HIGHLANDS,BARAT,HABU,Luar Bandar,"3,000",22,"7,242","1,718","54,876","26,950","1,556",342,76.5%,0.953,"27,791",0.4062,"3,601","4,280",10,22,1,15.3,3,4.2,2.94,679,18.7,37.5,97.7,"28,848","26,028",47.4%,"19,911","6,117",61.0%,"27,492.14","11,288.70","19,169.70",0.349,30.3%,16.00,"1,183.1",132.8,0.506
2016,01/12/2025,2025,Dec,12,Q4,CAMERON HIGHLANDS,BARAT,HABU,Luar Bandar,"3,000",22,"7,242","1,759","59,631","33,147","2,017",325,76.5%,0.953,"30,216",0.3949,"4,714","5,996",10,22,1,15.3,3,4.7,2.76,680,19.2,72.9,96.5,"35,489","24,142",40.5%,"18,469","5,673",64.1%,"33,821.02","11,932.30","22,642.30",0.380,33.1%,19.23,"1,097.4",158.1,0.507
2017,01/01/2023,2023,Jan,1,Q1,CAMERON HIGHLANDS,BARAT,BRINCHANG,Pinggir Bandar,"30,000",37,"72,978","18,112","609,086","354,957","44,994","18,651",70.5%,1.170,"203,666",0.3827,"46,857","18,691",13,56,3,14,32,11.7,2.36,199,18.9,18.6,98.6,"418,602","190,484",31.3%,"134,291","56,193",65.5%,"489,764.34","77,942.98","143,490.98",0.236,70.7%,27.04,"3,401.5",185.0,0.334
2018,01/02/2023,2023,Feb,2,Q1,CAMERON HIGHLANDS,BARAT,BRINCHANG,Pinggir Bandar,"30,000",37,"72,978","16,740","528,412","316,532","42,060","14,268",70.5%,1.170,"182,245",0.3695,"45,694","9,407",13,56,1,14,33,3.5,3.25,152,18.8,17.7,97.8,"372,860","155,552",29.4%,"109,664","45,888",62.9%,"436,246.20","67,339.53","122,440.53",0.232,71.9%,26.06,"2,777.7",182.5,0.345
2019,01/03/2023,2023,Mar,3,Q1,CAMERON HIGHLANDS,BARAT,BRINCHANG,Pinggir Bandar,"30,000",37,"72,978","16,890","620,963","375,422","46,409","15,568",70.5%,1.170,"206,528",0.3762,"58,224","11,953",13,56,2,14,32,6.3,2.6,263,20.4,,98.8,"437,399","183,564",29.6%,"129,413","54,151",66.8%,"511,756.83","77,695.83","147,872.83",0.238,71.1%,30.30,"3,277.9",193.3,0.333
2020,01/04/2023,2023,Apr,4,Q2,CAMERON HIGHLANDS,BARAT,BRINCHANG,Pinggir Bandar,"30,000",37,"72,978","17,060","594,718","348,933","49,228","15,828",70.5%,1.170,"200,381",0.3740,"52,478","12,600",13,56,2,14,18,9.3,1.9,237,20.4,30.2,98.8,"413,989","180,729",30.4%,"127,414","53,315",66.1%,"484,367.13","74,942.49","140,020.49",0.235,71.1%,28.39,"3,227.3",189.1,0.337
2021,01/05/2023,2023,May,5,Q2,CAMERON HIGHLANDS,BARAT,BRINCHANG,Pinggir Bandar,"30,000",37,"72,978","18,085","628,466","351,809","45,401","19,648",70.5%,1.170,"225,678",0.3825,"51,495","10,194",13,56,2,14,14,4.2,3.06,205,20.4,26.5,98.3,"416,858","211,608",33.7%,"149,184","62,424",67.6%,"487,723.86","86,321.84","148,010.84",0.236,69.7%,26.97,"3,778.7",184.3,0.359
2022,01/06/2023,2023,Jun,6,Q2,CAMERON HIGHLANDS,BARAT,BRINCHANG,Pinggir Bandar,"30,000",37,"72,978","16,972","625,134","345,138","44,484","18,885",70.5%,1.170,"226,884",0.3660,"45,890","11,336",13,56,2,14,19,7.2,2.44,181,20,30.2,98.6,"408,507","216,627",34.7%,"152,722","63,905",69.5%,"477,953.19","83,039.54","140,265.54",0.224,70.7%,28.16,"3,868.3",186.6,0.363
2023,01/07/2023,2023,Jul,7,Q3,CAMERON HIGHLANDS,BARAT,BRINCHANG,Pinggir Bandar,"30,000",37,"72,978","17,329","643,249","357,408","53,458","21,166",70.5%,1.170,"218,885",0.3666,"54,533","14,123",13,56,2,14,19,8.6,3.27,271,20.3,21.4,99.2,"432,032","211,217",32.8%,"148,908","62,309",69.2%,"505,477.44","80,243.24","148,899.24",0.231,70.5%,29.17,"3,771.7",191.0,0.340
2024,01/08/2023,2023,Aug,8,Q3,CAMERON HIGHLANDS,BARAT,BRINCHANG,Pinggir Bandar,"30,000",37,"72,978","17,001","647,382","357,901","52,950","15,596",70.5%,1.170,"210,213",0.3845,"47,401","15,169",13,56,3,14,23,5.9,2.3,202,19.5,34.8,96.5,"426,447","220,935",34.1%,"155,759","65,176",69.6%,"498,942.99","80,826.90","143,396.90",0.222,71.3%,29.35,"3,945.3",188.5,0.325
2025,01/09/2023,2023,Sep,9,Q3,CAMERON HIGHLANDS,BARAT,BRINCHANG,Pinggir Bandar,"30,000",37,"72,978","18,395","573,841","345,852","43,128","15,136",70.5%,1.170,"204,960",0.3787,"50,323","12,197",13,56,1,14,25,3.6,2.7,378,18.8,25,97.6,"404,116","169,725",29.6%,"119,656","50,069",63.8%,"472,815.72","77,618.35","140,138.35",0.244,70.4%,25.70,"3,030.8",184.6,0.357
2026,01/10/2023,2023,Oct,10,Q4,CAMERON HIGHLANDS,BARAT,BRINCHANG,Pinggir Bandar,"30,000",37,"72,978","16,843","611,836","358,187","43,176","16,894",70.5%,1.170,"224,245",0.3736,"56,100","10,502",13,56,2,14,36,5.7,2.28,357,19.7,23.8,98.7,"418,257","193,579",31.6%,"136,473","57,106",65.8%,"489,360.69","83,777.93","150,379.93",0.246,69.3%,29.05,"3,456.8",184.9,0.367
2027,01/11/2023,2023,Nov,11,Q4,CAMERON HIGHLANDS,BARAT,BRINCHANG,Pinggir Bandar,"30,000",37,"72,978","16,666","563,320","319,954","39,575","16,177",70.5%,1.170,"183,067",0.3827,"47,464","12,551",13,56,2,14,19,8.1,3.02,625,19.3,46,99.5,"375,706","187,614",33.3%,"132,268","55,346",62.6%,"439,576.02","70,059.74","130,074.74",0.231,70.4%,26.38,"3,350.3",171.6,0.325
2028,01/12/2023,2023,Dec,12,Q4,CAMERON HIGHLANDS,BARAT,BRINCHANG,Pinggir Bandar,"30,000",37,"72,978","16,733","617,653","358,526","55,281","18,357",70.5%,1.170,"210,577",0.3831,"46,565","14,159",13,56,3,14,37,13.9,2.16,550,18.4,42.2,96.6,"432,164","185,489",30.0%,"130,770","54,719",66.4%,"505,631.88","80,672.05","141,396.05",0.229,72.0%,30.22,"3,312.3",191.0,0.341
2029,01/01/2024,2024,Jan,1,Q1,CAMERON HIGHLANDS,BARAT,BRINCHANG,Pinggir Bandar,"30,000",38,"74,554","17,634","591,343","353,449","42,293","16,207",70.5%,1.170,"214,435",0.3959,"45,538","12,809",13,56,1,15,11,2.7,3.26,218,18.2,25.7,98.7,"411,949","179,394",30.3%,"126,473","52,921",63.6%,"481,980.33","84,894.82","143,241.82",0.242,70.3%,27.33,"3,203.5",178.2,0.363
2030,01/02/2024,2024,Feb,2,Q1,CAMERON HIGHLANDS,BARAT,BRINCHANG,Pinggir Bandar,"30,000",38,"74,554","17,005","566,061","314,019","49,080","15,007",70.5%,1.170,"206,245",0.3892,"47,803","13,757",13,56,3,15,25,13.4,2.7,180,19.4,27.6,96.8,"378,106","187,955",33.2%,"132,508","55,447",65.1%,"442,384.02","80,270.55","141,830.55",0.251,67.9%,26.01,"3,356.3",174.9,0.364
2031,01/03/2024,2024,Mar,3,Q1,CAMERON HIGHLANDS,BARAT,BRINCHANG,Pinggir Bandar,"30,000",38,"74,554","18,167","654,412","388,889","49,120","18,374",70.5%,1.170,"221,356",0.3830,"45,750","13,835",13,56,3,15,31,14.6,2.25,266,19.4,24.1,97.5,"456,383","198,029",30.3%,"139,610","58,419",70.4%,"533,968.11","84,779.35","144,364.35",0.221,73.0%,29.39,"3,536.2",197.5,0.338
2032,01/04/2024,2024,Apr,4,Q2,CAMERON HIGHLANDS,BARAT,BRINCHANG,Pinggir Bandar,"30,000",38,"74,554","16,921","611,902","361,592","45,768","18,100",70.5%,1.170,"223,485",0.3798,"48,203","18,147",13,56,3,15,34,12.7,3.27,244,20.3,24.2,98.1,"425,460","186,442",30.5%,"131,442","55,000",68.0%,"497,788.20","84,879.60","151,229.60",0.247,69.6%,29.42,"3,329.3",190.2,0.365
2033,01/05/2024,2024,May,5,Q2,CAMERON HIGHLANDS,BARAT,BRINCHANG,Pinggir Bandar,"30,000",38,"74,554","17,474","633,734","369,574","48,650","21,446",70.5%,1.170,"227,357",0.3917,"48,711","13,783",13,56,3,15,18,9.6,2.82,284,20.8,29.4,100,"439,670","194,064",30.6%,"136,815","57,249",68.1%,"514,413.90","89,055.74","151,549.74",0.239,70.5%,29.44,"3,465.4",190.2,0.359
2034,01/06/2024,2024,Jun,6,Q2,CAMERON HIGHLANDS,BARAT,BRINCHANG,Pinggir Bandar,"30,000",38,"74,554","18,014","633,403","383,593","48,204","17,363",70.5%,1.170,"225,452",0.3904,"59,485","12,257",13,56,2,15,26,9.6,1.82,224,19.5,22.5,98.7,"449,160","184,243",29.1%,"129,891","54,352",70.4%,"525,517.20","88,016.46","159,758.46",0.252,69.6%,29.17,"3,290.1",200.8,0.356
2035,01/07/2024,2024,Jul,7,Q3,CAMERON HIGHLANDS,BARAT,BRINCHANG,Pinggir Bandar,"30,000",38,"74,554","18,422","650,654","386,054","60,144","17,331",70.5%,1.170,"239,199",0.3920,"50,979","13,548",13,56,3,15,23,11.2,3.19,182,20,29.8,97.6,"463,529","187,125",28.8%,"131,923","55,202",70.0%,"542,328.93","93,766.01","158,293.01",0.243,70.8%,29.44,"3,341.5",200.6,0.368
2036,01/08/2024,2024,Aug,8,Q3,CAMERON HIGHLANDS,BARAT,BRINCHANG,Pinggir Bandar,"30,000",38,"74,554","18,213","689,277","412,835","53,834","20,640",70.5%,1.170,"221,983",0.3958,"60,592","16,213",13,56,2,15,22,5,2.87,143,19.8,23.3,99.8,"487,309","201,968",29.3%,"142,387","59,581",74.1%,"570,151.53","87,860.87","164,665.87",0.239,71.1%,31.30,"3,606.6",210.8,0.322
2037,01/09/2024,2024,Sep,9,Q3,CAMERON HIGHLANDS,BARAT,BRINCHANG,Pinggir Bandar,"30,000",38,"74,554","18,048","621,675","351,520","46,267","20,571",70.5%,1.170,"199,925",0.3813,"58,362","10,225",13,56,2,15,29,7.6,2.35,275,20.1,31.4,99.5,"418,358","203,317",32.7%,"143,338","59,979",69.1%,"489,478.86","76,231.40","144,818.40",0.233,70.4%,27.12,"3,630.7",187.0,0.322
2038,01/10/2024,2024,Oct,10,Q4,CAMERON HIGHLANDS,BARAT,BRINCHANG,Pinggir Bandar,"30,000",38,"74,554","17,393","629,937","359,180","55,179","18,570",70.5%,1.170,"221,607",0.3928,"53,629","13,413",13,56,3,15,20,9.7,2.02,401,19,54.2,98.5,"432,929","197,008",31.3%,"138,891","58,117",67.7%,"506,526.93","87,047.23","154,089.23",0.245,69.6%,29.12,"3,518.0",187.3,0.352
2039,01/11/2024,2024,Nov,11,Q4,CAMERON HIGHLANDS,BARAT,BRINCHANG,Pinggir Bandar,"30,000",38,"74,554","18,480","587,193","330,775","48,225","14,186",70.5%,1.170,"203,364",0.3843,"47,974","11,462",13,56,2,15,34,6.2,2.89,467,19.3,35.8,99,"393,186","194,007",33.0%,"136,775","57,232",65.2%,"460,027.62","78,152.79","137,588.79",0.234,70.1%,24.89,"3,464.4",175.8,0.346
2040,01/12/2024,2024,Dec,12,Q4,CAMERON HIGHLANDS,BARAT,BRINCHANG,Pinggir Bandar,"30,000",38,"74,554","17,438","611,694","369,159","47,172","18,317",70.5%,1.170,"196,652",0.3860,"56,387","11,511",13,56,1,15,32,2.2,2.96,661,18.5,63.1,96.9,"434,648","177,046",28.9%,"124,817","52,229",65.8%,"508,538.16","75,907.67","143,805.67",0.235,71.7%,29.16,"3,161.5",188.1,0.321
2041,01/01/2025,2025,Jan,1,Q1,CAMERON HIGHLANDS,BARAT,BRINCHANG,Pinggir Bandar,"30,000",39,"76,629","17,806","643,911","381,951","53,845","20,624",70.5%,1.170,"232,461",0.3973,"52,208","13,693",13,56,3,16,35,12.8,3.2,216,19.5,17.7,99.5,"456,420","187,491",29.1%,"132,181","55,310",69.2%,"534,011.40","92,356.76","158,257.76",0.246,70.4%,29.99,"3,348.1",192.1,0.361
2042,01/02/2025,2025,Feb,2,Q1,CAMERON HIGHLANDS,BARAT,BRINCHANG,Pinggir Bandar,"30,000",39,"76,629","18,351","604,759","364,983","51,723","15,146",70.5%,1.170,"218,715",0.3997,"46,099","19,215",13,56,3,16,26,14.6,3.26,159,18.8,25.8,98.8,"431,852","172,907",28.6%,"121,899","51,008",72.0%,"505,266.84","87,420.39","152,734.39",0.253,69.8%,27.53,"3,087.6",201.3,0.362
2043,01/03/2025,2025,Mar,3,Q1,CAMERON HIGHLANDS,BARAT,BRINCHANG,Pinggir Bandar,"30,000",39,"76,629","17,150","621,943","359,392","48,368","20,506",70.5%,1.170,"224,186",0.3912,"53,279","13,871",13,56,3,16,34,12.9,2.19,287,19.9,31.7,99.3,"428,266","193,677",31.1%,"136,542","57,135",66.9%,"501,071.22","87,701.56","154,851.56",0.249,69.1%,29.22,"3,458.5",180.3,0.360
2044,01/04/2025,2025,Apr,4,Q2,CAMERON HIGHLANDS,BARAT,BRINCHANG,Pinggir Bandar,"30,000",39,"76,629","18,870","671,788","401,625","53,775","17,150",70.5%,1.170,"214,167",0.3951,"55,737","13,837",13,56,3,16,31,11.7,1.84,322,20.4,34.3,97.9,"472,550","199,238",29.7%,"140,463","58,775",74.6%,"552,883.50","84,617.38","154,191.38",0.230,72.1%,29.30,"3,557.8",205.6,0.319
2045,01/05/2025,2025,May,5,Q2,CAMERON HIGHLANDS,BARAT,BRINCHANG,Pinggir Bandar,"30,000",39,"76,629","17,745","704,938","415,284","57,048","22,691",70.5%,1.170,"230,813",0.3905,"62,806","16,069",13,56,2,16,23,5.1,2.59,192,20.5,32.9,97,"495,023","209,915",29.8%,"147,990","61,925",75.8%,"579,176.91","90,132.48","169,007.48",0.240,70.8%,32.64,"3,748.5",208.4,0.327
2046,01/06/2025,2025,Jun,6,Q2,CAMERON HIGHLANDS,BARAT,BRINCHANG,Pinggir Bandar,"30,000",39,"76,629","19,225","687,063","417,017","58,132","21,578",70.5%,1.170,"244,005",0.4076,"51,853","11,965",13,56,2,16,33,8.6,2.2,142,19.6,22.9,98,"496,727","190,336",27.7%,"134,187","56,149",76.3%,"581,170.59","99,456.44","163,274.44",0.238,71.9%,30.23,"3,398.9",216.1,0.355
2047,01/07/2025,2025,Jul,7,Q3,CAMERON HIGHLANDS,BARAT,BRINCHANG,Pinggir Bandar,"30,000",39,"76,629","19,109","656,777","398,812","49,525","17,965",70.5%,1.170,"238,762",0.3918,"47,647","14,853",13,56,3,16,35,5.7,3.31,150,19.9,26.4,99.6,"466,302","190,475",29.0%,"134,285","56,190",70.6%,"545,573.34","93,546.95","156,046.95",0.238,71.4%,28.55,"3,401.3",196.3,0.364
2048,01/08/2025,2025,Aug,8,Q3,CAMERON HIGHLANDS,BARAT,BRINCHANG,Pinggir Bandar,"30,000",39,"76,629","19,149","686,856","414,833","58,258","23,364",70.5%,1.170,"247,690",0.4003,"57,962","12,135",13,56,1,16,20,3.1,3.08,239,20.4,,96.6,"496,455","190,401",27.7%,"134,233","56,168",73.9%,"580,852.35","99,150.31","169,247.31",0.246,70.9%,30.33,"3,400.0",209.0,0.361
2049,01/09/2025,2025,Sep,9,Q3,CAMERON HIGHLANDS,BARAT,BRINCHANG,Pinggir Bandar,"30,000",39,"76,629","19,234","667,953","378,729","58,310","18,898",70.5%,1.170,"240,370",0.4082,"62,029","15,288",13,56,3,16,35,9,2.21,291,19.8,18.5,98.7,"455,937","212,016",31.7%,"149,471","62,545",74.2%,"533,446.29","98,119.03","175,436.03",0.263,67.1%,27.73,"3,786.0",198.3,0.360
2050,01/10/2025,2025,Oct,10,Q4,CAMERON HIGHLANDS,BARAT,BRINCHANG,Pinggir Bandar,"30,000",39,"76,629","17,903","607,790","367,610","50,979","15,833",70.5%,1.170,"219,946",0.3912,"43,652","11,941",13,56,1,16,29,3.5,2.11,392,18.8,36.7,98.8,"434,422","173,368",28.5%,"122,224","51,144",65.4%,"508,273.74","86,042.88","141,635.88",0.233,72.1%,28.39,"3,095.9",182.9,0.362
2051,01/11/2025,2025,Nov,11,Q4,CAMERON HIGHLANDS,BARAT,BRINCHANG,Pinggir Bandar,"30,000",39,"76,629","17,344","601,407","369,312","50,266","15,758",70.5%,1.170,"206,797",0.4015,"43,969","13,928",13,56,3,16,28,9,1.89,716,19.5,70.9,97.2,"435,336","166,071",27.6%,"117,080","48,991",66.8%,"509,343.12","83,029.00","140,926.00",0.234,72.3%,29.37,"2,965.6",189.4,0.344
2052,01/12/2025,2025,Dec,12,Q4,CAMERON HIGHLANDS,BARAT,BRINCHANG,Pinggir Bandar,"30,000",39,"76,629","18,074","626,875","375,647","47,289","15,454",70.5%,1.170,"229,999",0.3922,"58,980","12,552",13,56,2,16,17,6.4,2.72,408,19.4,49.1,99.3,"438,390","188,485",30.1%,"132,882","55,603",67.4%,"512,916.30","90,205.61","161,737.61",0.258,68.5%,28.38,"3,365.8",184.5,0.367
2053,01/01/2023,2023,Jan,1,Q1,LIPIS,BARAT,SG JELAI,Bandar,"268,300",29,"678,485","152,476","5,421,214","2,212,895","986,025","437,968",83.3%,1.366,"1,751,313",0.3733,"266,210","73,034",87,298,10,8.8,148,40.3,2.89,137,26.5,27.2,98.8,"3,636,888","1,784,326",32.9%,"1,486,344","297,982",65.2%,"4,967,989.01","653,765.14","993,009.14",0.183,80.0%,32.58,"5,987.7",172.9,0.323
2054,01/02/2023,2023,Feb,2,Q1,LIPIS,BARAT,SG JELAI,Bandar,"268,300",29,"678,485","155,625","4,910,253","2,065,596","887,728","390,897",83.3%,1.366,"1,718,259",0.3829,"286,462","71,011",87,298,9,8.8,114,38.1,2.31,128,27,26.2,97.8,"3,344,221","1,566,032",31.9%,"1,304,505","261,527",65.4%,"4,568,205.89","657,921.37","1,015,394.37",0.207,77.8%,29.35,"5,255.1",176.0,0.350
2055,01/03/2023,2023,Mar,3,Q1,LIPIS,BARAT,SG JELAI,Bandar,"268,300",29,"678,485","166,437","6,039,433","2,752,722","924,455","383,649",83.3%,1.366,"2,063,520",0.3728,"293,019","87,638",87,298,17,8.8,313,36.1,2.42,135,27.2,29.4,99.8,"4,060,826","1,978,607",32.8%,"1,648,180","330,427",72.6%,"5,547,088.32","769,280.26","1,149,937.26",0.190,79.3%,33.33,"6,639.6",193.1,0.342
2056,01/04/2023,2023,Apr,4,Q2,LIPIS,BARAT,SG JELAI,Bandar,"268,300",29,"678,485","161,748","5,617,224","2,424,452","880,101","441,163",83.3%,1.366,"1,994,734",0.3716,"268,947","68,633",87,298,6,8.8,196,15.7,2.08,111,27.5,25.9,96.9,"3,745,716","1,871,508",33.3%,"1,558,966","312,542",69.8%,"5,116,648.06","741,243.15","1,078,823.15",0.192,78.9%,31.63,"6,280.2",184.0,0.355
2057,01/05/2023,2023,May,5,Q2,LIPIS,BARAT,SG JELAI,Bandar,"268,300",29,"678,485","159,483","5,939,136","2,677,730","916,876","348,185",83.3%,1.366,"2,048,377",0.3713,"313,151","59,071",87,298,11,8.8,134,24.1,2.92,183,28,25.2,99.3,"3,942,791","1,996,345",33.6%,"1,662,955","333,390",71.4%,"5,385,852.51","760,562.38","1,132,784.38",0.191,79.0%,33.77,"6,699.1",187.5,0.345
2058,01/06/2023,2023,Jun,6,Q2,LIPIS,BARAT,SG JELAI,Bandar,"268,300",29,"678,485","157,193","6,006,907","2,666,182","1,035,625","511,505",83.3%,1.366,"1,895,224",0.3769,"326,042","59,435",87,298,9,8.8,209,34.3,3.07,102,28.2,28.8,98,"4,213,312","1,793,595",29.9%,"1,494,065","299,530",74.6%,"5,755,384.19","714,309.93","1,099,786.93",0.183,80.9%,36.61,"6,018.8",207.0,0.316
2059,01/07/2023,2023,Jul,7,Q3,LIPIS,BARAT,SG JELAI,Bandar,"268,300",29,"678,485","156,856","6,304,726","2,848,215","1,208,807","390,788",83.3%,1.366,"2,011,248",0.3774,"376,653","64,957",87,298,14,8.8,135,31.9,2.04,110,28.1,29.7,99.4,"4,447,810","1,856,916",29.5%,"1,546,811","310,105",75.8%,"6,075,708.46","759,045.00","1,200,655.00",0.190,80.2%,38.73,"6,231.3",211.5,0.319
2060,01/08/2023,2023,Aug,8,Q3,LIPIS,BARAT,SG JELAI,Bandar,"268,300",29,"678,485","167,204","5,753,615","2,478,997","1,128,723","343,416",83.3%,1.366,"2,069,351",0.3746,"328,916","84,984",87,298,17,8.8,160,79,2.3,141,27.2,17.5,99.2,"3,951,136","1,802,479",31.3%,"1,501,465","301,014",69.2%,"5,397,251.78","775,178.88","1,189,078.88",0.207,78.0%,32.28,"6,048.6",187.9,0.360
2061,01/09/2023,2023,Sep,9,Q3,LIPIS,BARAT,SG JELAI,Bandar,"268,300",29,"678,485","157,230","5,414,272","2,329,224","935,108","340,699",83.3%,1.366,"1,806,214",0.3730,"265,861","97,036",87,298,15,8.8,198,58.8,2.07,105,27.9,18.6,97.3,"3,605,031","1,809,241",33.4%,"1,507,098","302,143",67.3%,"4,924,472.35","673,717.82","1,036,614.82",0.191,78.9%,31.32,"6,071.3",177.1,0.334
2062,01/10/2023,2023,Oct,10,Q4,LIPIS,BARAT,SG JELAI,Bandar,"268,300",29,"678,485","152,606","5,566,039","2,472,460","865,505","460,960",83.3%,1.366,"2,000,604",0.3746,"278,425","50,482",87,298,8,8.8,169,22.2,2.56,184,27.2,34.9,97.3,"3,798,925","1,767,114",31.7%,"1,472,006","295,108",66.9%,"5,189,331.55","749,426.26","1,078,333.26",0.194,79.2%,34.00,"5,929.9",180.6,0.359
2063,01/11/2023,2023,Nov,11,Q4,LIPIS,BARAT,SG JELAI,Bandar,"268,300",29,"678,485","167,571","5,132,948","2,211,489","974,705","436,297",83.3%,1.366,"1,615,404",0.3731,"285,040","43,509",87,298,6,8.8,101,24.9,2.76,237,27.2,28.7,98.7,"3,622,491","1,510,457",29.4%,"1,258,211","252,246",63.8%,"4,948,322.71","602,707.23","931,256.23",0.181,81.2%,29.53,"5,068.6",178.0,0.315
2064,01/12/2023,2023,Dec,12,Q4,LIPIS,BARAT,SG JELAI,Bandar,"268,300",29,"678,485","154,329","5,311,484","2,171,152","974,427","332,811",83.3%,1.366,"1,884,062",0.3816,"306,716","81,397",87,298,10,8.8,289,25.4,2.53,213,26.7,34.1,97.7,"3,478,390","1,833,094",34.5%,"1,526,967","306,127",63.9%,"4,751,480.74","718,958.06","1,107,071.06",0.208,76.7%,30.79,"6,151.3",165.4,0.355
2065,01/01/2024,2024,Jan,1,Q1,LIPIS,BARAT,SG JELAI,Bandar,"268,300",30,"694,101","172,830","5,752,073","2,431,328","1,135,209","440,316",83.3%,1.366,"1,953,125",0.3776,"321,475","59,509",87,298,10,9.8,157,36.5,2.86,116,26.5,22.5,97.7,"4,006,853","1,745,220",30.3%,"1,453,768","291,452",69.2%,"5,473,361.20","737,500.00","1,118,484.00",0.194,79.6%,31.67,"5,856.4",186.2,0.340
2066,01/02/2024,2024,Feb,2,Q1,LIPIS,BARAT,SG JELAI,Bandar,"268,300",30,"694,101","170,394","4,994,863","2,241,008","874,931","404,992",83.3%,1.366,"1,551,509",0.3843,"231,173","62,009",87,298,7,9.8,103,23.4,2.3,137,27.1,25.5,99.8,"3,520,931","1,473,932",29.5%,"1,227,785","246,147",64.2%,"4,809,591.75","596,244.91","889,426.91",0.178,81.5%,28.23,"4,946.1",174.9,0.311
2067,01/03/2024,2024,Mar,3,Q1,LIPIS,BARAT,SG JELAI,Bandar,"268,300",30,"694,101","166,892","5,647,721","2,636,078","896,716","400,119",83.3%,1.366,"1,790,809",0.3956,"290,773","85,030",87,298,17,9.8,169,34.2,3.27,137,27.9,26.9,97.3,"3,932,913","1,714,808",30.4%,"1,428,435","286,373",67.9%,"5,372,359.16","708,444.04","1,084,247.04",0.192,79.8%,32.19,"5,754.4",182.8,0.317
2068,01/04/2024,2024,Apr,4,Q2,LIPIS,BARAT,SG JELAI,Bandar,"268,300",30,"694,101","169,400","5,660,859","2,484,511","1,100,867","369,538",83.3%,1.366,"1,770,869",0.3795,"293,202","79,712",87,298,17,9.8,118,42.6,2.32,206,27.6,25.2,99.6,"3,954,916","1,705,943",30.1%,"1,421,051","284,892",70.3%,"5,402,415.26","672,044.79","1,044,958.79",0.185,80.7%,31.89,"5,724.6",189.9,0.313
2069,01/05/2024,2024,May,5,Q2,LIPIS,BARAT,SG JELAI,Bandar,"268,300",30,"694,101","163,617","6,246,028","2,537,041","1,146,748","476,573",83.3%,1.366,"2,040,337",0.3914,"297,682","58,067",87,298,13,9.8,135,41,2.1,117,28,25.3,97.7,"4,160,362","2,085,666",33.4%,"1,737,360","348,306",75.1%,"5,683,054.49","798,587.90","1,154,336.90",0.185,79.7%,34.73,"6,998.9",193.4,0.327
2070,01/06/2024,2024,Jun,6,Q2,LIPIS,BARAT,SG JELAI,Bandar,"268,300",30,"694,101","158,676","6,032,119","2,737,196","1,024,467","463,600",83.3%,1.366,"1,870,957",0.3904,"349,450","76,464",87,298,9,9.8,114,23.8,2.96,156,28.6,26.1,98.1,"4,225,263","1,806,856",30.0%,"1,505,111","301,745",74.9%,"5,771,709.26","730,421.61","1,156,335.61",0.192,80.0%,36.37,"6,063.3",202.9,0.310
2071,01/07/2024,2024,Jul,7,Q3,LIPIS,BARAT,SG JELAI,Bandar,"268,300",30,"694,101","168,292","6,016,775","2,604,018","1,137,706","441,473",83.3%,1.366,"2,016,894",0.3815,"300,146","63,549",87,298,12,9.8,194,50.1,2.36,110,27.3,23.2,97.9,"4,183,197","1,833,578",30.5%,"1,527,370","306,208",72.3%,"5,714,247.10","769,445.06","1,133,140.06",0.188,80.2%,33.95,"6,152.9",194.4,0.335
2072,01/08/2024,2024,Aug,8,Q3,LIPIS,BARAT,SG JELAI,Bandar,"268,300",30,"694,101","169,474","6,227,455","2,897,211","1,016,095","417,217",83.3%,1.366,"2,042,602",0.3804,"310,544","69,939",87,298,11,9.8,236,41,2.24,159,27.3,23.3,98.8,"4,330,523","1,896,932",30.5%,"1,580,144","316,788",74.9%,"5,915,494.42","777,005.80","1,157,488.80",0.186,80.4%,34.91,"6,365.5",201.3,0.328
2073,01/09/2024,2024,Sep,9,Q3,LIPIS,BARAT,SG JELAI,Bandar,"268,300",30,"694,101","164,278","5,863,380","2,546,240","1,129,213","511,183",83.3%,1.366,"1,809,272",0.3791,"279,998","47,343",87,298,8,9.8,188,22.8,2.68,105,27,18.7,99.3,"4,186,636","1,676,744",28.6%,"1,396,728","280,016",72.8%,"5,718,944.78","685,895.02","1,013,236.02",0.173,82.3%,34.81,"5,626.7",201.1,0.309
2074,01/10/2024,2024,Oct,10,Q4,LIPIS,BARAT,SG JELAI,Bandar,"268,300",30,"694,101","157,768","6,004,146","2,718,679","1,040,714","482,482",83.3%,1.366,"2,097,846",0.3799,"273,045","70,836",87,298,14,9.8,241,26.6,2.94,294,26.7,32.7,98.2,"4,241,875","1,762,271",29.4%,"1,467,972","294,299",72.2%,"5,794,401.25","796,971.70","1,140,852.70",0.190,80.3%,36.73,"5,913.7",197.1,0.349
2075,01/11/2024,2024,Nov,11,Q4,LIPIS,BARAT,SG JELAI,Bandar,"268,300",30,"694,101","167,749","5,589,291","2,493,780","1,060,679","419,484",83.3%,1.366,"1,887,106",0.3859,"322,982","88,301",87,298,17,9.8,166,57.3,3.3,243,26.9,32.9,99.8,"3,973,943","1,615,348",28.9%,"1,345,585","269,763",69.4%,"5,428,406.14","728,234.21","1,139,517.21",0.204,79.0%,32.36,"5,420.6",190.8,0.338
2076,01/12/2024,2024,Dec,12,Q4,LIPIS,BARAT,SG JELAI,Bandar,"268,300",30,"694,101","168,680","5,713,201","2,514,644","1,056,582","433,407",83.3%,1.366,"1,918,322",0.3857,"279,557","74,249",87,298,16,9.8,209,65.9,2.55,420,27.2,23.2,99.8,"4,004,633","1,708,568",29.9%,"1,423,237","285,331",68.7%,"5,470,328.68","739,896.80","1,093,702.80",0.191,80.0%,32.43,"5,733.4",186.1,0.336
2077,01/01/2025,2025,Jan,1,Q1,LIPIS,BARAT,SG JELAI,Bandar,"268,300",31,"709,295","177,599","5,707,352","2,398,325","1,038,666","458,130",83.3%,1.366,"1,958,881",0.4067,"326,943","99,683",87,298,15,10.8,265,60.1,1.9,161,27.4,32.7,98.1,"3,895,121","1,812,231",31.8%,"1,509,588","302,643",68.6%,"5,320,735.29","796,676.90","1,223,302.90",0.214,77.0%,29.96,"6,081.3",177.1,0.343
2078,01/02/2025,2025,Feb,2,Q1,LIPIS,BARAT,SG JELAI,Bandar,"268,300",31,"709,295","172,545","5,305,285","2,247,638","1,035,079","319,561",83.3%,1.366,"1,790,710",0.3991,"269,585","103,606",87,298,16,10.8,328,53.1,2.47,113,27.6,26.4,98.2,"3,602,278","1,703,007",32.1%,"1,418,605","284,402",70.6%,"4,920,711.75","714,672.36","1,087,863.36",0.205,77.9%,28.52,"5,714.8",181.4,0.338
2079,01/03/2025,2025,Mar,3,Q1,LIPIS,BARAT,SG JELAI,Bandar,"268,300",31,"709,295","160,646","6,217,530","2,601,468","1,156,701","511,148",83.3%,1.366,"2,149,042",0.3943,"362,702","49,052",87,298,7,10.8,273,33.6,2.2,101,28.6,22.1,96.9,"4,269,317","1,948,213",31.3%,"1,622,861","325,352",74.8%,"5,831,887.02","847,367.26","1,259,121.26",0.203,78.4%,36.30,"6,537.6",194.2,0.346
2080,01/04/2025,2025,Apr,4,Q2,LIPIS,BARAT,SG JELAI,Bandar,"268,300",31,"709,295","174,591","6,076,087","2,572,927","1,011,803","502,070",83.3%,1.366,"1,958,356",0.3995,"343,445","66,180",87,298,10,10.8,311,24.6,2.4,131,28.7,19.5,97.8,"4,086,800","1,989,287",32.7%,"1,657,076","332,211",75.5%,"5,582,568.80","782,363.22","1,191,988.22",0.196,78.6%,31.98,"6,675.5",192.1,0.322
2081,01/05/2025,2025,May,5,Q2,LIPIS,BARAT,SG JELAI,Bandar,"268,300",31,"709,295","159,602","6,439,321","2,798,996","1,297,079","431,763",83.3%,1.366,"2,202,896",0.3957,"382,975","60,026",87,298,13,10.8,167,33,2.66,134,28.3,23.6,98.8,"4,527,838","1,911,483",29.7%,"1,592,265","319,218",77.4%,"6,185,026.71","871,685.95","1,314,686.95",0.204,78.7%,38.75,"6,414.4",205.9,0.342
2082,01/06/2025,2025,Jun,6,Q2,LIPIS,BARAT,SG JELAI,Bandar,"268,300",31,"709,295","173,472","6,370,512","2,950,339","1,001,570","377,680",83.3%,1.366,"2,162,901",0.4044,"303,630","71,110",87,298,16,10.8,150,41.5,2.41,85,28.3,27.3,99.4,"4,329,589","2,040,923",32.0%,"1,700,089","340,834",79.1%,"5,914,218.57","874,677.16","1,249,417.16",0.196,78.9%,34.09,"6,848.7",203.5,0.340
2083,01/07/2025,2025,Jul,7,Q3,LIPIS,BARAT,SG JELAI,Bandar,"268,300",31,"709,295","170,302","6,511,668","2,929,973","1,225,538","544,631",83.3%,1.366,"2,159,976",0.4041,"326,744","54,436",87,298,10,10.8,242,25.7,2.98,79,28.4,21.5,98.9,"4,700,142","1,811,526",27.8%,"1,509,001","302,525",78.3%,"6,420,393.97","872,846.30","1,254,026.30",0.193,80.5%,37.70,"6,078.9",213.8,0.332
2084,01/08/2025,2025,Aug,8,Q3,LIPIS,BARAT,SG JELAI,Bandar,"268,300",31,"709,295","178,883","6,231,273","2,961,658","1,140,916","403,197",83.3%,1.366,"2,249,121",0.3990,"366,000","75,951",87,298,11,10.8,129,28.1,2.16,114,27.6,27.7,98.4,"4,505,771","1,725,502",27.7%,"1,437,343","288,159",74.9%,"6,154,883.19","897,399.28","1,339,350.28",0.215,78.2%,34.41,"5,790.3",204.9,0.361
2085,01/09/2025,2025,Sep,9,Q3,LIPIS,BARAT,SG JELAI,Bandar,"268,300",31,"709,295","171,816","6,040,425","2,651,354","1,118,713","469,604",83.3%,1.366,"1,923,176",0.4002,"293,748","58,222",87,298,8,10.8,102,32,2.09,215,27.7,33.4,98.9,"4,239,671","1,800,754",29.8%,"1,500,028","300,726",75.0%,"5,791,390.59","769,655.04","1,121,625.04",0.186,80.6%,33.71,"6,042.8",199.2,0.318
2086,01/10/2025,2025,Oct,10,Q4,LIPIS,BARAT,SG JELAI,Bandar,"268,300",31,"709,295","162,712","6,221,981","2,858,991","1,103,739","510,804",83.3%,1.366,"2,241,615",0.3921,"361,857","63,459",87,298,7,10.8,272,29,2.69,154,27,19.6,99.3,"4,473,534","1,748,447",28.1%,"1,456,456","291,991",74.8%,"6,110,847.44","878,937.24","1,304,253.24",0.210,78.7%,37.56,"5,867.3",203.5,0.360
2087,01/11/2025,2025,Nov,11,Q4,LIPIS,BARAT,SG JELAI,Bandar,"268,300",31,"709,295","161,951","5,312,480","2,449,966","937,418","340,676",83.3%,1.366,"1,785,429",0.3949,"254,372","64,608",87,298,16,10.8,186,33.4,2.62,412,27.3,25.5,96.8,"3,728,060","1,584,420",29.8%,"1,319,822","264,598",66.0%,"5,092,529.96","705,065.91","1,024,045.91",0.193,79.9%,31.44,"5,316.8",175.2,0.336
2088,01/12/2025,2025,Dec,12,Q4,LIPIS,BARAT,SG JELAI,Bandar,"268,300",31,"709,295","173,709","5,588,836","2,628,826","985,698","411,358",83.3%,1.366,"2,012,793",0.4045,"251,723","104,753",87,298,17,10.8,216,79,3.17,307,26.8,32.3,97.8,"4,025,882","1,562,954",28.0%,"1,301,941","261,013",67.2%,"5,499,354.81","814,174.77","1,170,650.77",0.209,78.7%,31.66,"5,244.8",183.1,0.360
2089,01/01/2023,2023,Jan,1,Q1,LIPIS,BARAT,BENTA,Luar Bandar,"2,200",23,"5,621","1,339","43,796","24,371","1,099",318,72.9%,1.019,"17,441",0.3752,"2,322","5,739",8,21,1,8,4,3.2,1.78,169,26.5,21.2,97.7,"25,788","18,008",41.1%,"13,128","4,880",64.2%,"26,277.97","6,543.86","14,604.86",0.333,44.4%,19.63,857.5,148.0,0.398
2090,01/02/2023,2023,Feb,2,Q1,LIPIS,BARAT,BENTA,Luar Bandar,"2,200",23,"5,621","1,300","43,505","24,507","1,281",420,72.9%,1.019,"18,765",0.3752,"2,302","6,711",8,21,1,8,4,3.1,2.41,105,27.8,21,98,"26,208","17,297",39.8%,"12,610","4,687",70.6%,"26,705.95","7,040.63","16,053.63",0.369,39.9%,20.54,823.7,166.5,0.431
2091,01/03/2023,2023,Mar,3,Q1,LIPIS,BARAT,BENTA,Luar Bandar,"2,200",23,"5,621","1,370","47,554","28,295","1,193",457,72.9%,1.019,"19,427",0.3707,"2,335","4,519",8,21,1,8,4,4.3,2.05,126,28.1,16,98.2,"29,945","17,609",37.0%,"12,837","4,772",69.7%,"30,513.96","7,201.59","14,055.59",0.296,53.9%,22.27,838.5,171.8,0.409
2092,01/04/2023,2023,Apr,4,Q2,LIPIS,BARAT,BENTA,Luar Bandar,"2,200",23,"5,621","1,316","46,815","27,380","1,121",408,72.9%,1.019,"20,391",0.3830,"2,400","4,173",8,21,1,8,4,2.8,2.54,194,27.8,35.4,96.7,"28,909","17,906",38.2%,"13,053","4,853",70.9%,"29,458.27","7,809.75","14,382.75",0.307,51.2%,22.38,852.7,171.4,0.436
2093,01/05/2023,2023,May,5,Q2,LIPIS,BARAT,BENTA,Luar Bandar,"2,200",23,"5,621","1,275","51,247","29,581","1,286",471,72.9%,1.019,"23,157",0.3657,"2,916","4,958",8,21,1,8,3,3.8,2.82,156,27.6,17.6,99,"31,338","19,909",38.8%,"14,514","5,395",75.1%,"31,933.42","8,468.51","16,342.51",0.319,48.8%,25.05,948.0,179.8,0.452
2094,01/06/2023,2023,Jun,6,Q2,LIPIS,BARAT,BENTA,Luar Bandar,"2,200",23,"5,621","1,342","47,491","26,451","1,293",414,72.9%,1.019,"19,647",0.3768,"2,824","5,168",8,21,1,8,4,4.7,1.87,75,27.7,26.3,97.4,"28,158","19,333",40.7%,"14,094","5,239",72.0%,"28,693.00","7,402.99","15,394.99",0.324,46.3%,21.38,920.6,167.0,0.414
2095,01/07/2023,2023,Jul,7,Q3,LIPIS,BARAT,BENTA,Luar Bandar,"2,200",23,"5,621","1,389","51,885","31,730","1,337",439,72.9%,1.019,"21,282",0.3827,"2,777","4,701",8,21,1,8,3,3.9,1.85,152,28.1,32.6,97,"33,506","18,379",35.4%,"13,398","4,981",76.1%,"34,142.61","8,144.62","15,622.62",0.301,54.2%,24.58,875.2,192.3,0.410
2096,01/08/2023,2023,Aug,8,Q3,LIPIS,BARAT,BENTA,Luar Bandar,"2,200",23,"5,621","1,287","49,054","29,600","1,216",423,72.9%,1.019,"20,911",0.3720,"2,906","3,039",8,21,0,8,2,0,2.5,99,27.3,29.5,97.1,"31,239","17,815",36.3%,"12,987","4,828",71.9%,"31,832.54","7,778.89","13,723.89",0.280,56.9%,24.73,848.3,179.3,0.426
2097,01/09/2023,2023,Sep,9,Q3,LIPIS,BARAT,BENTA,Luar Bandar,"2,200",23,"5,621","1,404","47,956","27,709","1,374",398,72.9%,1.019,"20,566",0.3836,"2,396","6,802",8,21,1,8,4,4.8,2.4,110,27.7,23.8,96.6,"29,481","18,475",38.5%,"13,468","5,007",72.7%,"30,041.14","7,889.12","17,087.12",0.356,43.1%,21.40,879.8,174.8,0.429
2098,01/10/2023,2023,Oct,10,Q4,LIPIS,BARAT,BENTA,Luar Bandar,"2,200",23,"5,621","1,375","48,354","27,512","1,214",335,72.9%,1.019,"18,793",0.3789,"2,380","5,892",8,21,1,8,3,4.8,3.13,174,27.7,30.3,99.2,"29,061","19,293",39.9%,"14,065","5,228",70.9%,"29,613.16","7,120.67","15,392.67",0.318,48.0%,21.54,918.7,166.8,0.389
2099,01/11/2023,2023,Nov,11,Q4,LIPIS,BARAT,BENTA,Luar Bandar,"2,200",23,"5,621","1,290","43,599","24,790","1,240",336,72.9%,1.019,"17,804",0.3710,"2,291","6,252",8,21,1,8,4,1.9,2.11,210,26.5,26.8,99.9,"26,366","17,233",39.5%,"12,563","4,670",66.1%,"26,866.95","6,605.28","15,148.28",0.347,43.6%,20.83,820.6,156.4,0.408
2100,01/12/2023,2023,Dec,12,Q4,LIPIS,BARAT,BENTA,Luar Bandar,"2,200",23,"5,621","1,280","47,902","26,381","1,374",434,72.9%,1.019,"19,167",0.3708,"2,311","6,036",8,21,1,8,4,3.6,2.36,426,25.9,44,99.7,"28,189","19,713",41.2%,"14,371","5,342",70.2%,"28,724.59","7,107.12","15,454.12",0.323,46.2%,22.44,938.7,161.8,0.400
2101,01/01/2024,2024,Jan,1,Q1,LIPIS,BARAT,BENTA,Luar Bandar,"2,200",24,"5,759","1,359","45,754","26,327","1,212",459,72.9%,1.019,"19,002",0.3873,"2,457","2,661",8,21,0,9,2,0,1.87,198,26.8,33.5,96.9,"27,998","17,756",38.8%,"12,944","4,812",67.1%,"28,529.96","7,359.47","12,477.47",0.273,56.3%,20.99,845.5,156.8,0.415
2102,01/02/2024,2024,Feb,2,Q1,LIPIS,BARAT,BENTA,Luar Bandar,"2,200",24,"5,759","1,373","43,197","25,598","1,079",328,72.9%,1.019,"17,967",0.3817,"2,064","6,871",8,21,1,9,3,3.5,2.46,103,26.9,21.9,97,"27,005","16,192",37.5%,"11,804","4,388",67.7%,"27,518.10","6,858.00","15,793.00",0.366,42.6%,20.04,771.0,161.7,0.416
2103,01/03/2024,2024,Mar,3,Q1,LIPIS,BARAT,BENTA,Luar Bandar,"2,200",24,"5,759","1,424","51,978","30,771","1,382",385,72.9%,1.019,"20,575",0.3787,"2,676","4,240",8,21,1,9,4,4,3.21,163,28.6,31.4,99.8,"32,538","19,440",37.4%,"14,172","5,268",76.2%,"33,156.22","7,791.75","14,707.75",0.283,55.6%,23.28,925.7,182.3,0.396
2104,01/04/2024,2024,Apr,4,Q2,LIPIS,BARAT,BENTA,Luar Bandar,"2,200",24,"5,759","1,375","47,344","29,397","1,285",394,72.9%,1.019,"19,897",0.3956,"2,713","6,015",8,21,1,9,4,3.2,2.81,158,28.2,19.6,98,"31,076","16,268",34.4%,"11,859","4,409",71.7%,"31,666.44","7,871.25","16,599.25",0.351,47.6%,23.03,774.7,179.9,0.420
2105,01/05/2024,2024,May,5,Q2,LIPIS,BARAT,BENTA,Luar Bandar,"2,200",24,"5,759","1,326","51,940","31,100","1,506",427,72.9%,1.019,"20,198",0.3849,"2,416","2,389",8,21,0,9,1,0,2.25,145,28.8,,99.5,"33,033","18,907",36.4%,"13,783","5,124",76.2%,"33,660.63","7,774.21","12,579.21",0.242,62.6%,25.39,900.3,185.0,0.389
2106,01/06/2024,2024,Jun,6,Q2,LIPIS,BARAT,BENTA,Luar Bandar,"2,200",24,"5,759","1,387","47,628","27,990","1,423",452,72.9%,1.019,"20,202",0.3931,"2,591","6,107",8,21,1,9,4,2.1,2.11,135,27.6,21.3,98.2,"29,865","17,763",37.3%,"12,949","4,814",72.2%,"30,432.44","7,941.41","16,639.41",0.349,45.3%,21.94,845.9,172.9,0.424
2107,01/07/2024,2024,Jul,7,Q3,LIPIS,BARAT,BENTA,Luar Bandar,"2,200",24,"5,759","1,302","48,918","29,711","1,275",455,72.9%,1.019,"21,627",0.3863,"2,396","5,777",8,21,1,9,4,4.4,3.21,100,27.9,21,97.1,"31,441","17,477",35.7%,"12,741","4,736",71.7%,"32,038.38","8,354.51","16,527.51",0.338,48.4%,24.61,832.2,176.1,0.442
2108,01/08/2024,2024,Aug,8,Q3,LIPIS,BARAT,BENTA,Luar Bandar,"2,200",24,"5,759","1,302","49,200","28,223","1,400",359,72.9%,1.019,"21,366",0.3829,"2,477","4,651",8,21,1,9,4,3.3,1.79,163,27.2,30.3,97.2,"29,982","19,218",39.1%,"14,010","5,208",72.1%,"30,551.66","8,181.04","15,309.04",0.311,49.9%,23.47,915.1,167.9,0.434
2109,01/09/2024,2024,Sep,9,Q3,LIPIS,BARAT,BENTA,Luar Bandar,"2,200",24,"5,759","1,345","48,754","29,932","1,559",473,72.9%,1.019,"19,363",0.3875,"2,199","4,271",8,21,1,9,3,2.4,3.32,104,27.6,16,98.5,"31,964","16,790",34.4%,"12,240","4,550",73.9%,"32,571.32","7,503.16","13,973.16",0.287,57.1%,24.22,799.5,185.0,0.397
2110,01/10/2024,2024,Oct,10,Q4,LIPIS,BARAT,BENTA,Luar Bandar,"2,200",24,"5,759","1,396","50,030","31,182","1,588",508,72.9%,1.019,"22,331",0.3834,"2,474","5,440",8,21,1,9,4,3.8,2.01,295,28,17.9,97.6,"33,278","16,752",33.5%,"12,212","4,540",73.4%,"33,910.28","8,561.71","16,475.71",0.329,51.4%,24.29,797.7,186.4,0.446
2111,01/11/2024,2024,Nov,11,Q4,LIPIS,BARAT,BENTA,Luar Bandar,"2,200",24,"5,759","1,299","44,238","26,192","1,151",344,72.9%,1.019,"17,897",0.3915,"2,620","4,513",8,21,1,9,3,3.5,2.29,316,27.1,38.6,96.9,"27,687","16,551",37.4%,"12,066","4,485",67.0%,"28,213.05","7,006.68","14,139.68",0.320,49.9%,21.72,788.1,160.3,0.405
2112,01/12/2024,2024,Dec,12,Q4,LIPIS,BARAT,BENTA,Luar Bandar,"2,200",24,"5,759","1,392","45,494","27,959","1,188",379,72.9%,1.019,"18,441",0.3892,"2,688","4,834",8,21,1,9,3,3.5,3.02,395,27.3,42.7,97.1,"29,526","15,968",35.1%,"11,641","4,327",66.7%,"30,086.99","7,177.24","14,699.24",0.323,51.1%,21.61,760.4,165.4,0.405
2113,01/01/2025,2025,Jan,1,Q1,LIPIS,BARAT,BENTA,Luar Bandar,"2,200",25,"5,903","1,367","47,826","28,673","1,249",436,72.9%,1.019,"20,614",0.3922,"2,718","4,334",8,21,1,10,3,2.8,2.59,170,26.7,20.8,97.5,"30,358","17,468",36.5%,"12,734","4,734",70.1%,"30,934.80","8,084.81","15,136.81",0.316,51.1%,22.63,831.8,165.9,0.431
2114,01/02/2025,2025,Feb,2,Q1,LIPIS,BARAT,BENTA,Luar Bandar,"2,200",25,"5,903","1,331","45,383","27,710","1,351",384,72.9%,1.019,"19,239",0.3963,"2,507","6,506",8,21,1,10,3,4.7,3.18,72,26.9,24.2,97.8,"29,445","15,938",35.1%,"11,619","4,319",73.7%,"30,004.46","7,624.42","16,637.42",0.367,44.6%,22.54,759.0,178.1,0.424
2115,01/03/2025,2025,Mar,3,Q1,LIPIS,BARAT,BENTA,Luar Bandar,"2,200",25,"5,903","1,425","49,682","29,233","1,192",386,72.9%,1.019,"19,968",0.3929,"2,413","5,822",8,21,1,10,3,3.1,3.04,154,28.7,31.6,99.8,"30,811","18,871",38.0%,"13,757","5,114",72.8%,"31,396.41","7,845.43","16,080.43",0.324,48.8%,22.03,898.6,168.4,0.402
2116,01/04/2025,2025,Apr,4,Q2,LIPIS,BARAT,BENTA,Luar Bandar,"2,200",25,"5,903","1,361","52,314","32,188","1,651",485,72.9%,1.019,"21,778",0.3975,"2,394","6,538",8,21,1,10,3,3.1,3.23,116,28.3,19.8,97.6,"34,324","17,990",34.4%,"13,115","4,875",79.3%,"34,976.16","8,656.76","17,588.76",0.336,49.7%,25.70,856.7,193.8,0.416
2117,01/05/2025,2025,May,5,Q2,LIPIS,BARAT,BENTA,Luar Bandar,"2,200",25,"5,903","1,393","53,402","32,583","1,544",439,72.9%,1.019,"20,943",0.3978,"2,406","5,625",8,21,1,10,4,4.4,1.96,175,29.1,35.1,99.3,"34,566","18,836",35.3%,"13,731","5,105",78.3%,"35,222.75","8,331.13","16,362.13",0.306,53.5%,25.29,897.0,188.9,0.392
2118,01/06/2025,2025,Jun,6,Q2,LIPIS,BARAT,BENTA,Luar Bandar,"2,200",25,"5,903","1,436","53,654","32,449","1,394",422,72.9%,1.019,"21,906",0.3975,"2,776","5,879",8,21,1,10,3,3.2,2.38,155,28.2,27.1,97.1,"34,265","19,389",36.1%,"14,135","5,254",81.3%,"34,916.04","8,707.64","17,362.64",0.324,50.3%,24.31,923.3,193.5,0.408
2119,01/07/2025,2025,Jul,7,Q3,LIPIS,BARAT,BENTA,Luar Bandar,"2,200",25,"5,903","1,322","50,447","31,138","1,507",409,72.9%,1.019,"19,906",0.3892,"2,614","4,385",8,21,1,10,4,3.2,1.79,87,27.8,26.8,97.2,"33,054","17,393",34.5%,"12,679","4,714",74.0%,"33,682.03","7,747.42","14,746.42",0.292,56.2%,25.48,828.2,180.6,0.395
2120,01/08/2025,2025,Aug,8,Q3,LIPIS,BARAT,BENTA,Luar Bandar,"2,200",25,"5,903","1,385","54,598","31,795","1,594",548,72.9%,1.019,"24,440",0.3950,"3,162","6,405",8,21,1,10,4,4.7,2.88,172,27.3,25.7,97.9,"33,937","20,661",37.8%,"15,062","5,599",80.1%,"34,581.80","9,653.80","19,220.80",0.352,44.4%,24.97,983.9,185.5,0.448
2121,01/09/2025,2025,Sep,9,Q3,LIPIS,BARAT,BENTA,Luar Bandar,"2,200",25,"5,903","1,367","46,947","27,207","1,258",351,72.9%,1.019,"19,428",0.3992,"2,282","4,674",8,21,1,10,4,2.1,2.54,131,27.6,22.1,97.3,"28,816","18,131",38.6%,"13,217","4,914",71.1%,"29,363.50","7,755.66","14,711.66",0.313,49.9%,21.48,863.4,162.7,0.414
2122,01/10/2025,2025,Oct,10,Q4,LIPIS,BARAT,BENTA,Luar Bandar,"2,200",25,"5,903","1,456","51,434","31,192","1,435",462,72.9%,1.019,"22,986",0.4019,"2,650","6,022",8,21,1,10,3,2.2,2.6,207,26.8,24.5,98.8,"33,089","18,345",35.7%,"13,374","4,971",75.4%,"33,717.69","9,238.07","17,910.07",0.348,46.9%,23.16,873.6,180.8,0.447
2123,01/11/2025,2025,Nov,11,Q4,LIPIS,BARAT,BENTA,Luar Bandar,"2,200",25,"5,903","1,371","47,713","28,157","1,349",429,72.9%,1.019,"19,742",0.4075,"2,725","5,129",8,21,1,10,3,4.9,2.7,308,26.7,19.2,98.5,"29,935","17,778",37.3%,"12,960","4,818",72.3%,"30,503.77","8,044.87","15,898.87",0.333,47.9%,22.25,846.6,169.0,0.414
2124,01/12/2025,2025,Dec,12,Q4,LIPIS,BARAT,BENTA,Luar Bandar,"2,200",25,"5,903","1,368","48,769","31,059","1,327",447,72.9%,1.019,"20,884",0.4071,"2,594","2,844",8,21,0,10,1,0,2.18,349,26.7,33.2,99.2,"32,833","15,936",32.7%,"11,617","4,319",71.5%,"33,456.83","8,501.88","13,939.88",0.286,58.3%,24.46,758.9,179.4,0.428
2125,01/01/2023,2023,Jan,1,Q1,LIPIS,BARAT,BUKIT BETONG,Pinggir Bandar,"30,300",31,"67,816","17,002","529,532","313,094","49,764","18,209",58.2%,1.151,"216,559",0.3697,"32,959","7,616",13,48,1,9.6,24,3.6,2.73,179,26.9,34.2,97.7,"381,067","148,465",28.0%,"86,407","62,058",56.4%,"438,608.12","80,061.86","120,636.86",0.228,72.5%,25.80,"3,093.0",181.3,0.409
2126,01/02/2023,2023,Feb,2,Q1,LIPIS,BARAT,BUKIT BETONG,Pinggir Bandar,"30,300",31,"67,816","16,870","498,089","272,947","48,354","19,235",58.2%,1.151,"218,657",0.3804,"32,866","9,100",13,48,2,9.6,33,9.4,1.95,142,26.7,25.2,97.9,"340,536","157,553",31.6%,"91,696","65,857",58.7%,"391,956.94","83,177.12","125,143.12",0.251,68.1%,23.23,"3,282.4",179.3,0.439
2127,01/03/2023,2023,Mar,3,Q1,LIPIS,BARAT,BUKIT BETONG,Pinggir Bandar,"30,300",31,"67,816","16,385","551,335","302,280","53,559","21,365",58.2%,1.151,"234,693",0.3764,"35,421","14,445",13,48,2,9.6,19,6,2.91,123,28.4,27.9,98.3,"377,204","174,131",31.6%,"101,344","72,787",58.7%,"434,161.80","88,338.45","138,204.45",0.251,68.2%,26.50,"3,627.7",179.4,0.426
2128,01/04/2023,2023,Apr,4,Q2,LIPIS,BARAT,BUKIT BETONG,Pinggir Bandar,"30,300",31,"67,816","16,423","603,871","331,405","57,122","23,124",58.2%,1.151,"260,803",0.3745,"36,156","10,307",13,48,2,9.6,16,3.9,3.22,221,28.5,24,98.6,"411,651","192,220",31.8%,"111,872","80,348",66.4%,"473,810.30","97,670.72","144,133.72",0.239,69.6%,28.85,"4,004.6",202.3,0.432
2129,01/05/2023,2023,May,5,Q2,LIPIS,BARAT,BUKIT BETONG,Pinggir Bandar,"30,300",31,"67,816","16,581","596,093","328,729","53,236","22,084",58.2%,1.151,"265,230",0.3716,"40,989","11,148",13,48,3,9.6,29,13.1,2.33,133,28.3,29.5,98.5,"404,049","192,044",32.2%,"111,770","80,274",63.5%,"465,060.40","98,559.47","150,696.47",0.253,67.6%,28.05,"4,000.9",192.2,0.445
2130,01/06/2023,2023,Jun,6,Q2,LIPIS,BARAT,BUKIT BETONG,Pinggir Bandar,"30,300",31,"67,816","15,763","601,100","330,167","55,050","19,567",58.2%,1.151,"256,432",0.3751,"38,331","10,092",13,48,1,9.6,11,2.6,2.16,105,27.9,21.2,96.8,"404,784","196,316",32.7%,"114,256","82,060",66.1%,"465,906.38","96,187.64","144,610.64",0.241,69.0%,29.56,"4,089.9",199.0,0.427
2131,01/07/2023,2023,Jul,7,Q3,LIPIS,BARAT,BUKIT BETONG,Pinggir Bandar,"30,300",31,"67,816","16,315","633,049","368,793","54,814","24,225",58.2%,1.151,"291,497",0.3821,"39,411","10,858",13,48,2,9.6,22,6.1,2.65,133,27.3,20.5,96.7,"447,832","185,217",29.3%,"107,796","77,421",67.4%,"515,454.63","111,381.00","161,650.00",0.255,68.6%,31.59,"3,858.7",213.0,0.460
2132,01/08/2023,2023,Aug,8,Q3,LIPIS,BARAT,BUKIT BETONG,Pinggir Bandar,"30,300",31,"67,816","16,236","628,655","365,413","55,785","20,885",58.2%,1.151,"260,739",0.3660,"41,393","11,245",13,48,1,9.6,14,3.8,3.02,101,27.8,26.7,98.1,"442,083","186,572",29.7%,"108,585","77,987",66.9%,"508,837.53","95,430.47","148,068.47",0.236,70.9%,31.34,"3,886.9",210.3,0.415
2133,01/09/2023,2023,Sep,9,Q3,LIPIS,BARAT,BUKIT BETONG,Pinggir Bandar,"30,300",31,"67,816","15,180","535,024","308,643","52,135","17,529",58.2%,1.151,"248,836",0.3758,"34,573","8,816",13,48,1,9.6,30,2.2,3.08,137,27.1,14.5,98.8,"378,307","156,717",29.3%,"91,209","65,508",58.9%,"435,431.36","93,512.57","136,901.57",0.256,68.6%,28.68,"3,264.9",185.9,0.465
2134,01/10/2023,2023,Oct,10,Q4,LIPIS,BARAT,BUKIT BETONG,Pinggir Bandar,"30,300",31,"67,816","15,862","538,142","293,646","49,291","19,435",58.2%,1.151,"239,575",0.3756,"34,293","12,183",13,48,3,9.6,32,6.9,2.44,167,27.2,24.4,99.6,"362,372","175,770",32.7%,"102,298","73,472",57.3%,"417,090.17","89,984.37","136,460.37",0.254,67.3%,26.29,"3,661.9",172.4,0.445
2135,01/11/2023,2023,Nov,11,Q4,LIPIS,BARAT,BUKIT BETONG,Pinggir Bandar,"30,300",31,"67,816","16,542","562,997","309,283","53,225","21,063",58.2%,1.151,"262,615",0.3794,"42,395","14,503",13,48,3,9.6,26,6,2.94,305,27.5,34.4,99.7,"383,571","179,426",31.9%,"104,426","75,000",61.9%,"441,490.22","99,636.13","156,534.13",0.278,64.5%,26.69,"3,738.0",188.5,0.466
2136,01/12/2023,2023,Dec,12,Q4,LIPIS,BARAT,BUKIT BETONG,Pinggir Bandar,"30,300",31,"67,816","15,936","533,392","311,956","47,125","19,712",58.2%,1.151,"243,314",0.3802,"33,924","13,195",13,48,2,9.6,22,9.5,3.38,216,26.5,30.7,99.8,"378,793","154,599",29.0%,"89,977","64,622",56.8%,"435,990.74","92,507.98","139,626.98",0.262,68.0%,27.36,"3,220.8",180.2,0.456
2137,01/01/2024,2024,Jan,1,Q1,LIPIS,BARAT,BUKIT BETONG,Pinggir Bandar,"30,300",32,"69,289","17,245","537,076","329,003","46,396","19,773",58.2%,1.151,"241,080",0.3960,"40,873","10,103",13,48,2,10.6,16,9.5,2.91,126,26.3,29.2,98.3,"395,172","141,904",26.4%,"82,588","59,316",57.2%,"454,842.97","95,467.68","146,443.68",0.273,67.8%,26.38,"2,956.3",184.0,0.449
2138,01/02/2024,2024,Feb,2,Q1,LIPIS,BARAT,BUKIT BETONG,Pinggir Bandar,"30,300",32,"69,289","17,062","523,278","296,368","52,788","23,214",58.2%,1.151,"219,259",0.3961,"37,907","13,362",13,48,2,10.6,29,7.3,1.94,88,27.4,16.8,97.2,"372,370","150,908",28.8%,"87,828","63,080",59.6%,"428,597.87","86,848.49","138,117.49",0.264,67.8%,25.12,"3,143.9",185.3,0.419
2139,01/03/2024,2024,Mar,3,Q1,LIPIS,BARAT,BUKIT BETONG,Pinggir Bandar,"30,300",32,"69,289","16,690","613,474","342,152","58,202","21,755",58.2%,1.151,"259,388",0.3871,"38,160","11,015",13,48,1,10.6,19,4.6,2.96,128,27.8,27.1,98.1,"422,109","191,365",31.2%,"111,374","79,991",65.3%,"485,847.46","100,409.09","149,584.09",0.244,69.2%,29.11,"3,986.8",196.5,0.423
2140,01/04/2024,2024,Apr,4,Q2,LIPIS,BARAT,BUKIT BETONG,Pinggir Bandar,"30,300",32,"69,289","16,277","578,382","328,862","52,684","24,753",58.2%,1.151,"237,964",0.3859,"35,837","11,331",13,48,1,10.6,15,3.9,3.12,206,28.1,38.9,97.8,"406,299","172,083",29.8%,"100,152","71,931",63.6%,"467,650.15","91,830.31","138,998.31",0.240,70.3%,28.73,"3,585.1",195.5,0.411
2141,01/05/2024,2024,May,5,Q2,LIPIS,BARAT,BUKIT BETONG,Pinggir Bandar,"30,300",32,"69,289","15,848","621,808","365,559","64,876","22,019",58.2%,1.151,"278,727",0.3854,"41,610","11,492",13,48,2,10.6,19,4.6,2.18,160,28.6,26.3,98.9,"452,454","169,354",27.2%,"98,564","70,790",66.2%,"520,774.55","107,421.39","160,523.39",0.258,69.2%,32.86,"3,528.2",210.6,0.448
2142,01/06/2024,2024,Jun,6,Q2,LIPIS,BARAT,BUKIT BETONG,Pinggir Bandar,"30,300",32,"69,289","16,055","625,553","365,596","52,503","21,730",58.2%,1.151,"265,277",0.3962,"38,830","12,813",13,48,2,10.6,23,3.7,,140,27.9,29.8,97.8,"439,829","185,724",29.7%,"108,091","77,633",68.8%,"506,243.18","105,102.75","156,745.75",0.251,69.0%,31.53,"3,869.3",211.6,0.424
2143,01/07/2024,2024,Jul,7,Q3,LIPIS,BARAT,BUKIT BETONG,Pinggir Bandar,"30,300",32,"69,289","16,868","617,675","346,585","54,794","25,334",58.2%,1.151,"274,571",0.3907,"44,836","12,580",13,48,2,10.6,27,5.8,3.05,96,27.6,27.1,98.1,"426,713","190,962",30.9%,"111,140","79,822",65.8%,"491,146.66","107,274.89","164,690.89",0.267,66.5%,29.12,"3,978.4",198.7,0.445
2144,01/08/2024,2024,Aug,8,Q3,LIPIS,BARAT,BUKIT BETONG,Pinggir Bandar,"30,300",32,"69,289","16,583","635,304","375,375","57,093","26,835",58.2%,1.151,"291,657",0.3968,"39,464","16,529",13,48,3,10.6,27,14,2.04,88,28.3,14.6,98.1,"459,303","176,001",27.7%,"102,433","73,568",67.6%,"528,657.75","115,729.50","171,722.50",0.270,67.5%,31.88,"3,666.7",213.8,0.459
2145,01/09/2024,2024,Sep,9,Q3,LIPIS,BARAT,BUKIT BETONG,Pinggir Bandar,"30,300",32,"69,289","16,667","577,135","351,999","48,330","22,981",58.2%,1.151,"237,708",0.3919,"37,516","11,549",13,48,1,10.6,32,3.3,2.2,137,27.3,17,99.3,"423,310","153,825",26.7%,"89,526","64,299",63.5%,"487,229.81","93,157.77","142,222.77",0.246,70.8%,29.23,"3,204.7",203.6,0.412
2146,01/10/2024,2024,Oct,10,Q4,LIPIS,BARAT,BUKIT BETONG,Pinggir Bandar,"30,300",32,"69,289","17,324","572,831","338,580","58,192","22,319",58.2%,1.151,"271,832",0.3844,"40,048","9,319",13,48,2,10.6,31,4.4,3.17,159,27,27.2,97.6,"419,091","153,740",26.8%,"89,477","64,263",61.0%,"482,373.74","104,492.22","153,859.22",0.269,68.1%,27.84,"3,202.9",195.1,0.475
2147,01/11/2024,2024,Nov,11,Q4,LIPIS,BARAT,BUKIT BETONG,Pinggir Bandar,"30,300",32,"69,289","16,675","572,337","328,091","53,129","22,516",58.2%,1.151,"246,191",0.3859,"42,378","10,772",13,48,1,10.6,27,3,2.75,273,27.1,18.8,97.1,"403,736","168,601",29.5%,"98,126","70,475",63.0%,"464,700.14","95,005.11","148,155.11",0.259,68.1%,27.87,"3,512.5",194.2,0.430
2148,01/12/2024,2024,Dec,12,Q4,LIPIS,BARAT,BUKIT BETONG,Pinggir Bandar,"30,300",32,"69,289","16,053","564,799","326,202","48,497","19,592",58.2%,1.151,"234,208",0.3833,"42,419","17,358",13,48,3,10.6,19,8.2,,211,26.7,19.4,99.7,"394,291","170,508",30.2%,"99,236","71,272",60.1%,"453,828.94","89,771.93","149,548.93",0.265,67.0%,28.27,"3,552.3",183.6,0.415
2149,01/01/2025,2025,Jan,1,Q1,LIPIS,BARAT,BUKIT BETONG,Pinggir Bandar,"30,300",33,"71,134","16,689","552,986","339,620","46,359","23,499",58.2%,1.151,"236,993",0.3940,"37,639","14,212",13,48,2,11.6,17,6.4,2.1,125,27.2,20.3,99.9,"409,478","143,508",26.0%,"83,522","59,986",58.9%,"471,309.18","93,375.24","145,226.24",0.263,69.2%,28.24,"2,989.8",185.7,0.429
2150,01/02/2025,2025,Feb,2,Q1,LIPIS,BARAT,BUKIT BETONG,Pinggir Bandar,"30,300",33,"71,134","17,629","510,731","305,110","46,843","23,692",58.2%,1.151,"236,115",0.4027,"31,368","14,214",13,48,2,11.6,33,8.3,2.02,72,27,22.8,99.8,"375,645","135,086",26.4%,"78,620","56,466",60.2%,"432,367.40","95,083.51","140,665.51",0.275,67.5%,24.53,"2,814.3",188.6,0.462
2151,01/03/2025,2025,Mar,3,Q1,LIPIS,BARAT,BUKIT BETONG,Pinggir Bandar,"30,300",33,"71,134","17,632","611,194","358,937","56,182","27,967",58.2%,1.151,"258,497",0.4039,"41,319","14,555",13,48,2,11.6,28,6.5,2.31,130,28.5,18.1,98,"443,086","168,108",27.5%,"97,839","70,269",65.1%,"509,991.99","104,406.94","160,280.94",0.262,68.6%,28.92,"3,502.3",200.9,0.423
2152,01/04/2025,2025,Apr,4,Q2,LIPIS,BARAT,BUKIT BETONG,Pinggir Bandar,"30,300",33,"71,134","17,932","617,222","377,125","52,319","25,514",58.2%,1.151,"257,364",0.3904,"41,036","11,081",13,48,2,11.6,20,9.7,,162,28.6,33.2,99.9,"454,958","162,264",26.3%,"94,438","67,826",67.9%,"523,656.66","100,474.91","152,591.91",0.247,70.9%,29.20,"3,380.5",213.2,0.417
2153,01/05/2025,2025,May,5,Q2,LIPIS,BARAT,BUKIT BETONG,Pinggir Bandar,"30,300",33,"71,134","17,235","633,435","390,672","58,898","21,071",58.2%,1.151,"257,969",0.4005,"36,850","9,329",13,48,2,11.6,12,6.2,1.87,116,28.5,17.9,99.5,"470,641","162,794",25.7%,"94,746","68,048",67.4%,"541,707.79","103,316.58","149,495.58",0.236,72.4%,31.43,"3,391.5",213.4,0.407
2154,01/06/2025,2025,Jun,6,Q2,LIPIS,BARAT,BUKIT BETONG,Pinggir Bandar,"30,300",33,"71,134","17,524","635,462","372,203","60,681","21,982",58.2%,1.151,"270,021",0.4088,"45,907","11,592",13,48,2,11.6,29,6.8,1.97,137,28.4,25.2,98.8,"454,866","180,596",28.4%,"105,107","75,489",69.9%,"523,550.77","110,384.58","167,883.58",0.264,67.9%,29.88,"3,762.4",213.1,0.425
2155,01/07/2025,2025,Jul,7,Q3,LIPIS,BARAT,BUKIT BETONG,Pinggir Bandar,"30,300",33,"71,134","16,103","664,140","411,263","60,712","23,211",58.2%,1.151,"270,108",0.3976,"43,965","9,029",13,48,2,11.6,30,7.6,2.25,112,28.1,13.2,99.1,"495,186","168,954",25.4%,"98,331","70,623",70.7%,"569,959.09","107,394.94","160,388.94",0.241,71.9%,35.39,"3,519.9",224.6,0.407
2156,01/08/2025,2025,Aug,8,Q3,LIPIS,BARAT,BUKIT BETONG,Pinggir Bandar,"30,300",33,"71,134","17,193","649,987","379,657","57,730","25,932",58.2%,1.151,"281,067",0.3944,"40,685","8,771",13,48,1,11.6,14,2.5,2.84,129,27.4,27.3,98.8,"463,319","186,668",28.7%,"108,641","78,027",69.2%,"533,280.17","110,852.82","160,308.82",0.247,69.9%,31.02,"3,888.9",210.1,0.432
2157,01/09/2025,2025,Sep,9,Q3,LIPIS,BARAT,BUKIT BETONG,Pinggir Bandar,"30,300",33,"71,134","17,671","617,322","380,814","55,477","22,358",58.2%,1.151,"268,637",0.3917,"44,610","10,124",13,48,2,11.6,18,5,2.15,108,27,20.8,97.4,"458,649","158,673",25.7%,"92,348","66,325",67.9%,"527,905.00","105,225.11","159,959.11",0.259,69.7%,29.87,"3,305.7",214.9,0.435
2158,01/10/2025,2025,Oct,10,Q4,LIPIS,BARAT,BUKIT BETONG,Pinggir Bandar,"30,300",33,"71,134","17,124","599,655","349,530","62,140","23,797",58.2%,1.151,"283,925",0.4009,"45,505","12,577",13,48,2,11.6,29,8,2.76,183,27.1,20.2,98.3,"435,467","164,188",27.4%,"95,557","68,631",63.8%,"501,222.52","113,825.53","171,907.53",0.287,65.7%,29.27,"3,420.6",197.5,0.473
2159,01/11/2025,2025,Nov,11,Q4,LIPIS,BARAT,BUKIT BETONG,Pinggir Bandar,"30,300",33,"71,134","17,316","546,555","314,753","53,706","19,986",58.2%,1.151,"259,525",0.3945,"31,658","11,002",13,48,2,11.6,34,4.6,2.79,314,26.6,44.9,99,"388,445","158,110",28.9%,"92,020","66,090",60.1%,"447,100.20","102,382.61","145,042.61",0.265,67.6%,25.82,"3,294.0",182.0,0.475
2160,01/12/2025,2025,Dec,12,Q4,LIPIS,BARAT,BUKIT BETONG,Pinggir Bandar,"30,300",33,"71,134","17,322","604,558","367,335","59,359","20,859",58.2%,1.151,"258,983",0.4085,"43,573","16,941",13,48,3,11.6,26,10.2,3.4,223,26.7,34.9,98.2,"447,553","157,005",26.0%,"91,377","65,628",64.4%,"515,133.50","105,794.56","166,308.56",0.275,67.7%,29.74,"3,270.9",203.0,0.428
2161,01/01/2023,2023,Jan,1,Q1,LIPIS,BARAT,BATU 9,Pinggir Bandar,"33,000",36,"81,833","19,267","703,140","354,948","78,150","29,657",61.4%,1.221,"394,756",0.3819,"54,333","9,062",15,48,2,6.5,23,6.5,3.16,142,26.1,27.5,99.2,"462,755","240,385",34.2%,"147,596","92,789",68.7%,"565,023.86","150,757.32","214,152.32",0.305,62.1%,29.33,"5,008.0",182.4,0.561
2162,01/02/2023,2023,Feb,2,Q1,LIPIS,BARAT,BATU 9,Pinggir Bandar,"33,000",36,"81,833","20,639","618,349","311,024","73,615","24,503",61.4%,1.221,"332,525",0.3785,"52,232","11,170",15,48,2,6.5,40,5.8,3.32,101,27,18.9,97.2,"409,142","209,207",33.8%,"128,453","80,754",66.9%,"499,562.38","125,860.71","189,262.71",0.306,62.1%,24.20,"4,358.5",178.6,0.538
2163,01/03/2023,2023,Mar,3,Q1,LIPIS,BARAT,BATU 9,Pinggir Bandar,"33,000",36,"81,833","18,860","671,000","329,593","77,168","26,834",61.4%,1.221,"377,872",0.3655,"53,728","13,979",15,48,2,6.5,14,4.3,1.77,159,27.6,33.6,100,"433,595","237,405",35.4%,"145,767","91,638",65.6%,"529,419.50","138,112.22","205,819.22",0.307,61.1%,28.07,"4,945.9",170.9,0.563
2164,01/04/2023,2023,Apr,4,Q2,LIPIS,BARAT,BATU 9,Pinggir Bandar,"33,000",36,"81,833","18,363","683,650","345,388","72,983","24,495",61.4%,1.221,"374,433",0.3684,"51,805","13,285",15,48,3,6.5,38,12,2.1,129,28.4,26.5,99.5,"442,866","240,784",35.2%,"147,841","92,943",69.1%,"540,739.39","137,941.12","203,031.12",0.297,62.5%,29.45,"5,016.3",180.4,0.548
2165,01/05/2023,2023,May,5,Q2,LIPIS,BARAT,BATU 9,Pinggir Bandar,"33,000",36,"81,833","20,080","749,112","370,969","84,128","27,939",61.4%,1.221,"378,405",0.3755,"61,800","11,712",15,48,3,6.5,17,8.4,2.62,196,28.2,25.2,99,"483,036","266,076",35.5%,"163,371","102,705",73.2%,"589,786.96","142,091.08","215,603.08",0.288,63.4%,29.37,"5,543.3",190.4,0.505
2166,01/06/2023,2023,Jun,6,Q2,LIPIS,BARAT,BATU 9,Pinggir Bandar,"33,000",36,"81,833","19,993","680,162","334,239","85,620","22,801",61.4%,1.221,"366,991",0.3721,"48,323","13,343",15,48,2,6.5,17,6.6,3.24,115,27.9,31.7,99,"442,660","237,502",34.9%,"145,826","91,676",68.7%,"540,487.86","136,557.35","198,223.35",0.291,63.3%,27.03,"4,948.0",180.3,0.540
2167,01/07/2023,2023,Jul,7,Q3,LIPIS,BARAT,BATU 9,Pinggir Bandar,"33,000",36,"81,833","19,325","767,459","396,014","83,696","28,551",61.4%,1.221,"423,885",0.3690,"68,649","11,631",15,48,2,6.5,19,6.5,3.03,150,28.2,23.1,98.1,"508,261","259,198",33.8%,"159,148","100,050",75.0%,"620,586.68","156,413.57","236,693.57",0.308,61.9%,32.11,"5,400.0",200.4,0.552
2168,01/08/2023,2023,Aug,8,Q3,LIPIS,BARAT,BATU 9,Pinggir Bandar,"33,000",36,"81,833","18,497","741,920","357,397","90,734","24,203",61.4%,1.221,"375,103",0.3826,"66,157","12,559",15,48,2,6.5,15,9.2,3.2,100,27.4,13.4,98.5,"472,334","269,586",36.3%,"165,526","104,060",72.5%,"576,719.81","143,514.41","222,230.41",0.300,61.5%,31.18,"5,616.4",186.2,0.506
2169,01/09/2023,2023,Sep,9,Q3,LIPIS,BARAT,BATU 9,Pinggir Bandar,"33,000",36,"81,833","18,986","668,786","344,853","74,829","22,999",61.4%,1.221,"380,075",0.3845,"57,187","13,038",15,48,2,6.5,14,8.9,1.91,143,26.9,22.4,97.4,"442,681","226,105",33.8%,"138,828","87,277",67.6%,"540,513.50","146,138.84","216,363.84",0.324,60.0%,28.47,"4,710.5",180.3,0.568
2170,01/10/2023,2023,Oct,10,Q4,LIPIS,BARAT,BATU 9,Pinggir Bandar,"33,000",36,"81,833","20,431","684,862","351,237","88,423","26,511",61.4%,1.221,"336,620",0.3682,"63,551","13,792",15,48,2,6.5,26,8.9,2.18,285,27.7,35.2,97.8,"466,171","218,691",31.9%,"134,276","84,415",66.9%,"569,194.79","123,943.48","201,286.48",0.294,64.6%,27.86,"4,556.1",183.8,0.492
2171,01/11/2023,2023,Nov,11,Q4,LIPIS,BARAT,BATU 9,Pinggir Bandar,"33,000",36,"81,833","19,576","677,235","348,137","84,286","29,465",61.4%,1.221,"379,538",0.3814,"50,871","14,287",15,48,2,6.5,36,9.1,3.05,246,26.6,30.1,99.8,"461,888","215,347",31.8%,"132,223","83,124",68.4%,"563,965.25","144,755.79","209,913.79",0.310,62.8%,28.81,"4,486.4",188.1,0.560
2172,01/12/2023,2023,Dec,12,Q4,LIPIS,BARAT,BATU 9,Pinggir Bandar,"33,000",36,"81,833","20,602","695,630","361,316","93,268","28,550",61.4%,1.221,"371,217",0.3803,"59,187","13,802",15,48,2,6.5,36,9.5,2.55,413,26.9,42.1,98.2,"483,134","212,496",30.5%,"130,473","82,023",68.0%,"589,906.61","141,173.83","214,162.83",0.308,63.7%,28.63,"4,427.0",190.4,0.534
2173,01/01/2024,2024,Jan,1,Q1,LIPIS,BARAT,BATU 9,Pinggir Bandar,"33,000",37,"83,718","20,530","663,869","336,075","69,932","26,304",61.4%,1.221,"326,972",0.3805,"51,035","13,729",15,48,2,7.5,26,6.6,1.79,165,27.3,14.3,98.5,"432,311","231,558",34.9%,"142,177","89,381",64.9%,"527,851.73","124,412.85","189,176.85",0.285,64.2%,25.71,"4,824.1",166.6,0.493
2174,01/02/2024,2024,Feb,2,Q1,LIPIS,BARAT,BATU 9,Pinggir Bandar,"33,000",37,"83,718","18,877","635,777","349,574","69,907","25,028",61.4%,1.221,"316,052",0.3881,"47,275","16,555",15,48,3,7.5,32,11.6,3.1,64,27.4,22.9,98.5,"444,509","191,268",30.1%,"117,439","73,829",66.4%,"542,745.49","122,659.78","186,489.78",0.293,65.6%,28.75,"3,984.8",183.1,0.497
2175,01/03/2024,2024,Mar,3,Q1,LIPIS,BARAT,BATU 9,Pinggir Bandar,"33,000",37,"83,718","19,246","738,692","383,928","89,193","24,831",61.4%,1.221,"414,592",0.3859,"65,866","13,992",15,48,2,7.5,16,5.5,3.22,183,28.2,28.4,96.8,"497,952","240,740",32.6%,"147,814","92,926",72.2%,"607,999.39","159,991.05","239,849.05",0.325,60.6%,31.59,"5,015.4",191.9,0.561
2176,01/04/2024,2024,Apr,4,Q2,LIPIS,BARAT,BATU 9,Pinggir Bandar,"33,000",37,"83,718","19,029","731,212","369,530","85,959","22,115",61.4%,1.221,"381,392",0.3794,"66,536","16,624",15,48,3,7.5,23,8.2,1.97,177,28.2,22.1,98.2,"477,604","253,608",34.7%,"155,715","97,893",73.9%,"583,154.48","144,700.12","227,860.12",0.312,60.9%,30.65,"5,283.5",190.2,0.522
2177,01/05/2024,2024,May,5,Q2,LIPIS,BARAT,BATU 9,Pinggir Bandar,"33,000",37,"83,718","20,703","720,337","376,469","79,296","31,423",61.4%,1.221,"370,799",0.3955,"61,752","17,550",15,48,3,7.5,24,13.8,2.76,132,28.7,29.4,97.8,"487,188","233,149",32.4%,"143,153","89,996",70.4%,"594,856.55","146,651.00","225,953.00",0.314,62.0%,28.73,"4,857.3",187.7,0.515
2178,01/06/2024,2024,Jun,6,Q2,LIPIS,BARAT,BATU 9,Pinggir Bandar,"33,000",37,"83,718","19,137","769,524","417,107","89,037","27,663",61.4%,1.221,"377,947",0.3842,"61,190","10,929",15,48,2,7.5,18,7.6,3.02,80,28.4,24.7,99.5,"533,807","235,717",30.6%,"144,730","90,987",77.7%,"651,778.35","145,207.24","217,326.24",0.282,66.7%,34.06,"4,910.8",212.5,0.491
2179,01/07/2024,2024,Jul,7,Q3,LIPIS,BARAT,BATU 9,Pinggir Bandar,"33,000",37,"83,718","19,749","713,107","362,963","80,692","21,833",61.4%,1.221,"379,646",0.3856,"61,743","12,629",15,48,2,7.5,26,5.2,2.6,99,27.2,20.7,97.7,"465,488","247,619",34.7%,"152,038","95,581",69.7%,"568,360.85","146,391.50","220,763.50",0.310,61.2%,28.78,"5,158.7",179.4,0.532
2180,01/08/2024,2024,Aug,8,Q3,LIPIS,BARAT,BATU 9,Pinggir Bandar,"33,000",37,"83,718","20,572","720,527","365,642","91,763","23,246",61.4%,1.221,"364,310",0.3806,"65,715","8,963",15,48,2,7.5,25,4.4,2.61,114,27.4,26.5,97.3,"480,651","239,876",33.3%,"147,284","92,592",70.4%,"586,874.87","138,656.39","213,334.39",0.296,63.6%,28.53,"4,997.4",185.2,0.506
2181,01/09/2024,2024,Sep,9,Q3,LIPIS,BARAT,BATU 9,Pinggir Bandar,"33,000",37,"83,718","21,052","693,156","360,674","75,105","29,382",61.4%,1.221,"348,547",0.3895,"54,770","11,132",15,48,2,7.5,21,6.2,2.25,122,26.9,19.9,98.2,"465,161","227,995",32.9%,"139,989","88,006",70.0%,"567,961.58","135,759.06","201,661.06",0.291,64.5%,26.98,"4,749.9",185.2,0.503
2182,01/10/2024,2024,Oct,10,Q4,LIPIS,BARAT,BATU 9,Pinggir Bandar,"33,000",37,"83,718","20,538","706,278","371,168","87,245","29,156",61.4%,1.221,"392,586",0.3884,"60,248","15,500",15,48,3,7.5,41,12.1,3.2,253,27.7,25.4,97.1,"487,569","218,709",31.0%,"134,287","84,422",69.0%,"595,321.75","152,480.40","228,228.40",0.323,61.7%,28.99,"4,556.4",187.9,0.556
2183,01/11/2024,2024,Nov,11,Q4,LIPIS,BARAT,BATU 9,Pinggir Bandar,"33,000",37,"83,718","20,271","630,668","338,605","78,578","22,942",61.4%,1.221,"329,090",0.3967,"56,819","8,843",15,48,1,7.5,34,2.5,2.49,194,27.7,25.5,98.2,"440,125","190,543",30.2%,"116,993","73,550",63.7%,"537,392.63","130,550.00","196,212.00",0.311,63.5%,26.51,"3,969.6",175.2,0.522
2184,01/12/2024,2024,Dec,12,Q4,LIPIS,BARAT,BATU 9,Pinggir Bandar,"33,000",37,"83,718","19,318","683,316","376,983","73,187","23,224",61.4%,1.221,"372,512",0.3944,"63,050","13,984",15,48,2,7.5,14,6,2.66,257,26.4,33.4,99,"473,394","209,922",30.7%,"128,892","81,030",66.8%,"578,014.07","146,918.73","223,952.73",0.328,61.3%,29.92,"4,373.4",182.4,0.545
2185,01/01/2025,2025,Jan,1,Q1,LIPIS,BARAT,BATU 9,Pinggir Bandar,"33,000",38,"85,307","21,345","671,874","364,969","73,098","29,675",61.4%,1.221,"379,206",0.3975,"52,776","10,736",15,48,2,8.5,25,5.4,3.22,194,27.1,30.3,96.8,"467,742","204,132",30.4%,"125,337","78,795",65.7%,"571,112.98","150,734.39","214,246.39",0.319,62.5%,26.76,"4,252.8",176.9,0.564
2186,01/02/2025,2025,Feb,2,Q1,LIPIS,BARAT,BATU 9,Pinggir Bandar,"33,000",38,"85,307","20,316","623,582","315,093","79,801","22,184",61.4%,1.221,"310,390",0.3925,"46,077","11,606",15,48,1,8.5,37,4.2,2.11,103,27,21.6,98.3,"417,078","206,504",33.1%,"126,793","79,711",67.5%,"509,252.24","121,828.08","179,511.08",0.288,64.8%,25.07,"4,302.2",174.6,0.498
2187,01/03/2025,2025,Mar,3,Q1,LIPIS,BARAT,BATU 9,Pinggir Bandar,"33,000",38,"85,307","19,350","692,557","360,326","77,364","22,200",61.4%,1.221,"379,222",0.4002,"54,231","10,315",15,48,2,8.5,18,5.9,2.49,85,28.4,12.6,97.9,"459,890","232,667",33.6%,"142,858","89,809",67.7%,"561,525.69","151,764.64","216,310.64",0.312,61.5%,29.02,"4,847.2",173.9,0.548
2188,01/04/2025,2025,Apr,4,Q2,LIPIS,BARAT,BATU 9,Pinggir Bandar,"33,000",38,"85,307","20,447","762,019","416,431","95,468","32,083",61.4%,1.221,"396,536",0.3977,"64,749","7,187",15,48,1,8.5,17,3.4,2.24,181,28.8,22.3,96.6,"543,982","218,037",28.6%,"133,875","84,162",77.0%,"664,202.02","157,702.37","229,638.37",0.301,65.4%,32.48,"4,542.4",212.6,0.520
2189,01/05/2025,2025,May,5,Q2,LIPIS,BARAT,BATU 9,Pinggir Bandar,"33,000",38,"85,307","19,929","776,021","402,199","104,053","28,415",61.4%,1.221,"442,396",0.4043,"68,810","10,135",15,48,2,8.5,20,6.7,2.89,188,27.9,28.2,98.6,"534,667","241,354",31.1%,"148,191","93,163",75.9%,"652,828.41","178,860.70","257,805.70",0.332,60.5%,32.76,"5,028.2",202.2,0.570
2190,01/06/2025,2025,Jun,6,Q2,LIPIS,BARAT,BATU 9,Pinggir Bandar,"33,000",38,"85,307","19,163","775,614","426,015","82,387","24,502",61.4%,1.221,"409,298",0.3937,"60,780","11,655",15,48,3,8.5,32,12.1,2.68,94,28.1,,98.6,"532,904","242,710",31.3%,"149,024","93,686",78.3%,"650,675.78","161,140.62","233,575.62",0.301,64.1%,33.95,"5,056.5",208.2,0.528
2191,01/07/2025,2025,Jul,7,Q3,LIPIS,BARAT,BATU 9,Pinggir Bandar,"33,000",38,"85,307","20,167","743,378","382,037","94,574","26,693",61.4%,1.221,"398,720",0.3923,"64,417","9,168",15,48,2,8.5,23,8.9,3.34,129,27.3,22.5,97.3,"503,304","240,074",32.3%,"147,405","92,669",72.7%,"614,534.18","156,417.86","230,002.86",0.309,62.6%,30.47,"5,001.5",190.3,0.536
2192,01/08/2025,2025,Aug,8,Q3,LIPIS,BARAT,BATU 9,Pinggir Bandar,"33,000",38,"85,307","21,222","752,077","386,953","87,727","27,369",61.4%,1.221,"391,868",0.4017,"66,224","14,597",15,48,2,8.5,25,8.9,2.44,108,27.5,23,96.8,"502,049","250,028",33.2%,"153,517","96,511",73.5%,"613,001.83","157,413.38","238,234.38",0.317,61.1%,28.89,"5,208.9",189.8,0.521
2193,01/09/2025,2025,Sep,9,Q3,LIPIS,BARAT,BATU 9,Pinggir Bandar,"33,000",38,"85,307","20,515","700,341","354,950","88,824","24,787",61.4%,1.221,"397,353",0.4044,"58,614","13,618",15,48,2,8.5,31,6,2.36,196,27.8,27.5,97.4,"468,561","231,780",33.1%,"142,313","89,467",70.7%,"572,112.98","160,689.55","232,921.55",0.333,59.3%,27.89,"4,828.8",183.1,0.567
2194,01/10/2025,2025,Oct,10,Q4,LIPIS,BARAT,BATU 9,Pinggir Bandar,"33,000",38,"85,307","20,236","736,633","393,690","97,349","25,699",61.4%,1.221,"401,567",0.4071,"68,793","13,017",15,48,2,8.5,35,6.5,2.09,314,27.2,26.4,98,"516,738","219,895",29.9%,"135,016","84,879",72.0%,"630,937.10","163,477.93","245,287.93",0.333,61.1%,31.18,"4,581.1",195.4,0.545
2195,01/11/2025,2025,Nov,11,Q4,LIPIS,BARAT,BATU 9,Pinggir Bandar,"33,000",38,"85,307","19,137","650,981","355,197","76,073","22,131",61.4%,1.221,"359,161",0.3988,"52,471","12,630",15,48,2,8.5,37,6.8,1.97,209,27.7,20.2,99.7,"453,401","197,580",30.4%,"121,314","76,266",65.8%,"553,602.62","143,233.41","208,334.41",0.320,62.4%,28.93,"4,116.3",177.2,0.552
2196,01/12/2025,2025,Dec,12,Q4,LIPIS,BARAT,BATU 9,Pinggir Bandar,"33,000",38,"85,307","19,094","708,211","372,362","74,210","28,305",61.4%,1.221,"370,827",0.3995,"61,708","9,051",15,48,1,8.5,14,3.6,2.01,288,27.1,31,96.6,"474,877","233,334",32.9%,"143,267","90,067",69.2%,"579,824.82","148,145.39","218,904.39",0.309,62.2%,30.37,"4,861.1",179.6,0.524
2197,01/01/2023,2023,Jan,1,Q1,LIPIS,BARAT,MERAPOH,Pinggir Bandar,"15,200",32,"41,626","9,517","357,346","207,712","34,015","12,330",76.8%,1.128,"176,852",0.3683,"20,071","6,586",13,34,1,11.5,18,3.3,3.41,147,26.9,30.7,98.9,"254,057","103,289",28.9%,"79,326","23,963",75.8%,"286,576.30","65,134.59","91,791.59",0.257,68.0%,30.11,"3,037.9",196.9,0.495
2198,01/02/2023,2023,Feb,2,Q1,LIPIS,BARAT,MERAPOH,Pinggir Bandar,"15,200",32,"41,626","9,824","297,220","164,235","24,568","10,385",76.8%,1.128,"151,153",0.3719,"16,940","7,576",13,34,1,11.5,16,3.8,3.04,129,27.2,,99.1,"199,188","98,032",33.0%,"75,289","22,743",69.8%,"224,684.06","56,213.80","80,729.80",0.272,64.1%,22.87,"2,883.3",170.9,0.509
2199,01/03/2023,2023,Mar,3,Q1,LIPIS,BARAT,MERAPOH,Pinggir Bandar,"15,200",32,"41,626","9,786","376,081","214,203","31,964","12,921",76.8%,1.128,"202,604",0.3818,"23,953","7,766",13,34,1,11.5,10,4.2,2.25,155,27.9,24.2,96.8,"259,088","116,993",31.1%,"89,851","27,142",79.8%,"292,251.26","77,354.21","109,073.21",0.290,62.7%,29.86,"3,441.0",200.8,0.539
2200,01/04/2023,2023,Apr,4,Q2,LIPIS,BARAT,MERAPOH,Pinggir Bandar,"15,200",32,"41,626","10,057","371,899","220,031","28,158","10,477",76.8%,1.128,"190,826",0.3801,"21,513","7,550",13,34,1,11.5,19,2.1,1.98,163,27.5,20.7,96.5,"258,666","113,233",30.4%,"86,963","26,270",81.6%,"291,775.25","72,532.96","101,595.96",0.273,65.2%,29.01,"3,330.4",207.1,0.513
2201,01/05/2023,2023,May,5,Q2,LIPIS,BARAT,MERAPOH,Pinggir Bandar,"15,200",32,"41,626","10,242","391,390","229,080","33,371","13,240",76.8%,1.128,"193,324",0.3735,"26,783","7,861",13,34,1,11.5,17,2.1,,131,28.2,20.8,97.6,"275,691","115,699",29.6%,"88,857","26,842",83.1%,"310,979.45","72,206.51","106,850.51",0.273,65.6%,30.36,"3,402.9",213.6,0.494
2202,01/06/2023,2023,Jun,6,Q2,LIPIS,BARAT,MERAPOH,Pinggir Bandar,"15,200",32,"41,626","9,953","369,010","215,535","30,095","12,154",76.8%,1.128,"185,910",0.3822,"24,489","9,982",13,34,2,11.5,22,6.8,2.96,131,27.5,28.1,97.7,"257,784","111,226",30.1%,"85,422","25,804",80.9%,"290,780.35","71,054.80","105,525.80",0.286,63.7%,29.22,"3,271.4",206.4,0.504
2203,01/07/2023,2023,Jul,7,Q3,LIPIS,BARAT,MERAPOH,Pinggir Bandar,"15,200",32,"41,626","10,199","382,544","211,512","35,245","11,117",76.8%,1.128,"184,467",0.3697,"20,950","7,213",13,34,1,11.5,16,4.9,2.95,116,27.1,25.9,97.9,"257,874","124,670",32.6%,"95,747","28,923",81.2%,"290,881.87","68,197.45","96,360.45",0.252,66.9%,28.52,"3,666.8",199.8,0.482
2204,01/08/2023,2023,Aug,8,Q3,LIPIS,BARAT,MERAPOH,Pinggir Bandar,"15,200",32,"41,626","10,152","375,068","220,356","35,067","12,034",76.8%,1.128,"177,964",0.3656,"22,857","8,739",13,34,1,11.5,9,3.6,1.89,100,27.1,25.3,96.9,"267,457","107,611",28.7%,"82,645","24,966",79.6%,"301,691.50","65,063.64","96,659.64",0.258,68.0%,29.72,"3,165.0",207.3,0.474
2205,01/09/2023,2023,Sep,9,Q3,LIPIS,BARAT,MERAPOH,Pinggir Bandar,"15,200",32,"41,626","10,192","352,978","196,299","29,804","10,602",76.8%,1.128,"184,396",0.3840,"22,453","8,385",13,34,1,11.5,8,2.4,2.15,112,27.7,30.6,97.3,"236,705","116,273",32.9%,"89,298","26,975",77.4%,"267,003.24","70,808.06","101,646.06",0.288,61.9%,26.20,"3,419.8",189.5,0.522
2206,01/10/2023,2023,Oct,10,Q4,LIPIS,BARAT,MERAPOH,Pinggir Bandar,"15,200",32,"41,626","10,480","355,008","206,406","27,597","9,202",76.8%,1.128,"185,960",0.3751,"19,380","9,875",13,34,2,11.5,19,6.9,2.25,271,26.9,32.8,97.5,"243,205","111,803",31.5%,"85,865","25,938",75.3%,"274,335.24","69,753.60","99,008.60",0.279,63.9%,26.18,"3,288.3",188.5,0.524
2207,01/11/2023,2023,Nov,11,Q4,LIPIS,BARAT,MERAPOH,Pinggir Bandar,"15,200",32,"41,626","10,359","338,718","197,150","32,932","12,341",76.8%,1.128,"183,591",0.3739,"19,745","7,735",13,34,1,11.5,13,2.7,3.16,183,26.9,29.7,98.1,"242,423","96,295",28.4%,"73,955","22,340",74.3%,"273,453.14","68,644.67","96,124.67",0.284,64.8%,26.40,"2,832.2",194.1,0.542
2208,01/12/2023,2023,Dec,12,Q4,LIPIS,BARAT,MERAPOH,Pinggir Bandar,"15,200",32,"41,626","9,489","345,066","197,172","26,736","8,442",76.8%,1.128,"187,016",0.3796,"19,672","6,627",13,34,1,11.5,19,4.8,2.39,239,26.6,28.9,98.3,"232,350","112,716",32.7%,"86,566","26,150",73.2%,"262,090.80","70,991.27","97,290.27",0.282,62.9%,27.62,"3,315.2",180.1,0.542
2209,01/01/2024,2024,Jan,1,Q1,LIPIS,BARAT,MERAPOH,Pinggir Bandar,"15,200",33,"42,607","9,678","340,264","206,404","28,653","12,421",76.8%,1.128,"162,385",0.3926,"22,826","6,226",13,34,1,12.5,17,4.9,2.73,159,27,30.9,98.3,"247,478","92,786",27.3%,"71,260","21,526",72.2%,"279,155.18","63,752.35","92,804.35",0.273,66.8%,28.84,"2,729.0",187.4,0.477
2210,01/02/2024,2024,Feb,2,Q1,LIPIS,BARAT,MERAPOH,Pinggir Bandar,"15,200",33,"42,607","9,607","318,557","192,138","26,528","10,149",76.8%,1.128,"154,055",0.3852,"21,170","6,565",13,34,1,12.5,18,3,2.75,69,27.5,20,97.9,"228,815","89,742",28.2%,"68,922","20,820",72.3%,"258,103.32","59,341.99","87,076.99",0.273,66.3%,26.87,"2,639.5",185.2,0.484
2211,01/03/2024,2024,Mar,3,Q1,LIPIS,BARAT,MERAPOH,Pinggir Bandar,"15,200",33,"42,607","9,580","362,068","214,447","28,501","10,944",76.8%,1.128,"170,906",0.3823,"21,694","9,092",13,34,1,12.5,17,2.4,2.76,173,28,21.8,96.9,"253,892","108,176",29.9%,"83,079","25,097",76.8%,"286,390.18","65,337.36","96,123.36",0.265,66.4%,29.89,"3,181.6",192.2,0.472
2212,01/04/2024,2024,Apr,4,Q2,LIPIS,BARAT,MERAPOH,Pinggir Bandar,"15,200",33,"42,607","9,739","350,856","209,942","28,567","9,592",76.8%,1.128,"178,427",0.3840,"20,347","10,021",13,34,2,12.5,15,6.9,2.63,155,28.8,,97.8,"248,101","102,755",29.3%,"78,916","23,839",76.9%,"279,857.93","68,515.97","98,883.97",0.282,64.7%,28.74,"3,022.2",194.1,0.509
2213,01/05/2024,2024,May,5,Q2,LIPIS,BARAT,MERAPOH,Pinggir Bandar,"15,200",33,"42,607","9,576","386,845","232,582","30,070","10,561",76.8%,1.128,"211,957",0.3945,"24,405","6,574",13,34,1,12.5,14,3.2,2.96,100,28.9,17.8,98.5,"273,213","113,632",29.4%,"87,269","26,363",82.1%,"308,184.26","83,617.04","114,596.04",0.296,62.8%,32.18,"3,342.1",206.9,0.548
2214,01/06/2024,2024,Jun,6,Q2,LIPIS,BARAT,MERAPOH,Pinggir Bandar,"15,200",33,"42,607","10,557","362,387","208,694","29,707","13,121",76.8%,1.128,"188,904",0.3809,"20,102","7,334",13,34,1,12.5,14,2.2,2,96,28.7,17.3,98.8,"251,522","110,865",30.6%,"85,144","25,721",79.5%,"283,716.82","71,953.53","99,389.53",0.274,65.0%,26.87,"3,260.7",196.8,0.521
2215,01/07/2024,2024,Jul,7,Q3,LIPIS,BARAT,MERAPOH,Pinggir Bandar,"15,200",33,"42,607","9,654","397,770","233,313","32,541","12,690",76.8%,1.128,"192,065",0.3877,"27,661","7,056",13,34,1,12.5,14,3.8,2.9,100,28.2,21.1,100,"278,544","119,226",30.0%,"91,566","27,660",84.4%,"314,197.63","74,463.60","109,180.60",0.274,65.3%,32.55,"3,506.6",210.9,0.483
2216,01/08/2024,2024,Aug,8,Q3,LIPIS,BARAT,MERAPOH,Pinggir Bandar,"15,200",33,"42,607","10,663","363,524","212,125","31,631","9,463",76.8%,1.128,"174,899",0.3913,"19,949","8,900",13,34,2,12.5,11,8.5,2.24,125,27.8,30.1,99.2,"253,219","110,305",30.3%,"84,714","25,591",77.1%,"285,631.03","68,437.98","97,286.98",0.268,65.9%,26.79,"3,244.3",191.7,0.481
2217,01/09/2024,2024,Sep,9,Q3,LIPIS,BARAT,MERAPOH,Pinggir Bandar,"15,200",33,"42,607","10,590","352,935","208,091","32,744","9,762",76.8%,1.128,"171,789",0.3858,"20,313","8,327",13,34,2,12.5,11,9.1,2.21,112,26.9,15.1,96.8,"250,597","102,338",29.0%,"78,596","23,742",77.4%,"282,673.42","66,276.20","94,916.20",0.269,66.4%,26.69,"3,009.9",196.1,0.487
2218,01/10/2024,2024,Oct,10,Q4,LIPIS,BARAT,MERAPOH,Pinggir Bandar,"15,200",33,"42,607","10,692","368,102","219,126","33,499","12,587",76.8%,1.128,"193,147",0.3865,"22,723","11,787",13,34,2,12.5,22,6.4,1.87,302,27.8,24.5,98.6,"265,212","102,890",28.0%,"79,020","23,870",78.1%,"299,159.14","74,651.32","109,161.32",0.297,63.5%,27.98,"3,026.2",200.8,0.525
2219,01/11/2024,2024,Nov,11,Q4,LIPIS,BARAT,MERAPOH,Pinggir Bandar,"15,200",33,"42,607","10,278","318,385","187,432","25,664","9,997",76.8%,1.128,"173,864",0.3771,"20,467","7,903",13,34,1,12.5,14,2.4,2.8,308,27,39.6,99.1,"223,093","95,292",29.9%,"73,184","22,108",69.8%,"251,648.90","65,564.11","93,934.11",0.295,62.7%,24.48,"2,802.7",174.5,0.546
2220,01/12/2024,2024,Dec,12,Q4,LIPIS,BARAT,MERAPOH,Pinggir Bandar,"15,200",33,"42,607","9,839","334,025","196,799","26,571","11,685",76.8%,1.128,"165,772",0.3915,"22,557","5,658",13,34,1,12.5,16,2.5,2.91,426,26.2,41,97,"235,055","98,970",29.6%,"76,009","22,961",70.9%,"265,142.04","64,899.74","93,114.74",0.279,64.9%,26.95,"2,910.9",178.0,0.496
2221,01/01/2025,2025,Jan,1,Q1,LIPIS,BARAT,MERAPOH,Pinggir Bandar,"15,200",34,"43,554","10,086","338,891","203,959","33,189","10,057",76.8%,1.128,"168,356",0.4004,"23,531","7,594",13,34,1,13.5,20,4.6,2.08,167,26.6,34.7,97.7,"247,205","91,686",27.1%,"70,415","21,271",71.9%,"278,847.24","67,409.74","98,534.74",0.291,64.7%,27.65,"2,696.6",183.1,0.497
2222,01/02/2025,2025,Feb,2,Q1,LIPIS,BARAT,MERAPOH,Pinggir Bandar,"15,200",34,"43,554","10,555","312,493","192,823","31,140","8,611",76.8%,1.128,"158,866",0.3956,"16,412","8,917",13,34,1,13.5,13,3.8,2.09,84,26.9,13.5,98.5,"232,574","79,919",25.6%,"61,378","18,541",73.4%,"262,343.47","62,847.39","88,176.39",0.282,66.4%,24.85,"2,350.6",190.7,0.508
2223,01/03/2025,2025,Mar,3,Q1,LIPIS,BARAT,MERAPOH,Pinggir Bandar,"15,200",34,"43,554","10,665","381,047","226,715","31,940","13,146",76.8%,1.128,"196,792",0.4006,"23,896","9,521",13,34,2,13.5,11,6.3,2.35,169,27.6,14.8,97.7,"271,801","109,246",28.7%,"83,901","25,345",80.9%,"306,591.53","78,834.88","112,251.88",0.295,63.4%,28.75,"3,213.1",201.3,0.516
2224,01/04/2025,2025,Apr,4,Q2,LIPIS,BARAT,MERAPOH,Pinggir Bandar,"15,200",34,"43,554","10,378","357,697","216,078","29,183","9,483",76.8%,1.128,"189,635",0.3945,"18,632","6,779",13,34,1,13.5,12,3.5,2.35,104,27.7,14.7,98.8,"254,744","102,953",28.8%,"79,068","23,885",78.4%,"287,351.23","74,811.01","100,222.01",0.280,65.1%,27.69,"3,028.0",195.0,0.530
2225,01/05/2025,2025,May,5,Q2,LIPIS,BARAT,MERAPOH,Pinggir Bandar,"15,200",34,"43,554","10,518","409,360","257,472","32,683","11,483",76.8%,1.128,"219,022",0.3946,"23,860","6,714",13,34,1,13.5,8,4.5,2.78,154,28.5,20.1,98.7,"301,638","107,722",26.3%,"82,730","24,992",86.9%,"340,247.66","86,426.08","117,000.08",0.286,65.6%,32.35,"3,168.3",223.4,0.535
2226,01/06/2025,2025,Jun,6,Q2,LIPIS,BARAT,MERAPOH,Pinggir Bandar,"15,200",34,"43,554","10,437","396,769","244,579","39,004","12,553",76.8%,1.128,"196,935",0.4044,"21,869","6,335",13,34,1,13.5,20,4.6,3.03,140,27.8,22.9,98,"296,136","100,633",25.4%,"77,286","23,347",87.0%,"334,041.41","79,640.51","107,844.51",0.272,67.7%,32.01,"2,959.8",226.6,0.496
2227,01/07/2025,2025,Jul,7,Q3,LIPIS,BARAT,MERAPOH,Pinggir Bandar,"15,200",34,"43,554","10,031","398,662","244,219","37,958","15,248",76.8%,1.128,"219,638",0.4088,"23,161","10,274",13,34,2,13.5,22,7.7,2.56,73,27.2,21.5,99.4,"297,425","101,237",25.4%,"77,750","23,487",84.6%,"335,495.40","89,788.01","123,223.01",0.309,63.3%,33.45,"2,977.6",220.3,0.551
2228,01/08/2025,2025,Aug,8,Q3,LIPIS,BARAT,MERAPOH,Pinggir Bandar,"15,200",34,"43,554","10,856","392,433","232,979","37,321","13,248",76.8%,1.128,"207,524",0.3932,"26,901","6,454",13,34,1,13.5,11,3.8,2.18,157,28.2,23.2,98.3,"283,548","108,885",27.7%,"83,624","25,261",83.3%,"319,842.14","81,598.44","114,953.44",0.293,64.1%,29.46,"3,202.5",210.0,0.529
2229,01/09/2025,2025,Sep,9,Q3,LIPIS,BARAT,MERAPOH,Pinggir Bandar,"15,200",34,"43,554","10,130","374,674","222,418","37,148","14,065",76.8%,1.128,"189,400",0.4029,"23,899","10,686",13,34,2,13.5,20,4,2.04,100,27.3,23.2,98.3,"273,631","101,043",27.0%,"77,601","23,442",82.2%,"308,655.77","76,309.26","110,894.26",0.296,64.1%,30.47,"2,971.9",209.4,0.506
2230,01/10/2025,2025,Oct,10,Q4,LIPIS,BARAT,MERAPOH,Pinggir Bandar,"15,200",34,"43,554","10,360","355,663","211,578","29,871","13,190",76.8%,1.128,"178,669",0.3891,"22,475","6,656",13,34,1,13.5,15,4.1,2.47,289,27.6,36.9,96.5,"254,639","101,024",28.4%,"77,586","23,438",75.5%,"287,232.79","69,520.11","98,651.11",0.277,65.7%,27.73,"2,971.3",188.6,0.502
2231,01/11/2025,2025,Nov,11,Q4,LIPIS,BARAT,MERAPOH,Pinggir Bandar,"15,200",34,"43,554","10,377","340,711","197,592","32,533","10,129",76.8%,1.128,"171,497",0.3890,"23,139","7,849",13,34,2,13.5,12,5.5,2.36,348,27.1,42.2,98.8,"240,254","100,457",29.5%,"77,151","23,306",74.7%,"271,006.51","66,712.33","97,700.33",0.287,63.9%,26.12,"2,954.6",183.9,0.503
2232,01/12/2025,2025,Dec,12,Q4,LIPIS,BARAT,MERAPOH,Pinggir Bandar,"15,200",34,"43,554","9,862","355,391","211,808","28,534","13,160",76.8%,1.128,"178,801",0.3953,"20,912","8,420",13,34,2,13.5,9,8.5,1.85,219,26.3,24.9,98.1,"253,502","101,889",28.7%,"78,251","23,638",75.4%,"285,950.26","70,680.04","100,012.04",0.281,65.0%,29.00,"2,996.7",187.8,0.503
2233,01/01/2023,2023,Jan,1,Q1,LIPIS,BARAT,SG TEMAU,Pinggir Bandar,"19,100",14,"46,226","10,706","382,670","199,659","44,912","19,872",66.5%,1.200,"146,156",0.3672,"18,020","12,237",15,38,2,13,13,9.1,1.85,119,27.1,30.4,98.2,"264,443","118,227",30.9%,"78,621","39,606",64.6%,"317,331.60","53,668.48","83,925.48",0.219,73.6%,29.64,"3,111.2",184.5,0.382
2234,01/02/2023,2023,Feb,2,Q1,LIPIS,BARAT,SG TEMAU,Pinggir Bandar,"19,100",14,"46,226","10,974","365,503","191,654","38,614","17,702",66.5%,1.200,"124,599",0.3798,"21,917","9,323",15,38,1,13,12,3.4,3.1,139,27.6,,97.6,"247,970","117,533",32.2%,"78,159","39,374",68.3%,"297,564.00","47,322.70","78,562.70",0.215,73.6%,27.12,"3,093.0",191.6,0.341
2235,01/03/2023,2023,Mar,3,Q1,LIPIS,BARAT,SG TEMAU,Pinggir Bandar,"19,100",14,"46,226","10,415","384,377","193,823","37,694","20,459",66.5%,1.200,"142,932",0.3809,"17,621","9,205",15,38,1,13,8,2.2,3.04,110,28.4,22.3,97.5,"251,976","132,401",34.4%,"88,047","44,354",64.9%,"302,371.20","54,442.80","81,268.80",0.211,73.1%,29.03,"3,484.2",175.8,0.372
2236,01/04/2023,2023,Apr,4,Q2,LIPIS,BARAT,SG TEMAU,Pinggir Bandar,"19,100",14,"46,226","11,547","408,951","202,056","46,871","22,656",66.5%,1.200,"140,891",0.3702,"20,970","8,223",15,38,2,13,14,6,,195,27.9,30.7,98.6,"271,583","137,368",33.6%,"91,350","46,018",71.4%,"325,899.60","52,157.85","81,350.85",0.199,75.0%,28.22,"3,614.9",195.8,0.345
2237,01/05/2023,2023,May,5,Q2,LIPIS,BARAT,SG TEMAU,Pinggir Bandar,"19,100",14,"46,226","11,361","409,269","221,213","41,389","22,607",66.5%,1.200,"142,194",0.3813,"20,860","8,031",15,38,1,13,9,3.8,3.09,153,27.9,15.6,98.8,"285,209","124,060",30.3%,"82,500","41,560",69.1%,"342,250.80","54,218.57","83,109.57",0.203,75.7%,30.13,"3,264.7",199.0,0.347
2238,01/06/2023,2023,Jun,6,Q2,LIPIS,BARAT,SG TEMAU,Pinggir Bandar,"19,100",14,"46,226","11,030","421,445","211,762","40,226","24,126",66.5%,1.200,"143,950",0.3798,"19,922","7,589",15,38,1,13,10,3.7,3.19,134,28.7,29.6,96.9,"276,114","145,331",34.5%,"96,645","48,686",73.6%,"331,336.80","54,672.21","82,183.21",0.195,75.2%,30.04,"3,824.5",199.1,0.342
2239,01/07/2023,2023,Jul,7,Q3,LIPIS,BARAT,SG TEMAU,Pinggir Bandar,"19,100",14,"46,226","11,444","425,114","208,522","45,537","27,129",66.5%,1.200,"161,491",0.3828,"22,269","9,359",15,38,1,13,14,3.3,2.2,126,27.3,28.3,98.1,"281,188","143,926",33.9%,"95,711","48,215",71.8%,"337,425.60","61,818.75","93,446.75",0.220,72.3%,29.48,"3,787.5",196.2,0.380
2240,01/08/2023,2023,Aug,8,Q3,LIPIS,BARAT,SG TEMAU,Pinggir Bandar,"19,100",14,"46,226","10,582","415,250","205,452","48,386","24,690",66.5%,1.200,"141,193",0.3706,"19,495","12,809",15,38,2,13,18,9.1,3.18,173,27.3,29.1,97.2,"278,528","136,722",32.9%,"90,920","45,802",70.1%,"334,233.60","52,326.13","84,630.13",0.204,74.7%,31.59,"3,597.9",194.4,0.340
2241,01/09/2023,2023,Sep,9,Q3,LIPIS,BARAT,SG TEMAU,Pinggir Bandar,"19,100",14,"46,226","10,521","399,485","201,514","41,872","26,758",66.5%,1.200,"141,905",0.3805,"20,219","12,796",15,38,2,13,16,6.1,1.94,115,27.4,17.8,99.4,"270,144","129,341",32.4%,"86,012","43,329",69.7%,"324,172.80","53,994.85","87,009.85",0.218,73.2%,30.81,"3,403.7",194.8,0.355
2242,01/10/2023,2023,Oct,10,Q4,LIPIS,BARAT,SG TEMAU,Pinggir Bandar,"19,100",14,"46,226","11,622","385,160","193,451","45,675","22,324",66.5%,1.200,"148,132",0.3678,"19,486","7,114",15,38,1,13,21,2.6,2.06,287,26.7,19.2,97.6,"261,450","123,710",32.1%,"82,267","41,443",65.0%,"313,740.00","54,482.95","81,082.95",0.211,74.2%,27.00,"3,255.5",182.4,0.385
2243,01/11/2023,2023,Nov,11,Q4,LIPIS,BARAT,SG TEMAU,Pinggir Bandar,"19,100",14,"46,226","11,641","347,872","175,252","37,978","22,006",66.5%,1.200,"133,114",0.3652,"20,711","9,859",15,38,2,13,13,4.1,2.6,272,27.4,37.1,96.8,"235,236","112,636",32.4%,"74,903","37,733",60.7%,"282,283.20","48,613.23","79,183.23",0.228,71.9%,24.25,"2,964.1",169.6,0.383
2244,01/12/2023,2023,Dec,12,Q4,LIPIS,BARAT,SG TEMAU,Pinggir Bandar,"19,100",14,"46,226","10,708","389,421","209,935","38,599","19,785",66.5%,1.200,"132,865",0.3810,"17,753","8,195",15,38,1,13,10,4.3,2.07,313,26.4,25.6,99.5,"268,319","121,102",31.1%,"80,533","40,569",65.8%,"321,982.80","50,621.57","76,569.57",0.197,76.2%,30.07,"3,186.9",187.2,0.341
2245,01/01/2024,2024,Jan,1,Q1,LIPIS,BARAT,SG TEMAU,Pinggir Bandar,"19,100",15,"47,210","10,933","400,953","200,173","41,483","24,535",66.5%,1.200,"147,146",0.3779,"21,772","12,624",15,38,2,14,17,9.3,2.52,95,27.2,26,99.4,"266,191","134,762",33.6%,"89,617","45,145",67.7%,"319,429.20","55,606.47","90,002.47",0.224,71.8%,29.22,"3,546.4",181.9,0.367
2246,01/02/2024,2024,Feb,2,Q1,LIPIS,BARAT,SG TEMAU,Pinggir Bandar,"19,100",15,"47,210","10,607","356,640","185,046","37,894","22,240",66.5%,1.200,"127,065",0.3869,"16,516","11,164",15,38,2,14,25,7.3,1.98,147,27.9,15.9,98,"245,180","111,460",31.3%,"74,121","37,339",64.4%,"294,216.00","49,161.45","76,841.45",0.215,73.9%,27.74,"2,933.2",179.1,0.356
2247,01/03/2024,2024,Mar,3,Q1,LIPIS,BARAT,SG TEMAU,Pinggir Bandar,"19,100",15,"47,210","10,729","408,820","212,631","50,431","24,845",66.5%,1.200,"149,794",0.3839,"19,930","8,783",15,38,1,14,18,2.4,2.2,187,27.8,28.9,96.6,"287,907","120,913",29.6%,"80,407","40,506",69.0%,"345,488.40","57,505.92","86,218.92",0.211,75.0%,32.20,"3,181.9",196.7,0.366
2248,01/04/2024,2024,Apr,4,Q2,LIPIS,BARAT,SG TEMAU,Pinggir Bandar,"19,100",15,"47,210","10,997","420,298","221,747","44,383","23,616",66.5%,1.200,"140,316",0.3871,"24,248","8,030",15,38,1,14,11,3.3,2.35,216,28.9,33.6,99.7,"289,746","130,552",31.1%,"86,817","43,735",73.4%,"347,695.20","54,316.32","86,594.32",0.206,75.1%,31.62,"3,435.6",204.6,0.334
2249,01/05/2024,2024,May,5,Q2,LIPIS,BARAT,SG TEMAU,Pinggir Bandar,"19,100",15,"47,210","11,820","423,098","216,835","42,582","22,598",66.5%,1.200,"154,157",0.3965,"22,929","8,775",15,38,1,14,20,3,2.57,101,28.2,24.8,96.8,"282,015","141,083",33.3%,"93,820","47,263",71.5%,"338,418.00","61,123.25","92,827.25",0.219,72.6%,28.63,"3,712.7",192.7,0.364
2250,01/06/2024,2024,Jun,6,Q2,LIPIS,BARAT,SG TEMAU,Pinggir Bandar,"19,100",15,"47,210","11,758","394,564","207,386","40,275","19,624",66.5%,1.200,"147,845",0.3886,"21,804","7,656",15,38,1,14,19,2,2.43,145,28.3,18,98.1,"267,285","127,279",32.3%,"84,641","42,638",68.9%,"320,742.00","57,452.57","86,912.57",0.220,72.9%,27.28,"3,349.4",188.7,0.375
2251,01/07/2024,2024,Jul,7,Q3,LIPIS,BARAT,SG TEMAU,Pinggir Bandar,"19,100",15,"47,210","10,615","406,636","205,353","45,717","22,930",66.5%,1.200,"153,630",0.3873,"22,386","9,274",15,38,1,14,14,3.6,2.38,131,27.4,24.9,97.8,"274,000","132,636",32.6%,"88,203","44,433",68.7%,"328,800.00","59,500.90","91,160.90",0.224,72.3%,30.98,"3,490.4",187.2,0.378
2252,01/08/2024,2024,Aug,8,Q3,LIPIS,BARAT,SG TEMAU,Pinggir Bandar,"19,100",15,"47,210","11,615","415,997","207,200","47,959","20,710",66.5%,1.200,"150,657",0.3852,"21,741","11,593",15,38,2,14,11,7.7,2.97,168,27.2,23.7,96.8,"275,869","140,128",33.7%,"93,185","46,943",70.3%,"331,042.80","58,033.08","91,367.08",0.220,72.4%,28.50,"3,687.6",188.5,0.362
2253,01/09/2024,2024,Sep,9,Q3,LIPIS,BARAT,SG TEMAU,Pinggir Bandar,"19,100",15,"47,210","11,060","390,476","200,555","42,428","26,406",66.5%,1.200,"137,858",0.3899,"19,703","13,075",15,38,2,14,24,9.7,2.54,172,27.1,34.4,96.6,"269,389","121,087",31.0%,"80,523","40,564",68.1%,"323,266.80","53,750.83","86,528.83",0.222,73.2%,29.23,"3,186.5",190.2,0.353
2254,01/10/2024,2024,Oct,10,Q4,LIPIS,BARAT,SG TEMAU,Pinggir Bandar,"19,100",15,"47,210","11,396","399,208","202,665","40,431","25,800",66.5%,1.200,"155,107",0.3782,"18,840","8,644",15,38,1,14,19,4.2,2.81,151,26.8,21.1,98.5,"268,896","130,312",32.6%,"86,657","43,655",67.4%,"322,675.20","58,661.47","86,145.47",0.216,73.3%,28.31,"3,429.3",183.7,0.389
2255,01/11/2024,2024,Nov,11,Q4,LIPIS,BARAT,SG TEMAU,Pinggir Bandar,"19,100",15,"47,210","11,682","373,529","188,968","39,655","23,020",66.5%,1.200,"145,428",0.3839,"17,727","9,557",15,38,2,14,23,9.8,2.62,342,26.9,44.8,97.5,"251,643","121,886",32.6%,"81,054","40,832",65.2%,"301,971.60","55,829.81","83,113.81",0.223,72.5%,25.85,"3,207.5",177.7,0.389
2256,01/12/2024,2024,Dec,12,Q4,LIPIS,BARAT,SG TEMAU,Pinggir Bandar,"19,100",15,"47,210","10,724","383,151","197,197","40,773","19,013",66.5%,1.200,"145,490",0.3912,"17,947","9,147",15,38,1,14,21,2.5,1.92,326,27,38.5,99.9,"256,983","126,168",32.9%,"83,902","42,266",64.7%,"308,379.60","56,915.69","84,009.69",0.219,72.8%,28.76,"3,320.2",175.6,0.380
2257,01/01/2025,2025,Jan,1,Q1,LIPIS,BARAT,SG TEMAU,Pinggir Bandar,"19,100",16,"48,220","12,090","392,465","219,018","42,210","19,900",66.5%,1.200,"145,724",0.4078,"21,626","10,589",15,38,2,15,17,4.2,2.91,194,27,22.4,97.7,"281,128","111,337",28.4%,"74,039","37,298",66.3%,"337,353.60","59,426.25","91,641.25",0.234,72.8%,27.90,"2,929.9",188.1,0.371
2258,01/02/2025,2025,Feb,2,Q1,LIPIS,BARAT,SG TEMAU,Pinggir Bandar,"19,100",16,"48,220","12,136","347,780","179,926","39,665","23,525",66.5%,1.200,"134,843",0.3926,"19,811","7,821",15,38,1,15,14,4.6,2.16,79,26.8,15.7,98.9,"243,116","104,664",30.1%,"69,602","35,062",65.0%,"291,739.20","52,939.36","80,571.36",0.232,72.4%,24.04,"2,754.3",180.1,0.388
2259,01/03/2025,2025,Mar,3,Q1,LIPIS,BARAT,SG TEMAU,Pinggir Bandar,"19,100",16,"48,220","11,202","420,108","227,774","43,810","20,766",66.5%,1.200,"140,350",0.3893,"19,194","8,806",15,38,1,15,17,2.4,2.28,102,27.5,26.4,99.9,"292,350","127,758",30.4%,"84,959","42,799",71.0%,"350,820.00","54,638.26","82,638.26",0.197,76.4%,31.32,"3,362.1",195.6,0.334
2260,01/04/2025,2025,Apr,4,Q2,LIPIS,BARAT,SG TEMAU,Pinggir Bandar,"19,100",16,"48,220","11,201","399,843","214,969","46,864","25,420",66.5%,1.200,"146,955",0.3971,"23,428","8,007",15,38,1,15,12,4.1,3.39,163,27.7,23.2,97.8,"287,253","112,590",28.2%,"74,872","37,718",69.8%,"344,703.60","58,355.83","89,790.83",0.225,74.0%,30.77,"2,962.9",198.6,0.368
2261,01/05/2025,2025,May,5,Q2,LIPIS,BARAT,SG TEMAU,Pinggir Bandar,"19,100",16,"48,220","11,884","455,282","233,016","54,703","24,875",66.5%,1.200,"171,726",0.3912,"26,649","8,810",15,38,2,15,14,6.3,,180,28.9,32.3,97.5,"312,594","142,688",31.3%,"94,888","47,800",76.9%,"375,112.80","67,179.21","102,638.21",0.225,72.6%,31.56,"3,754.9",209.1,0.377
2262,01/06/2025,2025,Jun,6,Q2,LIPIS,BARAT,SG TEMAU,Pinggir Bandar,"19,100",16,"48,220","11,785","434,288","213,238","51,426","29,055",66.5%,1.200,"155,196",0.3924,"24,720","8,907",15,38,2,15,17,7.3,1.86,82,28.5,23.1,98,"293,719","140,569",32.4%,"93,478","47,091",75.8%,"352,462.80","60,898.91","94,525.91",0.218,73.2%,29.91,"3,699.2",203.0,0.357
2263,01/07/2025,2025,Jul,7,Q3,LIPIS,BARAT,SG TEMAU,Pinggir Bandar,"19,100",16,"48,220","11,796","444,698","243,253","45,374","25,044",66.5%,1.200,"153,381",0.3959,"26,465","12,495",15,38,2,15,12,9.5,2.49,141,28.5,29.2,99.1,"313,671","131,027",29.5%,"87,133","43,894",75.1%,"376,405.20","60,723.54","99,683.54",0.224,73.5%,31.91,"3,448.1",209.8,0.345
2264,01/08/2025,2025,Aug,8,Q3,LIPIS,BARAT,SG TEMAU,Pinggir Bandar,"19,100",16,"48,220","12,117","410,588","219,291","50,668","28,303",66.5%,1.200,"141,046",0.4056,"23,832","9,623",15,38,1,15,15,4.3,1.85,115,27.6,28.2,98,"298,262","112,326",27.4%,"74,697","37,629",69.3%,"357,914.40","57,208.26","90,663.26",0.221,74.7%,29.54,"2,955.9",199.5,0.344
2265,01/09/2025,2025,Sep,9,Q3,LIPIS,BARAT,SG TEMAU,Pinggir Bandar,"19,100",16,"48,220","11,724","377,970","200,166","40,292","21,622",66.5%,1.200,"145,688",0.4061,"20,211","7,946",15,38,2,15,17,8,3.11,121,27.6,22.7,98.1,"262,080","115,890",30.7%,"77,067","38,823",66.0%,"314,496.00","59,163.90","87,320.90",0.231,72.2%,26.82,"3,049.7",181.2,0.385
2266,01/10/2025,2025,Oct,10,Q4,LIPIS,BARAT,SG TEMAU,Pinggir Bandar,"19,100",16,"48,220","11,034","411,974","209,780","48,953","26,531",66.5%,1.200,"156,781",0.4073,"22,787","7,993",15,38,2,15,19,5.7,3.26,176,27,23.8,96.6,"285,264","126,710",30.8%,"84,262","42,448",69.6%,"342,316.80","63,856.90","94,636.90",0.230,72.4%,31.02,"3,334.5",190.8,0.381
2267,01/11/2025,2025,Nov,11,Q4,LIPIS,BARAT,SG TEMAU,Pinggir Bandar,"19,100",16,"48,220","11,036","398,905","215,849","47,171","27,414",66.5%,1.200,"133,057",0.3905,"21,314","6,038",15,38,1,15,14,2.4,2.73,360,26.4,46.4,96.5,"290,434","108,471",27.2%,"72,133","36,338",69.6%,"348,520.80","51,958.76","79,310.76",0.199,77.2%,31.58,"2,854.5",200.8,0.334
2268,01/12/2025,2025,Dec,12,Q4,LIPIS,BARAT,SG TEMAU,Pinggir Bandar,"19,100",16,"48,220","11,833","396,939","202,448","46,942","21,659",66.5%,1.200,"136,460",0.3903,"19,296","7,869",15,38,1,15,15,3.7,1.8,427,26.5,37.9,99.9,"271,049","125,890",31.7%,"83,717","42,173",67.0%,"325,258.80","53,260.34","80,425.34",0.203,75.3%,27.49,"3,312.9",181.3,0.344
2269,01/01/2023,2023,Jan,1,Q1,LIPIS,BARAT,KECHAU,Pinggir Bandar,"24,500",20,"62,704","15,149","526,009","253,670","31,792","14,451",59.2%,1.204,"176,614",0.3783,"41,787","13,737",14,49,2,12.9,19,9.2,2.57,90,26.7,26.4,97,"299,913","226,096",43.0%,"133,849","92,247",69.3%,"361,095.25","66,813.08","122,337.08",0.233,66.1%,23.84,"4,614.2",154.3,0.336
2270,01/02/2023,2023,Feb,2,Q1,LIPIS,BARAT,KECHAU,Pinggir Bandar,"24,500",20,"62,704","14,894","447,904","201,207","22,178","12,370",59.2%,1.204,"155,794",0.3815,"30,427","11,899",14,49,3,12.9,32,7.5,2.69,85,27.8,25.5,97,"235,755","212,149",47.4%,"125,592","86,557",65.3%,"283,849.02","59,435.41","101,761.41",0.227,64.1%,19.06,"4,329.6",134.3,0.348
2271,01/03/2023,2023,Mar,3,Q1,LIPIS,BARAT,KECHAU,Pinggir Bandar,"24,500",20,"62,704","15,816","524,174","252,632","30,140","14,146",59.2%,1.204,"181,672",0.3713,"47,429","9,017",14,49,1,12.9,15,2.4,2.76,162,27.1,31.4,98.1,"296,918","227,256",43.4%,"134,536","92,720",69.0%,"357,489.27","67,454.81","123,900.81",0.236,65.3%,22.60,"4,637.9",152.7,0.347
2272,01/04/2023,2023,Apr,4,Q2,LIPIS,BARAT,KECHAU,Pinggir Bandar,"24,500",20,"62,704","14,930","544,903","263,358","36,784","15,840",59.2%,1.204,"190,589",0.3760,"41,182","10,853",14,49,1,12.9,9,3.4,2.57,127,28.3,27.9,99.9,"315,982","228,921",42.0%,"135,521","93,400",74.1%,"380,442.33","71,661.46","123,696.46",0.227,67.5%,25.48,"4,671.9",168.0,0.350
2273,01/05/2023,2023,May,5,Q2,LIPIS,BARAT,KECHAU,Pinggir Bandar,"24,500",20,"62,704","14,952","581,361","259,173","32,834","14,348",59.2%,1.204,"190,406",0.3822,"42,159","13,329",14,49,3,12.9,29,11.8,2.97,133,28.7,22.6,97,"306,355","275,006",47.3%,"162,804","112,202",76.5%,"368,851.42","72,773.17","128,261.17",0.221,65.2%,24.67,"5,612.4",157.6,0.328
2274,01/06/2023,2023,Jun,6,Q2,LIPIS,BARAT,KECHAU,Pinggir Bandar,"24,500",20,"62,704","14,734","542,935","262,357","31,185","17,358",59.2%,1.204,"196,889",0.3802,"42,374","9,524",14,49,2,12.9,16,5.6,2.68,109,28.4,27.9,99.2,"310,900","232,035",42.7%,"137,365","94,670",73.9%,"374,323.60","74,857.20","126,755.20",0.233,66.1%,25.41,"4,735.4",165.3,0.363
2275,01/07/2023,2023,Jul,7,Q3,LIPIS,BARAT,KECHAU,Pinggir Bandar,"24,500",20,"62,704","14,708","570,189","255,882","30,865","13,883",59.2%,1.204,"191,456",0.3754,"39,683","13,594",14,49,2,12.9,22,6.9,2.12,108,26.9,21.9,98.4,"300,630","269,559",47.3%,"159,579","109,980",75.1%,"361,958.52","71,872.58","125,149.58",0.219,65.4%,24.61,"5,501.2",154.7,0.336
2276,01/08/2023,2023,Aug,8,Q3,LIPIS,BARAT,KECHAU,Pinggir Bandar,"24,500",20,"62,704","14,282","578,091","253,237","34,597","16,289",59.2%,1.204,"190,777",0.3789,"52,496","11,744",14,49,3,12.9,16,13.1,2.8,134,27.1,23.1,97.1,"304,123","273,968",47.4%,"162,189","111,779",76.1%,"366,164.09","72,285.41","136,525.41",0.236,62.7%,25.64,"5,591.2",156.5,0.330
2277,01/09/2023,2023,Sep,9,Q3,LIPIS,BARAT,KECHAU,Pinggir Bandar,"24,500",20,"62,704","14,446","500,535","238,456","29,853","15,966",59.2%,1.204,"172,125",0.3710,"37,043","11,601",14,49,2,12.9,27,3.9,2.33,205,27.2,24.3,97.8,"284,275","216,260",43.2%,"128,026","88,234",68.1%,"342,267.10","63,858.38","112,502.38",0.225,67.1%,23.69,"4,413.5",151.1,0.344
2278,01/10/2023,2023,Oct,10,Q4,LIPIS,BARAT,KECHAU,Pinggir Bandar,"24,500",20,"62,704","14,179","522,222","248,885","29,099","15,166",59.2%,1.204,"165,159",0.3821,"47,421","7,946",14,49,1,12.9,14,4.3,2.89,258,26.6,29.2,98.2,"293,150","229,072",43.9%,"135,611","93,461",68.8%,"352,952.60","63,107.25","118,474.25",0.227,66.4%,24.89,"4,674.9",150.8,0.316
2279,01/11/2023,2023,Nov,11,Q4,LIPIS,BARAT,KECHAU,Pinggir Bandar,"24,500",20,"62,704","14,805","471,152","218,613","30,508","16,253",59.2%,1.204,"157,547",0.3760,"39,760","12,596",14,49,3,12.9,34,8.4,2.58,340,26.3,35.2,99.5,"265,374","205,778",43.7%,"121,821","83,957",64.1%,"319,510.30","59,237.67","111,593.67",0.237,65.1%,21.58,"4,199.6",141.1,0.334
2280,01/12/2023,2023,Dec,12,Q4,LIPIS,BARAT,KECHAU,Pinggir Bandar,"24,500",20,"62,704","14,630","521,993","244,338","27,555","15,773",59.2%,1.204,"190,163",0.3669,"37,756","8,592",14,49,1,12.9,25,4.9,1.74,384,26.4,42.3,97.3,"287,666","234,327",44.9%,"138,722","95,605",68.7%,"346,349.86","69,770.80","116,118.80",0.222,66.5%,23.67,"4,782.2",148.0,0.364
2281,01/01/2024,2024,Jan,1,Q1,LIPIS,BARAT,KECHAU,Pinggir Bandar,"24,500",21,"64,098","14,687","496,447","239,773","27,095","15,149",59.2%,1.204,"159,516",0.3841,"45,183","7,698",14,49,1,13.9,25,3,2.14,91,27.4,20.3,98.9,"282,017","214,430",43.2%,"126,943","87,487",65.4%,"339,548.47","61,270.10","114,151.10",0.230,66.4%,23.12,"4,376.1",141.9,0.321
2282,01/02/2024,2024,Feb,2,Q1,LIPIS,BARAT,KECHAU,Pinggir Bandar,"24,500",21,"64,098","14,919","505,140","242,810","33,037","14,871",59.2%,1.204,"166,523",0.3930,"43,232","11,140",14,49,3,13.9,25,7.6,2.54,92,27.7,14.6,98.2,"290,718","214,422",42.4%,"126,938","87,484",71.1%,"350,024.47","65,443.54","119,815.54",0.237,65.8%,23.46,"4,376.0",156.4,0.330
2283,01/03/2024,2024,Mar,3,Q1,LIPIS,BARAT,KECHAU,Pinggir Bandar,"24,500",21,"64,098","15,982","534,402","253,414","29,749","14,743",59.2%,1.204,"170,758",0.3822,"40,850","9,975",14,49,2,13.9,14,4.5,2.95,152,28,31.1,98.7,"297,906","236,496",44.3%,"140,006","96,490",70.4%,"358,678.82","65,263.71","116,088.71",0.217,67.6%,22.44,"4,826.4",149.9,0.320
2284,01/04/2024,2024,Apr,4,Q2,LIPIS,BARAT,KECHAU,Pinggir Bandar,"24,500",21,"64,098","15,153","548,640","274,857","37,056","18,237",59.2%,1.204,"189,157",0.3824,"45,131","11,028",14,49,2,13.9,13,8,2.2,157,28.3,17.1,99.9,"330,150","218,490",39.8%,"129,346","89,144",74.6%,"397,500.60","72,333.64","128,492.64",0.234,67.7%,26.23,"4,459.0",171.7,0.345
2285,01/05/2024,2024,May,5,Q2,LIPIS,BARAT,KECHAU,Pinggir Bandar,"24,500",21,"64,098","14,681","558,386","281,553","31,530","16,014",59.2%,1.204,"204,205",0.3955,"47,313","10,571",14,49,1,13.9,22,3.4,2.8,99,29,17.9,97.3,"329,097","229,289",41.1%,"135,739","93,550",73.5%,"396,232.79","80,763.08","138,647.08",0.248,65.0%,26.99,"4,679.4",165.6,0.366
2286,01/06/2024,2024,Jun,6,Q2,LIPIS,BARAT,KECHAU,Pinggir Bandar,"24,500",21,"64,098","16,162","531,419","265,007","29,894","14,834",59.2%,1.204,"169,543",0.3922,"42,864","13,700",14,49,3,13.9,27,14.3,2.2,80,28.4,14.5,97.8,"309,735","221,684",41.7%,"131,237","90,447",72.3%,"372,920.94","66,494.76","123,058.76",0.232,67.0%,23.07,"4,524.2",161.1,0.319
2287,01/07/2024,2024,Jul,7,Q3,LIPIS,BARAT,KECHAU,Pinggir Bandar,"24,500",21,"64,098","14,493","605,367","288,399","36,574","19,221",59.2%,1.204,"204,785",0.3970,"41,305","7,100",14,49,1,13.9,26,3.2,3.24,71,27.4,20.1,99.1,"344,194","261,173",43.1%,"154,614","106,559",79.7%,"414,409.58","81,299.65","129,704.65",0.214,68.7%,28.59,"5,330.1",173.2,0.338
2288,01/08/2024,2024,Aug,8,Q3,LIPIS,BARAT,KECHAU,Pinggir Bandar,"24,500",21,"64,098","14,910","561,948","275,631","35,858","19,711",59.2%,1.204,"189,842",0.3900,"44,643","14,143",14,49,2,13.9,24,4.8,3.25,75,28,24.7,99.7,"331,200","230,748",41.1%,"136,603","94,145",74.0%,"398,764.80","74,038.38","132,824.38",0.236,66.7%,26.74,"4,709.1",166.7,0.338
2289,01/09/2024,2024,Sep,9,Q3,LIPIS,BARAT,KECHAU,Pinggir Bandar,"24,500",21,"64,098","14,650","528,966","249,780","28,786","13,951",59.2%,1.204,"166,783",0.3828,"48,061","8,615",14,49,1,13.9,20,2.3,2.86,100,27.4,24.4,100,"292,517","236,449",44.7%,"139,978","96,471",72.0%,"352,190.47","63,844.53","120,520.53",0.228,65.8%,24.04,"4,825.5",152.1,0.315
2290,01/10/2024,2024,Oct,10,Q4,LIPIS,BARAT,KECHAU,Pinggir Bandar,"24,500",21,"64,098","15,753","545,250","251,885","34,603","16,875",59.2%,1.204,"185,296",0.3864,"43,368","9,675",14,49,1,13.9,30,4,2.31,193,27,14.3,99.4,"303,363","241,887",44.4%,"143,197","98,690",71.8%,"365,249.05","71,598.37","124,641.37",0.229,65.9%,23.19,"4,936.5",152.7,0.340
2291,01/11/2024,2024,Nov,11,Q4,LIPIS,BARAT,KECHAU,Pinggir Bandar,"24,500",21,"64,098","15,140","513,948","247,036","32,249","17,970",59.2%,1.204,"181,565",0.3784,"35,045","14,261",14,49,3,13.9,28,8.9,2.89,212,27.1,20.4,99.4,"297,255","216,693",42.2%,"128,282","88,411",69.9%,"357,895.02","68,704.20","118,010.20",0.230,67.0%,23.64,"4,422.3",154.6,0.353
2292,01/12/2024,2024,Dec,12,Q4,LIPIS,BARAT,KECHAU,Pinggir Bandar,"24,500",21,"64,098","15,587","517,207","249,970","34,242","14,551",59.2%,1.204,"186,934",0.3790,"41,908","10,112",14,49,1,13.9,25,3.2,2.95,431,27.1,26.9,99.5,"298,763","218,444",42.2%,"129,319","89,125",68.1%,"359,710.65","70,847.99","122,867.99",0.238,65.8%,23.08,"4,458.0",150.4,0.361
2293,01/01/2025,2025,Jan,1,Q1,LIPIS,BARAT,KECHAU,Pinggir Bandar,"24,500",22,"65,520","15,521","509,675","257,398","30,809","13,018",59.2%,1.204,"182,732",0.4028,"42,851","12,384",14,49,2,14.9,14,8,2.61,117,27.6,,98.6,"301,225","208,450",40.9%,"123,402","85,048",67.1%,"362,674.90","73,604.45","128,839.45",0.253,64.5%,23.37,"4,254.1",148.3,0.359
2294,01/02/2025,2025,Feb,2,Q1,LIPIS,BARAT,KECHAU,Pinggir Bandar,"24,500",22,"65,520","16,131","482,501","230,039","32,231","16,334",59.2%,1.204,"162,271",0.3915,"36,438","9,880",14,49,1,14.9,11,4,2.22,136,27.8,25.5,98.9,"278,604","203,897",42.3%,"120,707","83,190",70.3%,"335,439.22","63,529.10","109,847.10",0.228,67.3%,20.79,"4,161.2",151.9,0.336
2295,01/03/2025,2025,Mar,3,Q1,LIPIS,BARAT,KECHAU,Pinggir Bandar,"24,500",22,"65,520","15,685","534,206","258,358","27,517","14,481",59.2%,1.204,"170,839",0.3942,"43,265","9,453",14,49,2,14.9,16,7.4,1.76,93,28.1,16.4,96.5,"300,356","233,850",43.8%,"138,439","95,411",70.3%,"361,628.62","67,344.73","120,062.73",0.225,66.8%,23.06,"4,772.4",147.9,0.320
2296,01/04/2025,2025,Apr,4,Q2,LIPIS,BARAT,KECHAU,Pinggir Bandar,"24,500",22,"65,520","14,776","531,300","272,212","32,347","18,384",59.2%,1.204,"182,131",0.3924,"44,836","13,612",14,49,3,14.9,29,14.1,2.54,228,27.7,21.9,97.7,"322,943","208,357",39.2%,"123,347","85,010",72.3%,"388,823.37","71,468.20","129,916.20",0.245,66.6%,26.31,"4,252.2",164.3,0.343
2297,01/05/2025,2025,May,5,Q2,LIPIS,BARAT,KECHAU,Pinggir Bandar,"24,500",22,"65,520","15,748","567,167","262,224","31,842","15,000",59.2%,1.204,"182,831",0.4010,"43,125","14,624",14,49,3,14.9,25,6.5,2.2,165,28.6,26.4,97.5,"309,066","258,101",45.5%,"152,796","105,305",74.7%,"372,115.46","73,315.23","131,064.23",0.231,64.8%,23.63,"5,267.4",152.2,0.322
2298,01/06/2025,2025,Jun,6,Q2,LIPIS,BARAT,KECHAU,Pinggir Bandar,"24,500",22,"65,520","15,969","591,695","271,717","32,274","14,748",59.2%,1.204,"189,840",0.3996,"49,129","12,720",14,49,2,14.9,27,5.7,2.75,124,28.5,19.5,97.4,"318,739","272,956",46.1%,"161,590","111,366",80.5%,"383,761.76","75,860.06","137,709.06",0.233,64.1%,24.03,"5,570.5",162.2,0.321
2299,01/07/2025,2025,Jul,7,Q3,LIPIS,BARAT,KECHAU,Pinggir Bandar,"24,500",22,"65,520","15,607","589,983","290,055","37,607","20,336",59.2%,1.204,"208,560",0.4068,"48,241","12,112",14,49,2,14.9,27,7.6,2.91,139,28,15.6,96.7,"347,998","241,985",41.0%,"143,255","98,730",77.7%,"418,989.59","84,842.21","145,195.21",0.246,65.3%,26.85,"4,938.5",171.3,0.354
2300,01/08/2025,2025,Aug,8,Q3,LIPIS,BARAT,KECHAU,Pinggir Bandar,"24,500",22,"65,520","15,837","591,026","279,346","36,287","18,481",59.2%,1.204,"198,393",0.3905,"53,591","12,084",14,49,3,14.9,15,5.7,2.54,149,27.2,25.5,96.7,"334,114","256,912",43.5%,"152,092","104,820",77.8%,"402,273.26","77,472.47","143,147.47",0.242,64.4%,25.40,"5,243.1",164.5,0.336
2301,01/09/2025,2025,Sep,9,Q3,LIPIS,BARAT,KECHAU,Pinggir Bandar,"24,500",22,"65,520","15,688","557,139","268,324","34,803","17,485",59.2%,1.204,"189,975",0.3907,"44,777","17,810",14,49,3,14.9,30,12.1,2.44,213,27.9,21.4,98.8,"320,612","236,527",42.5%,"140,024","96,503",75.8%,"386,016.85","74,223.23","136,810.23",0.246,64.6%,24.61,"4,827.1",163.1,0.341
2302,01/10/2025,2025,Oct,10,Q4,LIPIS,BARAT,KECHAU,Pinggir Bandar,"24,500",22,"65,520","16,241","525,542","255,612","31,886","16,629",59.2%,1.204,"167,590",0.3948,"43,425","7,211",14,49,1,14.9,19,4.5,1.71,146,27.7,28.7,96.8,"304,127","221,415",42.1%,"131,078","90,337",69.2%,"366,168.91","66,164.53","116,800.53",0.222,68.1%,22.55,"4,518.7",149.7,0.319
2303,01/11/2025,2025,Nov,11,Q4,LIPIS,BARAT,KECHAU,Pinggir Bandar,"24,500",22,"65,520","15,099","519,618","264,955","28,879","16,835",59.2%,1.204,"178,341",0.3941,"39,401","10,202",14,49,2,14.9,13,5.2,2.21,242,27.4,24,99.6,"310,669","208,949",40.2%,"123,698","85,251",70.7%,"374,045.48","70,284.19","119,887.19",0.231,67.9%,24.77,"4,264.3",158.1,0.343
2304,01/12/2025,2025,Dec,12,Q4,LIPIS,BARAT,KECHAU,Pinggir Bandar,"24,500",22,"65,520","16,263","508,261","231,454","29,421","15,624",59.2%,1.204,"175,937",0.3970,"42,126","9,795",14,49,2,14.9,13,8.5,1.94,315,26.1,,98.5,"276,499","231,762",45.6%,"137,203","94,559",66.9%,"332,904.80","69,846.99","121,767.99",0.240,63.4%,20.47,"4,729.8",136.1,0.346
2305,01/01/2023,2023,Jan,1,Q1,LIPIS,BARAT,KUALA MEDANG,Luar Bandar,"9,600",9,"23,097","5,521","187,164","61,448","7,361","2,140",61.3%,1.024,"89,183",0.3702,"11,761","7,570",10,28,1,5.5,5,4.2,2.19,113,26.7,,97.2,"70,949","116,215",62.1%,"71,240","44,975",62.9%,"72,651.78","33,015.55","52,346.55",0.280,27.9%,13.16,"4,150.5",99.1,0.476
2306,01/02/2023,2023,Feb,2,Q1,LIPIS,BARAT,KUALA MEDANG,Luar Bandar,"9,600",9,"23,097","5,450","172,758","64,876","6,965","2,504",61.3%,1.024,"80,905",0.3820,"11,623","8,537",10,28,2,5.5,14,6.6,2.59,126,26.9,14.4,96.5,"74,345","98,413",57.0%,"60,327","38,086",64.3%,"76,129.28","30,905.71","51,065.71",0.296,32.9%,13.97,"3,514.8",115.0,0.468
2307,01/03/2023,2023,Mar,3,Q1,LIPIS,BARAT,KUALA MEDANG,Luar Bandar,"9,600",9,"23,097","5,422","192,939","70,546","6,927","2,336",61.3%,1.024,"81,171",0.3796,"11,700","6,513",10,28,1,5.5,8,1.9,2.1,111,28.4,19.5,97.8,"79,809","113,130",58.6%,"69,349","43,781",64.8%,"81,724.42","30,812.51","49,025.51",0.254,40.0%,15.07,"4,040.4",111.5,0.421
2308,01/04/2023,2023,Apr,4,Q2,LIPIS,BARAT,KUALA MEDANG,Luar Bandar,"9,600",9,"23,097","5,663","199,285","74,578","9,111","3,285",61.3%,1.024,"93,185",0.3687,"13,483","5,817",10,28,1,5.5,6,2.7,1.56,162,28,28.6,99.3,"86,974","112,311",56.4%,"68,847","43,464",69.2%,"89,061.38","34,357.31","53,657.31",0.269,39.8%,15.73,"4,011.1",125.5,0.468
2309,01/05/2023,2023,May,5,Q2,LIPIS,BARAT,KUALA MEDANG,Luar Bandar,"9,600",9,"23,097","5,786","206,630","63,757","6,460","2,089",61.3%,1.024,"91,061",0.3693,"15,213","8,796",10,28,2,5.5,7,7,1.49,93,29,23.2,97.2,"72,306","134,324",65.0%,"82,341","51,983",69.4%,"74,041.34","33,628.83","57,637.83",0.279,22.2%,12.80,"4,797.3",101.0,0.441
2310,01/06/2023,2023,Jun,6,Q2,LIPIS,BARAT,KUALA MEDANG,Luar Bandar,"9,600",9,"23,097","5,358","198,661","58,326","6,728","2,295",61.3%,1.024,"97,160",0.3844,"12,881","8,072",10,28,2,5.5,9,8.2,2.1,156,27.5,32.2,98,"67,349","131,312",66.1%,"80,494","50,818",69.0%,"68,965.38","37,348.30","58,301.30",0.293,15.5%,12.87,"4,689.7",97.2,0.489
2311,01/07/2023,2023,Jul,7,Q3,LIPIS,BARAT,KUALA MEDANG,Luar Bandar,"9,600",9,"23,097","5,576","196,233","73,514","8,508","2,843",61.3%,1.024,"88,754",0.3788,"13,943","6,853",10,28,1,5.5,7,2.2,1.71,144,27.7,20.4,98.1,"84,865","111,368",56.8%,"68,269","43,099",65.9%,"86,901.76","33,620.02","54,416.02",0.277,37.4%,15.58,"3,977.4",118.5,0.452
2312,01/08/2023,2023,Aug,8,Q3,LIPIS,BARAT,KUALA MEDANG,Luar Bandar,"9,600",9,"23,097","5,367","200,754","65,225","6,955","2,063",61.3%,1.024,"86,469",0.3718,"13,416","7,246",10,28,1,5.5,12,3.4,1.63,129,27.7,25,98.6,"74,243","126,511",63.0%,"77,551","48,960",67.5%,"76,024.83","32,149.17","52,811.17",0.263,30.5%,14.17,"4,518.3",103.7,0.431
2313,01/09/2023,2023,Sep,9,Q3,LIPIS,BARAT,KUALA MEDANG,Luar Bandar,"9,600",9,"23,097","5,218","187,515","57,830","6,609","2,495",61.3%,1.024,"82,253",0.3778,"11,582","6,255",10,28,1,5.5,12,2.7,2.81,162,27.2,28.8,98,"66,934","120,581",64.3%,"73,916","46,665",65.1%,"68,540.42","31,075.18","48,912.18",0.261,28.6%,13.14,"4,306.5",96.6,0.439
2314,01/10/2023,2023,Oct,10,Q4,LIPIS,BARAT,KUALA MEDANG,Luar Bandar,"9,600",9,"23,097","5,772","185,733","59,014","7,137","1,987",61.3%,1.024,"85,010",0.3693,"14,271","7,647",10,28,1,5.5,9,4.8,2.68,137,26.8,29,99.8,"68,138","117,595",63.3%,"72,086","45,509",62.4%,"69,773.31","31,394.19","53,312.19",0.287,23.6%,12.09,"4,199.8",95.2,0.458
2315,01/11/2023,2023,Nov,11,Q4,LIPIS,BARAT,KUALA MEDANG,Luar Bandar,"9,600",9,"23,097","5,605","183,904","69,176","8,510","2,383",61.3%,1.024,"88,890",0.3850,"13,052","9,118",10,28,2,5.5,12,8.8,2.47,254,27,30.1,97.2,"80,069","103,835",56.5%,"63,651","40,184",63.9%,"81,990.66","34,222.65","56,392.65",0.307,31.2%,14.63,"3,708.4",115.6,0.483
2316,01/12/2023,2023,Dec,12,Q4,LIPIS,BARAT,KUALA MEDANG,Luar Bandar,"9,600",9,"23,097","5,337","184,387","69,660","7,325","2,295",61.3%,1.024,"85,853",0.3697,"14,523","7,298",10,28,1,5.5,7,2.1,3.05,314,26.9,39.6,97.3,"79,280","105,107",57.0%,"64,431","40,676",62.0%,"81,182.72","31,739.85","53,560.85",0.290,34.0%,15.21,"3,753.8",110.7,0.466
2317,01/01/2024,2024,Jan,1,Q1,LIPIS,BARAT,KUALA MEDANG,Luar Bandar,"9,600",10,"23,590","5,627","196,208","64,944","7,550","2,138",61.3%,1.024,"90,508",0.3966,"14,141","7,291",10,28,1,6.5,12,4.8,1.68,149,26.9,27.2,97.5,"74,632","121,576",62.0%,"74,526","47,050",65.9%,"76,423.17","35,895.47","57,327.47",0.292,25.0%,13.58,"4,342.0",102.1,0.461
2318,01/02/2024,2024,Feb,2,Q1,LIPIS,BARAT,KUALA MEDANG,Luar Bandar,"9,600",10,"23,590","5,726","177,441","66,273","8,037","3,068",61.3%,1.024,"77,983",0.3878,"12,768","6,224",10,28,1,6.5,10,3.9,2.79,93,26.9,23.9,98.1,"77,378","100,063",56.4%,"61,339","38,724",63.7%,"79,235.07","30,241.81","49,233.81",0.277,37.9%,13.84,"3,573.7",113.1,0.439
2319,01/03/2024,2024,Mar,3,Q1,LIPIS,BARAT,KUALA MEDANG,Luar Bandar,"9,600",10,"23,590","5,714","208,570","65,825","6,860","2,401",61.3%,1.024,"90,877",0.3810,"13,974","7,432",10,28,1,6.5,9,2,2.22,122,28.2,21,98.4,"75,086","133,484",64.0%,"81,826","51,658",70.1%,"76,888.06","34,624.14","56,030.14",0.269,27.1%,13.46,"4,767.3",102.7,0.436
2320,01/04/2024,2024,Apr,4,Q2,LIPIS,BARAT,KUALA MEDANG,Luar Bandar,"9,600",10,"23,590","5,653","198,452","71,178","7,946","2,617",61.3%,1.024,"91,642",0.3851,"14,856","7,737",10,28,2,6.5,8,7.6,1.74,210,28.8,20.1,96.7,"81,741","116,711",58.8%,"71,544","45,167",68.9%,"83,702.78","35,291.33","57,884.33",0.292,30.8%,14.81,"4,168.3",115.5,0.462
2321,01/05/2024,2024,May,5,Q2,LIPIS,BARAT,KUALA MEDANG,Luar Bandar,"9,600",10,"23,590","5,285","200,340","65,123","6,886","2,253",61.3%,1.024,"88,034",0.3817,"14,337","5,897",10,28,1,6.5,12,4.7,1.65,215,29.1,28.8,98.9,"74,262","126,078",62.9%,"77,286","48,792",67.3%,"76,044.29","33,602.58","53,836.58",0.269,29.2%,14.39,"4,502.8",101.5,0.439
2322,01/06/2024,2024,Jun,6,Q2,LIPIS,BARAT,KUALA MEDANG,Luar Bandar,"9,600",10,"23,590","5,290","216,968","76,571","8,627","3,344",61.3%,1.024,"95,453",0.3970,"13,498","7,303",10,28,1,6.5,11,4.2,3.06,100,28,22.1,98,"88,542","128,426",59.2%,"78,725","49,701",75.3%,"90,667.01","37,894.84","58,695.84",0.271,35.3%,17.14,"4,586.6",125.1,0.440
2323,01/07/2024,2024,Jul,7,Q3,LIPIS,BARAT,KUALA MEDANG,Luar Bandar,"9,600",10,"23,590","5,698","219,949","88,414","9,461","3,338",61.3%,1.024,"100,085",0.3937,"16,386","4,946",10,28,1,6.5,6,3.3,,130,28.4,25.6,98.8,"101,213","118,736",54.0%,"72,785","45,951",73.9%,"103,642.11","39,403.46","60,735.46",0.276,41.4%,18.19,"4,240.6",138.4,0.455
2324,01/08/2024,2024,Aug,8,Q3,LIPIS,BARAT,KUALA MEDANG,Luar Bandar,"9,600",10,"23,590","5,862","217,747","82,591","9,597","3,385",61.3%,1.024,"96,358",0.3908,"14,562","6,791",10,28,1,6.5,12,4.6,2.55,80,28.3,25.1,97.3,"95,573","122,174",56.1%,"74,893","47,281",73.2%,"97,866.75","37,656.71","59,009.71",0.271,39.7%,16.70,"4,363.4",130.7,0.443
2325,01/09/2024,2024,Sep,9,Q3,LIPIS,BARAT,KUALA MEDANG,Luar Bandar,"9,600",10,"23,590","5,808","200,280","75,935","8,874","2,989",61.3%,1.024,"85,537",0.3771,"13,774","5,227",10,28,1,6.5,6,2.9,,167,28.1,29.2,97,"87,798","112,482",56.2%,"68,951","43,531",69.5%,"89,905.15","32,256.00","51,257.00",0.256,43.0%,15.48,"4,017.2",124.1,0.427
2326,01/10/2024,2024,Oct,10,Q4,LIPIS,BARAT,KUALA MEDANG,Luar Bandar,"9,600",10,"23,590","5,450","201,439","62,544","7,631","2,461",61.3%,1.024,"97,173",0.3946,"16,261","10,015",10,28,2,6.5,11,5.6,1.47,212,28,31.6,97.5,"72,636","128,803",63.9%,"78,956","49,847",67.7%,"74,379.26","38,344.47","64,620.47",0.321,13.1%,13.65,"4,600.1",99.3,0.482
2327,01/11/2024,2024,Nov,11,Q4,LIPIS,BARAT,KUALA MEDANG,Luar Bandar,"9,600",10,"23,590","5,424","186,451","68,996","7,644","2,420",61.3%,1.024,"78,115",0.3788,"12,309","7,852",10,28,1,6.5,7,4.2,2.78,274,26.8,37,99.9,"79,060","107,391",57.6%,"65,831","41,560",64.7%,"80,957.44","29,589.96","49,750.96",0.267,38.5%,14.93,"3,835.4",111.7,0.419
2328,01/12/2024,2024,Dec,12,Q4,LIPIS,BARAT,KUALA MEDANG,Luar Bandar,"9,600",10,"23,590","5,904","201,062","69,316","8,158","3,053",61.3%,1.024,"92,897",0.3813,"14,431","5,033",10,28,1,6.5,11,4,1.6,292,27,32.8,99.1,"80,527","120,535",59.9%,"73,888","46,647",67.6%,"82,459.65","35,421.63","54,885.63",0.273,33.4%,13.97,"4,304.8",110.1,0.462
2329,01/01/2025,2025,Jan,1,Q1,LIPIS,BARAT,KUALA MEDANG,Luar Bandar,"9,600",11,"24,114","5,459","196,881","81,086","8,062","3,127",61.3%,1.024,"90,525",0.3956,"13,270","5,888",10,28,1,7.5,12,2.4,2.54,153,27.6,29.7,96.8,"92,275","104,606",53.1%,"64,123","40,483",66.2%,"94,489.60","35,811.69","54,969.69",0.279,41.8%,17.31,"3,735.9",123.4,0.460
2330,01/02/2025,2025,Feb,2,Q1,LIPIS,BARAT,KUALA MEDANG,Luar Bandar,"9,600",11,"24,114","5,720","189,088","63,950","6,931","2,834",61.3%,1.024,"83,249",0.4083,"12,544","10,015",10,28,2,7.5,13,4.3,2.86,72,28,14.5,97.9,"73,715","115,373",61.0%,"70,724","44,649",70.3%,"75,484.16","33,990.57","56,549.57",0.299,25.1%,13.20,"4,120.5",109.2,0.440
2331,01/03/2025,2025,Mar,3,Q1,LIPIS,BARAT,KUALA MEDANG,Luar Bandar,"9,600",11,"24,114","5,617","216,991","81,611","9,625","3,469",61.3%,1.024,"99,585",0.3985,"17,318","11,320",10,28,2,7.5,9,9.2,2.22,192,28.7,27.1,97.4,"94,705","122,286",56.4%,"74,961","47,325",72.9%,"96,977.92","39,684.62","68,322.62",0.315,29.5%,17.27,"4,367.4",126.7,0.459
2332,01/04/2025,2025,Apr,4,Q2,LIPIS,BARAT,KUALA MEDANG,Luar Bandar,"9,600",11,"24,114","5,681","196,215","77,322","8,476","3,276",61.3%,1.024,"89,769",0.3956,"12,697","9,129",10,28,2,7.5,11,8.5,2,236,28.8,30.7,97.6,"89,074","107,141",54.6%,"65,677","41,464",68.1%,"91,211.78","35,512.62","57,338.62",0.292,37.1%,16.06,"3,826.5",123.1,0.458
2333,01/05/2025,2025,May,5,Q2,LIPIS,BARAT,KUALA MEDANG,Luar Bandar,"9,600",11,"24,114","5,483","220,883","84,005","10,088","2,922",61.3%,1.024,"95,223",0.4009,"14,251","8,929",10,28,2,7.5,8,7.7,2.87,110,28.6,13.2,96.8,"97,015","123,868",56.1%,"75,931","47,937",74.2%,"99,343.36","38,174.90","61,354.90",0.278,38.2%,18.12,"4,423.9",129.8,0.431
2334,01/06/2025,2025,Jun,6,Q2,LIPIS,BARAT,KUALA MEDANG,Luar Bandar,"9,600",11,"24,114","5,522","211,680","79,328","9,883","3,623",61.3%,1.024,"98,681",0.3950,"15,392","10,418",10,28,2,7.5,9,8.3,1.69,83,28.4,26.9,97,"92,834","118,846",56.1%,"72,853","45,993",73.5%,"95,062.02","38,979.00","64,789.00",0.306,31.8%,17.22,"4,244.5",128.3,0.466
2335,01/07/2025,2025,Jul,7,Q3,LIPIS,BARAT,KUALA MEDANG,Luar Bandar,"9,600",11,"24,114","5,694","222,415","80,765","9,973","3,133",61.3%,1.024,"95,829",0.3913,"16,993","7,080",10,28,1,7.5,12,2.8,1.97,88,27.5,27.6,96.8,"93,871","128,544",57.8%,"78,797","49,747",74.7%,"96,123.90","37,497.89","61,570.89",0.277,35.9%,16.88,"4,590.9",125.6,0.431
2336,01/08/2025,2025,Aug,8,Q3,LIPIS,BARAT,KUALA MEDANG,Luar Bandar,"9,600",11,"24,114","5,777","218,955","86,748","9,619","3,623",61.3%,1.024,"99,387",0.4026,"16,027","5,538",10,28,1,7.5,12,4.8,1.84,99,28.4,18.9,97.4,"99,990","118,965",54.3%,"72,926","46,039",73.6%,"102,389.76","40,013.21","61,578.21",0.281,39.9%,17.72,"4,248.8",133.8,0.454
2337,01/09/2025,2025,Sep,9,Q3,LIPIS,BARAT,KUALA MEDANG,Luar Bandar,"9,600",11,"24,114","5,979","192,046","73,980","7,472","2,386",61.3%,1.024,"84,705",0.3910,"13,858","7,437",10,28,1,7.5,10,3.6,2.59,163,28,19,97.1,"83,838","108,208",56.3%,"66,332","41,876",66.7%,"85,850.11","33,119.66","54,414.66",0.283,36.6%,14.36,"3,864.6",115.9,0.441
2338,01/10/2025,2025,Oct,10,Q4,LIPIS,BARAT,KUALA MEDANG,Luar Bandar,"9,600",11,"24,114","5,734","208,152","85,609","10,074","2,735",61.3%,1.024,"94,658",0.3999,"15,403","8,606",10,28,2,7.5,13,6.7,1.77,142,27.9,23.6,99.2,"98,418","109,734",52.7%,"67,267","42,467",69.9%,"100,780.03","37,853.73","61,862.73",0.297,38.6%,17.58,"3,919.1",131.7,0.455
2339,01/11/2025,2025,Nov,11,Q4,LIPIS,BARAT,KUALA MEDANG,Luar Bandar,"9,600",11,"24,114","6,012","194,867","71,037","8,550","2,535",61.3%,1.024,"89,724",0.4071,"14,268","7,233",10,28,1,7.5,6,1.9,2.63,393,26.7,36.8,98.6,"82,122","112,745",57.9%,"69,113","43,632",67.7%,"84,092.93","36,526.64","58,027.64",0.298,31.0%,13.99,"4,026.6",113.5,0.460
2340,01/12/2025,2025,Dec,12,Q4,LIPIS,BARAT,KUALA MEDANG,Luar Bandar,"9,600",11,"24,114","5,436","189,560","71,508","7,746","2,467",61.3%,1.024,"81,534",0.4079,"12,656","10,580",10,28,2,7.5,9,9.7,2.32,435,27.2,30.9,98.1,"81,721","107,839",56.9%,"66,105","41,734",63.7%,"83,682.30","33,257.72","56,493.72",0.298,32.5%,15.39,"3,851.4",109.3,0.430
2341,01/01/2023,2023,Jan,1,Q1,LIPIS,BARAT,MELA,Pinggir Bandar,"21,500",15,"60,170","13,681","507,610","260,511","49,908","28,594",77.8%,1.169,"200,968",0.3844,"36,011","6,202",14,40,1,5.4,16,2.4,2.67,139,27.1,17.8,99.3,"339,013","168,597",33.2%,"131,168","37,429",76.2%,"396,306.20","77,252.10","119,465.10",0.235,69.9%,28.97,"4,214.9",181.8,0.396
2342,01/02/2023,2023,Feb,2,Q1,LIPIS,BARAT,MELA,Pinggir Bandar,"21,500",15,"60,170","14,219","462,415","231,097","46,437","29,891",77.8%,1.169,"175,268",0.3821,"28,110","11,641",14,40,2,5.4,28,9.3,1.95,78,27.6,15.5,99.4,"307,425","154,990",33.5%,"120,582","34,408",76.8%,"359,379.83","66,969.90","106,720.90",0.231,70.3%,25.27,"3,874.8",182.5,0.379
2343,01/03/2023,2023,Mar,3,Q1,LIPIS,BARAT,MELA,Pinggir Bandar,"21,500",15,"60,170","14,998","513,053","246,556","47,438","27,991",77.8%,1.169,"194,008",0.3836,"36,176","6,420",14,40,1,5.4,28,2.4,,106,27.5,14.9,98.5,"321,985","191,068",37.2%,"148,651","42,417",77.0%,"376,400.47","74,421.47","117,017.47",0.228,68.9%,25.10,"4,776.7",172.6,0.378
2344,01/04/2023,2023,Apr,4,Q2,LIPIS,BARAT,MELA,Pinggir Bandar,"21,500",15,"60,170","14,663","523,322","246,010","47,675","27,630",77.8%,1.169,"200,398",0.3833,"30,231","8,013",14,40,1,5.4,28,2.8,2.29,136,27.9,22.6,97.3,"321,315","202,007",38.6%,"157,161","44,846",81.1%,"375,617.24","76,812.55","115,056.55",0.220,69.4%,25.62,"5,050.2",178.0,0.383
2345,01/05/2023,2023,May,5,Q2,LIPIS,BARAT,MELA,Pinggir Bandar,"21,500",15,"60,170","13,808","542,227","257,640","46,710","29,008",77.8%,1.169,"204,574",0.3723,"29,828","7,598",14,40,1,5.4,17,2.1,2.54,94,28.6,25.7,99.7,"333,358","208,869",38.5%,"162,500","46,369",81.4%,"389,695.50","76,162.90","113,588.90",0.209,70.9%,28.22,"5,221.7",178.7,0.377
2346,01/06/2023,2023,Jun,6,Q2,LIPIS,BARAT,MELA,Pinggir Bandar,"21,500",15,"60,170","14,938","542,641","289,989","44,248","29,404",77.8%,1.169,"208,191",0.3703,"30,623","13,111",14,40,2,5.4,22,9.4,2.26,137,28.2,23.3,99.6,"363,641","179,000",33.0%,"139,262","39,738",84.1%,"425,096.33","77,093.13","120,827.13",0.223,71.6%,28.46,"4,475.0",201.5,0.384
2347,01/07/2023,2023,Jul,7,Q3,LIPIS,BARAT,MELA,Pinggir Bandar,"21,500",15,"60,170","13,966","513,165","238,770","43,683","31,244",77.8%,1.169,"189,360",0.3773,"27,882","7,572",14,40,1,5.4,10,2.4,2.97,119,27.5,19.7,97.7,"313,697","199,468",38.9%,"155,186","44,282",77.0%,"366,711.79","71,445.53","106,899.53",0.208,70.8%,26.26,"4,986.7",168.2,0.369
2348,01/08/2023,2023,Aug,8,Q3,LIPIS,BARAT,MELA,Pinggir Bandar,"21,500",15,"60,170","13,874","532,203","270,559","44,427","25,408",77.8%,1.169,"182,794",0.3664,"32,046","6,700",14,40,1,5.4,18,4.7,2.93,76,27.3,25,98,"340,394","191,809",36.0%,"149,227","42,582",79.9%,"397,920.59","66,975.72","105,721.72",0.199,73.4%,28.68,"4,795.2",182.5,0.343
2349,01/09/2023,2023,Sep,9,Q3,LIPIS,BARAT,MELA,Pinggir Bandar,"21,500",15,"60,170","13,986","493,215","226,559","43,411","30,722",77.8%,1.169,"173,135",0.3726,"27,066","12,308",14,40,2,5.4,22,8.6,2.19,141,27.1,27.6,99.9,"300,692","192,523",39.0%,"149,783","42,740",76.5%,"351,508.95","64,510.10","103,884.10",0.211,70.4%,25.13,"4,813.1",166.6,0.351
2350,01/10/2023,2023,Oct,10,Q4,LIPIS,BARAT,MELA,Pinggir Bandar,"21,500",15,"60,170","14,312","511,311","243,418","49,256","28,815",77.8%,1.169,"201,234",0.3779,"36,042","10,074",14,40,2,5.4,13,6,1.81,188,27.2,23.3,98.5,"321,489","189,822",37.1%,"147,682","42,140",76.7%,"375,820.64","76,046.33","122,162.33",0.239,67.5%,26.26,"4,745.6",172.4,0.394
2351,01/11/2023,2023,Nov,11,Q4,LIPIS,BARAT,MELA,Pinggir Bandar,"21,500",15,"60,170","13,874","457,950","218,720","39,740","27,613",77.8%,1.169,"169,852",0.3665,"32,090","12,572",14,40,2,5.4,20,8.1,,204,26.8,27.8,98.3,"286,073","171,877",37.5%,"133,720","38,157",71.0%,"334,419.34","62,250.76","106,912.76",0.233,68.0%,24.10,"4,296.9",158.5,0.371
2352,01/12/2023,2023,Dec,12,Q4,LIPIS,BARAT,MELA,Pinggir Bandar,"21,500",15,"60,170","15,127","502,003","258,306","41,120","35,007",77.8%,1.169,"171,037",0.3847,"32,463","9,961",14,40,1,5.4,22,3.9,3.33,286,25.9,34.2,99.2,"334,433","167,570",33.4%,"130,369","37,201",75.3%,"390,952.18","65,797.93","108,221.93",0.216,72.3%,25.84,"4,189.3",179.3,0.341
2353,01/01/2024,2024,Jan,1,Q1,LIPIS,BARAT,MELA,Pinggir Bandar,"21,500",16,"61,587","15,430","494,648","246,565","48,630","29,097",77.8%,1.169,"179,679",0.3962,"30,957","8,825",14,40,2,6.4,29,4.5,1.81,112,27.5,20.7,98,"324,292","170,356",34.4%,"132,537","37,819",74.2%,"379,097.35","71,188.82","110,970.82",0.224,70.7%,24.57,"4,258.9",169.9,0.363
2354,01/02/2024,2024,Feb,2,Q1,LIPIS,BARAT,MELA,Pinggir Bandar,"21,500",16,"61,587","13,930","443,496","227,872","35,544","21,728",77.8%,1.169,"171,044",0.3789,"30,145","9,047",14,40,1,6.4,22,4.2,3.18,78,28,17.3,99.8,"285,144","158,352",35.7%,"123,198","35,154",71.1%,"333,333.34","64,808.57","104,000.57",0.235,68.8%,23.93,"3,958.8",159.7,0.386
2355,01/03/2024,2024,Mar,3,Q1,LIPIS,BARAT,MELA,Pinggir Bandar,"21,500",16,"61,587","13,882","527,652","261,552","47,164","26,915",77.8%,1.169,"202,355",0.3913,"35,388","13,460",14,40,2,6.4,12,7.6,1.96,124,27.7,22.9,97.7,"335,631","192,021",36.4%,"149,392","42,629",79.2%,"392,352.64","79,181.51","128,029.51",0.243,67.4%,28.26,"4,800.5",175.8,0.384
2356,01/04/2024,2024,Apr,4,Q2,LIPIS,BARAT,MELA,Pinggir Bandar,"21,500",16,"61,587","14,374","500,042","252,791","50,976","32,863",77.8%,1.169,"192,281",0.3904,"26,886","10,687",14,40,2,6.4,27,7.1,3.25,225,28.9,27.8,97.8,"336,630","163,412",32.7%,"127,135","36,277",77.5%,"393,520.47","75,066.50","112,639.50",0.225,71.4%,27.38,"4,085.3",182.2,0.385
2357,01/05/2024,2024,May,5,Q2,LIPIS,BARAT,MELA,Pinggir Bandar,"21,500",16,"61,587","14,695","532,881","259,077","42,152","31,493",77.8%,1.169,"202,982",0.3840,"37,364","6,314",14,40,1,6.4,13,4.4,2.67,96,28.5,30.1,98.4,"332,722","200,159",37.6%,"155,724","44,435",80.0%,"388,952.02","77,945.09","121,623.09",0.228,68.7%,26.47,"5,004.0",174.3,0.381
2358,01/06/2024,2024,Jun,6,Q2,LIPIS,BARAT,MELA,Pinggir Bandar,"21,500",16,"61,587","14,281","521,433","257,583","46,332","34,582",77.8%,1.169,"203,665",0.3809,"34,350","9,682",14,40,2,6.4,12,5.8,3.2,152,28.7,16.8,99,"338,497","182,936",35.1%,"142,324","40,612",80.8%,"395,702.99","77,576.00","121,608.00",0.233,69.3%,27.71,"4,573.4",183.2,0.391
2359,01/07/2024,2024,Jul,7,Q3,LIPIS,BARAT,MELA,Pinggir Bandar,"21,500",16,"61,587","15,476","568,685","307,890","47,778","31,174",77.8%,1.169,"209,247",0.3874,"30,302","8,729",14,40,2,6.4,19,8.8,2.99,124,28,22.8,99.6,"386,842","181,843",32.0%,"141,474","40,369",85.3%,"452,218.30","81,062.29","120,093.29",0.211,73.4%,29.22,"4,546.1",202.6,0.368
2360,01/08/2024,2024,Aug,8,Q3,LIPIS,BARAT,MELA,Pinggir Bandar,"21,500",16,"61,587","14,053","560,437","282,880","52,139","35,108",77.8%,1.169,"218,732",0.3854,"31,890","8,582",14,40,1,6.4,16,3.1,2.3,85,27.8,17.5,98.1,"370,127","190,310",34.0%,"148,061","42,249",84.1%,"432,678.46","84,299.31","124,771.31",0.223,71.2%,30.79,"4,757.8",193.9,0.390
2361,01/09/2024,2024,Sep,9,Q3,LIPIS,BARAT,MELA,Pinggir Bandar,"21,500",16,"61,587","13,934","514,063","267,331","52,220","26,849",77.8%,1.169,"193,854",0.3895,"29,240","9,826",14,40,1,6.4,22,2.7,1.86,105,28.1,15.6,96.6,"346,400","167,663",32.6%,"130,442","37,221",79.7%,"404,941.60","75,506.13","114,572.13",0.223,71.7%,29.06,"4,191.6",187.5,0.377
2362,01/10/2024,2024,Oct,10,Q4,LIPIS,BARAT,MELA,Pinggir Bandar,"21,500",16,"61,587","14,997","526,342","265,568","49,346","32,790",77.8%,1.169,"205,487",0.3848,"28,257","12,881",14,40,2,6.4,18,4.4,2.9,276,27.3,22,97.8,"347,704","178,638",33.9%,"138,980","39,658",79.0%,"406,465.98","79,071.40","120,209.40",0.228,70.4%,27.10,"4,466.0",182.1,0.390
2363,01/11/2024,2024,Nov,11,Q4,LIPIS,BARAT,MELA,Pinggir Bandar,"21,500",16,"61,587","14,796","469,287","237,004","40,261","24,411",77.8%,1.169,"182,275",0.3948,"32,026","10,375",14,40,2,6.4,12,7.7,2.86,208,26.8,22.8,99.3,"301,676","167,611",35.7%,"130,401","37,210",72.8%,"352,659.24","71,962.17","114,363.17",0.244,67.6%,23.83,"4,190.3",163.3,0.388
2364,01/12/2024,2024,Dec,12,Q4,LIPIS,BARAT,MELA,Pinggir Bandar,"21,500",16,"61,587","14,429","484,606","262,974","41,072","26,114",77.8%,1.169,"189,865",0.3909,"31,453","11,752",14,40,2,6.4,22,7.5,2.11,313,26.1,36.2,97.5,"330,160","154,446",31.9%,"120,159","34,287",72.7%,"385,957.04","74,218.23","117,423.23",0.242,69.6%,26.75,"3,861.2",172.9,0.392
2365,01/01/2025,2025,Jan,1,Q1,LIPIS,BARAT,MELA,Pinggir Bandar,"21,500",17,"62,858","15,723","519,909","274,473","47,802","33,393",77.8%,1.169,"184,835",0.4076,"36,829","6,578",14,40,1,7.4,29,2.9,2.83,113,27.6,19.6,96.9,"355,668","164,241",31.6%,"127,779","36,462",78.0%,"415,775.89","75,338.75","118,745.75",0.228,71.4%,26.44,"4,106.0",182.5,0.356
2366,01/02/2025,2025,Feb,2,Q1,LIPIS,BARAT,MELA,Pinggir Bandar,"21,500",17,"62,858","14,947","461,133","244,297","40,876","30,085",77.8%,1.169,"171,167",0.3915,"30,771","8,864",14,40,1,7.4,9,4.2,2.5,76,27.6,19.8,98.4,"315,258","145,875",31.6%,"113,491","32,384",76.6%,"368,536.60","67,011.88","106,646.88",0.231,71.1%,24.66,"3,646.9",179.1,0.371
2367,01/03/2025,2025,Mar,3,Q1,LIPIS,BARAT,MELA,Pinggir Bandar,"21,500",17,"62,858","15,043","528,506","268,700","49,335","34,388",77.8%,1.169,"182,520",0.4014,"28,985","7,724",14,40,1,7.4,11,3.4,2.75,84,28.7,16.8,96.6,"352,423","176,083",33.3%,"136,993","39,090",79.3%,"411,982.49","73,263.53","109,972.53",0.208,73.3%,27.39,"4,402.1",180.9,0.345
2368,01/04/2025,2025,Apr,4,Q2,LIPIS,BARAT,MELA,Pinggir Bandar,"21,500",17,"62,858","14,240","512,822","261,638","41,311","25,356",77.8%,1.169,"189,843",0.3993,"33,107","10,234",14,40,2,7.4,24,4.6,2.24,202,28.9,24,97,"328,305","184,517",36.0%,"143,554","40,963",79.5%,"383,788.55","75,804.31","119,145.31",0.232,69.0%,26.95,"4,612.9",174.1,0.370
2369,01/05/2025,2025,May,5,Q2,LIPIS,BARAT,MELA,Pinggir Bandar,"21,500",17,"62,858","15,572","571,057","299,167","47,322","36,157",77.8%,1.169,"217,198",0.4008,"33,856","7,323",14,40,1,7.4,16,2.2,3.32,131,28.6,15.5,98.2,"382,646","188,411",33.0%,"146,584","41,827",85.7%,"447,313.17","87,052.96","128,231.96",0.225,71.3%,28.73,"4,710.3",196.4,0.380
2370,01/06/2025,2025,Jun,6,Q2,LIPIS,BARAT,MELA,Pinggir Bandar,"21,500",17,"62,858","15,145","548,304","292,129","47,328","31,198",77.8%,1.169,"207,417",0.3920,"33,331","7,816",14,40,1,7.4,9,2.3,3.13,94,28.5,,99.3,"370,655","177,649",32.4%,"138,211","39,438",85.0%,"433,295.70","81,307.46","122,454.46",0.223,71.7%,28.61,"4,441.2",196.6,0.378
2371,01/07/2025,2025,Jul,7,Q3,LIPIS,BARAT,MELA,Pinggir Bandar,"21,500",17,"62,858","15,410","547,157","288,045","51,015","31,841",77.8%,1.169,"200,018",0.4060,"35,201","10,993",14,40,2,7.4,30,3.9,1.83,139,27.7,27.2,98,"370,901","176,256",32.2%,"137,127","39,129",82.1%,"433,583.27","81,207.31","127,401.31",0.233,70.6%,28.14,"4,406.4",190.3,0.366
2372,01/08/2025,2025,Aug,8,Q3,LIPIS,BARAT,MELA,Pinggir Bandar,"21,500",17,"62,858","15,595","557,734","291,132","44,354","30,795",77.8%,1.169,"195,113",0.3967,"36,060","10,079",14,40,2,7.4,14,7.6,2.01,138,27.7,29,99.9,"366,281","191,453",34.3%,"148,950","42,503",83.7%,"428,182.49","77,401.33","123,540.33",0.222,71.1%,27.46,"4,786.3",188.0,0.350
2373,01/09/2025,2025,Sep,9,Q3,LIPIS,BARAT,MELA,Pinggir Bandar,"21,500",17,"62,858","14,353","521,375","266,122","52,963","37,499",77.8%,1.169,"178,932",0.3950,"35,848","10,049",14,40,1,7.4,27,3.1,3.26,94,27.2,25.4,97.8,"356,584","164,791",31.6%,"128,207","36,584",80.8%,"416,846.70","70,678.14","116,575.14",0.224,72.0%,29.04,"4,119.8",189.1,0.343
2374,01/10/2025,2025,Oct,10,Q4,LIPIS,BARAT,MELA,Pinggir Bandar,"21,500",17,"62,858","15,685","510,271","250,262","50,530","28,767",77.8%,1.169,"190,588",0.3904,"31,052","9,365",14,40,1,7.4,27,3.1,2.25,251,27.3,30.6,99.4,"329,559","180,712",35.4%,"140,594","40,118",76.6%,"385,254.47","74,405.56","114,822.56",0.225,70.2%,24.56,"4,517.8",169.1,0.374
2375,01/11/2025,2025,Nov,11,Q4,LIPIS,BARAT,MELA,Pinggir Bandar,"21,500",17,"62,858","14,973","520,957","259,456","52,790","35,887",77.8%,1.169,"195,513",0.3980,"34,801","8,500",14,40,1,7.4,28,2.2,3.08,198,26.5,30.3,97.1,"348,133","172,824",33.2%,"134,457","38,367",80.8%,"406,967.48","77,814.17","121,115.17",0.232,70.2%,27.18,"4,320.6",184.6,0.375
2376,01/12/2025,2025,Dec,12,Q4,LIPIS,BARAT,MELA,Pinggir Bandar,"21,500",17,"62,858","14,950","493,249","265,576","43,877","26,836",77.8%,1.169,"177,711",0.4051,"27,270","7,493",14,40,1,7.4,27,2.7,2.25,221,26.5,27.9,96.9,"336,289","156,960",31.8%,"122,115","34,845",74.0%,"393,121.84","71,990.73","106,753.73",0.216,72.8%,26.30,"3,924.0",172.6,0.360
2377,01/01/2023,2023,Jan,1,Q1,RAUB,BARAT,BUKIT FRASER,Luar Bandar,"5,300",28,"14,568","3,265","116,877","45,266","3,957","2,206",81.8%,0.991,"42,598",0.3720,"9,364","7,507",8,26,1,12.1,8,4.2,1.86,151,27.3,31.1,100,"51,429","65,448",56.0%,"53,536","11,912",71.1%,"50,966.14","15,846.46","32,717.46",0.280,35.8%,15.61,"2,517.2",113.9,0.364
2378,01/02/2023,2023,Feb,2,Q1,RAUB,BARAT,BUKIT FRASER,Luar Bandar,"5,300",28,"14,568","3,665","115,059","42,524","4,734","2,034",81.8%,0.991,"39,682",0.3831,"8,728","10,769",8,26,2,12.1,6,4.4,1.55,90,27.7,12.8,97,"49,292","65,767",57.2%,"53,797","11,970",77.5%,"48,848.37","15,202.17","34,699.17",0.302,29.0%,13.33,"2,529.5",120.8,0.345
2379,01/03/2023,2023,Mar,3,Q1,RAUB,BARAT,BUKIT FRASER,Luar Bandar,"5,300",28,"14,568","3,381","131,380","56,174","6,185","2,445",81.8%,0.991,"45,971",0.3819,"9,361","7,740",8,26,1,12.1,7,3.8,1.82,140,28.4,26.3,99.9,"64,804","66,576",50.7%,"54,459","12,117",80.0%,"64,220.76","17,556.32","34,657.32",0.264,46.0%,18.99,"2,560.6",143.5,0.350
2380,01/04/2023,2023,Apr,4,Q2,RAUB,BARAT,BUKIT FRASER,Luar Bandar,"5,300",28,"14,568","3,597","123,697","50,382","4,425","2,635",81.8%,0.991,"46,374",0.3809,"9,478","8,078",8,26,2,12.1,8,6.7,2.65,180,28.5,28.8,97,"57,442","66,255",53.6%,"54,197","12,058",77.8%,"56,925.02","17,663.86","35,219.86",0.285,38.1%,15.83,"2,548.3",131.4,0.375
2381,01/05/2023,2023,May,5,Q2,RAUB,BARAT,BUKIT FRASER,Luar Bandar,"5,300",28,"14,568","3,481","123,860","45,372","4,564","1,765",81.8%,0.991,"43,560",0.3723,"9,191","4,911",8,26,1,12.1,6,4.9,2.44,185,28.1,28.2,97.4,"51,701","72,159",58.3%,"59,026","13,133",75.4%,"51,235.69","16,217.39","30,319.39",0.245,40.8%,14.72,"2,775.3",114.5,0.352
2382,01/06/2023,2023,Jun,6,Q2,RAUB,BARAT,BUKIT FRASER,Luar Bandar,"5,300",28,"14,568","3,676","130,155","48,198","4,621","2,042",81.8%,0.991,"44,485",0.3718,"9,977","6,741",8,26,2,12.1,7,4.1,1.71,86,27.6,28.8,98,"54,861","75,294",57.8%,"61,590","13,704",81.9%,"54,367.25","16,539.52","33,257.52",0.256,38.8%,14.79,"2,895.9",125.5,0.342
2383,01/07/2023,2023,Jul,7,Q3,RAUB,BARAT,BUKIT FRASER,Luar Bandar,"5,300",28,"14,568","3,481","131,515","49,740","5,002","2,159",81.8%,0.991,"51,359",0.3709,"8,629","7,084",8,26,1,12.1,4,2.2,1.58,125,28.1,12.8,98.6,"56,901","74,614",56.7%,"61,034","13,580",80.0%,"56,388.89","19,049.05","34,762.05",0.264,38.4%,16.20,"2,869.8",126.0,0.391
2384,01/08/2023,2023,Aug,8,Q3,RAUB,BARAT,BUKIT FRASER,Luar Bandar,"5,300",28,"14,568","3,493","122,946","44,081","4,042","1,769",81.8%,0.991,"47,996",0.3803,"8,415","5,527",8,26,1,12.1,6,4.3,2.14,85,27.8,27.2,99.6,"49,892","73,054",59.4%,"59,758","13,296",74.8%,"49,442.97","18,252.88","32,194.88",0.262,34.9%,14.15,"2,809.8",110.5,0.390
2385,01/09/2023,2023,Sep,9,Q3,RAUB,BARAT,BUKIT FRASER,Luar Bandar,"5,300",28,"14,568","3,518","119,534","48,724","5,285","2,749",81.8%,0.991,"44,793",0.3752,"9,862","8,993",8,26,2,12.1,6,7.4,2.51,204,26.8,33.8,98.4,"56,758","62,776",52.5%,"51,351","11,425",75.2%,"56,247.18","16,806.33","35,661.33",0.298,36.6%,15.99,"2,414.5",129.9,0.375
2386,01/10/2023,2023,Oct,10,Q4,RAUB,BARAT,BUKIT FRASER,Luar Bandar,"5,300",28,"14,568","3,553","117,521","44,233","3,822","2,219",81.8%,0.991,"40,495",0.3745,"8,421","5,307",8,26,1,12.1,7,4.8,2.87,181,26.6,15.3,98.7,"50,274","67,247",57.2%,"55,008","12,239",71.5%,"49,821.53","15,165.38","28,893.38",0.246,42.0%,14.02,"2,586.4",111.3,0.345
2387,01/11/2023,2023,Nov,11,Q4,RAUB,BARAT,BUKIT FRASER,Luar Bandar,"5,300",28,"14,568","3,322","120,751","49,257","4,663","2,328",81.8%,0.991,"45,143",0.3730,"9,212","6,293",8,26,1,12.1,6,2.3,1.96,297,26.4,,96.7,"56,248","64,503",53.4%,"52,763","11,740",75.9%,"55,741.77","16,838.34","32,343.34",0.268,42.0%,16.78,"2,480.9",128.7,0.374
2388,01/12/2023,2023,Dec,12,Q4,RAUB,BARAT,BUKIT FRASER,Luar Bandar,"5,300",28,"14,568","3,377","116,610","46,979","4,245","2,330",81.8%,0.991,"39,271",0.3665,"9,212","10,984",8,26,2,12.1,8,5.5,2.11,264,26.7,28.7,98.8,"53,554","63,056",54.1%,"51,580","11,476",71.0%,"53,072.01","14,392.82","34,588.82",0.297,34.8%,15.72,"2,425.2",118.6,0.337
2389,01/01/2024,2024,Jan,1,Q1,RAUB,BARAT,BUKIT FRASER,Luar Bandar,"5,300",29,"14,915","3,587","123,093","49,269","4,800","2,678",81.8%,0.991,"46,757",0.3847,"9,614","6,874",8,26,1,13.1,6,4.3,1.7,122,27.3,16.4,97.6,"56,747","66,346",53.9%,"54,271","12,075",74.9%,"56,236.28","17,987.42","34,475.42",0.280,38.7%,15.68,"2,551.8",122.7,0.380
2390,01/02/2024,2024,Feb,2,Q1,RAUB,BARAT,BUKIT FRASER,Luar Bandar,"5,300",29,"14,915","3,492","118,059","47,233","5,219","2,501",81.8%,0.991,"43,615",0.3844,"9,843","5,877",8,26,1,13.1,4,4.3,2.64,86,27,16.8,98.8,"54,953","63,106",53.5%,"51,621","11,485",76.8%,"54,458.42","16,765.61","32,485.61",0.275,40.3%,15.60,"2,427.2",127.0,0.369
2391,01/03/2024,2024,Mar,3,Q1,RAUB,BARAT,BUKIT FRASER,Luar Bandar,"5,300",29,"14,915","3,660","133,914","58,358","6,180","3,113",81.8%,0.991,"51,799",0.3902,"9,965","5,849",8,26,1,13.1,7,3.3,2.62,137,28,32.9,98,"67,651","66,263",49.5%,"54,203","12,060",81.5%,"67,042.14","20,211.97","36,025.97",0.269,46.3%,18.32,"2,548.6",146.3,0.387
2392,01/04/2024,2024,Apr,4,Q2,RAUB,BARAT,BUKIT FRASER,Luar Bandar,"5,300",29,"14,915","3,406","124,614","50,371","5,311","2,461",81.8%,0.991,"42,218",0.3952,"8,089","7,449",8,26,2,13.1,9,4,3.12,227,28.3,36.9,99.2,"58,143","66,471",53.3%,"54,373","12,098",78.4%,"57,619.71","16,684.55","32,222.55",0.259,44.1%,16.92,"2,556.6",129.9,0.339
2393,01/05/2024,2024,May,5,Q2,RAUB,BARAT,BUKIT FRASER,Luar Bandar,"5,300",29,"14,915","3,512","131,241","46,970","4,444","2,601",81.8%,0.991,"50,277",0.3867,"11,103","8,418",8,26,2,13.1,10,8,1.99,208,27.8,24.8,98.4,"54,015","77,226",58.8%,"63,171","14,055",79.9%,"53,528.87","19,442.12","38,963.12",0.297,27.2%,15.24,"2,970.2",116.8,0.383
2394,01/06/2024,2024,Jun,6,Q2,RAUB,BARAT,BUKIT FRASER,Luar Bandar,"5,300",29,"14,915","3,548","123,845","51,960","5,566","2,106",81.8%,0.991,"47,588",0.3888,"9,334","9,771",8,26,2,13.1,6,7.9,2.19,130,27.9,17.7,100,"59,632","64,213",51.8%,"52,526","11,687",77.9%,"59,095.31","18,502.21","37,607.21",0.304,36.4%,16.66,"2,469.7",133.3,0.384
2395,01/07/2024,2024,Jul,7,Q3,RAUB,BARAT,BUKIT FRASER,Luar Bandar,"5,300",29,"14,915","3,723","127,269","55,712","5,553","2,692",81.8%,0.991,"45,844",0.3814,"10,533","9,543",8,26,2,13.1,8,9.3,2.87,117,27.7,21.7,99.2,"63,957","63,312",49.7%,"51,789","11,523",77.5%,"63,381.39","17,484.90","37,560.90",0.295,40.7%,17.02,"2,435.1",138.3,0.360
2396,01/08/2024,2024,Aug,8,Q3,RAUB,BARAT,BUKIT FRASER,Luar Bandar,"5,300",29,"14,915","3,728","131,844","49,824","4,921","2,325",81.8%,0.991,"47,483",0.3955,"10,875","10,564",8,26,2,13.1,10,6.2,1.9,99,28.4,24.7,96.8,"57,070","74,774",56.7%,"61,165","13,609",80.2%,"56,556.37","18,779.53","40,218.53",0.305,28.9%,15.17,"2,875.9",123.4,0.360
2397,01/09/2024,2024,Sep,9,Q3,RAUB,BARAT,BUKIT FRASER,Luar Bandar,"5,300",29,"14,915","3,510","129,317","48,411","4,246","2,027",81.8%,0.991,"48,067",0.3920,"9,379","9,484",8,26,2,13.1,8,4.3,1.6,130,27.9,20.1,97.1,"54,684","74,633",57.7%,"61,050","13,583",81.3%,"54,191.84","18,842.26","37,705.26",0.292,30.4%,15.44,"2,870.5",122.2,0.372
2398,01/10/2024,2024,Oct,10,Q4,RAUB,BARAT,BUKIT FRASER,Luar Bandar,"5,300",29,"14,915","3,763","119,080","51,963","5,534","2,628",81.8%,0.991,"41,579",0.3921,"8,308","6,974",8,26,1,13.1,6,3.8,3.01,224,27.4,26.1,98.6,"60,125","58,955",49.5%,"48,225","10,730",72.5%,"59,583.88","16,303.13","31,585.13",0.265,47.0%,15.83,"2,267.5",130.0,0.349
2399,01/11/2024,2024,Nov,11,Q4,RAUB,BARAT,BUKIT FRASER,Luar Bandar,"5,300",29,"14,915","3,629","123,024","53,757","4,650","2,057",81.8%,0.991,"43,379",0.3962,"9,408","8,153",8,26,2,13.1,9,5.4,2.49,311,26.9,37.5,97.7,"60,464","62,560",50.9%,"51,174","11,386",77.4%,"59,919.82","17,186.76","34,747.76",0.282,42.0%,16.51,"2,406.2",135.1,0.353
2400,01/12/2024,2024,Dec,12,Q4,RAUB,BARAT,BUKIT FRASER,Luar Bandar,"5,300",29,"14,915","3,401","124,991","48,094","4,303","2,640",81.8%,0.991,"42,363",0.3906,"8,179","8,062",8,26,2,13.1,9,5.4,2.63,423,26.3,26,99.5,"55,037","69,954",56.0%,"57,222","12,732",76.1%,"54,541.67","16,546.99","32,787.99",0.262,39.9%,16.04,"2,690.5",119.0,0.339
2401,01/01/2025,2025,Jan,1,Q1,RAUB,BARAT,BUKIT FRASER,Luar Bandar,"5,300",30,"15,274","3,840","124,525","52,257","5,186","2,077",81.8%,0.991,"45,502",0.4069,"10,169","6,157",8,26,1,14.1,7,2.9,2.8,141,27.1,17.9,96.8,"59,520","65,005",52.2%,"53,174","11,831",75.8%,"58,984.32","18,514.76","34,840.76",0.280,40.9%,15.36,"2,500.2",125.7,0.365
2402,01/02/2025,2025,Feb,2,Q1,RAUB,BARAT,BUKIT FRASER,Luar Bandar,"5,300",30,"15,274","3,680","116,760","51,294","4,675","2,576",81.8%,0.991,"43,876",0.3902,"9,342","10,873",8,26,2,14.1,7,9.8,2.93,130,27.2,,98.9,"58,545","58,215",49.9%,"47,620","10,595",78.7%,"58,018.10","17,120.42","37,335.42",0.320,35.6%,15.77,"2,239.0",136.9,0.376
2403,01/03/2025,2025,Mar,3,Q1,RAUB,BARAT,BUKIT FRASER,Luar Bandar,"5,300",30,"15,274","3,779","135,738","58,938","5,925","2,982",81.8%,0.991,"48,565",0.4017,"9,179","7,291",8,26,1,14.1,4,3,1.93,113,27.4,14.3,97.1,"67,845","67,893",50.0%,"55,536","12,357",82.6%,"67,234.40","19,508.56","35,978.56",0.265,46.5%,17.79,"2,611.3",143.3,0.358
2404,01/04/2025,2025,Apr,4,Q2,RAUB,BARAT,BUKIT FRASER,Luar Bandar,"5,300",30,"15,274","3,847","127,401","54,546","5,323","2,982",81.8%,0.991,"46,165",0.3921,"9,772","8,028",8,26,2,14.1,6,5.7,2.37,166,28.9,34.7,96.6,"62,851","64,550",50.7%,"52,802","11,748",80.1%,"62,285.34","18,101.30","35,901.30",0.282,42.4%,16.19,"2,482.7",137.2,0.362
2405,01/05/2025,2025,May,5,Q2,RAUB,BARAT,BUKIT FRASER,Luar Bandar,"5,300",30,"15,274","3,757","135,749","60,340","5,206","2,586",81.8%,0.991,"49,154",0.4016,"11,501","7,181",8,26,1,14.1,4,3,2.07,151,28.6,25.1,98.5,"68,132","67,617",49.8%,"55,311","12,306",82.6%,"67,518.81","19,740.25","38,422.25",0.283,43.1%,17.97,"2,600.7",143.9,0.362
2406,01/06/2025,2025,Jun,6,Q2,RAUB,BARAT,BUKIT FRASER,Luar Bandar,"5,300",30,"15,274","3,765","132,451","51,278","4,469","2,304",81.8%,0.991,"45,377",0.3964,"10,280","10,945",8,26,2,14.1,7,7.6,2.27,103,27.8,21.5,99.6,"58,051","74,400",56.2%,"60,859","13,541",83.3%,"57,528.54","17,987.44","39,212.44",0.296,31.8%,15.28,"2,861.5",126.7,0.343
2407,01/07/2025,2025,Jul,7,Q3,RAUB,BARAT,BUKIT FRASER,Luar Bandar,"5,300",30,"15,274","3,450","135,806","51,549","5,702","2,659",81.8%,0.991,"47,801",0.4014,"10,167","6,393",8,26,1,14.1,7,4.1,1.68,141,27.6,,96.9,"59,910","75,896",55.9%,"62,083","13,813",82.7%,"59,370.81","19,187.32","35,747.32",0.263,39.8%,17.21,"2,919.1",126.5,0.352
2408,01/08/2025,2025,Aug,8,Q3,RAUB,BARAT,BUKIT FRASER,Luar Bandar,"5,300",30,"15,274","3,788","138,281","60,861","6,523","3,059",81.8%,0.991,"46,661",0.3931,"11,237","5,726",8,26,1,14.1,7,3.7,2.89,120,27.5,28.6,98.2,"70,443","67,838",49.1%,"55,491","12,347",84.2%,"69,809.01","18,342.44","35,305.44",0.255,49.4%,18.43,"2,609.2",148.8,0.337
2409,01/09/2025,2025,Sep,9,Q3,RAUB,BARAT,BUKIT FRASER,Luar Bandar,"5,300",30,"15,274","3,800","121,192","53,441","5,760","2,155",81.8%,0.991,"45,592",0.4069,"9,337","4,694",8,26,1,14.1,4,1.9,2.71,181,27.4,20.9,96.8,"61,356","59,836",49.4%,"48,946","10,890",76.2%,"60,803.80","18,551.38","32,582.38",0.269,46.4%,16.00,"2,301.4",133.9,0.376
2410,01/10/2025,2025,Oct,10,Q4,RAUB,BARAT,BUKIT FRASER,Luar Bandar,"5,300",30,"15,274","3,678","133,327","53,355","5,446","2,819",81.8%,0.991,"46,191",0.3909,"10,089","6,412",8,26,1,14.1,7,2.9,2.55,223,27,27.6,99,"61,620","71,707",53.8%,"58,656","13,051",81.1%,"61,065.42","18,056.06","34,557.06",0.259,43.4%,16.60,"2,758.0",130.1,0.346
2411,01/11/2025,2025,Nov,11,Q4,RAUB,BARAT,BUKIT FRASER,Luar Bandar,"5,300",30,"15,274","3,589","119,150","51,906","4,906","2,519",81.8%,0.991,"42,298",0.3911,"8,221","9,664",8,26,2,14.1,7,5.7,1.99,338,27.2,40.9,97.9,"59,331","59,819",50.2%,"48,932","10,887",74.9%,"58,797.02","16,542.75","34,427.75",0.289,41.4%,16.38,"2,300.7",129.5,0.355
2412,01/12/2025,2025,Dec,12,Q4,RAUB,BARAT,BUKIT FRASER,Luar Bandar,"5,300",30,"15,274","3,464","122,193","52,407","5,702","2,319",81.8%,0.991,"44,059",0.4071,"8,395","5,315",8,26,1,14.1,8,3.3,2.01,336,27.3,23.3,97.1,"60,428","61,765",50.5%,"50,524","11,241",74.4%,"59,884.15","17,936.42","31,646.42",0.259,47.2%,17.29,"2,375.6",127.6,0.361
2413,01/01/2023,2023,Jan,1,Q1,RAUB,BARAT,TRAS,Luar Bandar,"6,600",27,"19,585","4,387","154,197","76,874","8,055","3,524",69.6%,0.986,"52,898",0.3739,"13,528","7,200",11,26,1,4.8,7,3.2,2.94,147,27.3,28.2,97.1,"88,453","65,744",42.6%,"45,758","19,986",75.4%,"87,214.66","19,778.56","40,506.56",0.263,53.6%,19.88,"2,528.6",145.7,0.343
2414,01/02/2023,2023,Feb,2,Q1,RAUB,BARAT,TRAS,Luar Bandar,"6,600",27,"19,585","4,553","146,938","74,029","7,036","2,699",69.6%,0.986,"50,661",0.3791,"10,318","7,307",11,26,1,4.8,7,3.5,1.75,100,27.4,17.7,99.3,"83,764","63,174",43.0%,"43,969","19,205",79.5%,"82,591.30","19,205.59","36,830.59",0.251,55.4%,18.14,"2,429.8",152.7,0.345
2415,01/03/2023,2023,Mar,3,Q1,RAUB,BARAT,TRAS,Luar Bandar,"6,600",27,"19,585","4,824","165,288","83,425","7,774","3,454",69.6%,0.986,"56,864",0.3680,"12,554","7,278",11,26,1,4.8,6,2.1,2.57,189,28.3,22.1,98.1,"94,653","70,635",42.7%,"49,162","21,473",80.8%,"93,327.86","20,925.95","40,757.95",0.247,56.3%,19.35,"2,716.7",155.9,0.344
2416,01/04/2023,2023,Apr,4,Q2,RAUB,BARAT,TRAS,Luar Bandar,"6,600",27,"19,585","4,580","166,765","83,054","8,829","3,482",69.6%,0.986,"61,188",0.3761,"14,288","5,451",11,26,1,4.8,8,2.4,2.8,229,28.2,32.3,98.4,"95,365","71,400",42.8%,"49,694","21,706",84.2%,"94,029.89","23,012.81","42,751.81",0.256,54.5%,20.53,"2,746.2",162.3,0.367
2417,01/05/2023,2023,May,5,Q2,RAUB,BARAT,TRAS,Luar Bandar,"6,600",27,"19,585","4,936","172,617","90,028","9,637","3,309",69.6%,0.986,"63,708",0.3811,"12,315","7,618",11,26,1,4.8,7,4,3.06,125,27.7,23.6,98.1,"102,974","69,643",40.3%,"48,472","21,171",84.4%,"101,532.36","24,279.12","44,212.12",0.256,56.5%,20.57,"2,678.6",169.6,0.369
2418,01/06/2023,2023,Jun,6,Q2,RAUB,BARAT,TRAS,Luar Bandar,"6,600",27,"19,585","4,665","177,283","95,990","8,994","3,570",69.6%,0.986,"63,948",0.3743,"14,772","7,705",11,26,1,4.8,6,3.3,2.28,149,27.8,21.3,98.5,"108,554","68,729",38.8%,"47,835","20,894",89.5%,"107,034.24","23,935.74","46,412.74",0.262,56.6%,22.94,"2,643.4",184.8,0.361
2419,01/07/2023,2023,Jul,7,Q3,RAUB,BARAT,TRAS,Luar Bandar,"6,600",27,"19,585","4,791","184,277","99,592","10,020","4,665",69.6%,0.986,"66,836",0.3790,"12,401","10,723",11,26,2,4.8,11,5.2,2.9,113,27.3,21,99,"114,277","70,000",38.0%,"48,720","21,280",90.1%,"112,677.12","25,330.84","48,454.84",0.263,57.0%,23.52,"2,692.3",188.2,0.363
2420,01/08/2023,2023,Aug,8,Q3,RAUB,BARAT,TRAS,Luar Bandar,"6,600",27,"19,585","4,545","171,229","88,744","10,055","3,141",69.6%,0.986,"60,447",0.3759,"12,289","7,533",11,26,1,4.8,10,3.8,1.83,81,27,19.2,98,"101,940","69,289",40.5%,"48,225","21,064",83.7%,"100,512.84","22,722.03","42,544.03",0.248,57.7%,22.12,"2,665.0",167.9,0.353
2421,01/09/2023,2023,Sep,9,Q3,RAUB,BARAT,TRAS,Luar Bandar,"6,600",27,"19,585","4,470","168,253","89,187","8,719","4,220",69.6%,0.986,"63,499",0.3791,"11,704","6,103",11,26,1,4.8,8,3.8,2.51,130,26.8,19.6,99.6,"102,126","66,127",39.3%,"46,024","20,103",85.0%,"100,696.24","24,072.47","41,879.47",0.249,58.4%,22.53,"2,543.3",173.8,0.377
2422,01/10/2023,2023,Oct,10,Q4,RAUB,BARAT,TRAS,Luar Bandar,"6,600",27,"19,585","4,680","161,733","82,021","8,253","3,169",69.6%,0.986,"61,198",0.3719,"14,415","7,569",11,26,1,4.8,6,4.6,1.97,166,27.4,18,96.8,"93,443","68,290",42.2%,"47,530","20,760",79.0%,"92,134.80","22,759.54","44,743.54",0.277,51.4%,19.69,"2,626.5",153.9,0.378
2423,01/11/2023,2023,Nov,11,Q4,RAUB,BARAT,TRAS,Luar Bandar,"6,600",27,"19,585","4,835","147,967","82,421","8,187","3,327",69.6%,0.986,"51,612",0.3758,"11,399","5,743",11,26,1,4.8,5,4,2.53,180,27.2,33.2,98.1,"93,935","54,032",36.5%,"37,606","16,426",74.7%,"92,619.91","19,395.79","36,537.79",0.247,60.6%,19.16,"2,078.2",159.9,0.349
2424,01/12/2023,2023,Dec,12,Q4,RAUB,BARAT,TRAS,Luar Bandar,"6,600",27,"19,585","4,735","150,692","80,172","9,036","3,389",69.6%,0.986,"50,508",0.3731,"12,452","6,482",11,26,1,4.8,10,2.8,1.75,338,25.8,26.5,99.5,"92,597","58,095",38.6%,"40,434","17,661",73.7%,"91,300.64","18,844.53","37,778.53",0.251,58.6%,19.28,"2,234.4",152.5,0.335
2425,01/01/2024,2024,Jan,1,Q1,RAUB,BARAT,TRAS,Luar Bandar,"6,600",28,"20,037","4,539","171,762","96,298","10,688","3,504",69.6%,0.986,"57,395",0.3903,"12,731","5,654",11,26,1,5.8,6,2.7,2.25,150,27,26.2,98.5,"110,490","61,272",35.7%,"42,645","18,627",84.0%,"108,943.14","22,401.27","40,786.27",0.237,62.6%,24.00,"2,356.6",177.9,0.334
2426,01/02/2024,2024,Feb,2,Q1,RAUB,BARAT,TRAS,Luar Bandar,"6,600",28,"20,037","4,623","155,403","88,458","8,144","3,217",69.6%,0.986,"58,933",0.3947,"12,152","5,168",11,26,1,5.8,5,2.4,3.04,66,27.1,26.6,97.3,"99,819","55,584",35.8%,"38,686","16,898",81.2%,"98,421.53","23,260.86","40,580.86",0.261,58.8%,21.29,"2,137.8",171.8,0.379
2427,01/03/2024,2024,Mar,3,Q1,RAUB,BARAT,TRAS,Luar Bandar,"6,600",28,"20,037","4,709","180,164","96,480","10,594","3,509",69.6%,0.986,"66,018",0.3941,"14,403","8,340",11,26,2,5.8,9,9.1,2.03,154,28.5,21.6,98.1,"110,583","69,581",38.6%,"48,428","21,153",88.1%,"109,034.84","26,017.69","48,760.69",0.271,55.3%,23.15,"2,676.2",178.0,0.366
2428,01/04/2024,2024,Apr,4,Q2,RAUB,BARAT,TRAS,Luar Bandar,"6,600",28,"20,037","4,763","165,707","85,966","9,120","3,761",69.6%,0.986,"64,028",0.3805,"12,575","7,084",11,26,1,5.8,9,4.6,2.2,165,28.2,25.9,96.8,"98,847","66,860",40.3%,"46,535","20,325",83.7%,"97,463.14","24,362.65","44,021.65",0.266,54.8%,20.46,"2,571.5",164.4,0.386
2429,01/05/2024,2024,May,5,Q2,RAUB,BARAT,TRAS,Luar Bandar,"6,600",28,"20,037","4,530","185,377","104,534","10,666","3,868",69.6%,0.986,"67,039",0.3828,"14,389","5,150",11,26,1,5.8,9,3.6,2.45,182,28.4,27,97.6,"119,068","66,309",35.8%,"46,151","20,158",90.6%,"117,401.05","25,662.53","45,201.53",0.244,61.5%,25.92,"2,550.3",191.7,0.362
2430,01/06/2024,2024,Jun,6,Q2,RAUB,BARAT,TRAS,Luar Bandar,"6,600",28,"20,037","5,013","167,013","89,254","7,902","2,965",69.6%,0.986,"55,666",0.3911,"12,621","6,019",11,26,1,5.8,9,4.2,3.06,102,27.5,20.5,98.6,"100,121","66,892",40.1%,"46,557","20,335",84.4%,"98,719.31","21,770.97","40,410.97",0.242,59.1%,19.69,"2,572.8",166.6,0.333
2431,01/07/2024,2024,Jul,7,Q3,RAUB,BARAT,TRAS,Luar Bandar,"6,600",28,"20,037","4,922","185,211","105,443","10,449","4,114",69.6%,0.986,"67,185",0.3915,"13,347","7,029",11,26,1,5.8,7,3.3,1.78,117,27.3,21.4,97.3,"120,006","65,205",35.2%,"45,383","19,822",90.5%,"118,325.92","26,302.93","46,678.93",0.252,60.6%,24.04,"2,507.9",193.2,0.363
2432,01/08/2024,2024,Aug,8,Q3,RAUB,BARAT,TRAS,Luar Bandar,"6,600",28,"20,037","4,786","175,749","96,880","10,048","4,474",69.6%,0.986,"58,566",0.3802,"12,152","7,570",11,26,1,5.8,8,3.2,2.49,157,28.1,21.2,97.7,"111,402","64,347",36.6%,"44,786","19,561",85.9%,"109,842.37","22,266.79","41,988.79",0.239,61.8%,22.95,"2,474.9",179.3,0.333
2433,01/09/2024,2024,Sep,9,Q3,RAUB,BARAT,TRAS,Luar Bandar,"6,600",28,"20,037","4,702","168,019","86,559","9,499","3,886",69.6%,0.986,"59,611",0.3907,"14,883","5,655",11,26,1,5.8,6,2.6,1.76,160,28.2,29.9,99.2,"99,944","68,075",40.5%,"47,380","20,695",84.9%,"98,544.78","23,290.02","43,828.02",0.261,55.5%,20.96,"2,618.3",166.3,0.355
2434,01/10/2024,2024,Oct,10,Q4,RAUB,BARAT,TRAS,Luar Bandar,"6,600",28,"20,037","4,685","159,630","87,103","9,291","3,777",69.6%,0.986,"57,160",0.3898,"11,913","6,983",11,26,1,5.8,9,3.1,1.81,291,26.8,45.3,99.6,"100,171","59,459",37.2%,"41,383","18,076",78.0%,"98,768.61","22,280.97","41,176.97",0.258,58.3%,21.08,"2,286.9",161.3,0.358
2435,01/11/2024,2024,Nov,11,Q4,RAUB,BARAT,TRAS,Luar Bandar,"6,600",28,"20,037","4,748","157,132","80,879","7,834","3,283",69.6%,0.986,"56,266",0.3872,"11,191","5,211",11,26,1,5.8,6,3.8,2.83,283,26.5,27.5,98.7,"91,996","65,136",41.5%,"45,335","19,801",79.4%,"90,708.06","21,786.20","38,188.20",0.243,57.9%,19.10,"2,505.2",153.0,0.358
2436,01/12/2024,2024,Dec,12,Q4,RAUB,BARAT,TRAS,Luar Bandar,"6,600",28,"20,037","4,817","156,795","86,134","8,970","3,855",69.6%,0.986,"54,533",0.3849,"11,006","5,240",11,26,1,5.8,8,4.3,2.83,412,26.2,26.8,98.3,"98,959","57,836",36.9%,"40,254","17,582",76.6%,"97,573.57","20,989.75","37,235.75",0.237,61.8%,20.26,"2,224.5",159.3,0.348
2437,01/01/2025,2025,Jan,1,Q1,RAUB,BARAT,TRAS,Luar Bandar,"6,600",29,"20,474","5,110","170,151","95,653","9,316","4,254",69.6%,0.986,"58,328",0.3956,"13,016","3,584",11,26,0,6.8,8,0,2.33,153,26.6,27,99.5,"109,223","60,928",35.8%,"42,406","18,522",83.2%,"107,693.88","23,074.56","39,674.56",0.233,63.2%,21.08,"2,343.4",172.1,0.343
2438,01/02/2025,2025,Feb,2,Q1,RAUB,BARAT,TRAS,Luar Bandar,"6,600",29,"20,474","5,044","146,652","79,536","8,680","2,722",69.6%,0.986,"51,361",0.4019,"12,664","6,744",11,26,1,6.8,9,2.6,3.11,69,26.8,19.5,96.9,"90,938","55,714",38.0%,"38,777","16,937",79.4%,"89,664.87","20,641.99","40,049.99",0.273,55.3%,17.78,"2,142.8",158.6,0.350
2439,01/03/2025,2025,Mar,3,Q1,RAUB,BARAT,TRAS,Luar Bandar,"6,600",29,"20,474","4,629","179,777","97,028","9,667","3,690",69.6%,0.986,"60,757",0.3900,"15,829","5,347",11,26,1,6.8,9,1.9,2.99,133,27.5,28,99,"110,385","69,392",38.6%,"48,297","21,095",87.9%,"108,839.61","23,695.23","44,871.23",0.250,58.8%,23.51,"2,668.9",173.9,0.338
2440,01/04/2025,2025,Apr,4,Q2,RAUB,BARAT,TRAS,Luar Bandar,"6,600",29,"20,474","4,676","183,103","98,314","10,901","4,339",69.6%,0.986,"64,190",0.3919,"14,409","6,136",11,26,1,6.8,9,3.6,1.72,225,28.4,29,97.3,"113,554","69,549",38.0%,"48,406","21,143",92.5%,"111,964.24","25,156.06","45,701.06",0.250,59.2%,23.94,"2,675.0",184.9,0.351
2441,01/05/2025,2025,May,5,Q2,RAUB,BARAT,TRAS,Luar Bandar,"6,600",29,"20,474","5,103","176,775","100,886","9,554","4,806",69.6%,0.986,"63,051",0.4080,"12,897","5,603",11,26,1,6.8,6,4.1,2.2,126,28.6,16.2,99.9,"115,246","61,529",34.8%,"42,824","18,705",86.4%,"113,632.56","25,724.81","44,224.81",0.250,61.1%,22.27,"2,366.5",181.6,0.357
2442,01/06/2025,2025,Jun,6,Q2,RAUB,BARAT,TRAS,Luar Bandar,"6,600",29,"20,474","4,761","171,210","90,520","10,213","3,145",69.6%,0.986,"61,011",0.3937,"11,696","6,404",11,26,1,6.8,10,4.2,1.74,91,28.1,29,97.6,"103,878","67,332",39.3%,"46,863","20,469",86.5%,"102,423.71","24,020.03","42,120.03",0.246,58.9%,21.51,"2,589.7",169.1,0.356
2443,01/07/2025,2025,Jul,7,Q3,RAUB,BARAT,TRAS,Luar Bandar,"6,600",29,"20,474","4,952","178,250","98,305","9,690","4,461",69.6%,0.986,"64,100",0.3942,"13,849","6,689",11,26,1,6.8,6,2.1,1.85,67,27.4,16.9,98.4,"112,456","65,794",36.9%,"45,793","20,001",87.1%,"110,881.62","25,268.22","45,806.22",0.257,58.7%,22.39,"2,530.5",177.2,0.360
2444,01/08/2025,2025,Aug,8,Q3,RAUB,BARAT,TRAS,Luar Bandar,"6,600",29,"20,474","4,755","174,961","93,539","9,372","3,346",69.6%,0.986,"65,398",0.3897,"11,720","6,117",11,26,1,6.8,8,3.7,3.16,109,28,23.6,99.1,"106,257","68,704",39.3%,"47,818","20,886",85.5%,"104,769.40","25,485.60","43,322.60",0.248,58.6%,22.03,"2,642.5",167.4,0.374
2445,01/09/2025,2025,Sep,9,Q3,RAUB,BARAT,TRAS,Luar Bandar,"6,600",29,"20,474","5,056","168,078","93,368","9,870","4,054",69.6%,0.986,"63,699",0.3958,"13,920","4,989",11,26,1,6.8,10,3.9,1.85,115,27.5,22.5,99.3,"107,292","60,786",36.2%,"42,307","18,479",84.9%,"105,789.91","25,212.06","44,121.06",0.263,58.3%,20.92,"2,337.9",174.7,0.379
2446,01/10/2025,2025,Oct,10,Q4,RAUB,BARAT,TRAS,Luar Bandar,"6,600",29,"20,474","4,968","168,801","95,330","10,297","3,980",69.6%,0.986,"57,902",0.3935,"11,921","4,953",11,26,1,6.8,8,4.4,2.64,236,26.8,34.5,99.3,"109,607","59,194",35.1%,"41,199","17,995",82.5%,"108,072.50","22,784.44","39,658.44",0.235,63.3%,21.75,"2,276.7",172.7,0.343
2447,01/11/2025,2025,Nov,11,Q4,RAUB,BARAT,TRAS,Luar Bandar,"6,600",29,"20,474","4,933","159,614","86,828","7,998","3,966",69.6%,0.986,"54,495",0.4024,"12,094","4,882",11,26,1,6.8,10,2.4,2.98,410,27.4,29.8,97.9,"98,792","60,822",38.1%,"42,332","18,490",80.6%,"97,408.91","21,928.79","38,904.79",0.244,60.1%,19.75,"2,339.3",160.8,0.341
2448,01/12/2025,2025,Dec,12,Q4,RAUB,BARAT,TRAS,Luar Bandar,"6,600",29,"20,474","5,164","171,036","99,149","9,818","4,083",69.6%,0.986,"58,892",0.4008,"14,248","5,042",11,26,1,6.8,9,2,1.76,413,26.8,50.2,99.3,"113,050","57,986",33.9%,"40,358","17,628",83.6%,"111,467.30","23,603.91","42,893.91",0.251,61.5%,21.59,"2,230.2",178.1,0.344
2449,01/01/2023,2023,Jan,1,Q1,RAUB,BARAT,SG BILUT,Pinggir Bandar,"18,600",17,"55,447","12,452","438,428","206,144","51,505","23,437",78.9%,1.176,"158,440",0.3677,"24,030","13,604",14,48,2,10.6,13,4.3,2.15,150,26.4,22.3,98.4,"281,086","157,342",35.9%,"124,143","33,199",76.0%,"330,557.14","58,258.39","95,892.39",0.219,71.0%,26.55,"3,278.0",163.5,0.361
2450,01/02/2023,2023,Feb,2,Q1,RAUB,BARAT,SG BILUT,Pinggir Bandar,"18,600",17,"55,447","13,791","417,676","193,688","41,085","24,366",78.9%,1.176,"146,282",0.3816,"30,072","9,787",14,48,2,10.6,16,7.9,2.51,71,26.7,19.5,98.3,"259,139","158,537",38.0%,"125,086","33,451",80.2%,"304,747.46","55,821.21","95,680.21",0.229,68.6%,22.10,"3,302.9",166.9,0.350
2451,01/03/2023,2023,Mar,3,Q1,RAUB,BARAT,SG BILUT,Pinggir Bandar,"18,600",17,"55,447","13,081","464,410","214,614","50,177","22,482",78.9%,1.176,"170,763",0.3751,"28,532","14,787",14,48,2,10.6,21,5.8,1.77,174,27.7,,99.5,"287,273","177,137",38.1%,"139,761","37,376",80.5%,"337,833.05","64,053.20","107,372.20",0.231,68.2%,25.83,"3,690.4",167.1,0.368
2452,01/04/2023,2023,Apr,4,Q2,RAUB,BARAT,SG BILUT,Pinggir Bandar,"18,600",17,"55,447","13,402","477,511","213,819","42,414","25,051",78.9%,1.176,"171,095",0.3767,"27,984","9,384",14,48,2,10.6,20,9,3.13,234,28.4,25.5,97.2,"281,284","196,227",41.1%,"154,823","41,404",85.6%,"330,789.98","64,451.49","101,819.49",0.213,69.2%,24.68,"4,088.1",169.1,0.358
2453,01/05/2023,2023,May,5,Q2,RAUB,BARAT,SG BILUT,Pinggir Bandar,"18,600",17,"55,447","13,924","522,499","224,769","56,998","26,536",78.9%,1.176,"177,730",0.3777,"33,348","12,397",14,48,2,10.6,26,6.6,3.24,168,27.6,24.8,100,"308,303","214,196",41.0%,"169,001","45,195",90.6%,"362,564.33","67,128.62","112,873.62",0.216,68.9%,26.04,"4,462.4",179.4,0.340
2454,01/06/2023,2023,Jun,6,Q2,RAUB,BARAT,SG BILUT,Pinggir Bandar,"18,600",17,"55,447","12,633","459,992","224,131","43,904","24,126",78.9%,1.176,"170,619",0.3756,"31,138","7,509",14,48,1,10.6,13,2.2,1.9,138,27.6,,99.9,"292,161","167,831",36.5%,"132,419","35,412",82.4%,"343,581.34","64,084.50","102,731.50",0.223,70.1%,27.20,"3,496.5",175.6,0.371
2455,01/07/2023,2023,Jul,7,Q3,RAUB,BARAT,SG BILUT,Pinggir Bandar,"18,600",17,"55,447","13,676","520,468","246,750","58,178","32,190",78.9%,1.176,"175,660",0.3700,"35,733","8,140",14,48,1,10.6,19,4.7,2.19,108,27.2,28.2,97.7,"337,118","183,350",35.2%,"144,663","38,687",90.3%,"396,450.77","64,994.20","108,867.20",0.209,72.5%,28.99,"3,819.8",196.1,0.338
2456,01/08/2023,2023,Aug,8,Q3,RAUB,BARAT,SG BILUT,Pinggir Bandar,"18,600",17,"55,447","12,432","507,826","230,515","47,980","27,655",78.9%,1.176,"177,440",0.3684,"31,992","11,644",14,48,2,10.6,14,4,3.03,160,28.3,21.5,99.4,"306,150","201,676",39.7%,"159,122","42,554",88.1%,"360,032.40","65,368.90","109,004.90",0.215,69.7%,28.96,"4,201.6",178.1,0.349
2457,01/09/2023,2023,Sep,9,Q3,RAUB,BARAT,SG BILUT,Pinggir Bandar,"18,600",17,"55,447","13,408","441,018","208,725","48,680","23,460",78.9%,1.176,"168,289",0.3817,"26,330","9,833",14,48,2,10.6,22,4.6,3.04,114,26.8,23.5,97.3,"280,865","160,153",36.3%,"126,361","33,792",79.0%,"330,297.24","64,235.91","100,398.91",0.228,69.6%,24.63,"3,336.5",168.8,0.382
2458,01/10/2023,2023,Oct,10,Q4,RAUB,BARAT,SG BILUT,Pinggir Bandar,"18,600",17,"55,447","12,684","471,710","216,856","45,425","27,176",78.9%,1.176,"166,038",0.3803,"25,603","9,033",14,48,1,10.6,11,4,2.57,275,27.6,22.6,97.2,"289,457","182,253",38.6%,"143,798","38,455",81.8%,"340,401.43","63,144.25","97,780.25",0.207,71.3%,26.84,"3,796.9",168.4,0.352
2459,01/11/2023,2023,Nov,11,Q4,RAUB,BARAT,SG BILUT,Pinggir Bandar,"18,600",17,"55,447","13,985","426,017","198,767","50,224","18,628",78.9%,1.176,"148,986",0.3834,"28,552","11,044",14,48,2,10.6,22,7.5,1.94,395,26.7,38.9,97.9,"267,619","158,398",37.2%,"124,976","33,422",76.3%,"314,719.94","57,121.23","96,717.23",0.227,69.3%,22.50,"3,300.0",160.9,0.350
2460,01/12/2023,2023,Dec,12,Q4,RAUB,BARAT,SG BILUT,Pinggir Bandar,"18,600",17,"55,447","13,419","435,660","213,130","43,788","19,057",78.9%,1.176,"165,639",0.3832,"27,845","9,865",14,48,1,10.6,26,4.8,2.97,388,26.2,29.6,97.2,"275,975","159,685",36.7%,"125,991","33,694",75.6%,"324,546.60","63,472.86","101,182.86",0.232,68.8%,24.19,"3,326.8",160.6,0.380
2461,01/01/2024,2024,Jan,1,Q1,RAUB,BARAT,SG BILUT,Pinggir Bandar,"18,600",18,"56,698","12,894","456,658","204,783","50,759","23,419",78.9%,1.176,"163,514",0.3808,"25,397","9,095",14,48,1,11.6,10,2,1.84,182,27,,98.1,"278,961","177,697",38.9%,"140,203","37,494",79.2%,"328,058.14","62,266.13","96,758.13",0.212,70.5%,25.44,"3,702.0",158.7,0.358
2462,01/02/2024,2024,Feb,2,Q1,RAUB,BARAT,SG BILUT,Pinggir Bandar,"18,600",18,"56,698","13,663","408,615","186,742","44,004","18,574",78.9%,1.176,"148,048",0.3788,"21,886","12,780",14,48,2,11.6,17,7.2,2.46,68,27.1,16.4,96.7,"249,320","159,295",39.0%,"125,684","33,611",75.8%,"293,200.32","56,080.58","90,746.58",0.222,69.0%,21.46,"3,318.6",151.6,0.362
2463,01/03/2024,2024,Mar,3,Q1,RAUB,BARAT,SG BILUT,Pinggir Bandar,"18,600",18,"56,698","12,880","483,621","223,651","47,621","28,353",78.9%,1.176,"175,490",0.3879,"27,516","14,480",14,48,2,11.6,29,8.2,2.64,174,28.3,32.2,98.9,"299,625","183,996",38.0%,"145,173","38,823",83.9%,"352,359.00","68,072.57","110,068.57",0.228,68.8%,27.36,"3,833.3",170.5,0.363
2464,01/04/2024,2024,Apr,4,Q2,RAUB,BARAT,SG BILUT,Pinggir Bandar,"18,600",18,"56,698","13,442","457,535","212,260","44,118","23,843",78.9%,1.176,"176,484",0.3851,"25,123","7,876",14,48,1,11.6,17,3.3,2.48,190,28.2,31.3,96.7,"280,221","177,314",38.8%,"139,901","37,413",82.0%,"329,539.90","67,963.99","100,962.99",0.221,69.4%,24.52,"3,694.0",164.7,0.386
2465,01/05/2024,2024,May,5,Q2,RAUB,BARAT,SG BILUT,Pinggir Bandar,"18,600",18,"56,698","13,557","526,028","227,756","56,358","27,928",78.9%,1.176,"195,985",0.3773,"31,158","10,649",14,48,2,11.6,18,4.2,2.74,136,28.9,17.1,99.7,"312,042","213,986",40.7%,"168,835","45,151",91.2%,"366,961.39","73,945.14","115,752.14",0.220,68.5%,27.07,"4,458.0",177.5,0.373
2466,01/06/2024,2024,Jun,6,Q2,RAUB,BARAT,SG BILUT,Pinggir Bandar,"18,600",18,"56,698","13,021","472,737","229,306","47,015","21,564",78.9%,1.176,"159,800",0.3878,"25,638","9,604",14,48,1,11.6,23,2.4,2.16,86,28.5,22.3,97.5,"297,885","174,852",37.0%,"137,958","36,894",84.7%,"350,312.76","61,970.44","97,212.44",0.206,72.2%,26.90,"3,642.8",175.1,0.338
2467,01/07/2024,2024,Jul,7,Q3,RAUB,BARAT,SG BILUT,Pinggir Bandar,"18,600",18,"56,698","13,325","490,817","214,528","53,912","21,361",78.9%,1.176,"189,113",0.3770,"35,114","11,723",14,48,2,11.6,27,6.5,2.34,118,27.2,17.3,98.7,"289,801","201,016",41.0%,"158,602","42,414",85.1%,"340,805.98","71,295.60","118,132.60",0.241,65.3%,25.58,"4,187.8",164.9,0.385
2468,01/08/2024,2024,Aug,8,Q3,RAUB,BARAT,SG BILUT,Pinggir Bandar,"18,600",18,"56,698","13,126","525,978","254,567","50,206","24,349",78.9%,1.176,"205,008",0.3969,"34,258","7,458",14,48,1,11.6,24,4.3,2.9,169,27.4,32,99.8,"329,122","196,856",37.4%,"155,319","41,537",91.2%,"387,047.47","81,367.68","123,083.68",0.234,68.2%,29.49,"4,101.2",187.3,0.390
2469,01/09/2024,2024,Sep,9,Q3,RAUB,BARAT,SG BILUT,Pinggir Bandar,"18,600",18,"56,698","14,004","492,877","220,795","51,245","27,130",78.9%,1.176,"190,966",0.3894,"29,306","9,956",14,48,1,11.6,15,3.3,2.31,97,27,28.2,96.5,"299,170","193,707",39.3%,"152,835","40,872",88.3%,"351,823.92","74,362.16","113,624.16",0.231,67.7%,25.12,"4,035.6",175.9,0.387
2470,01/10/2024,2024,Oct,10,Q4,RAUB,BARAT,SG BILUT,Pinggir Bandar,"18,600",18,"56,698","12,924","493,544","226,282","52,441","21,802",78.9%,1.176,"173,577",0.3801,"33,640","17,759",14,48,3,11.6,26,7.1,1.75,230,27.4,30.7,98.5,"300,525","193,019",39.1%,"152,292","40,727",85.6%,"353,417.40","65,976.62","117,375.62",0.238,66.8%,27.35,"4,021.2",171.0,0.352
2471,01/11/2024,2024,Nov,11,Q4,RAUB,BARAT,SG BILUT,Pinggir Bandar,"18,600",18,"56,698","13,333","446,863","202,351","42,862","26,463",78.9%,1.176,"163,566",0.3861,"25,898","17,455",14,48,3,11.6,19,13.7,2.53,251,27,32.6,97.3,"271,676","175,187",39.2%,"138,223","36,964",80.1%,"319,490.98","63,152.83","106,505.83",0.238,66.7%,23.96,"3,649.7",159.7,0.366
2472,01/12/2024,2024,Dec,12,Q4,RAUB,BARAT,SG BILUT,Pinggir Bandar,"18,600",18,"56,698","12,695","454,100","212,869","48,018","27,305",78.9%,1.176,"166,916",0.3805,"30,670","7,718",14,48,1,11.6,24,3.3,2.41,361,26.2,29.3,99.7,"288,192","165,908",36.5%,"130,901","35,007",78.8%,"338,913.79","63,511.54","101,899.54",0.224,69.9%,26.70,"3,456.4",164.0,0.368
2473,01/01/2025,2025,Jan,1,Q1,RAUB,BARAT,SG BILUT,Pinggir Bandar,"18,600",19,"57,853","13,071","478,136","216,904","53,893","24,397",78.9%,1.176,"163,271",0.4051,"28,734","12,897",14,48,2,12.6,21,7,3.11,137,27.3,28.4,99.3,"295,194","182,942",38.3%,"144,341","38,601",82.9%,"347,148.14","66,141.08","107,772.08",0.225,69.0%,26.56,"3,811.3",164.6,0.341
2474,01/02/2025,2025,Feb,2,Q1,RAUB,BARAT,SG BILUT,Pinggir Bandar,"18,600",19,"57,853","13,719","454,198","223,477","51,282","22,855",78.9%,1.176,"170,775",0.4005,"25,520","11,440",14,48,2,12.6,11,6.1,1.97,139,26.8,15.6,97.5,"297,614","156,584",34.5%,"123,545","33,039",87.2%,"349,994.06","68,395.39","105,355.39",0.232,69.9%,25.51,"3,262.2",183.7,0.376
2475,01/03/2025,2025,Mar,3,Q1,RAUB,BARAT,SG BILUT,Pinggir Bandar,"18,600",19,"57,853","13,933","493,086","223,226","54,094","24,789",78.9%,1.176,"187,448",0.3971,"30,041","9,474",14,48,1,12.6,8,4,2.49,162,27.4,31.4,99.3,"302,109","190,977",38.7%,"150,681","40,296",85.5%,"355,280.18","74,435.60","113,950.60",0.231,67.9%,25.50,"3,978.7",168.5,0.380
2476,01/04/2025,2025,Apr,4,Q2,RAUB,BARAT,SG BILUT,Pinggir Bandar,"18,600",19,"57,853","13,768","506,101","229,099","48,896","30,264",78.9%,1.176,"187,846",0.3945,"31,354","9,799",14,48,2,12.6,25,4.8,1.95,188,28.9,25.3,97.1,"308,259","197,842",39.1%,"156,097","41,745",90.7%,"362,512.58","74,105.25","115,258.25",0.228,68.2%,26.33,"4,121.7",177.6,0.371
2477,01/05/2025,2025,May,5,Q2,RAUB,BARAT,SG BILUT,Pinggir Bandar,"18,600",19,"57,853","13,502","495,548","234,904","58,761","30,807",78.9%,1.176,"170,880",0.3979,"30,415","11,128",14,48,1,12.6,16,2,2,168,29.1,30,97.8,"324,472","171,076",34.5%,"134,979","36,097",85.9%,"381,579.07","67,993.15","109,536.15",0.221,71.3%,28.26,"3,564.1",180.9,0.345
2478,01/06/2025,2025,Jun,6,Q2,RAUB,BARAT,SG BILUT,Pinggir Bandar,"18,600",19,"57,853","13,712","523,334","241,769","54,873","29,326",78.9%,1.176,"177,866",0.3995,"35,638","17,729",14,48,3,12.6,29,13.2,1.78,85,27.7,25.9,97.8,"325,968","197,366",37.7%,"155,722","41,644",93.8%,"383,338.37","71,057.47","124,424.47",0.238,67.5%,27.96,"4,111.8",187.8,0.340
2479,01/07/2025,2025,Jul,7,Q3,RAUB,BARAT,SG BILUT,Pinggir Bandar,"18,600",19,"57,853","13,919","518,752","232,665","58,168","23,576",78.9%,1.176,"194,888",0.3998,"35,192","10,096",14,48,2,12.6,18,4.9,1.8,69,28.4,16.7,97,"314,409","204,343",39.4%,"161,227","43,116",90.0%,"369,744.98","77,916.22","123,204.22",0.238,66.7%,26.56,"4,257.1",175.3,0.376
2480,01/08/2025,2025,Aug,8,Q3,RAUB,BARAT,SG BILUT,Pinggir Bandar,"18,600",19,"57,853","13,764","490,098","226,195","47,351","27,591",78.9%,1.176,"189,807",0.4073,"29,747","11,876",14,48,2,12.6,27,5.8,2.57,127,28,14.3,97.4,"301,137","188,961",38.6%,"149,090","39,871",85.0%,"354,137.11","77,308.39","118,931.39",0.243,66.4%,25.73,"3,936.7",167.9,0.387
2481,01/09/2025,2025,Sep,9,Q3,RAUB,BARAT,SG BILUT,Pinggir Bandar,"18,600",19,"57,853","14,458","493,015","247,267","52,138","23,915",78.9%,1.176,"174,112",0.3952,"26,343","10,007",14,48,2,12.6,19,4.2,2.41,95,27.5,25.2,99.3,"323,320","169,695",34.4%,"133,889","35,806",88.4%,"380,224.32","68,809.06","105,159.06",0.213,72.3%,26.30,"3,535.3",186.3,0.353
2482,01/10/2025,2025,Oct,10,Q4,RAUB,BARAT,SG BILUT,Pinggir Bandar,"18,600",19,"57,853","13,726","469,053","209,590","49,252","20,790",78.9%,1.176,"170,882",0.4047,"31,928","13,453",14,48,3,12.6,29,14.7,1.8,194,26.8,35.2,97.8,"279,632","189,421",40.4%,"149,453","39,968",81.3%,"328,847.23","69,155.95","114,536.95",0.244,65.2%,23.96,"3,946.3",155.9,0.364
2483,01/11/2025,2025,Nov,11,Q4,RAUB,BARAT,SG BILUT,Pinggir Bandar,"18,600",19,"57,853","14,295","440,452","195,574","48,144","22,395",78.9%,1.176,"149,485",0.4040,"27,937","12,392",14,48,2,12.6,17,9.5,1.73,315,27.4,33.5,96.6,"266,113","174,339",39.6%,"137,553","36,786",78.9%,"312,948.89","60,391.94","100,720.94",0.229,67.8%,21.89,"3,632.1",153.3,0.339
2484,01/12/2025,2025,Dec,12,Q4,RAUB,BARAT,SG BILUT,Pinggir Bandar,"18,600",19,"57,853","13,535","462,206","209,238","42,700","22,221",78.9%,1.176,"173,708",0.4011,"30,803","14,799",14,48,2,12.6,28,7.2,1.81,317,27.4,39.3,96.8,"274,159","188,047",40.7%,"148,369","39,678",80.2%,"322,410.98","69,674.28","115,276.28",0.249,64.2%,23.82,"3,917.6",152.9,0.376
2485,01/01/2023,2023,Jan,1,Q1,RAUB,BARAT,SG KLAU,Luar Bandar,"1,800",10,"5,027","1,179","43,012","21,038","1,132",791,57.3%,1.023,"20,140",0.3686,"1,861","5,388",5,20,1,4.4,4,4.7,2.15,94,26.4,23,98.1,"22,961","20,051",46.6%,"11,489","8,562",77.1%,"23,489.10","7,423.60","14,672.60",0.341,37.5%,19.92,"1,002.6",147.3,0.468
2486,01/02/2023,2023,Feb,2,Q1,RAUB,BARAT,SG KLAU,Luar Bandar,"1,800",10,"5,027","1,223","39,211","18,840",957,737,57.3%,1.023,"19,876",0.3828,"2,083","4,571",5,20,1,4.4,4,3.3,1.7,145,26.8,17.1,96.5,"20,534","18,677",47.6%,"10,702","7,975",77.8%,"21,006.28","7,608.53","14,262.53",0.364,32.1%,17.18,933.9,145.9,0.507
2487,01/03/2023,2023,Mar,3,Q1,RAUB,BARAT,SG KLAU,Luar Bandar,"1,800",10,"5,027","1,222","43,091","19,106","1,093",682,57.3%,1.023,"20,253",0.3700,"1,951","4,681",5,20,1,4.4,3,4.4,1.59,159,28.3,19.5,98.5,"20,881","22,210",51.5%,"12,726","9,484",77.2%,"21,361.26","7,493.61","14,125.61",0.328,33.9%,17.48,"1,110.5",134.0,0.470
2488,01/04/2023,2023,Apr,4,Q2,RAUB,BARAT,SG KLAU,Luar Bandar,"1,800",10,"5,027","1,199","42,798","18,914","1,145",705,57.3%,1.023,"19,720",0.3757,"2,226","5,521",5,20,1,4.4,4,3.7,2.87,103,28.4,12.6,98.7,"20,764","22,034",51.5%,"12,625","9,409",79.3%,"21,241.57","7,408.80","15,155.80",0.354,28.7%,17.72,"1,101.7",137.7,0.461
2489,01/05/2023,2023,May,5,Q2,RAUB,BARAT,SG KLAU,Luar Bandar,"1,800",10,"5,027","1,207","43,198","18,461","1,037",672,57.3%,1.023,"21,359",0.3815,"2,170","5,969",5,20,1,4.4,3,2.2,3.11,204,28,22.4,98.7,"20,170","23,028",53.3%,"13,195","9,833",77.4%,"20,633.91","8,148.46","16,287.46",0.377,21.1%,17.10,"1,151.4",129.4,0.494
2490,01/06/2023,2023,Jun,6,Q2,RAUB,BARAT,SG KLAU,Luar Bandar,"1,800",10,"5,027","1,203","45,977","19,710","1,055",707,57.3%,1.023,"23,562",0.3817,"2,483","2,561",5,20,0,4.4,2,0,3.06,87,27.7,24.4,97.6,"21,472","24,505",53.3%,"14,041","10,464",85.1%,"21,965.86","8,993.62","14,037.62",0.305,36.1%,18.26,"1,225.3",142.4,0.512
2491,01/07/2023,2023,Jul,7,Q3,RAUB,BARAT,SG KLAU,Luar Bandar,"1,800",10,"5,027","1,227","43,743","21,798","1,338",807,57.3%,1.023,"20,167",0.3821,"2,365","5,387",5,20,1,4.4,4,4.5,2.59,110,27.8,23.7,98.7,"23,943","19,800",45.3%,"11,345","8,455",78.4%,"24,493.69","7,705.81","15,457.81",0.353,36.9%,19.96,990.0,153.6,0.461
2492,01/08/2023,2023,Aug,8,Q3,RAUB,BARAT,SG KLAU,Luar Bandar,"1,800",10,"5,027","1,220","45,073","19,853","1,160",783,57.3%,1.023,"23,690",0.3750,"2,532","5,025",5,20,1,4.4,4,4.2,3.05,172,27,31.2,98.3,"21,796","23,277",51.6%,"13,338","9,939",80.8%,"22,297.31","8,883.75","16,440.75",0.365,26.3%,18.28,"1,163.9",139.9,0.526
2493,01/09/2023,2023,Sep,9,Q3,RAUB,BARAT,SG KLAU,Luar Bandar,"1,800",10,"5,027","1,169","43,773","19,544",933,675,57.3%,1.023,"22,502",0.3725,"2,339","6,700",5,20,1,4.4,3,3.8,2.94,215,26.9,22.6,98.4,"21,152","22,621",51.7%,"12,962","9,659",81.1%,"21,638.50","8,382.00","17,421.00",0.398,19.5%,18.51,"1,131.1",140.3,0.514
2494,01/10/2023,2023,Oct,10,Q4,RAUB,BARAT,SG KLAU,Luar Bandar,"1,800",10,"5,027","1,241","40,956","17,657",942,563,57.3%,1.023,"21,144",0.3659,"2,315","3,351",5,20,0,4.4,2,0,2.28,304,27.3,20.4,98.4,"19,162","21,794",53.2%,"12,488","9,306",73.4%,"19,602.73","7,736.59","13,402.59",0.327,31.6%,15.80,"1,089.7",123.0,0.516
2495,01/11/2023,2023,Nov,11,Q4,RAUB,BARAT,SG KLAU,Luar Bandar,"1,800",10,"5,027","1,245","38,482","16,550",890,643,57.3%,1.023,"19,818",0.3815,"2,105","4,411",5,20,1,4.4,4,2.6,2.96,263,26.3,25.9,96.8,"18,083","20,399",53.0%,"11,689","8,710",71.3%,"18,498.91","7,560.57","14,076.57",0.366,23.9%,14.86,"1,020.0",119.9,0.515
2496,01/12/2023,2023,Dec,12,Q4,RAUB,BARAT,SG KLAU,Luar Bandar,"1,800",10,"5,027","1,171","41,662","19,633","1,201",780,57.3%,1.023,"19,888",0.3688,"2,245","5,798",5,20,1,4.4,4,2.5,2.97,331,26.4,44.3,98.7,"21,614","20,048",48.1%,"11,488","8,560",74.7%,"22,111.12","7,334.69","15,377.69",0.369,30.5%,18.88,"1,002.4",138.7,0.477
2497,01/01/2024,2024,Jan,1,Q1,RAUB,BARAT,SG KLAU,Luar Bandar,"1,800",11,"5,151","1,156","43,004","21,247","1,083",855,57.3%,1.023,"19,762",0.3967,"2,021","5,420",5,20,1,5.4,3,2,2.02,179,26.6,30.9,98.8,"23,185","19,819",46.1%,"11,356","8,463",77.1%,"23,718.26","7,839.59","15,280.59",0.355,35.6%,20.52,991.0,145.2,0.460
2498,01/02/2024,2024,Feb,2,Q1,RAUB,BARAT,SG KLAU,Luar Bandar,"1,800",11,"5,151","1,226","36,972","18,281","1,086",659,57.3%,1.023,"19,251",0.3904,"2,072","2,208",5,20,0,5.4,1,0,2.61,119,28,26.9,96.7,"20,026","16,946",45.8%,"9,710","7,236",70.8%,"20,486.60","7,515.59","11,795.59",0.319,42.4%,16.71,847.3,134.1,0.521
2499,01/03/2024,2024,Mar,3,Q1,RAUB,BARAT,SG KLAU,Luar Bandar,"1,800",11,"5,151","1,277","45,984","23,603","1,271",808,57.3%,1.023,"23,076",0.3771,"1,989","5,590",5,20,1,5.4,4,4.1,2.72,120,27.4,27.5,97.3,"25,682","20,302",44.2%,"11,633","8,669",82.4%,"26,272.69","8,701.96","16,280.96",0.354,38.0%,20.57,"1,015.1",160.8,0.502
2500,01/04/2024,2024,Apr,4,Q2,RAUB,BARAT,SG KLAU,Luar Bandar,"1,800",11,"5,151","1,229","41,657","20,723","1,200",638,57.3%,1.023,"20,071",0.3966,"2,157","5,245",5,20,1,5.4,4,1.9,2.95,185,28.4,32.4,97.6,"22,561","19,096",45.8%,"10,942","8,154",77.1%,"23,079.90","7,960.16","15,362.16",0.369,33.4%,18.78,954.8,146.0,0.482
2501,01/05/2024,2024,May,5,Q2,RAUB,BARAT,SG KLAU,Luar Bandar,"1,800",11,"5,151","1,216","47,731","22,279","1,173",837,57.3%,1.023,"25,309",0.3951,"2,143","5,184",5,20,1,5.4,3,4,2.56,195,29,21.5,98.1,"24,289","23,442",49.1%,"13,432","10,010",85.5%,"24,847.65","9,999.59","17,326.59",0.363,30.3%,20.43,"1,172.1",152.1,0.530
2502,01/06/2024,2024,Jun,6,Q2,RAUB,BARAT,SG KLAU,Luar Bandar,"1,800",11,"5,151","1,167","46,909","22,907","1,190",674,57.3%,1.023,"25,055",0.3951,"2,487","4,165",5,20,1,5.4,4,4.3,2.95,111,27.4,20.6,96.9,"24,771","22,138",47.2%,"12,685","9,453",86.9%,"25,340.73","9,899.23","16,551.23",0.353,34.7%,21.71,"1,106.9",160.3,0.534
2503,01/07/2024,2024,Jul,7,Q3,RAUB,BARAT,SG KLAU,Luar Bandar,"1,800",11,"5,151","1,216","44,497","20,819","1,191",815,57.3%,1.023,"20,495",0.3949,"2,267","5,468",5,20,1,5.4,4,1.9,2.91,76,27.7,28.4,100,"22,825","21,672",48.7%,"12,418","9,254",79.7%,"23,349.98","8,093.48","15,828.48",0.356,32.2%,19.20,"1,083.6",142.9,0.461
2504,01/08/2024,2024,Aug,8,Q3,RAUB,BARAT,SG KLAU,Luar Bandar,"1,800",11,"5,151","1,218","44,168","20,998","1,062",805,57.3%,1.023,"21,340",0.3945,"2,029","4,975",5,20,1,5.4,4,2.7,2.6,160,27.1,20.3,97.7,"22,865","21,303",48.2%,"12,207","9,096",79.2%,"23,390.90","8,418.63","15,422.63",0.349,34.1%,19.20,"1,065.2",143.2,0.483
2505,01/09/2024,2024,Sep,9,Q3,RAUB,BARAT,SG KLAU,Luar Bandar,"1,800",11,"5,151","1,296","43,458","21,996","1,185",687,57.3%,1.023,"21,667",0.3864,"2,120","4,493",5,20,1,5.4,3,3.9,3.15,172,27.1,19.5,99.2,"23,868","19,590",45.1%,"11,225","8,365",80.5%,"24,416.96","8,372.13","14,985.13",0.345,38.6%,18.84,979.5,154.5,0.499
2506,01/10/2024,2024,Oct,10,Q4,RAUB,BARAT,SG KLAU,Luar Bandar,"1,800",11,"5,151","1,273","41,625","20,765","1,036",669,57.3%,1.023,"21,210",0.3783,"2,076","2,180",5,20,0,5.4,1,0,3.1,147,27.7,,97.3,"22,470","19,155",46.0%,"10,976","8,179",74.6%,"22,986.81","8,023.74","12,279.74",0.295,46.6%,18.06,957.8,140.7,0.510
2507,01/11/2024,2024,Nov,11,Q4,RAUB,BARAT,SG KLAU,Luar Bandar,"1,800",11,"5,151","1,187","38,492","18,213",966,689,57.3%,1.023,"20,187",0.3967,"1,787","6,534",5,20,1,5.4,3,4.8,1.88,337,27.5,28.8,99.3,"19,868","18,624",48.4%,"10,672","7,952",71.3%,"20,324.96","8,008.18","16,329.18",0.424,19.7%,17.12,931.2,128.6,0.524
2508,01/12/2024,2024,Dec,12,Q4,RAUB,BARAT,SG KLAU,Luar Bandar,"1,800",11,"5,151","1,156","40,213","18,300",916,551,57.3%,1.023,"21,269",0.3894,"2,266","4,772",5,20,1,5.4,3,2.7,1.77,395,26.2,36,97.6,"19,767","20,446",50.8%,"11,716","8,730",72.1%,"20,221.64","8,282.15","15,320.15",0.381,24.2%,17.49,"1,022.3",123.8,0.529
2509,01/01/2025,2025,Jan,1,Q1,RAUB,BARAT,SG KLAU,Luar Bandar,"1,800",12,"5,265","1,224","44,052","23,198","1,147",661,57.3%,1.023,"22,605",0.4068,"1,936","4,222",5,20,1,6.4,3,1.9,2.97,115,26.8,18,99.6,"25,006","19,046",43.2%,"10,913","8,133",78.9%,"25,581.14","9,195.71","15,353.71",0.349,40.0%,20.90,952.3,153.2,0.513
2510,01/02/2025,2025,Feb,2,Q1,RAUB,BARAT,SG KLAU,Luar Bandar,"1,800",12,"5,265","1,271","37,814","17,324",900,502,57.3%,1.023,"19,669",0.4020,"1,685","6,128",5,20,1,6.4,4,4.6,1.96,79,26.8,20,98.6,"18,726","19,088",50.5%,"10,937","8,151",75.0%,"19,156.70","7,906.94","15,719.94",0.416,17.9%,15.07,954.4,127.0,0.520
2511,01/03/2025,2025,Mar,3,Q1,RAUB,BARAT,SG KLAU,Luar Bandar,"1,800",12,"5,265","1,240","47,007","24,295","1,428",842,57.3%,1.023,"23,728",0.3989,"2,346","3,093",5,20,0,6.4,1,0,2.69,91,28.1,13.1,97.1,"26,565","20,442",43.5%,"11,713","8,729",84.2%,"27,176.00","9,465.10","14,904.10",0.317,45.2%,21.92,"1,022.1",162.8,0.505
2512,01/04/2025,2025,Apr,4,Q2,RAUB,BARAT,SG KLAU,Luar Bandar,"1,800",12,"5,265","1,321","44,000","22,554","1,214",890,57.3%,1.023,"21,433",0.3944,"2,272","6,543",5,20,1,6.4,4,2.9,2.67,216,28.9,34.9,99.6,"24,658","19,342",44.0%,"11,083","8,259",81.5%,"25,225.13","8,453.18","17,268.18",0.392,31.5%,19.10,967.1,156.1,0.487
2513,01/05/2025,2025,May,5,Q2,RAUB,BARAT,SG KLAU,Luar Bandar,"1,800",12,"5,265","1,240","47,970","23,620","1,256",841,57.3%,1.023,"22,176",0.3906,"2,533","4,225",5,20,1,6.4,3,3.3,2.69,114,28,26.8,97.2,"25,717","22,253",46.4%,"12,751","9,502",86.0%,"26,308.49","8,661.95","15,419.95",0.321,41.4%,21.22,"1,112.7",157.6,0.462
2514,01/06/2025,2025,Jun,6,Q2,RAUB,BARAT,SG KLAU,Luar Bandar,"1,800",12,"5,265","1,190","44,025","22,612","1,252",696,57.3%,1.023,"22,604",0.3953,"2,383","3,282",5,20,0,6.4,1,0,2.89,87,27.8,14.3,96.8,"24,560","19,465",44.2%,"11,153","8,312",81.5%,"25,124.88","8,935.36","14,600.36",0.332,41.9%,21.11,973.3,155.5,0.513
2515,01/07/2025,2025,Jul,7,Q3,RAUB,BARAT,SG KLAU,Luar Bandar,"1,800",12,"5,265","1,195","44,925","22,749","1,211",751,57.3%,1.023,"20,701",0.4003,"1,933","5,322",5,20,1,6.4,4,3.7,2.78,84,27.9,26.8,99.6,"24,711","20,214",45.0%,"11,583","8,631",80.5%,"25,279.35","8,286.61","15,541.61",0.346,38.5%,21.15,"1,010.7",151.4,0.461
2516,01/08/2025,2025,Aug,8,Q3,RAUB,BARAT,SG KLAU,Luar Bandar,"1,800",12,"5,265","1,205","47,683","24,321","1,355",983,57.3%,1.023,"23,580",0.3949,"2,736","4,192",5,20,1,6.4,4,4.6,1.74,90,27.7,24.4,99.1,"26,659","21,024",44.1%,"12,047","8,977",85.5%,"27,272.16","9,311.74","16,239.74",0.341,40.5%,22.63,"1,051.2",163.3,0.495
2517,01/09/2025,2025,Sep,9,Q3,RAUB,BARAT,SG KLAU,Luar Bandar,"1,800",12,"5,265","1,271","43,185","21,054","1,150",778,57.3%,1.023,"21,921",0.3950,"2,302","4,452",5,20,1,6.4,3,2.3,2.24,209,28.2,22.1,97.4,"22,982","20,203",46.8%,"11,576","8,627",80.0%,"23,510.59","8,658.80","15,412.80",0.357,34.4%,18.50,"1,010.2",145.5,0.508
2518,01/10/2025,2025,Oct,10,Q4,RAUB,BARAT,SG KLAU,Luar Bandar,"1,800",12,"5,265","1,190","44,207","22,382","1,281",679,57.3%,1.023,"21,886",0.3946,"2,088","6,583",5,20,1,6.4,4,3.5,2.74,246,28.1,31.9,97.4,"24,342","19,865",44.9%,"11,383","8,482",79.2%,"24,901.87","8,636.22","17,307.22",0.392,30.5%,20.93,993.3,149.1,0.495
2519,01/11/2025,2025,Nov,11,Q4,RAUB,BARAT,SG KLAU,Luar Bandar,"1,800",12,"5,265","1,287","39,550","17,879",939,627,57.3%,1.023,"19,532",0.3926,"1,729","5,926",5,20,1,6.4,4,4.6,2.19,385,27.6,37.4,96.7,"19,445","20,105",50.8%,"11,520","8,585",73.2%,"19,892.24","7,668.26","15,323.26",0.387,23.0%,15.46,"1,005.3",123.1,0.494
2520,01/12/2025,2025,Dec,12,Q4,RAUB,BARAT,SG KLAU,Luar Bandar,"1,800",12,"5,265","1,230","44,168","21,289","1,101",681,57.3%,1.023,"20,924",0.3892,"2,050","5,496",5,20,1,6.4,4,4.2,2.86,416,26.8,37,98.7,"23,071","21,097",47.8%,"12,089","9,008",79.2%,"23,601.63","8,143.62","15,689.62",0.355,33.5%,19.19,"1,054.9",141.4,0.474
2521,01/01/2023,2023,Jan,1,Q1,RAUB,BARAT,SG KLOI,Luar Bandar,"6,200",10,"18,039","4,117","149,346","65,088","3,385","1,933",82.1%,1.015,"84,133",0.3781,"8,113","6,205",9,25,1,7,5,3.7,1.65,97,26.1,25.1,99.5,"70,406","78,940",52.9%,"64,810","14,130",77.7%,"71,462.09","31,810.69","46,128.69",0.309,35.5%,17.36,"3,157.6",125.9,0.563
2522,01/02/2023,2023,Feb,2,Q1,RAUB,BARAT,SG KLOI,Luar Bandar,"6,200",10,"18,039","4,101","133,679","59,306","2,590","1,475",82.1%,1.015,"70,300",0.3730,"8,463","7,521",9,25,1,7,10,2.7,2.07,134,27.6,20.3,97.6,"63,371","70,308",52.6%,"57,723","12,585",77.0%,"64,321.57","26,221.90","42,205.90",0.316,34.4%,15.68,"2,812.3",125.5,0.526
2523,01/03/2023,2023,Mar,3,Q1,RAUB,BARAT,SG KLOI,Luar Bandar,"6,200",10,"18,039","4,080","146,829","56,460","2,589","1,526",82.1%,1.015,"75,006",0.3706,"7,420","6,115",9,25,1,7,5,4.5,2.53,138,28,29.4,96.7,"60,575","86,254",58.7%,"70,815","15,439",76.4%,"61,483.63","27,797.22","41,332.22",0.281,32.8%,15.07,"3,450.2",108.3,0.511
2524,01/04/2023,2023,Apr,4,Q2,RAUB,BARAT,SG KLOI,Luar Bandar,"6,200",10,"18,039","4,494","150,619","67,891","3,257","2,160",82.1%,1.015,"80,871",0.3659,"7,552","5,563",9,25,1,7,9,4.3,2.92,217,27.4,35.6,97.1,"73,308","77,311",51.3%,"63,472","13,839",81.0%,"74,407.62","29,590.70","42,705.70",0.284,42.6%,16.56,"3,092.4",135.5,0.537
2525,01/05/2023,2023,May,5,Q2,RAUB,BARAT,SG KLOI,Luar Bandar,"6,200",10,"18,039","4,490","157,277","70,773","3,290","1,678",82.1%,1.015,"90,521",0.3789,"9,154","7,223",9,25,1,7,7,4.7,1.89,211,28.2,34.5,97.7,"75,741","81,536",51.8%,"66,941","14,595",81.8%,"76,877.12","34,298.41","50,675.41",0.322,34.1%,17.12,"3,261.4",135.4,0.576
2526,01/06/2023,2023,Jun,6,Q2,RAUB,BARAT,SG KLOI,Luar Bandar,"6,200",10,"18,039","4,123","160,487","68,180","3,336","1,905",82.1%,1.015,"81,148",0.3716,"9,845","6,445",9,25,1,7,6,2.7,2.39,77,28.1,19.3,98.6,"73,421","87,066",54.3%,"71,481","15,585",86.3%,"74,522.32","30,154.60","46,444.60",0.289,37.7%,18.07,"3,482.6",135.7,0.506
2527,01/07/2023,2023,Jul,7,Q3,RAUB,BARAT,SG KLOI,Luar Bandar,"6,200",10,"18,039","4,264","161,925","69,567","3,063","2,158",82.1%,1.015,"84,033",0.3830,"8,307","7,070",9,25,1,7,5,4.8,2.39,132,26.9,25.6,99.5,"74,788","87,137",53.8%,"71,539","15,598",84.2%,"75,909.82","32,184.64","47,561.64",0.294,37.3%,17.80,"3,485.5",133.7,0.519
2528,01/08/2023,2023,Aug,8,Q3,RAUB,BARAT,SG KLOI,Luar Bandar,"6,200",10,"18,039","4,372","167,342","67,579","2,952","2,039",82.1%,1.015,"85,531",0.3780,"9,398","5,303",9,25,1,7,8,3.5,1.96,136,27.3,26.4,99.7,"72,570","94,772",56.6%,"77,808","16,964",87.1%,"73,658.55","32,330.72","47,031.72",0.281,36.1%,16.85,"3,790.9",129.8,0.511
2529,01/09/2023,2023,Sep,9,Q3,RAUB,BARAT,SG KLOI,Luar Bandar,"6,200",10,"18,039","4,177","156,098","64,007","2,640","1,612",82.1%,1.015,"90,114",0.3731,"7,729","7,601",9,25,1,7,8,4.2,2.67,203,26.9,18.5,98.5,"68,259","87,839",56.3%,"72,116","15,723",83.9%,"69,282.89","33,621.53","48,951.53",0.314,29.3%,16.59,"3,513.6",126.1,0.577
2530,01/10/2023,2023,Oct,10,Q4,RAUB,BARAT,SG KLOI,Luar Bandar,"6,200",10,"18,039","4,541","148,627","59,778","2,780","1,424",82.1%,1.015,"86,691",0.3848,"8,158","4,689",9,25,1,7,5,3.2,2.05,147,27.7,17.2,97.1,"63,982","84,645",57.0%,"69,494","15,151",77.3%,"64,941.73","33,358.70","46,205.70",0.311,28.9%,14.30,"3,385.8",114.4,0.583
2531,01/11/2023,2023,Nov,11,Q4,RAUB,BARAT,SG KLOI,Luar Bandar,"6,200",10,"18,039","4,501","136,945","58,935","2,592","1,408",82.1%,1.015,"73,939",0.3715,"7,503","10,721",9,25,2,7,8,6.9,2.4,318,26.6,44.7,96.8,"62,935","74,010",54.0%,"60,762","13,248",73.6%,"63,879.03","27,468.34","45,692.34",0.334,28.5%,14.19,"2,960.4",116.3,0.540
2532,01/12/2023,2023,Dec,12,Q4,RAUB,BARAT,SG KLOI,Luar Bandar,"6,200",10,"18,039","4,471","147,223","59,532","2,986","1,626",82.1%,1.015,"84,915",0.3669,"9,590","4,740",9,25,1,7,6,4.5,2.17,199,26.9,16.4,99.4,"64,144","83,079",56.4%,"68,208","14,871",76.6%,"65,106.16","31,155.31","45,485.31",0.309,30.1%,14.56,"3,323.2",114.7,0.577
2533,01/01/2024,2024,Jan,1,Q1,RAUB,BARAT,SG KLOI,Luar Bandar,"6,200",11,"18,458","4,529","151,164","69,746","3,632","2,270",82.1%,1.015,"75,951",0.3926,"9,549","4,931",9,25,1,8,6,2.9,2.51,109,26.3,22.9,96.6,"75,648","75,516",50.0%,"61,999","13,517",78.6%,"76,782.72","29,818.36","44,298.36",0.293,42.3%,16.95,"3,020.6",132.2,0.502
2534,01/02/2024,2024,Feb,2,Q1,RAUB,BARAT,SG KLOI,Luar Bandar,"6,200",11,"18,458","4,246","139,923","59,625","2,787","1,569",82.1%,1.015,"71,590",0.3958,"7,806","7,214",9,25,1,8,4,3.3,2.48,92,27.7,27.3,96.6,"63,981","75,942",54.3%,"62,348","13,594",77.8%,"64,940.72","28,335.32","43,355.32",0.310,33.2%,15.29,"3,037.7",119.5,0.512
2535,01/03/2024,2024,Mar,3,Q1,RAUB,BARAT,SG KLOI,Luar Bandar,"6,200",11,"18,458","4,153","157,927","62,902","2,836","1,783",82.1%,1.015,"84,686",0.3919,"9,664","4,644",9,25,1,8,10,2.2,3.01,153,27.5,19.7,97.8,"67,521","90,406",57.2%,"74,223","16,183",82.2%,"68,533.82","33,188.44","47,496.44",0.301,30.7%,16.50,"3,616.2",118.0,0.536
2536,01/04/2024,2024,Apr,4,Q2,RAUB,BARAT,SG KLOI,Luar Bandar,"6,200",11,"18,458","4,294","156,467","69,702","3,069","2,049",82.1%,1.015,"81,222",0.3772,"10,088","6,729",9,25,2,8,8,8.8,,231,28.9,21,96.9,"74,820","81,647",52.2%,"67,032","14,615",84.1%,"75,942.30","30,636.94","47,453.94",0.303,37.5%,17.69,"3,265.9",135.1,0.519
2537,01/05/2024,2024,May,5,Q2,RAUB,BARAT,SG KLOI,Luar Bandar,"6,200",11,"18,458","4,601","156,958","66,368","2,879","1,738",82.1%,1.015,"80,678",0.3903,"9,011","6,401",9,25,1,8,5,2.3,3.14,122,28.2,20.4,97.9,"70,985","85,973",54.8%,"70,584","15,389",81.7%,"72,049.78","31,488.62","46,900.62",0.299,34.9%,15.66,"3,438.9",124.1,0.514
2538,01/06/2024,2024,Jun,6,Q2,RAUB,BARAT,SG KLOI,Luar Bandar,"6,200",11,"18,458","4,445","163,674","76,292","3,692","2,482",82.1%,1.015,"89,132",0.3791,"9,789","4,587",9,25,1,8,7,3.2,2.04,136,28.5,24.3,98.2,"82,466","81,208",49.6%,"66,672","14,536",88.0%,"83,702.99","33,789.94","48,165.94",0.294,42.5%,18.83,"3,248.3",148.9,0.545
2539,01/07/2024,2024,Jul,7,Q3,RAUB,BARAT,SG KLOI,Luar Bandar,"6,200",11,"18,458","4,573","172,168","70,269","3,246","2,293",82.1%,1.015,"92,912",0.3888,"10,523","6,718",9,25,2,8,9,8.2,2.07,134,27.6,30.7,97.9,"75,808","96,360",56.0%,"79,112","17,248",89.6%,"76,945.12","36,124.19","53,365.19",0.310,30.6%,16.83,"3,854.4",132.5,0.540
2540,01/08/2024,2024,Aug,8,Q3,RAUB,BARAT,SG KLOI,Luar Bandar,"6,200",11,"18,458","4,464","166,141","74,489","3,434","2,278",82.1%,1.015,"89,569",0.3919,"9,376","7,083",9,25,2,8,7,7.8,2.75,97,28.2,21.5,99.8,"80,201","85,940",51.7%,"70,557","15,383",86.4%,"81,404.02","35,102.09","51,561.09",0.310,36.7%,18.24,"3,437.6",140.2,0.539
2541,01/09/2024,2024,Sep,9,Q3,RAUB,BARAT,SG KLOI,Luar Bandar,"6,200",11,"18,458","4,300","156,770","61,310","2,757","1,799",82.1%,1.015,"91,935",0.3885,"9,115","10,381",9,25,2,8,9,9.1,1.71,196,27.9,29,98.7,"65,866","90,904",58.0%,"74,632","16,272",84.3%,"66,853.99","35,716.75","55,212.75",0.352,17.4%,15.55,"3,636.2",118.9,0.586
2542,01/10/2024,2024,Oct,10,Q4,RAUB,BARAT,SG KLOI,Luar Bandar,"6,200",11,"18,458","4,300","158,500","69,218","3,580","1,625",82.1%,1.015,"85,042",0.3959,"8,059","5,465",9,25,1,8,9,4.8,,145,26.9,25.5,99.1,"74,423","84,077",53.0%,"69,027","15,050",82.5%,"75,539.35","33,668.13","47,192.13",0.298,37.5%,17.57,"3,363.1",130.1,0.537
2543,01/11/2024,2024,Nov,11,Q4,RAUB,BARAT,SG KLOI,Luar Bandar,"6,200",11,"18,458","4,236","146,567","69,108","3,034","1,691",82.1%,1.015,"81,344",0.3818,"7,342","6,708",9,25,1,8,4,3.1,2.44,275,27.4,32.7,99.1,"73,833","72,734",49.6%,"59,715","13,019",78.8%,"74,940.50","31,057.14","45,107.14",0.308,39.8%,17.69,"2,909.4",133.3,0.555
2544,01/12/2024,2024,Dec,12,Q4,RAUB,BARAT,SG KLOI,Luar Bandar,"6,200",11,"18,458","4,476","148,806","57,874","2,827","1,815",82.1%,1.015,"86,137",0.3818,"9,100","9,038",9,25,2,8,9,8,2.42,307,26.3,29.8,96.6,"62,516","86,290",58.0%,"70,844","15,446",77.4%,"63,453.74","32,887.11","51,025.11",0.343,19.6%,14.18,"3,451.6",109.3,0.579
2545,01/01/2025,2025,Jan,1,Q1,RAUB,BARAT,SG KLOI,Luar Bandar,"6,200",12,"18,871","4,737","155,051","69,870","2,898","1,963",82.1%,1.015,"77,487",0.3993,"7,985","5,185",9,25,1,9,5,2.3,3.09,145,27.3,23.6,99.9,"74,731","80,320",51.8%,"65,943","14,377",80.7%,"75,851.97","30,940.56","44,110.56",0.284,41.8%,16.01,"3,212.8",127.7,0.500
2546,01/02/2025,2025,Feb,2,Q1,RAUB,BARAT,SG KLOI,Luar Bandar,"6,200",12,"18,871","4,393","139,637","63,250","2,778","1,675",82.1%,1.015,"71,745",0.3989,"9,041","6,371",9,25,1,9,7,4.5,2.87,133,27.7,22.7,98.6,"67,703","71,934",51.5%,"59,058","12,876",80.4%,"68,718.55","28,619.08","44,031.08",0.315,35.9%,15.64,"2,877.4",128.1,0.514
2547,01/03/2025,2025,Mar,3,Q1,RAUB,BARAT,SG KLOI,Luar Bandar,"6,200",12,"18,871","4,450","155,179","70,047","3,497","2,079",82.1%,1.015,"82,155",0.3923,"9,509","5,341",9,25,1,9,8,3.4,2.7,190,27.6,24.4,96.6,"75,623","79,556",51.3%,"65,315","14,241",80.7%,"76,757.35","32,229.41","47,079.41",0.303,38.7%,17.25,"3,182.2",129.3,0.529
2548,01/04/2025,2025,Apr,4,Q2,RAUB,BARAT,SG KLOI,Luar Bandar,"6,200",12,"18,871","4,351","165,083","73,900","3,243","1,805",82.1%,1.015,"84,749",0.4003,"9,261","5,314",9,25,1,9,7,2.6,2.18,125,28.3,26.2,99.4,"78,948","86,135",52.2%,"70,717","15,418",88.8%,"80,132.22","33,925.02","48,500.02",0.294,39.5%,18.42,"3,445.4",139.5,0.513
2549,01/05/2025,2025,May,5,Q2,RAUB,BARAT,SG KLOI,Luar Bandar,"6,200",12,"18,871","4,609","173,573","83,908","3,781","1,936",82.1%,1.015,"90,950",0.3897,"9,820","7,348",9,25,1,9,9,3.3,1.73,168,28.8,32.6,98.9,"89,625","83,948",48.4%,"68,921","15,027",90.3%,"90,969.38","35,443.22","52,611.22",0.303,42.2%,19.74,"3,357.9",153.2,0.524
2550,01/06/2025,2025,Jun,6,Q2,RAUB,BARAT,SG KLOI,Luar Bandar,"6,200",12,"18,871","4,327","161,444","70,020","3,478","1,698",82.1%,1.015,"82,877",0.3931,"8,891","6,811",9,25,1,9,4,4.5,2,96,28.6,23.1,96.9,"75,196","86,248",53.4%,"70,810","15,438",86.8%,"76,323.94","32,578.95","48,280.95",0.299,36.7%,17.64,"3,449.9",132.8,0.513
2551,01/07/2025,2025,Jul,7,Q3,RAUB,BARAT,SG KLOI,Luar Bandar,"6,200",12,"18,871","4,590","162,440","73,638","3,712","1,777",82.1%,1.015,"85,375",0.4040,"10,755","4,716",9,25,1,9,4,1.9,2.71,152,27.8,33.1,96.6,"79,127","83,313",51.3%,"68,400","14,913",84.5%,"80,313.91","34,491.50","49,962.50",0.308,37.8%,17.50,"3,332.5",135.3,0.526
2552,01/08/2025,2025,Aug,8,Q3,RAUB,BARAT,SG KLOI,Luar Bandar,"6,200",12,"18,871","4,734","172,070","69,660","3,526","1,698",82.1%,1.015,"88,091",0.3938,"9,225","6,908",9,25,1,9,7,3.6,2.48,142,27.8,,98.1,"74,884","97,186",56.5%,"79,790","17,396",89.5%,"76,007.26","34,690.24","50,823.24",0.295,33.1%,16.06,"3,887.4",128.0,0.512
2553,01/09/2025,2025,Sep,9,Q3,RAUB,BARAT,SG KLOI,Luar Bandar,"6,200",12,"18,871","4,452","160,776","72,217","3,304","1,879",82.1%,1.015,"85,676",0.4038,"9,822","7,017",9,25,1,9,9,2,1.61,108,27.8,20.7,98.2,"77,400","83,376",51.9%,"68,452","14,924",86.4%,"78,561.00","34,595.97","51,434.97",0.320,34.5%,17.65,"3,335.0",136.7,0.533
2554,01/10/2025,2025,Oct,10,Q4,RAUB,BARAT,SG KLOI,Luar Bandar,"6,200",12,"18,871","4,556","151,542","70,246","3,270","2,248",82.1%,1.015,"80,705",0.4076,"7,923","7,420",9,25,1,9,6,2.3,1.68,199,27.4,15.5,99.3,"75,764","75,778",50.0%,"62,214","13,564",78.8%,"76,900.46","32,895.36","48,238.36",0.318,37.3%,16.88,"3,031.1",129.5,0.533
2555,01/11/2025,2025,Nov,11,Q4,RAUB,BARAT,SG KLOI,Luar Bandar,"6,200",12,"18,871","4,399","150,048","68,341","3,423","1,840",82.1%,1.015,"77,415",0.4069,"9,110","5,782",9,25,1,9,4,4.9,1.92,345,27.3,42.1,99.1,"73,604","76,444",50.9%,"62,761","13,683",80.7%,"74,708.06","31,500.16","46,392.16",0.309,37.9%,16.98,"3,057.8",130.0,0.516
2556,01/12/2025,2025,Dec,12,Q4,RAUB,BARAT,SG KLOI,Luar Bandar,"6,200",12,"18,871","4,444","148,556","62,154","3,128","1,615",82.1%,1.015,"83,018",0.4043,"8,879","6,532",9,25,1,9,6,2.6,2.21,417,27.3,54,98.2,"66,897","81,659",55.0%,"67,042","14,617",77.3%,"67,900.46","33,564.18","48,975.18",0.330,27.9%,15.28,"3,266.4",114.4,0.559
2557,01/01/2023,2023,Jan,1,Q1,RAUB,BARAT,SG SEMANTAN,Pinggir Bandar,"29,800",10,"67,187","15,795","571,699","281,954","31,738","15,057",81.3%,1.179,"225,243",0.3803,"35,814","14,523",16,52,2,8,15,9.1,1.93,162,26.5,26.4,97.5,"328,749","242,950",42.5%,"197,518","45,432",61.9%,"387,595.07","85,659.91","135,996.91",0.238,64.9%,24.54,"4,672.1",157.8,0.394
2558,01/02/2023,2023,Feb,2,Q1,RAUB,BARAT,SG SEMANTAN,Pinggir Bandar,"29,800",10,"67,187","15,300","505,869","221,040","28,657","12,189",81.3%,1.179,"206,288",0.3688,"37,055","11,135",16,52,2,8,15,5.9,2.95,130,27.8,27.8,98.5,"261,886","243,983",48.2%,"198,358","45,625",60.6%,"308,763.59","76,079.01","124,269.01",0.246,59.8%,20.18,"4,692.0",139.2,0.408
2559,01/03/2023,2023,Mar,3,Q1,RAUB,BARAT,SG SEMANTAN,Pinggir Bandar,"29,800",10,"67,187","16,321","591,923","290,929","40,374","15,013",81.3%,1.179,"251,362",0.3826,"46,712","10,625",16,52,2,8,20,4.5,2.03,123,28,14.6,99.7,"346,316","245,607",41.5%,"199,678","45,929",64.1%,"408,306.56","96,171.10","153,508.10",0.259,62.4%,25.02,"4,723.2",166.3,0.425
2560,01/04/2023,2023,Apr,4,Q2,RAUB,BARAT,SG SEMANTAN,Pinggir Bandar,"29,800",10,"67,187","15,214","593,300","293,028","36,794","12,606",81.3%,1.179,"229,695",0.3782,"41,609","10,073",16,52,2,8,27,8,2.19,156,27.9,33,97.6,"342,428","250,872",42.3%,"203,959","46,913",66.4%,"403,722.61","86,870.65","138,552.65",0.234,65.7%,26.54,"4,824.5",169.9,0.387
2561,01/05/2023,2023,May,5,Q2,RAUB,BARAT,SG SEMANTAN,Pinggir Bandar,"29,800",10,"67,187","16,228","578,387","257,303","34,872","13,753",81.3%,1.179,"244,503",0.3840,"37,772","13,969",16,52,3,8,21,6.3,1.89,179,27.7,30.5,99.7,"305,928","272,459",47.1%,"221,509","50,950",62.6%,"360,689.11","93,889.15","145,630.15",0.252,59.6%,22.23,"5,239.6",146.9,0.423
2562,01/06/2023,2023,Jun,6,Q2,RAUB,BARAT,SG SEMANTAN,Pinggir Bandar,"29,800",10,"67,187","16,677","568,132","267,407","35,763","11,707",81.3%,1.179,"248,549",0.3716,"43,848","12,848",16,52,3,8,22,12.2,,131,28.4,16.7,99.5,"314,877","253,255",44.6%,"205,896","47,359",63.5%,"371,239.98","92,360.81","149,056.81",0.262,59.8%,22.26,"4,870.3",156.2,0.437
2563,01/07/2023,2023,Jul,7,Q3,RAUB,BARAT,SG SEMANTAN,Pinggir Bandar,"29,800",10,"67,187","16,448","589,334","261,088","28,958","13,498",81.3%,1.179,"252,782",0.3801,"39,182","14,042",16,52,2,8,17,8.6,2.52,108,26.9,27.1,97.3,"303,544","285,790",48.5%,"232,347","53,443",63.8%,"357,878.38","96,082.44","149,306.44",0.253,58.3%,21.76,"5,496.0",145.7,0.429
2564,01/08/2023,2023,Aug,8,Q3,RAUB,BARAT,SG SEMANTAN,Pinggir Bandar,"29,800",10,"67,187","15,934","622,968","286,355","38,274","12,601",81.3%,1.179,"248,832",0.3808,"45,836","17,617",16,52,3,8,31,8.3,3.1,171,27.5,16.9,99.8,"337,230","285,738",45.9%,"232,305","53,433",67.4%,"397,594.17","94,755.23","158,208.23",0.254,60.2%,24.95,"5,495.0",161.9,0.399
2565,01/09/2023,2023,Sep,9,Q3,RAUB,BARAT,SG SEMANTAN,Pinggir Bandar,"29,800",10,"67,187","16,458","526,789","248,152","30,452","14,758",81.3%,1.179,"228,463",0.3764,"35,721","11,551",16,52,3,8,30,14.6,2.94,140,27.7,19.1,96.9,"293,362","233,427",44.3%,"189,776","43,651",58.9%,"345,873.80","85,993.47","133,265.47",0.253,61.5%,21.02,"4,489.0",145.5,0.434
2566,01/10/2023,2023,Oct,10,Q4,RAUB,BARAT,SG SEMANTAN,Pinggir Bandar,"29,800",10,"67,187","15,667","556,691","273,988","38,343","13,569",81.3%,1.179,"211,235",0.3713,"40,189","9,423",16,52,1,8,21,2.1,2.62,272,26.6,43.5,98.6,"325,900","230,791",41.5%,"187,633","43,158",60.3%,"384,236.10","78,431.56","128,043.56",0.230,66.7%,24.53,"4,438.3",156.5,0.379
2567,01/11/2023,2023,Nov,11,Q4,RAUB,BARAT,SG SEMANTAN,Pinggir Bandar,"29,800",10,"67,187","16,083","550,050","252,708","34,435","10,864",81.3%,1.179,"213,844",0.3667,"40,814","11,500",16,52,3,8,20,7.8,2.61,404,27.3,26.5,98.5,"298,007","252,043",45.8%,"204,911","47,132",61.5%,"351,350.25","78,416.59","130,730.59",0.238,62.8%,21.85,"4,847.0",147.8,0.389
2568,01/12/2023,2023,Dec,12,Q4,RAUB,BARAT,SG SEMANTAN,Pinggir Bandar,"29,800",10,"67,187","15,254","539,098","266,359","38,373","12,156",81.3%,1.179,"224,805",0.3835,"36,878","8,352",16,52,1,8,25,4.2,1.86,398,26,36.7,97.5,"316,888","222,210",41.2%,"180,657","41,553",58.4%,"373,610.95","86,212.72","131,442.72",0.244,64.8%,24.49,"4,273.3",152.1,0.417
2569,01/01/2024,2024,Jan,1,Q1,RAUB,BARAT,SG SEMANTAN,Pinggir Bandar,"29,800",11,"68,826","16,184","585,054","282,649","33,987","13,862",81.3%,1.179,"230,541",0.3784,"45,544","12,653",16,52,2,9,14,4,3.26,104,27.6,22.2,99.3,"330,498","254,556",43.5%,"206,954","47,602",63.3%,"389,657.14","87,236.71","145,433.71",0.249,62.7%,24.08,"4,895.3",154.9,0.394
2570,01/02/2024,2024,Feb,2,Q1,RAUB,BARAT,SG SEMANTAN,Pinggir Bandar,"29,800",11,"68,826","16,291","494,846","242,434","34,219","12,352",81.3%,1.179,"200,726",0.3804,"38,211","10,870",16,52,2,9,13,4.4,3.03,121,27.7,16,98.1,"289,005","205,841",41.6%,"167,349","38,492",57.3%,"340,736.90","76,356.17","125,437.17",0.253,63.2%,20.92,"3,958.5",144.8,0.406
2571,01/03/2024,2024,Mar,3,Q1,RAUB,BARAT,SG SEMANTAN,Pinggir Bandar,"29,800",11,"68,826","16,761","592,851","275,291","31,199","16,353",81.3%,1.179,"258,626",0.3949,"43,364","8,638",16,52,1,9,22,4.9,1.93,121,28.1,12.5,96.7,"322,843","270,008",45.5%,"219,517","50,491",64.2%,"380,631.90","102,131.41","154,133.41",0.260,59.5%,22.71,"5,192.5",151.3,0.436
2572,01/04/2024,2024,Apr,4,Q2,RAUB,BARAT,SG SEMANTAN,Pinggir Bandar,"29,800",11,"68,826","16,468","585,072","283,412","39,829","13,378",81.3%,1.179,"229,620",0.3806,"38,073","11,820",16,52,1,9,21,2.8,2.3,215,28.5,32.3,99.4,"336,619","248,453",42.5%,"201,992","46,461",65.4%,"396,873.80","87,393.37","137,286.37",0.235,65.4%,24.10,"4,777.9",163.0,0.392
2573,01/05/2024,2024,May,5,Q2,RAUB,BARAT,SG SEMANTAN,Pinggir Bandar,"29,800",11,"68,826","17,074","619,286","292,321","36,184","15,210",81.3%,1.179,"234,667",0.3828,"37,262","15,528",16,52,2,9,14,5.1,2.86,190,28.9,18.6,99.6,"343,715","275,571",44.5%,"224,039","51,532",67.0%,"405,239.99","89,830.53","142,620.53",0.230,64.8%,23.73,"5,299.4",161.1,0.379
2574,01/06/2024,2024,Jun,6,Q2,RAUB,BARAT,SG SEMANTAN,Pinggir Bandar,"29,800",11,"68,826","16,100","624,947","295,369","35,843","13,773",81.3%,1.179,"257,635",0.3788,"42,928","12,918",16,52,2,9,17,3.9,2.98,114,28.4,19,97.3,"344,985","279,962",44.8%,"227,609","52,353",69.9%,"406,737.32","97,592.14","153,438.14",0.246,62.3%,25.26,"5,383.9",167.1,0.412
2575,01/07/2024,2024,Jul,7,Q3,RAUB,BARAT,SG SEMANTAN,Pinggir Bandar,"29,800",11,"68,826","16,237","647,950","303,140","33,826","18,351",81.3%,1.179,"260,083",0.3875,"47,273","14,690",16,52,2,9,30,6.8,1.86,137,28.2,19.1,98.6,"355,317","292,633",45.2%,"237,911","54,722",70.1%,"418,918.74","100,782.16","162,745.16",0.251,61.2%,25.80,"5,627.6",166.5,0.401
2576,01/08/2024,2024,Aug,8,Q3,RAUB,BARAT,SG SEMANTAN,Pinggir Bandar,"29,800",11,"68,826","16,997","632,428","312,810","40,292","18,307",81.3%,1.179,"270,952",0.3964,"49,522","8,608",16,52,1,9,19,2.2,2.41,157,28.3,23.5,96.6,"371,409","261,019",41.3%,"212,208","48,811",68.5%,"437,891.21","107,405.37","165,535.37",0.262,62.2%,25.76,"5,019.6",174.1,0.428
2577,01/09/2024,2024,Sep,9,Q3,RAUB,BARAT,SG SEMANTAN,Pinggir Bandar,"29,800",11,"68,826","16,271","551,581","257,975","29,655","11,566",81.3%,1.179,"217,088",0.3847,"35,555","12,127",16,52,2,9,31,4,3.08,94,27.2,27.1,97.7,"299,196","252,385",45.8%,"205,189","47,196",61.7%,"352,752.08","83,513.75","131,195.75",0.238,62.8%,21.68,"4,853.6",144.9,0.394
2578,01/10/2024,2024,Oct,10,Q4,RAUB,BARAT,SG SEMANTAN,Pinggir Bandar,"29,800",11,"68,826","16,403","569,527","251,452","36,480","13,328",81.3%,1.179,"231,506",0.3875,"35,167","11,599",16,52,3,9,28,13.7,2.51,166,27.2,23.8,98.8,"301,260","268,267",47.1%,"218,101","50,166",61.7%,"355,185.54","89,708.58","136,474.58",0.240,61.6%,21.65,"5,159.0",141.2,0.406
2579,01/11/2024,2024,Nov,11,Q4,RAUB,BARAT,SG SEMANTAN,Pinggir Bandar,"29,800",11,"68,826","16,154","543,472","251,977","33,658","14,907",81.3%,1.179,"233,088",0.3898,"41,112","7,775",16,52,1,9,19,2.3,1.85,227,27.5,28.1,97.1,"300,542","242,930",44.7%,"197,502","45,428",60.8%,"354,339.02","90,857.70","139,744.70",0.257,60.6%,21.94,"4,671.7",145.6,0.429
2580,01/12/2024,2024,Dec,12,Q4,RAUB,BARAT,SG SEMANTAN,Pinggir Bandar,"29,800",11,"68,826","15,598","587,480","265,358","37,921","14,038",81.3%,1.179,"226,766",0.3836,"43,221","15,124",16,52,3,9,19,6.7,2.06,352,26.2,22.2,97.4,"317,317","270,163",46.0%,"219,643","50,520",63.6%,"374,116.74","86,987.44","145,332.44",0.247,61.2%,23.98,"5,195.4",148.7,0.386
2581,01/01/2025,2025,Jan,1,Q1,RAUB,BARAT,SG SEMANTAN,Pinggir Bandar,"29,800",12,"70,086","17,385","551,182","249,691","31,829","11,203",81.3%,1.179,"229,340",0.3923,"39,609","14,767",16,52,3,10,24,14,2.23,117,26.4,19,96.6,"292,723","258,459",46.9%,"210,127","48,332",59.7%,"345,120.42","89,970.08","144,346.08",0.262,58.2%,19.85,"4,970.4",134.7,0.416
2582,01/02/2025,2025,Feb,2,Q1,RAUB,BARAT,SG SEMANTAN,Pinggir Bandar,"29,800",12,"70,086","17,567","514,166","253,670","29,223","11,256",81.3%,1.179,"198,392",0.3939,"35,449","15,449",16,52,2,10,23,4.9,3.22,96,27.4,12.5,99.7,"294,149","220,017",42.8%,"178,874","41,143",61.6%,"346,801.67","78,146.61","129,044.61",0.251,62.8%,19.74,"4,231.1",149.9,0.386
2583,01/03/2025,2025,Mar,3,Q1,RAUB,BARAT,SG SEMANTAN,Pinggir Bandar,"29,800",12,"70,086","17,142","583,276","292,600","41,353","15,452",81.3%,1.179,"242,950",0.3899,"42,683","10,711",16,52,2,10,32,8.9,2.58,156,28,18,98.8,"349,405","233,871",40.1%,"190,137","43,734",63.1%,"411,948.50","94,726.21","148,120.21",0.254,64.0%,24.03,"4,497.5",160.8,0.417
2584,01/04/2025,2025,Apr,4,Q2,RAUB,BARAT,SG SEMANTAN,Pinggir Bandar,"29,800",12,"70,086","17,476","609,314","288,393","32,773","13,230",81.3%,1.179,"237,626",0.3979,"39,564","13,414",16,52,3,10,32,10,2.23,117,28.2,27.1,100,"334,396","274,918",45.1%,"223,508","51,410",68.2%,"394,252.88","94,551.39","147,529.39",0.242,62.6%,22.56,"5,286.9",159.0,0.390
2585,01/05/2025,2025,May,5,Q2,RAUB,BARAT,SG SEMANTAN,Pinggir Bandar,"29,800",12,"70,086","17,001","650,256","328,596","39,426","18,503",81.3%,1.179,"279,888",0.3907,"48,927","9,568",16,52,1,10,27,2.3,1.79,177,28,23.1,96.7,"386,525","263,731",40.6%,"214,413","49,318",70.4%,"455,712.98","109,352.24","167,847.24",0.258,63.2%,26.81,"5,071.8",177.9,0.430
2586,01/06/2025,2025,Jun,6,Q2,RAUB,BARAT,SG SEMANTAN,Pinggir Bandar,"29,800",12,"70,086","15,699","628,319","284,485","34,362","12,478",81.3%,1.179,"269,635",0.3960,"49,830","10,650",16,52,2,10,26,8.6,3.22,93,28,27.9,97.1,"331,325","296,994",47.3%,"241,456","55,538",70.3%,"390,632.18","106,775.46","167,255.46",0.266,57.2%,24.88,"5,711.4",157.6,0.429
2587,01/07/2025,2025,Jul,7,Q3,RAUB,BARAT,SG SEMANTAN,Pinggir Bandar,"29,800",12,"70,086","17,085","627,790","309,411","41,416","14,245",81.3%,1.179,"270,869",0.3960,"45,452","11,609",16,52,2,10,24,5.2,2.18,72,27.9,26.1,97.4,"365,072","262,718",41.8%,"213,590","49,128",68.0%,"430,419.89","107,264.12","164,325.12",0.262,61.8%,25.19,"5,052.3",168.0,0.431
2588,01/08/2025,2025,Aug,8,Q3,RAUB,BARAT,SG SEMANTAN,Pinggir Bandar,"29,800",12,"70,086","17,583","609,261","281,708","40,460","15,150",81.3%,1.179,"255,664",0.4085,"43,557","13,377",16,52,2,10,23,7,1.94,168,28.3,14.5,98.6,"337,318","271,943",44.6%,"221,090","50,853",66.0%,"397,697.92","104,438.74","161,372.74",0.265,59.4%,22.62,"5,229.7",155.3,0.420
2589,01/09/2025,2025,Sep,9,Q3,RAUB,BARAT,SG SEMANTAN,Pinggir Bandar,"29,800",12,"70,086","15,743","601,378","301,785","34,089","18,235",81.3%,1.179,"245,976",0.3960,"39,284","12,967",16,52,3,10,29,13.7,1.93,109,27.7,27.1,98.8,"354,109","247,269",41.1%,"201,030","46,239",67.3%,"417,494.51","97,406.50","149,657.50",0.249,64.2%,26.52,"4,755.2",168.4,0.409
2590,01/10/2025,2025,Oct,10,Q4,RAUB,BARAT,SG SEMANTAN,Pinggir Bandar,"29,800",12,"70,086","16,168","595,101","262,975","37,261","12,602",81.3%,1.179,"244,562",0.3992,"40,154","9,988",16,52,2,10,21,6.9,2.45,300,27.3,27.4,99.2,"312,838","282,263",47.4%,"229,480","52,783",64.4%,"368,836.00","97,629.15","147,771.15",0.248,59.9%,22.81,"5,428.1",144.0,0.411
2591,01/11/2025,2025,Nov,11,Q4,RAUB,BARAT,SG SEMANTAN,Pinggir Bandar,"29,800",12,"70,086","17,551","524,660","257,281","34,143","12,868",81.3%,1.179,"222,080",0.4077,"38,684","11,952",16,52,3,10,30,6.3,3.16,376,26.5,33.3,99.8,"304,292","220,368",42.0%,"179,159","41,209",58.7%,"358,760.27","90,542.02","141,178.02",0.269,60.6%,20.44,"4,237.8",144.7,0.423
2592,01/12/2025,2025,Dec,12,Q4,RAUB,BARAT,SG SEMANTAN,Pinggir Bandar,"29,800",12,"70,086","16,767","582,132","263,944","33,120","14,763",81.3%,1.179,"249,860",0.3962,"39,437","18,593",16,52,3,10,33,11.1,3.05,359,26.1,33.8,99.7,"311,827","270,305",46.4%,"219,758","50,547",63.0%,"367,644.03","98,994.53","157,024.53",0.270,57.3%,21.93,"5,198.2",143.5,0.429
2593,01/01/2023,2023,Jan,1,Q1,RAUB,BARAT,BATU MALIM,Pinggir Bandar,"14,600",33,"43,825","10,042","338,758","162,411","39,525","24,443",84.1%,1.217,"142,296",0.3795,"15,077","8,865",14,39,1,11.4,18,1.9,1.79,120,26.5,22.2,98.6,"226,379","112,379",33.2%,"94,511","17,868",74.8%,"275,503.24","54,001.33","77,943.33",0.230,71.7%,27.44,"2,881.5",166.6,0.420
2594,01/02/2023,2023,Feb,2,Q1,RAUB,BARAT,BATU MALIM,Pinggir Bandar,"14,600",33,"43,825","10,190","314,147","160,112","29,818","18,105",84.1%,1.217,"135,032",0.3705,"15,201","11,147",14,39,2,11.4,18,3.8,2.86,126,27.5,21.9,98.2,"208,035","106,112",33.8%,"89,240","16,872",76.8%,"253,178.60","50,029.36","76,377.36",0.243,69.8%,24.85,"2,720.8",169.5,0.430
2595,01/03/2023,2023,Mar,3,Q1,RAUB,BARAT,BATU MALIM,Pinggir Bandar,"14,600",33,"43,825","10,460","378,129","185,815","44,295","29,273",84.1%,1.217,"155,715",0.3799,"15,059","10,799",14,39,2,11.4,21,8.1,3.36,130,27.7,28.3,99.3,"259,383","118,746",31.4%,"99,865","18,881",83.5%,"315,669.11","59,156.13","85,014.13",0.225,73.1%,30.18,"3,044.8",190.9,0.412
2596,01/04/2023,2023,Apr,4,Q2,RAUB,BARAT,BATU MALIM,Pinggir Bandar,"14,600",33,"43,825","10,229","375,854","190,038","44,240","24,305",84.1%,1.217,"165,309",0.3836,"17,994","10,980",14,39,2,11.4,16,5.6,3.19,217,27.9,22.7,98.6,"258,583","117,271",31.2%,"98,625","18,646",85.8%,"314,695.51","63,412.53","92,386.53",0.246,70.6%,30.77,"3,006.9",196.7,0.440
2597,01/05/2023,2023,May,5,Q2,RAUB,BARAT,BATU MALIM,Pinggir Bandar,"14,600",33,"43,825","10,369","393,160","205,473","41,927","30,140",84.1%,1.217,"161,166",0.3675,"15,562","9,972",14,39,1,11.4,19,4.7,2.6,160,27.9,21.1,99.4,"277,540","115,620",29.4%,"97,236","18,384",86.9%,"337,766.18","59,228.51","84,762.51",0.216,74.9%,32.57,"2,964.6",204.3,0.410
2598,01/06/2023,2023,Jun,6,Q2,RAUB,BARAT,BATU MALIM,Pinggir Bandar,"14,600",33,"43,825","10,183","366,507","193,112","38,602","20,952",84.1%,1.217,"160,742",0.3695,"14,026","9,702",14,39,1,11.4,14,2.8,3.36,127,28.4,26.9,99.9,"252,666","113,841",31.1%,"95,740","18,101",83.7%,"307,494.52","59,394.17","83,122.17",0.227,73.0%,30.20,"2,919.0",192.2,0.439
2599,01/07/2023,2023,Jul,7,Q3,RAUB,BARAT,BATU MALIM,Pinggir Bandar,"14,600",33,"43,825","10,287","412,512","199,118","48,889","31,249",84.1%,1.217,"172,219",0.3799,"19,841","12,942",14,39,2,11.4,19,7.8,1.93,145,27.4,26.3,98,"279,256","133,256",32.3%,"112,068","21,188",91.1%,"339,854.55","65,426.00","98,209.00",0.238,71.1%,33.04,"3,416.8",205.6,0.417
2600,01/08/2023,2023,Aug,8,Q3,RAUB,BARAT,BATU MALIM,Pinggir Bandar,"14,600",33,"43,825","10,119","379,697","199,938","44,947","25,724",84.1%,1.217,"154,491",0.3832,"14,839","9,686",14,39,2,11.4,12,5.9,1.95,118,27.4,26.4,99.3,"270,609","109,088",28.7%,"91,743","17,345",83.9%,"329,331.15","59,200.95","83,725.95",0.221,74.6%,32.55,"2,797.1",199.2,0.407
2601,01/09/2023,2023,Sep,9,Q3,RAUB,BARAT,BATU MALIM,Pinggir Bandar,"14,600",33,"43,825","10,330","374,880","201,337","40,334","26,472",84.1%,1.217,"159,162",0.3697,"17,838","6,345",14,39,1,11.4,17,3.7,2.69,116,27.1,18.9,99.3,"268,143","106,737",28.5%,"89,766","16,971",85.6%,"326,330.03","58,842.19","83,025.19",0.221,74.6%,31.59,"2,736.8",203.9,0.425
2602,01/10/2023,2023,Oct,10,Q4,RAUB,BARAT,BATU MALIM,Pinggir Bandar,"14,600",33,"43,825","10,629","378,061","182,215","44,705","25,275",84.1%,1.217,"162,330",0.3689,"17,304","12,853",14,39,2,11.4,22,7.5,2.36,138,27.7,16.3,98.7,"252,195","125,866",33.3%,"105,853","20,013",83.5%,"306,921.32","59,883.54","90,040.54",0.238,70.7%,28.88,"3,227.3",185.6,0.429
2603,01/11/2023,2023,Nov,11,Q4,RAUB,BARAT,BATU MALIM,Pinggir Bandar,"14,600",33,"43,825","10,202","341,802","174,654","40,791","20,724",84.1%,1.217,"135,910",0.3828,"15,991","12,002",14,39,2,11.4,18,9.6,3.27,308,26.4,20.9,98.4,"236,169","105,633",30.9%,"88,837","16,796",78.0%,"287,417.67","52,026.35","80,019.35",0.234,72.2%,28.17,"2,708.5",179.6,0.398
2604,01/12/2023,2023,Dec,12,Q4,RAUB,BARAT,BATU MALIM,Pinggir Bandar,"14,600",33,"43,825","10,664","372,093","184,089","44,208","25,025",84.1%,1.217,"151,788",0.3818,"14,261","10,670",14,39,2,11.4,16,7.3,1.95,364,27.1,24.5,99.5,"253,322","118,771",31.9%,"99,886","18,885",82.2%,"308,292.87","57,952.66","82,883.66",0.223,73.1%,28.91,"3,045.4",186.5,0.408
2605,01/01/2024,2024,Jan,1,Q1,RAUB,BARAT,BATU MALIM,Pinggir Bandar,"14,600",34,"44,852","10,402","351,263","175,139","40,805","26,997",84.1%,1.217,"140,305",0.3836,"13,940","8,327",14,39,1,12.4,7,2.7,2.47,197,26.5,33.4,98.5,"242,941","108,322",30.8%,"91,099","17,223",77.6%,"295,659.20","53,821.00","76,088.00",0.217,74.3%,28.42,"2,777.5",174.7,0.399
2606,01/02/2024,2024,Feb,2,Q1,RAUB,BARAT,BATU MALIM,Pinggir Bandar,"14,600",34,"44,852","10,594","350,539","173,893","39,405","21,364",84.1%,1.217,"154,623",0.3965,"14,146","10,799",14,39,2,12.4,18,9,3.17,101,27.2,15.5,97.1,"234,662","115,877",33.1%,"97,453","18,424",82.8%,"285,583.65","61,308.02","86,253.02",0.246,69.8%,26.96,"2,971.2",180.4,0.441
2607,01/03/2024,2024,Mar,3,Q1,RAUB,BARAT,BATU MALIM,Pinggir Bandar,"14,600",34,"44,852","11,297","384,832","202,740","41,309","27,117",84.1%,1.217,"148,712",0.3856,"17,647","8,104",14,39,1,12.4,8,3.8,2.69,169,27.9,26.8,98.8,"271,166","113,666",29.5%,"95,593","18,073",85.0%,"330,009.02","57,343.35","83,094.35",0.216,74.8%,29.21,"2,914.5",195.0,0.386
2608,01/04/2024,2024,Apr,4,Q2,RAUB,BARAT,BATU MALIM,Pinggir Bandar,"14,600",34,"44,852","10,482","387,736","197,394","45,268","22,806",84.1%,1.217,"167,427",0.3939,"15,207","12,290",14,39,2,12.4,10,7.9,3.38,141,28.8,24.4,97.5,"265,468","122,268",31.5%,"102,827","19,441",88.5%,"323,074.56","65,949.50","93,446.50",0.241,71.1%,30.82,"3,135.1",197.3,0.432
2609,01/05/2024,2024,May,5,Q2,RAUB,BARAT,BATU MALIM,Pinggir Bandar,"14,600",34,"44,852","10,900","420,340","230,169","44,406","26,884",84.1%,1.217,"158,835",0.3914,"19,546","10,747",14,39,2,12.4,23,5,3.07,182,28.9,27.3,97.9,"301,459","118,881",28.3%,"99,979","18,902",92.9%,"366,875.60","62,168.02","92,461.02",0.220,74.8%,33.66,"3,048.2",216.8,0.378
2610,01/06/2024,2024,Jun,6,Q2,RAUB,BARAT,BATU MALIM,Pinggir Bandar,"14,600",34,"44,852","10,570","392,651","206,310","44,668","26,387",84.1%,1.217,"152,255",0.3796,"19,098","6,205",14,39,1,12.4,17,2.6,2.33,82,28.3,13.7,98.9,"277,365","115,286",29.4%,"96,956","18,330",89.6%,"337,553.21","57,796.00","83,099.00",0.212,75.4%,31.94,"2,956.1",206.1,0.388
2611,01/07/2024,2024,Jul,7,Q3,RAUB,BARAT,BATU MALIM,Pinggir Bandar,"14,600",34,"44,852","11,185","384,895","204,688","47,843","24,444",84.1%,1.217,"156,210",0.3925,"14,938","13,324",14,39,2,12.4,14,5.1,2.03,110,28.3,,97.8,"276,975","107,920",28.0%,"90,761","17,159",85.0%,"337,078.58","61,312.43","89,574.43",0.233,73.4%,30.14,"2,767.2",199.2,0.406
2612,01/08/2024,2024,Aug,8,Q3,RAUB,BARAT,BATU MALIM,Pinggir Bandar,"14,600",34,"44,852","10,796","397,505","204,968","42,196","27,052",84.1%,1.217,"152,123",0.3893,"18,319","9,869",14,39,2,12.4,10,4.7,2.43,160,27.8,13.3,98.3,"274,216","123,289",31.0%,"103,686","19,603",87.8%,"333,720.87","59,221.48","87,409.48",0.220,73.8%,30.91,"3,161.3",197.2,0.383
2613,01/09/2024,2024,Sep,9,Q3,RAUB,BARAT,BATU MALIM,Pinggir Bandar,"14,600",34,"44,852","10,842","356,134","183,407","34,912","22,585",84.1%,1.217,"155,683",0.3966,"16,465","10,573",14,39,2,12.4,17,8.9,2.54,135,28.1,25.4,98.1,"240,904","115,230",32.4%,"96,908","18,322",81.3%,"293,180.17","61,743.88","88,781.88",0.249,69.7%,27.04,"2,954.6",179.0,0.437
2614,01/10/2024,2024,Oct,10,Q4,RAUB,BARAT,BATU MALIM,Pinggir Bandar,"14,600",34,"44,852","10,702","360,883","194,750","38,038","22,756",84.1%,1.217,"136,586",0.3946,"16,891","10,719",14,39,2,12.4,16,4.4,2.68,249,27.5,25.1,100,"255,544","105,339",29.2%,"88,590","16,749",79.7%,"310,997.05","53,896.84","81,506.84",0.226,73.8%,29.06,"2,701.0",183.8,0.378
2615,01/11/2024,2024,Nov,11,Q4,RAUB,BARAT,BATU MALIM,Pinggir Bandar,"14,600",34,"44,852","10,431","369,708","190,626","43,435","21,367",84.1%,1.217,"140,796",0.3931,"14,787","12,207",14,39,2,12.4,17,7.2,1.91,229,27.5,38,98.3,"255,428","114,280",30.9%,"96,109","18,171",84.4%,"310,855.88","55,346.91","82,340.91",0.223,73.5%,29.80,"2,930.3",189.8,0.381
2616,01/12/2024,2024,Dec,12,Q4,RAUB,BARAT,BATU MALIM,Pinggir Bandar,"14,600",34,"44,852","10,415","377,888","189,489","42,040","26,187",84.1%,1.217,"150,530",0.3842,"18,487","6,348",14,39,1,12.4,12,3.4,2.54,404,26.3,30.7,96.6,"257,716","120,172",31.8%,"101,065","19,107",83.5%,"313,640.37","57,833.63","82,668.63",0.219,73.6%,30.11,"3,081.3",185.4,0.398
2617,01/01/2025,2025,Jan,1,Q1,RAUB,BARAT,BATU MALIM,Pinggir Bandar,"14,600",35,"45,733","11,444","393,456","203,642","41,961","26,546",84.1%,1.217,"172,061",0.4043,"17,586","12,003",14,39,2,13.4,23,9.3,1.96,153,26.5,26.9,98.7,"272,149","121,307",30.8%,"102,019","19,288",86.9%,"331,205.33","69,564.26","99,153.26",0.252,70.1%,28.94,"3,110.4",192.0,0.437
2618,01/02/2025,2025,Feb,2,Q1,RAUB,BARAT,BATU MALIM,Pinggir Bandar,"14,600",35,"45,733","10,594","359,968","193,130","39,284","24,326",84.1%,1.217,"149,297",0.3916,"16,492","12,621",14,39,2,13.4,18,9.6,2.19,115,27.1,17.3,99.2,"256,740","103,228",28.7%,"86,815","16,413",88.1%,"312,452.58","58,464.71","87,577.71",0.243,72.0%,29.49,"2,646.9",200.5,0.415
2619,01/03/2025,2025,Mar,3,Q1,RAUB,BARAT,BATU MALIM,Pinggir Bandar,"14,600",35,"45,733","10,687","401,446","209,703","48,983","32,154",84.1%,1.217,"167,433",0.4019,"16,150","7,854",14,39,1,13.4,9,2.4,2.37,159,28,26.8,97.1,"290,840","110,606",27.6%,"93,020","17,586",88.7%,"353,952.28","67,291.32","91,295.32",0.227,74.2%,33.12,"2,836.1",205.1,0.417
2620,01/04/2025,2025,Apr,4,Q2,RAUB,BARAT,BATU MALIM,Pinggir Bandar,"14,600",35,"45,733","10,969","409,565","206,302","44,497","32,038",84.1%,1.217,"167,671",0.4068,"19,337","6,627",14,39,1,13.4,21,3,1.86,211,28.2,26.5,97.2,"282,837","126,728",30.9%,"106,578","20,150",93.5%,"344,212.63","68,208.56","94,172.56",0.230,72.6%,31.38,"3,249.4",206.2,0.409
2621,01/05/2025,2025,May,5,Q2,RAUB,BARAT,BATU MALIM,Pinggir Bandar,"14,600",35,"45,733","11,130","404,466","203,421","45,065","31,964",84.1%,1.217,"155,807",0.3925,"16,071","9,092",14,39,2,13.4,17,6.1,1.84,101,28.1,22.2,96.9,"280,450","124,016",30.7%,"104,297","19,719",89.4%,"341,307.65","61,154.25","86,317.25",0.213,74.7%,30.67,"3,179.9",197.8,0.385
2622,01/06/2025,2025,Jun,6,Q2,RAUB,BARAT,BATU MALIM,Pinggir Bandar,"14,600",35,"45,733","10,828","384,898","196,345","40,092","23,590",84.1%,1.217,"161,143",0.4062,"19,725","8,251",14,39,2,13.4,23,9.6,3.31,127,28.4,13.3,99.7,"260,027","124,871",32.4%,"105,017","19,854",87.9%,"316,452.86","65,456.29","93,432.29",0.243,70.5%,29.23,"3,201.8",189.5,0.419
2623,01/07/2025,2025,Jul,7,Q3,RAUB,BARAT,BATU MALIM,Pinggir Bandar,"14,600",35,"45,733","11,344","406,597","209,277","45,843","26,990",84.1%,1.217,"157,936",0.3895,"18,940","8,670",14,39,2,13.4,12,4,2.66,100,28.4,15.3,97.9,"282,110","124,487",30.6%,"104,694","19,793",89.8%,"343,327.87","61,516.07","89,126.07",0.219,74.0%,30.27,"3,192.0",199.0,0.388
2624,01/08/2025,2025,Aug,8,Q3,RAUB,BARAT,BATU MALIM,Pinggir Bandar,"14,600",35,"45,733","11,451","388,685","209,613","41,600","25,751",84.1%,1.217,"155,972",0.3994,"15,769","9,676",14,39,1,13.4,12,2.7,2.05,146,27.7,25,98.6,"276,964","111,721",28.7%,"93,957","17,764",85.9%,"337,065.19","62,295.22","87,740.22",0.226,74.0%,29.44,"2,864.6",195.4,0.401
2625,01/09/2025,2025,Sep,9,Q3,RAUB,BARAT,BATU MALIM,Pinggir Bandar,"14,600",35,"45,733","10,854","374,237","184,869","45,327","25,223",84.1%,1.217,"152,221",0.4080,"17,589","12,754",14,39,2,13.4,13,3.9,3.22,144,27.8,27.6,99.2,"255,419","118,818",31.7%,"99,926","18,892",85.4%,"310,844.92","62,106.17","92,449.17",0.247,70.3%,28.64,"3,046.6",186.2,0.407
2626,01/10/2025,2025,Oct,10,Q4,RAUB,BARAT,BATU MALIM,Pinggir Bandar,"14,600",35,"45,733","11,304","390,552","212,149","44,780","23,431",84.1%,1.217,"152,587",0.3899,"20,041","8,593",14,39,2,13.4,17,4.6,2.05,245,27.5,31,99.7,"280,360","110,192",28.2%,"92,671","17,521",86.3%,"341,198.12","59,493.67","88,127.67",0.226,74.2%,30.18,"2,825.4",197.8,0.391
2627,01/11/2025,2025,Nov,11,Q4,RAUB,BARAT,BATU MALIM,Pinggir Bandar,"14,600",35,"45,733","11,116","352,527","181,534","39,663","20,888",84.1%,1.217,"138,184",0.3984,"14,750","9,913",14,39,2,13.4,13,5.2,2.7,355,26.8,48.9,97.2,"242,085","110,442",31.3%,"92,882","17,560",80.5%,"294,617.45","55,052.51","79,715.51",0.226,72.9%,26.50,"2,831.8",176.4,0.392
2628,01/12/2025,2025,Dec,12,Q4,RAUB,BARAT,BATU MALIM,Pinggir Bandar,"14,600",35,"45,733","11,296","362,160","180,322","42,500","21,231",84.1%,1.217,"140,654",0.3911,"15,674","6,767",14,39,1,13.4,12,2.3,2.72,367,26.4,44.1,99,"244,053","118,107",32.6%,"99,328","18,779",80.0%,"297,012.50","55,009.78","77,450.78",0.214,73.9%,26.29,"3,028.4",172.1,0.388
2629,01/01/2023,2023,Jan,1,Q1,RAUB,BARAT,ULU SUNGAI,Luar Bandar,"7,400",30,"18,793","4,336","152,713","48,546","4,690","1,871",57.5%,0.990,"91,585",0.3745,"9,423","5,508",10,26,1,10.2,10,3.3,2.41,139,26.5,28.9,99,"55,107","97,606",63.9%,"56,123","41,483",66.6%,"54,555.93","34,298.58","49,229.58",0.322,9.8%,12.58,"3,754.1",94.6,0.600
2630,01/02/2023,2023,Feb,2,Q1,RAUB,BARAT,ULU SUNGAI,Luar Bandar,"7,400",30,"18,793","4,279","133,658","45,714","5,048","1,468",57.5%,0.990,"75,737",0.3789,"8,047","4,806",10,26,1,10.2,5,3.5,1.85,101,26.9,24.2,100,"52,230","81,428",60.9%,"46,821","34,607",64.5%,"51,707.70","28,696.75","41,549.75",0.311,19.6%,12.08,"3,131.8",99.3,0.567
2631,01/03/2023,2023,Mar,3,Q1,RAUB,BARAT,ULU SUNGAI,Luar Bandar,"7,400",30,"18,793","4,277","160,039","54,738","6,517","1,828",57.5%,0.990,"88,223",0.3739,"9,787","11,000",10,26,2,10.2,9,6.3,2.78,121,27.6,,99.3,"63,083","96,956",60.6%,"55,750","41,206",69.8%,"62,452.17","32,986.58","53,773.58",0.336,13.9%,14.60,"3,729.1",108.3,0.551
2632,01/04/2023,2023,Apr,4,Q2,RAUB,BARAT,ULU SUNGAI,Luar Bandar,"7,400",30,"18,793","4,242","158,442","61,139","6,626","2,683",57.5%,0.990,"93,693",0.3815,"7,752","7,160",10,26,1,10.2,6,4.1,2.7,202,27.9,31.7,99.3,"70,448","87,994",55.5%,"50,597","37,397",71.4%,"69,743.52","35,743.88","50,655.88",0.320,27.4%,16.44,"3,384.4",125.0,0.591
2633,01/05/2023,2023,May,5,Q2,RAUB,BARAT,ULU SUNGAI,Luar Bandar,"7,400",30,"18,793","4,605","176,410","58,435","6,075","2,154",57.5%,0.990,"105,506",0.3699,"8,546","6,430",10,26,1,10.2,10,3.2,1.74,195,28.2,33.1,97.3,"66,664","109,746",62.2%,"63,104","46,642",76.9%,"65,997.36","39,026.67","54,002.67",0.306,18.2%,14.33,"4,221.0",114.4,0.598
2634,01/06/2023,2023,Jun,6,Q2,RAUB,BARAT,ULU SUNGAI,Luar Bandar,"7,400",30,"18,793","4,280","155,409","53,970","5,994","2,303",57.5%,0.990,"92,629",0.3723,"7,743","7,183",10,26,2,10.2,6,5.7,2.1,82,28.2,13.9,98.7,"62,267","93,142",59.9%,"53,557","39,585",70.0%,"61,644.33","34,485.78","49,411.78",0.318,19.8%,14.40,"3,582.4",110.4,0.596
2635,01/07/2023,2023,Jul,7,Q3,RAUB,BARAT,ULU SUNGAI,Luar Bandar,"7,400",30,"18,793","4,351","170,657","55,176","5,165","1,786",57.5%,0.990,"99,409",0.3696,"9,471","8,501",10,26,2,10.2,8,8.8,2,143,28.3,18.3,98.5,"62,127","108,530",63.6%,"62,405","46,125",74.4%,"61,505.73","36,741.57","54,713.57",0.321,11.0%,14.14,"4,174.2",106.6,0.583
2636,01/08/2023,2023,Aug,8,Q3,RAUB,BARAT,ULU SUNGAI,Luar Bandar,"7,400",30,"18,793","4,640","158,462","55,978","5,924","2,553",57.5%,0.990,"96,890",0.3753,"9,487","9,472",10,26,2,10.2,8,7.9,2.37,142,26.9,26.6,99.2,"64,455","94,007",59.3%,"54,054","39,953",69.1%,"63,810.45","36,362.82","55,321.82",0.349,13.3%,13.75,"3,615.7",110.6,0.611
2637,01/09/2023,2023,Sep,9,Q3,RAUB,BARAT,ULU SUNGAI,Luar Bandar,"7,400",30,"18,793","4,257","162,067","50,493","6,127","1,977",57.5%,0.990,"96,760",0.3670,"9,147","7,595",10,26,2,10.2,9,6.6,1.65,182,28.1,32.2,96.9,"58,597","103,470",63.8%,"59,495","43,975",73.0%,"58,011.03","35,510.92","52,252.92",0.322,9.9%,13.63,"3,979.6",103.9,0.597
2638,01/10/2023,2023,Oct,10,Q4,RAUB,BARAT,ULU SUNGAI,Luar Bandar,"7,400",30,"18,793","4,711","152,860","58,488","6,826","1,969",57.5%,0.990,"87,297",0.3680,"9,022","5,638",10,26,1,10.2,6,3.7,2.49,247,27.3,30.4,99.1,"67,283","85,577",56.0%,"49,207","36,370",66.6%,"66,610.17","32,125.30","46,785.30",0.306,29.8%,14.14,"3,291.4",115.5,0.571
2639,01/11/2023,2023,Nov,11,Q4,RAUB,BARAT,ULU SUNGAI,Luar Bandar,"7,400",30,"18,793","4,606","150,473","56,300","5,500","2,331",57.5%,0.990,"91,190",0.3810,"9,191","9,457",10,26,2,10.2,9,5.1,2.97,199,26.6,26.2,97.2,"64,131","86,342",57.4%,"49,647","36,695",67.8%,"63,489.69","34,743.39","53,391.39",0.355,15.9%,13.78,"3,320.8",113.7,0.606
2640,01/12/2023,2023,Dec,12,Q4,RAUB,BARAT,ULU SUNGAI,Luar Bandar,"7,400",30,"18,793","4,634","150,314","56,402","5,959","1,911",57.5%,0.990,"82,227",0.3661,"9,311","7,424",10,26,1,10.2,8,4.1,2.54,451,26.3,41.7,98.2,"64,272","86,042",57.2%,"49,474","36,568",65.5%,"63,629.28","30,103.30","46,838.30",0.312,26.4%,13.73,"3,309.3",110.3,0.547
2641,01/01/2024,2024,Jan,1,Q1,RAUB,BARAT,ULU SUNGAI,Luar Bandar,"7,400",31,"19,249","4,791","162,535","57,854","5,812","2,022",57.5%,0.990,"94,837",0.3906,"10,127","7,190",10,26,1,11.2,8,1.9,1.77,131,27,18.8,97,"65,688","96,847",59.6%,"55,687","41,160",70.9%,"65,031.12","37,043.33","54,360.33",0.334,16.4%,13.57,"3,724.9",110.1,0.583
2642,01/02/2024,2024,Feb,2,Q1,RAUB,BARAT,ULU SUNGAI,Luar Bandar,"7,400",31,"19,249","4,309","140,630","47,096","5,559","1,894",57.5%,0.990,"74,030",0.3962,"8,195","8,999",10,26,2,11.2,12,9.6,,87,26.9,25.7,98.1,"54,549","86,081",61.2%,"49,497","36,584",65.5%,"54,003.51","29,330.69","46,524.69",0.331,13.8%,12.53,"3,310.8",97.7,0.526
2643,01/03/2024,2024,Mar,3,Q1,RAUB,BARAT,ULU SUNGAI,Luar Bandar,"7,400",31,"19,249","4,530","164,757","58,512","5,953","2,136",57.5%,0.990,"100,077",0.3948,"10,569","7,616",10,26,1,11.2,10,2.8,1.99,101,27.8,14.4,98.2,"66,601","98,156",59.6%,"56,440","41,716",71.8%,"65,934.99","39,510.40","57,695.40",0.350,12.5%,14.56,"3,775.2",111.6,0.607
2644,01/04/2024,2024,Apr,4,Q2,RAUB,BARAT,ULU SUNGAI,Luar Bandar,"7,400",31,"19,249","4,330","162,524","61,609","6,227","2,182",57.5%,0.990,"97,940",0.3947,"8,840","5,589",10,26,1,11.2,6,2,2.78,196,27.9,24.4,99.6,"70,018","92,506",56.9%,"53,191","39,315",73.2%,"69,317.82","38,656.92","53,085.92",0.327,23.4%,16.01,"3,557.9",121.2,0.603
2645,01/05/2024,2024,May,5,Q2,RAUB,BARAT,ULU SUNGAI,Luar Bandar,"7,400",31,"19,249","4,445","178,195","57,406","5,784","1,965",57.5%,0.990,"107,944",0.3811,"11,135","6,639",10,26,1,11.2,9,2,1.47,143,27.7,25.4,96.9,"65,155","113,040",63.4%,"64,998","48,042",77.7%,"64,503.45","41,137.46","58,911.46",0.331,8.7%,14.51,"4,347.7",109.2,0.606
2646,01/06/2024,2024,Jun,6,Q2,RAUB,BARAT,ULU SUNGAI,Luar Bandar,"7,400",31,"19,249","4,494","164,311","57,176","5,701","2,153",57.5%,0.990,"95,525",0.3930,"8,093","7,667",10,26,2,11.2,9,6.4,2.8,148,27.7,28,99,"65,030","99,281",60.4%,"57,087","42,194",74.0%,"64,379.70","37,541.33","53,301.33",0.324,17.2%,14.33,"3,818.5",112.6,0.581
2647,01/07/2024,2024,Jul,7,Q3,RAUB,BARAT,ULU SUNGAI,Luar Bandar,"7,400",31,"19,249","4,437","176,438","54,588","5,927","1,992",57.5%,0.990,"105,005",0.3773,"10,213","8,960",10,26,2,11.2,10,4.3,2.69,71,28.2,22.5,96.9,"62,507","113,931",64.6%,"65,510","48,421",76.9%,"61,881.93","39,618.39","58,791.39",0.333,5.0%,13.95,"4,382.0",104.8,0.595
2648,01/08/2024,2024,Aug,8,Q3,RAUB,BARAT,ULU SUNGAI,Luar Bandar,"7,400",31,"19,249","4,799","178,663","60,773","7,004","2,721",57.5%,0.990,"97,699",0.3888,"10,983","6,483",10,26,1,11.2,8,4.2,2.98,111,27.5,24.7,97.2,"70,498","108,165",60.5%,"62,195","45,970",77.9%,"69,793.02","37,985.37","55,451.37",0.310,20.5%,14.54,"4,160.2",118.1,0.547
2649,01/09/2024,2024,Sep,9,Q3,RAUB,BARAT,ULU SUNGAI,Luar Bandar,"7,400",31,"19,249","4,640","162,033","64,879","7,063","2,161",57.5%,0.990,"92,573",0.3918,"8,831","6,768",10,26,1,11.2,9,2.3,1.63,122,27.5,31.4,97.9,"74,103","87,930",54.3%,"50,560","37,370",73.0%,"73,361.97","36,270.10","51,869.10",0.320,29.3%,15.81,"3,381.9",128.3,0.571
2650,01/10/2024,2024,Oct,10,Q4,RAUB,BARAT,ULU SUNGAI,Luar Bandar,"7,400",31,"19,249","4,566","164,260","59,298","6,918","2,296",57.5%,0.990,"93,620",0.3840,"9,374","6,296",10,26,1,11.2,10,2.1,2.54,182,27,21,96.6,"68,512","95,748",58.3%,"55,055","40,693",71.6%,"67,826.88","35,950.08","51,620.08",0.314,23.9%,14.85,"3,682.6",114.8,0.570
2651,01/11/2024,2024,Nov,11,Q4,RAUB,BARAT,ULU SUNGAI,Luar Bandar,"7,400",31,"19,249","4,682","158,236","58,291","6,231","1,967",57.5%,0.990,"85,118",0.3873,"8,865","4,852",10,26,1,11.2,7,1.9,2.4,315,27.5,38,98.6,"66,489","91,747",58.0%,"52,755","38,992",71.3%,"65,824.11","32,966.20","46,683.20",0.295,29.1%,14.06,"3,528.7",115.1,0.538
2652,01/12/2024,2024,Dec,12,Q4,RAUB,BARAT,ULU SUNGAI,Luar Bandar,"7,400",31,"19,249","4,509","148,452","46,880","5,559","1,545",57.5%,0.990,"82,955",0.3964,"9,252","10,654",10,26,2,11.2,6,4.2,2.79,375,26.3,37,99.3,"53,984","94,468",63.6%,"54,319","40,149",64.7%,"53,444.16","32,883.36","52,789.36",0.356,1.2%,11.85,"3,633.4",90.5,0.559
2653,01/01/2025,2025,Jan,1,Q1,RAUB,BARAT,ULU SUNGAI,Luar Bandar,"7,400",32,"19,695","4,631","156,833","51,345","6,118","1,953",57.5%,0.990,"84,480",0.3913,"10,024","5,165",10,26,1,12.2,5,3.4,1.81,110,27.4,23.4,98.1,"59,416","97,417",62.1%,"56,015","41,402",68.4%,"58,821.84","33,057.02","48,246.02",0.308,18.0%,12.70,"3,746.8",97.3,0.539
2654,01/02/2025,2025,Feb,2,Q1,RAUB,BARAT,ULU SUNGAI,Luar Bandar,"7,400",32,"19,695","4,416","149,517","60,415","6,463","2,553",57.5%,0.990,"78,762",0.4042,"8,983","6,948",10,26,1,12.2,5,3.2,1.58,134,27.8,25.7,97.8,"69,431","80,086",53.6%,"46,049","34,037",72.2%,"68,736.69","31,835.60","47,766.60",0.319,30.5%,15.57,"3,080.2",125.9,0.527
2655,01/03/2025,2025,Mar,3,Q1,RAUB,BARAT,ULU SUNGAI,Luar Bandar,"7,400",32,"19,695","4,965","161,306","59,287","6,051","2,644",57.5%,0.990,"93,169",0.3995,"8,197","10,823",10,26,2,12.2,11,9.6,2.45,105,28,16.7,97.6,"67,982","93,324",57.9%,"53,661","39,663",70.3%,"67,302.18","37,221.02","56,241.02",0.349,16.4%,13.56,"3,589.4",111.3,0.578
2656,01/04/2025,2025,Apr,4,Q2,RAUB,BARAT,ULU SUNGAI,Luar Bandar,"7,400",32,"19,695","4,599","171,514","68,866","6,811","2,206",57.5%,0.990,"91,253",0.3978,"9,563","6,049",10,26,1,12.2,7,4.4,1.68,222,27.7,19.5,97.2,"77,883","93,631",54.6%,"53,838","39,793",77.3%,"77,104.17","36,300.44","51,912.44",0.303,32.7%,16.77,"3,601.2",131.8,0.532
2657,01/05/2025,2025,May,5,Q2,RAUB,BARAT,ULU SUNGAI,Luar Bandar,"7,400",32,"19,695","4,925","168,151","57,284","5,940","2,491",57.5%,0.990,"92,869",0.3947,"10,364","9,351",10,26,2,12.2,11,6.9,1.71,159,28.7,22.1,96.6,"65,715","102,436",60.9%,"58,901","43,535",73.3%,"65,057.85","36,655.39","56,370.39",0.335,13.4%,13.21,"3,939.8",107.6,0.552
2658,01/06/2025,2025,Jun,6,Q2,RAUB,BARAT,ULU SUNGAI,Luar Bandar,"7,400",32,"19,695","4,681","165,596","55,790","6,222","2,087",57.5%,0.990,"88,485",0.3970,"8,229","6,454",10,26,1,12.2,7,2.6,3.01,103,28.3,19.7,99.4,"64,099","101,497",61.3%,"58,361","43,136",74.6%,"63,458.01","35,128.55","49,811.55",0.301,21.5%,13.56,"3,903.7",108.5,0.534
2659,01/07/2025,2025,Jul,7,Q3,RAUB,BARAT,ULU SUNGAI,Luar Bandar,"7,400",32,"19,695","4,650","179,144","68,109","6,395","2,385",57.5%,0.990,"101,182",0.3965,"9,186","5,712",10,26,1,12.2,10,3.6,2.72,75,28.1,24.4,99,"76,889","102,255",57.1%,"58,797","43,458",78.1%,"76,120.11","40,118.66","55,016.66",0.307,27.7%,16.37,"3,932.9",125.9,0.565
2660,01/08/2025,2025,Aug,8,Q3,RAUB,BARAT,ULU SUNGAI,Luar Bandar,"7,400",32,"19,695","4,968","179,067","70,880","8,275","2,286",57.5%,0.990,"100,313",0.3949,"8,931","8,297",10,26,2,12.2,12,4.9,1.94,148,27.9,13.3,96.6,"81,441","97,626",54.5%,"56,135","41,491",78.1%,"80,626.59","39,613.60","56,841.60",0.317,29.5%,16.23,"3,754.8",133.4,0.560
2661,01/09/2025,2025,Sep,9,Q3,RAUB,BARAT,ULU SUNGAI,Luar Bandar,"7,400",32,"19,695","4,935","161,883","64,055","7,673","2,146",57.5%,0.990,"99,132",0.3990,"8,758","6,017",10,26,1,12.2,5,4.5,2.98,111,27.8,26.4,99.8,"73,874","88,009",54.4%,"50,605","37,404",72.9%,"73,135.26","39,553.67","54,328.67",0.336,25.7%,14.82,"3,385.0",125.0,0.612
2662,01/10/2025,2025,Oct,10,Q4,RAUB,BARAT,ULU SUNGAI,Luar Bandar,"7,400",32,"19,695","4,945","163,854","61,392","7,132","2,646",57.5%,0.990,"96,266",0.3903,"8,385","10,569",10,26,2,12.2,9,9.3,3.08,242,27.9,21.4,98.9,"71,170","92,684",56.6%,"53,293","39,391",71.4%,"70,458.30","37,572.62","56,526.62",0.345,19.8%,14.25,"3,564.8",116.6,0.588
2663,01/11/2025,2025,Nov,11,Q4,RAUB,BARAT,ULU SUNGAI,Luar Bandar,"7,400",32,"19,695","4,609","159,181","64,656","6,553","2,348",57.5%,0.990,"87,196",0.3977,"9,000","6,257",10,26,1,12.2,7,4.9,2.99,217,27,35.2,96.6,"73,557","85,624",53.8%,"49,234","36,390",71.7%,"72,821.43","34,677.85","49,934.85",0.314,31.4%,15.80,"3,293.2",124.5,0.548
2664,01/12/2025,2025,Dec,12,Q4,RAUB,BARAT,ULU SUNGAI,Luar Bandar,"7,400",32,"19,695","4,833","159,504","65,218","6,855","2,093",57.5%,0.990,"93,834",0.3890,"9,766","6,796",10,26,2,12.2,11,5.5,2.02,262,27.3,27.4,96.9,"74,166","85,338",53.5%,"49,069","36,269",69.5%,"73,424.34","36,501.43","53,063.43",0.333,27.7%,15.19,"3,282.2",121.5,0.588
