plant,district,date,year,month,pipe_bursts,elevated,elevated_next,predicted,split
BATU 9,LIPIS,2023-01-01,2023,1,2,1,1,0.9025350077803516,train
BATU 9,LIPIS,2023-02-01,2023,2,2,1,1,0.7434132775660807,train
BATU 9,LIPIS,2023-03-01,2023,3,2,1,1,0.8574983380974426,train
BATU 9,LIPIS,2023-04-01,2023,4,3,1,1,0.686923620794956,train
BATU 9,LIPIS,2023-05-01,2023,5,3,1,1,0.81402815164749,train
BATU 9,LIPIS,2023-06-01,2023,6,2,1,1,0.8730075345307153,train
BATU 9,LIPIS,2023-07-01,2023,7,2,1,1,0.8945382372715162,train
BATU 9,LIPIS,2023-08-01,2023,8,2,1,1,0.8322152052965441,train
BATU 9,LIPIS,2023-09-01,2023,9,2,1,1,0.9014026855074695,train
BATU 9,LIPIS,2023-10-01,2023,10,2,1,1,0.8235294828638192,train
BATU 9,LIPIS,2023-11-01,2023,11,2,1,1,0.8239503043394685,train
BATU 9,LIPIS,2023-12-01,2023,12,2,1,1,0.7482220287791786,train
BATU 9,LIPIS,2024-01-01,2024,1,2,1,1,0.8170798462131718,train
BATU 9,LIPIS,2024-02-01,2024,2,3,1,1,0.7083795488363356,train
BATU 9,LIPIS,2024-03-01,2024,3,2,1,1,0.8287717444781941,train
BATU 9,LIPIS,2024-04-01,2024,4,3,1,1,0.8201269549686654,train
BATU 9,LIPIS,2024-05-01,2024,5,3,1,1,0.7572802998067448,train
BATU 9,LIPIS,2024-06-01,2024,6,2,1,1,0.8876325546670154,train
BATU 9,LIPIS,2024-07-01,2024,7,2,1,1,0.79915785063422,train
BATU 9,LIPIS,2024-08-01,2024,8,2,1,1,0.807694943659898,train
BATU 9,LIPIS,2024-09-01,2024,9,2,1,1,0.8002575789989307,train
BATU 9,LIPIS,2024-10-01,2024,10,3,1,0,0.6199078893893492,train
BATU 9,LIPIS,2024-11-01,2024,11,1,0,1,0.8348552726974137,train
BATU 9,LIPIS,2024-12-01,2024,12,2,1,1,0.8217555455263316,train
BATU 9,LIPIS,2025-01-01,2025,1,2,1,0,0.6274405205264206,train
BATU 9,LIPIS,2025-02-01,2025,2,1,0,1,0.6936884305698955,train
BATU 9,LIPIS,2025-03-01,2025,3,2,1,0,0.657244946792158,train
BATU 9,LIPIS,2025-04-01,2025,4,1,0,1,0.7991454011162875,train
BATU 9,LIPIS,2025-05-01,2025,5,2,1,1,0.8486149489100964,train
BATU 9,LIPIS,2025-06-01,2025,6,3,1,1,0.7245637289241852,test
BATU 9,LIPIS,2025-07-01,2025,7,2,1,1,0.7809558985747294,test
BATU 9,LIPIS,2025-08-01,2025,8,2,1,1,0.7201017452462388,test
BATU 9,LIPIS,2025-09-01,2025,9,2,1,1,0.7907651193044322,test
BATU 9,LIPIS,2025-10-01,2025,10,2,1,1,0.7638414013076484,test
BATU 9,LIPIS,2025-11-01,2025,11,2,1,0,0.7179301552686732,test
BATU BALAI,JERANTUT,2023-01-01,2023,1,1,0,0,0.10276752894015524,train
BATU BALAI,JERANTUT,2023-02-01,2023,2,1,0,0,0.10009753540429538,train
BATU BALAI,JERANTUT,2023-03-01,2023,3,1,0,1,0.25886836313178596,train
BATU BALAI,JERANTUT,2023-04-01,2023,4,2,1,0,0.11158404132697441,train
BATU BALAI,JERANTUT,2023-05-01,2023,5,1,0,0,0.15035251507313252,train
BATU BALAI,JERANTUT,2023-06-01,2023,6,1,0,0,0.1401627111816708,train
BATU BALAI,JERANTUT,2023-07-01,2023,7,1,0,0,0.10805430768390835,train
BATU BALAI,JERANTUT,2023-08-01,2023,8,0,0,0,0.13916662697393456,train
BATU BALAI,JERANTUT,2023-09-01,2023,9,0,0,0,0.13566423110777076,train
BATU BALAI,JERANTUT,2023-10-01,2023,10,1,0,0,0.11007648489747789,train
BATU BALAI,JERANTUT,2023-11-01,2023,11,1,0,0,0.1418325526267747,train
BATU BALAI,JERANTUT,2023-12-01,2023,12,1,0,0,0.09609592605519277,train
BATU BALAI,JERANTUT,2024-01-01,2024,1,1,0,0,0.09561234071739941,train
BATU BALAI,JERANTUT,2024-02-01,2024,2,1,0,0,0.09153814654328851,train
BATU BALAI,JERANTUT,2024-03-01,2024,3,1,0,0,0.11590423403378754,train
BATU BALAI,JERANTUT,2024-04-01,2024,4,1,0,0,0.1083678833571829,train
BATU BALAI,JERANTUT,2024-05-01,2024,5,1,0,0,0.09676344324973521,train
BATU BALAI,JERANTUT,2024-06-01,2024,6,1,0,0,0.11099570402753126,train
BATU BALAI,JERANTUT,2024-07-01,2024,7,1,0,0,0.08362085524318212,train
BATU BALAI,JERANTUT,2024-08-01,2024,8,1,0,0,0.1111550072181781,train
BATU BALAI,JERANTUT,2024-09-01,2024,9,1,0,0,0.08261197323563055,train
BATU BALAI,JERANTUT,2024-10-01,2024,10,1,0,0,0.10368814282664732,train
BATU BALAI,JERANTUT,2024-11-01,2024,11,1,0,0,0.12764908579204984,train
BATU BALAI,JERANTUT,2024-12-01,2024,12,1,0,0,0.0981122795555598,train
BATU BALAI,JERANTUT,2025-01-01,2025,1,1,0,0,0.15981472746110875,train
BATU BALAI,JERANTUT,2025-02-01,2025,2,1,0,0,0.11829864705472679,train
BATU BALAI,JERANTUT,2025-03-01,2025,3,1,0,0,0.14075407704417509,train
BATU BALAI,JERANTUT,2025-04-01,2025,4,1,0,0,0.17270452655203958,train
BATU BALAI,JERANTUT,2025-05-01,2025,5,1,0,0,0.14590882028338062,train
BATU BALAI,JERANTUT,2025-06-01,2025,6,1,0,0,0.2006091452034672,test
BATU BALAI,JERANTUT,2025-07-01,2025,7,1,0,0,0.16995001706069723,test
BATU BALAI,JERANTUT,2025-08-01,2025,8,1,0,0,0.16735900401933437,test
BATU BALAI,JERANTUT,2025-09-01,2025,9,1,0,0,0.15232493681134165,test
BATU BALAI,JERANTUT,2025-10-01,2025,10,1,0,0,0.13358817711344181,test
BATU BALAI,JERANTUT,2025-11-01,2025,11,1,0,0,0.07927940419041257,test
BATU EMBUN,JERANTUT,2023-01-01,2023,1,1,0,0,0.1939864917092443,train
BATU EMBUN,JERANTUT,2023-02-01,2023,2,1,0,0,0.13038315355372807,train
BATU EMBUN,JERANTUT,2023-03-01,2023,3,1,0,0,0.18413372899691016,train
BATU EMBUN,JERANTUT,2023-04-01,2023,4,1,0,0,0.1758052395952447,train
BATU EMBUN,JERANTUT,2023-05-01,2023,5,1,0,0,0.2603536899134727,train
BATU EMBUN,JERANTUT,2023-06-01,2023,6,1,0,0,0.18743839661710132,train
BATU EMBUN,JERANTUT,2023-07-01,2023,7,1,0,0,0.1798785089279156,train
BATU EMBUN,JERANTUT,2023-08-01,2023,8,1,0,0,0.15592462754306724,train
BATU EMBUN,JERANTUT,2023-09-01,2023,9,1,0,0,0.21127836500949257,train
BATU EMBUN,JERANTUT,2023-10-01,2023,10,1,0,1,0.33286258717058037,train
BATU EMBUN,JERANTUT,2023-11-01,2023,11,2,1,0,0.20844917950171818,train
BATU EMBUN,JERANTUT,2023-12-01,2023,12,1,0,0,0.17831543031490554,train
BATU EMBUN,JERANTUT,2024-01-01,2024,1,1,0,0,0.20638148886169147,train
BATU EMBUN,JERANTUT,2024-02-01,2024,2,1,0,1,0.35613120603357706,train
BATU EMBUN,JERANTUT,2024-03-01,2024,3,2,1,0,0.2366957956927187,train
BATU EMBUN,JERANTUT,2024-04-01,2024,4,1,0,0,0.23779953360504602,train
BATU EMBUN,JERANTUT,2024-05-01,2024,5,1,0,1,0.45459758644721654,train
BATU EMBUN,JERANTUT,2024-06-01,2024,6,2,1,1,0.4292973705381098,train
BATU EMBUN,JERANTUT,2024-07-01,2024,7,2,1,1,0.4478831648966852,train
BATU EMBUN,JERANTUT,2024-08-01,2024,8,2,1,1,0.4968315069081368,train
BATU EMBUN,JERANTUT,2024-09-01,2024,9,2,1,0,0.3141906538148094,train
BATU EMBUN,JERANTUT,2024-10-01,2024,10,1,0,0,0.259708509671692,train
BATU EMBUN,JERANTUT,2024-11-01,2024,11,1,0,0,0.24246281992849242,train
BATU EMBUN,JERANTUT,2024-12-01,2024,12,1,0,0,0.22608125560867037,train
BATU EMBUN,JERANTUT,2025-01-01,2025,1,1,0,0,0.17845323031993096,train
BATU EMBUN,JERANTUT,2025-02-01,2025,2,1,0,1,0.42288600966638223,train
BATU EMBUN,JERANTUT,2025-03-01,2025,3,2,1,0,0.22730583584710096,train
BATU EMBUN,JERANTUT,2025-04-01,2025,4,1,0,1,0.5085420486929202,train
BATU EMBUN,JERANTUT,2025-05-01,2025,5,2,1,0,0.2786923013525043,train
BATU EMBUN,JERANTUT,2025-06-01,2025,6,1,0,1,0.2819783773067081,test
BATU EMBUN,JERANTUT,2025-07-01,2025,7,2,1,1,0.3456014394741688,test
BATU EMBUN,JERANTUT,2025-08-01,2025,8,2,1,0,0.35500091239507336,test
BATU EMBUN,JERANTUT,2025-09-01,2025,9,1,0,0,0.3251831057137119,test
BATU EMBUN,JERANTUT,2025-10-01,2025,10,1,0,1,0.31965908610342747,test
BATU EMBUN,JERANTUT,2025-11-01,2025,11,2,1,0,0.2780451020102886,test
BATU MALIM,RAUB,2023-01-01,2023,1,1,0,1,0.6197964561471601,train
BATU MALIM,RAUB,2023-02-01,2023,2,2,1,1,0.6478958093937645,train
BATU MALIM,RAUB,2023-03-01,2023,3,2,1,1,0.6341761877654198,train
BATU MALIM,RAUB,2023-04-01,2023,4,2,1,0,0.5002642978833657,train
BATU MALIM,RAUB,2023-05-01,2023,5,1,0,0,0.4986634074933766,train
BATU MALIM,RAUB,2023-06-01,2023,6,1,0,1,0.641003528725593,train
BATU MALIM,RAUB,2023-07-01,2023,7,2,1,1,0.6919447236028299,train
BATU MALIM,RAUB,2023-08-01,2023,8,2,1,0,0.49909914323656246,train
BATU MALIM,RAUB,2023-09-01,2023,9,1,0,1,0.6486955980923002,train
BATU MALIM,RAUB,2023-10-01,2023,10,2,1,1,0.7041174793448465,train
BATU MALIM,RAUB,2023-11-01,2023,11,2,1,1,0.5964307721485678,train
BATU MALIM,RAUB,2023-12-01,2023,12,2,1,0,0.5007803957472248,train
BATU MALIM,RAUB,2024-01-01,2024,1,1,0,1,0.6049958095447533,train
BATU MALIM,RAUB,2024-02-01,2024,2,2,1,0,0.4973820462604439,train
BATU MALIM,RAUB,2024-03-01,2024,3,1,0,1,0.6002826129930735,train
BATU MALIM,RAUB,2024-04-01,2024,4,2,1,1,0.7113830016846664,train
BATU MALIM,RAUB,2024-05-01,2024,5,2,1,0,0.4512136562656327,train
BATU MALIM,RAUB,2024-06-01,2024,6,1,0,1,0.667660419426074,train
BATU MALIM,RAUB,2024-07-01,2024,7,2,1,1,0.6550301761094346,train
BATU MALIM,RAUB,2024-08-01,2024,8,2,1,1,0.712535094436138,train
BATU MALIM,RAUB,2024-09-01,2024,9,2,1,1,0.6953675904722719,train
BATU MALIM,RAUB,2024-10-01,2024,10,2,1,1,0.5879593337545704,train
BATU MALIM,RAUB,2024-11-01,2024,11,2,1,0,0.4906164005899074,train
BATU MALIM,RAUB,2024-12-01,2024,12,1,0,1,0.5957739837957987,train
BATU MALIM,RAUB,2025-01-01,2025,1,2,1,1,0.6056520424981714,train
BATU MALIM,RAUB,2025-02-01,2025,2,2,1,0,0.4453959997781751,train
BATU MALIM,RAUB,2025-03-01,2025,3,1,0,0,0.5289600708994907,train
BATU MALIM,RAUB,2025-04-01,2025,4,1,0,1,0.6613702907142259,train
BATU MALIM,RAUB,2025-05-01,2025,5,2,1,1,0.7162987316374366,train
BATU MALIM,RAUB,2025-06-01,2025,6,2,1,1,0.5905826722627808,test
BATU MALIM,RAUB,2025-07-01,2025,7,2,1,0,0.6509848569881821,test
BATU MALIM,RAUB,2025-08-01,2025,8,1,0,1,0.6467310637039156,test
BATU MALIM,RAUB,2025-09-01,2025,9,2,1,1,0.6287185631200775,test
BATU MALIM,RAUB,2025-10-01,2025,10,2,1,1,0.5086849943268291,test
BATU MALIM,RAUB,2025-11-01,2025,11,2,1,0,0.4645798013199122,test
BATU SAWAR,MARAN,2023-01-01,2023,1,1,0,1,0.32026307822567124,train
BATU SAWAR,MARAN,2023-02-01,2023,2,2,1,0,0.1559407527833412,train
BATU SAWAR,MARAN,2023-03-01,2023,3,1,0,0,0.1702355386535816,train
BATU SAWAR,MARAN,2023-04-01,2023,4,1,0,0,0.17968325399085644,train
BATU SAWAR,MARAN,2023-05-01,2023,5,1,0,0,0.18021786726055006,train
BATU SAWAR,MARAN,2023-06-01,2023,6,1,0,0,0.17783021165581578,train
BATU SAWAR,MARAN,2023-07-01,2023,7,1,0,1,0.3453790040005509,train
BATU SAWAR,MARAN,2023-08-01,2023,8,2,1,0,0.21647984894831906,train
BATU SAWAR,MARAN,2023-09-01,2023,9,1,0,0,0.16784084715646497,train
BATU SAWAR,MARAN,2023-10-01,2023,10,1,0,0,0.21373874742752855,train
BATU SAWAR,MARAN,2023-11-01,2023,11,1,0,0,0.1741877173154346,train
BATU SAWAR,MARAN,2023-12-01,2023,12,1,0,0,0.15614306568355313,train
BATU SAWAR,MARAN,2024-01-01,2024,1,1,0,0,0.16492924628209163,train
BATU SAWAR,MARAN,2024-02-01,2024,2,1,0,0,0.18788171892353553,train
BATU SAWAR,MARAN,2024-03-01,2024,3,1,0,0,0.18595957036517366,train
BATU SAWAR,MARAN,2024-04-01,2024,4,1,0,0,0.19647066984556483,train
BATU SAWAR,MARAN,2024-05-01,2024,5,1,0,0,0.2516549435148701,train
BATU SAWAR,MARAN,2024-06-01,2024,6,1,0,0,0.23258002014844428,train
BATU SAWAR,MARAN,2024-07-01,2024,7,1,0,1,0.32223408230905676,train
BATU SAWAR,MARAN,2024-08-01,2024,8,2,1,0,0.28521084748620507,train
BATU SAWAR,MARAN,2024-09-01,2024,9,1,0,0,0.18597918559079946,train
BATU SAWAR,MARAN,2024-10-01,2024,10,1,0,1,0.27362387088972717,train
BATU SAWAR,MARAN,2024-11-01,2024,11,2,1,0,0.18053884433365663,train
BATU SAWAR,MARAN,2024-12-01,2024,12,1,0,0,0.17594135759719653,train
BATU SAWAR,MARAN,2025-01-01,2025,1,1,0,0,0.21223970212925064,train
BATU SAWAR,MARAN,2025-02-01,2025,2,1,0,0,0.1632545425466443,train
BATU SAWAR,MARAN,2025-03-01,2025,3,1,0,0,0.1913718479373412,train
BATU SAWAR,MARAN,2025-04-01,2025,4,1,0,0,0.18737731875236513,train
BATU SAWAR,MARAN,2025-05-01,2025,5,1,0,0,0.158307147589272,train
BATU SAWAR,MARAN,2025-06-01,2025,6,1,0,0,0.2528410603106372,test
BATU SAWAR,MARAN,2025-07-01,2025,7,1,0,0,0.296905542864674,test
BATU SAWAR,MARAN,2025-08-01,2025,8,1,0,0,0.21466426362950944,test
BATU SAWAR,MARAN,2025-09-01,2025,9,1,0,1,0.2192866762044685,test
BATU SAWAR,MARAN,2025-10-01,2025,10,2,1,0,0.24731553455578012,test
BATU SAWAR,MARAN,2025-11-01,2025,11,1,0,0,0.20260632377214916,test
BELIMBING,PEKAN,2023-01-01,2023,1,1,0,0,0.252785424826635,train
BELIMBING,PEKAN,2023-02-01,2023,2,1,0,0,0.18095061409702867,train
BELIMBING,PEKAN,2023-03-01,2023,3,1,0,0,0.15171346415219414,train
BELIMBING,PEKAN,2023-04-01,2023,4,1,0,1,0.36238148873289916,train
BELIMBING,PEKAN,2023-05-01,2023,5,2,1,0,0.30009368822170024,train
BELIMBING,PEKAN,2023-06-01,2023,6,1,0,0,0.3190817637386868,train
BELIMBING,PEKAN,2023-07-01,2023,7,1,0,0,0.1335624383568307,train
BELIMBING,PEKAN,2023-08-01,2023,8,1,0,0,0.27678100587818777,train
BELIMBING,PEKAN,2023-09-01,2023,9,1,0,0,0.2937285384604895,train
BELIMBING,PEKAN,2023-10-01,2023,10,1,0,1,0.32793647292608447,train
BELIMBING,PEKAN,2023-11-01,2023,11,2,1,0,0.22954273488532273,train
BELIMBING,PEKAN,2023-12-01,2023,12,1,0,0,0.21312868958050818,train
BELIMBING,PEKAN,2024-01-01,2024,1,1,0,0,0.18457584286808149,train
BELIMBING,PEKAN,2024-02-01,2024,2,1,0,0,0.20930257037782213,train
BELIMBING,PEKAN,2024-03-01,2024,3,1,0,0,0.29446813229365953,train
BELIMBING,PEKAN,2024-04-01,2024,4,1,0,1,0.3406394141118141,train
BELIMBING,PEKAN,2024-05-01,2024,5,2,1,1,0.3967712677702515,train
BELIMBING,PEKAN,2024-06-01,2024,6,2,1,0,0.22738054050116233,train
BELIMBING,PEKAN,2024-07-01,2024,7,1,0,0,0.2132779043659965,train
BELIMBING,PEKAN,2024-08-01,2024,8,1,0,0,0.222679105264615,train
BELIMBING,PEKAN,2024-09-01,2024,9,1,0,1,0.3375205702158208,train
BELIMBING,PEKAN,2024-10-01,2024,10,2,1,0,0.22353525824395015,train
BELIMBING,PEKAN,2024-11-01,2024,11,1,0,1,0.3482428278285445,train
BELIMBING,PEKAN,2024-12-01,2024,12,2,1,0,0.23396661778807729,train
BELIMBING,PEKAN,2025-01-01,2025,1,1,0,0,0.17042461416278423,train
BELIMBING,PEKAN,2025-02-01,2025,2,1,0,0,0.15261029127787895,train
BELIMBING,PEKAN,2025-03-01,2025,3,1,0,0,0.18465357368278304,train
BELIMBING,PEKAN,2025-04-01,2025,4,1,0,0,0.23418479418150298,train
BELIMBING,PEKAN,2025-05-01,2025,5,1,0,0,0.24154860751087387,train
BELIMBING,PEKAN,2025-06-01,2025,6,1,0,0,0.3260574720744355,test
BELIMBING,PEKAN,2025-07-01,2025,7,1,0,0,0.17592787183651992,test
BELIMBING,PEKAN,2025-08-01,2025,8,1,0,0,0.27665099901184464,test
BELIMBING,PEKAN,2025-09-01,2025,9,1,0,0,0.21315780391891026,test
BELIMBING,PEKAN,2025-10-01,2025,10,1,0,1,0.2508404213874421,test
BELIMBING,PEKAN,2025-11-01,2025,11,2,1,0,0.25276865637845963,test
BENTA,LIPIS,2023-01-01,2023,1,1,0,0,0.00801462456532116,train
BENTA,LIPIS,2023-02-01,2023,2,1,0,0,0.005254247064425083,train
BENTA,LIPIS,2023-03-01,2023,3,1,0,0,0.004249015894236482,train
BENTA,LIPIS,2023-04-01,2023,4,1,0,0,0.00022727272727272727,train
BENTA,LIPIS,2023-05-01,2023,5,1,0,0,0.00373852495543672,train
BENTA,LIPIS,2023-06-01,2023,6,1,0,0,0.015570783501134153,train
BENTA,LIPIS,2023-07-01,2023,7,1,0,0,0.003882024408340198,train
BENTA,LIPIS,2023-08-01,2023,8,0,0,0,0.00791852365256003,train
BENTA,LIPIS,2023-09-01,2023,9,1,0,0,0.003357420754769826,train
BENTA,LIPIS,2023-10-01,2023,10,1,0,0,0.0009603784695696462,train
BENTA,LIPIS,2023-11-01,2023,11,1,0,0,0.004401773664931561,train
BENTA,LIPIS,2023-12-01,2023,12,1,0,0,0.0015863095238095237,train
BENTA,LIPIS,2024-01-01,2024,1,0,0,0,0.012297619251663372,train
BENTA,LIPIS,2024-02-01,2024,2,1,0,0,0.0031124900318979264,train
BENTA,LIPIS,2024-03-01,2024,3,1,0,0,0.0025551510989010994,train
BENTA,LIPIS,2024-04-01,2024,4,1,0,0,0.000710245636716225,train
BENTA,LIPIS,2024-05-01,2024,5,0,0,0,0.004582772007404361,train
BENTA,LIPIS,2024-06-01,2024,6,1,0,0,0.004240416231515302,train
BENTA,LIPIS,2024-07-01,2024,7,1,0,0,0.009547053232714996,train
BENTA,LIPIS,2024-08-01,2024,8,1,0,0,0.007100556306438659,train
BENTA,LIPIS,2024-09-01,2024,9,1,0,0,0.008451655252642097,train
BENTA,LIPIS,2024-10-01,2024,10,1,0,0,0.0049045886066977394,train
BENTA,LIPIS,2024-11-01,2024,11,1,0,0,0.0033811645870469404,train
BENTA,LIPIS,2024-12-01,2024,12,1,0,0,0.0014331983805668013,train
BENTA,LIPIS,2025-01-01,2025,1,1,0,0,0.0038934558088969864,train
BENTA,LIPIS,2025-02-01,2025,2,1,0,0,0.021537426066944674,train
BENTA,LIPIS,2025-03-01,2025,3,1,0,0,0.0028074607351301724,train
BENTA,LIPIS,2025-04-01,2025,4,1,0,0,0.007483563907712518,train
BENTA,LIPIS,2025-05-01,2025,5,1,0,0,0.010432695076811882,train
BENTA,LIPIS,2025-06-01,2025,6,1,0,0,0.001591736694677871,test
BENTA,LIPIS,2025-07-01,2025,7,1,0,0,0.021450603028012497,test
BENTA,LIPIS,2025-08-01,2025,8,1,0,0,0.00436424773626786,test
BENTA,LIPIS,2025-09-01,2025,9,1,0,0,0.00554443677237795,test
BENTA,LIPIS,2025-10-01,2025,10,1,0,0,0.0023323412698412695,test
BENTA,LIPIS,2025-11-01,2025,11,1,0,0,0.0055133012412424175,test
BENTONG (FASA 2),BENTONG,2023-01-01,2023,1,7,1,1,0.9940059523809524,train
BENTONG (FASA 2),BENTONG,2023-02-01,2023,2,10,1,1,1.0,train
BENTONG (FASA 2),BENTONG,2023-03-01,2023,3,8,1,1,1.0,train
BENTONG (FASA 2),BENTONG,2023-04-01,2023,4,10,1,1,0.9985961538461539,train
BENTONG (FASA 2),BENTONG,2023-05-01,2023,5,6,1,1,0.9988529411764705,train
BENTONG (FASA 2),BENTONG,2023-06-01,2023,6,9,1,1,1.0,train
BENTONG (FASA 2),BENTONG,2023-07-01,2023,7,10,1,1,0.9993315508021391,train
BENTONG (FASA 2),BENTONG,2023-08-01,2023,8,10,1,1,0.9990000000000001,train
BENTONG (FASA 2),BENTONG,2023-09-01,2023,9,5,1,1,0.9996256684491979,train
BENTONG (FASA 2),BENTONG,2023-10-01,2023,10,5,1,1,0.9991999718547707,train
BENTONG (FASA 2),BENTONG,2023-11-01,2023,11,13,1,1,0.9922930945903081,train
BENTONG (FASA 2),BENTONG,2023-12-01,2023,12,8,1,1,0.9997058823529411,train
BENTONG (FASA 2),BENTONG,2024-01-01,2024,1,5,1,1,0.9972951680672268,train
BENTONG (FASA 2),BENTONG,2024-02-01,2024,2,10,1,1,0.9975892857142857,train
BENTONG (FASA 2),BENTONG,2024-03-01,2024,3,5,1,1,1.0,train
BENTONG (FASA 2),BENTONG,2024-04-01,2024,4,4,1,1,0.9929080597907998,train
BENTONG (FASA 2),BENTONG,2024-05-01,2024,5,10,1,1,0.9992702692044798,train
BENTONG (FASA 2),BENTONG,2024-06-01,2024,6,9,1,1,0.9998214285714286,train
BENTONG (FASA 2),BENTONG,2024-07-01,2024,7,8,1,1,0.9982500000000001,train
BENTONG (FASA 2),BENTONG,2024-08-01,2024,8,10,1,1,0.9997727272727274,train
BENTONG (FASA 2),BENTONG,2024-09-01,2024,9,11,1,1,0.9983207233942529,train
BENTONG (FASA 2),BENTONG,2024-10-01,2024,10,10,1,1,0.9991701680672268,train
BENTONG (FASA 2),BENTONG,2024-11-01,2024,11,11,1,1,0.9997058823529411,train
BENTONG (FASA 2),BENTONG,2024-12-01,2024,12,11,1,1,0.9991176470588234,train
BENTONG (FASA 2),BENTONG,2025-01-01,2025,1,10,1,1,0.9994642857142857,train
BENTONG (FASA 2),BENTONG,2025-02-01,2025,2,8,1,1,0.9997058823529411,train
BENTONG (FASA 2),BENTONG,2025-03-01,2025,3,12,1,1,0.9926674261411103,train
BENTONG (FASA 2),BENTONG,2025-04-01,2025,4,9,1,1,0.9963806894859526,train
BENTONG (FASA 2),BENTONG,2025-05-01,2025,5,11,1,1,0.9990034965034965,train
BENTONG (FASA 2),BENTONG,2025-06-01,2025,6,5,1,1,0.9986666666666667,test
BENTONG (FASA 2),BENTONG,2025-07-01,2025,7,9,1,1,1.0,test
BENTONG (FASA 2),BENTONG,2025-08-01,2025,8,10,1,1,0.9997058823529411,test
BENTONG (FASA 2),BENTONG,2025-09-01,2025,9,12,1,1,0.9899339096575939,test
BENTONG (FASA 2),BENTONG,2025-10-01,2025,10,7,1,1,1.0,test
BENTONG (FASA 2),BENTONG,2025-11-01,2025,11,9,1,1,0.9972951680672268,test
BERA KOMPLEKS,BERA,2023-01-01,2023,1,2,1,1,0.365110057867915,train
BERA KOMPLEKS,BERA,2023-02-01,2023,2,2,1,0,0.16906156698889685,train
BERA KOMPLEKS,BERA,2023-03-01,2023,3,1,0,0,0.2688893751345032,train
BERA KOMPLEKS,BERA,2023-04-01,2023,4,1,0,0,0.211533580776027,train
BERA KOMPLEKS,BERA,2023-05-01,2023,5,1,0,1,0.46539802770025746,train
BERA KOMPLEKS,BERA,2023-06-01,2023,6,2,1,1,0.4800918709445686,train
BERA KOMPLEKS,BERA,2023-07-01,2023,7,2,1,0,0.26473805537471945,train
BERA KOMPLEKS,BERA,2023-08-01,2023,8,1,0,0,0.24141779654090584,train
BERA KOMPLEKS,BERA,2023-09-01,2023,9,1,0,0,0.2259198421773485,train
BERA KOMPLEKS,BERA,2023-10-01,2023,10,1,0,0,0.23687946377132363,train
BERA KOMPLEKS,BERA,2023-11-01,2023,11,1,0,0,0.17741331583546988,train
BERA KOMPLEKS,BERA,2023-12-01,2023,12,1,0,0,0.20667670925752543,train
BERA KOMPLEKS,BERA,2024-01-01,2024,1,1,0,0,0.1999574676263809,train
BERA KOMPLEKS,BERA,2024-02-01,2024,2,1,0,0,0.15934763953594144,train
BERA KOMPLEKS,BERA,2024-03-01,2024,3,1,0,0,0.28858396733649,train
BERA KOMPLEKS,BERA,2024-04-01,2024,4,1,0,1,0.43541982318476186,train
BERA KOMPLEKS,BERA,2024-05-01,2024,5,2,1,1,0.4142482842910725,train
BERA KOMPLEKS,BERA,2024-06-01,2024,6,2,1,0,0.277087135651508,train
BERA KOMPLEKS,BERA,2024-07-01,2024,7,1,0,0,0.2557963942905509,train
BERA KOMPLEKS,BERA,2024-08-01,2024,8,1,0,1,0.3675379166313924,train
BERA KOMPLEKS,BERA,2024-09-01,2024,9,2,1,0,0.240932726939233,train
BERA KOMPLEKS,BERA,2024-10-01,2024,10,1,0,0,0.22922891447512422,train
BERA KOMPLEKS,BERA,2024-11-01,2024,11,1,0,1,0.3088071195577406,train
BERA KOMPLEKS,BERA,2024-12-01,2024,12,2,1,0,0.21114439546743569,train
BERA KOMPLEKS,BERA,2025-01-01,2025,1,1,0,0,0.19629114746015605,train
BERA KOMPLEKS,BERA,2025-02-01,2025,2,1,0,0,0.25526223680302723,train
BERA KOMPLEKS,BERA,2025-03-01,2025,3,1,0,0,0.23232526423970015,train
BERA KOMPLEKS,BERA,2025-04-01,2025,4,1,0,0,0.3177711727793578,train
BERA KOMPLEKS,BERA,2025-05-01,2025,5,1,0,1,0.4600559696078652,train
BERA KOMPLEKS,BERA,2025-06-01,2025,6,2,1,0,0.2523798000894175,test
BERA KOMPLEKS,BERA,2025-07-01,2025,7,1,0,1,0.19941030894016756,test
BERA KOMPLEKS,BERA,2025-08-01,2025,8,2,1,0,0.24606823862975563,test
BERA KOMPLEKS,BERA,2025-09-01,2025,9,1,0,1,0.3065203200350798,test
BERA KOMPLEKS,BERA,2025-10-01,2025,10,2,1,1,0.3461390460199331,test
BERA KOMPLEKS,BERA,2025-11-01,2025,11,2,1,0,0.30932309659759727,test
BRINCHANG,CAMERON HIGHLANDS,2023-01-01,2023,1,3,1,0,0.6997515285535524,train
BRINCHANG,CAMERON HIGHLANDS,2023-02-01,2023,2,1,0,1,0.8100807454350174,train
BRINCHANG,CAMERON HIGHLANDS,2023-03-01,2023,3,2,1,1,0.8509280931081168,train
BRINCHANG,CAMERON HIGHLANDS,2023-04-01,2023,4,2,1,1,0.8896854185628791,train
BRINCHANG,CAMERON HIGHLANDS,2023-05-01,2023,5,2,1,1,0.8695242390602342,train
BRINCHANG,CAMERON HIGHLANDS,2023-06-01,2023,6,2,1,1,0.8989458030287506,train
BRINCHANG,CAMERON HIGHLANDS,2023-07-01,2023,7,2,1,1,0.9074031555636753,train
BRINCHANG,CAMERON HIGHLANDS,2023-08-01,2023,8,3,1,0,0.6995328550863711,train
BRINCHANG,CAMERON HIGHLANDS,2023-09-01,2023,9,1,0,1,0.8257695354772423,train
BRINCHANG,CAMERON HIGHLANDS,2023-10-01,2023,10,2,1,1,0.7801118690001715,train
BRINCHANG,CAMERON HIGHLANDS,2023-11-01,2023,11,2,1,1,0.7606538691119483,train
BRINCHANG,CAMERON HIGHLANDS,2023-12-01,2023,12,3,1,0,0.5975640105272254,train
BRINCHANG,CAMERON HIGHLANDS,2024-01-01,2024,1,1,0,1,0.8339578365154046,train
BRINCHANG,CAMERON HIGHLANDS,2024-02-01,2024,2,3,1,1,0.8407514430878734,train
BRINCHANG,CAMERON HIGHLANDS,2024-03-01,2024,3,3,1,1,0.825304252256831,train
BRINCHANG,CAMERON HIGHLANDS,2024-04-01,2024,4,3,1,1,0.8332605715401968,train
BRINCHANG,CAMERON HIGHLANDS,2024-05-01,2024,5,3,1,1,0.903412994569194,train
BRINCHANG,CAMERON HIGHLANDS,2024-06-01,2024,6,2,1,1,0.9156698140004796,train
BRINCHANG,CAMERON HIGHLANDS,2024-07-01,2024,7,3,1,1,0.9066032757694263,train
BRINCHANG,CAMERON HIGHLANDS,2024-08-01,2024,8,2,1,1,0.8900118219281887,train
BRINCHANG,CAMERON HIGHLANDS,2024-09-01,2024,9,2,1,1,0.8874828669164019,train
BRINCHANG,CAMERON HIGHLANDS,2024-10-01,2024,10,3,1,1,0.7870426799288217,train
BRINCHANG,CAMERON HIGHLANDS,2024-11-01,2024,11,2,1,0,0.669771090121534,train
BRINCHANG,CAMERON HIGHLANDS,2024-12-01,2024,12,1,0,1,0.7462623780774312,train
BRINCHANG,CAMERON HIGHLANDS,2025-01-01,2025,1,3,1,1,0.7865711074955323,train
BRINCHANG,CAMERON HIGHLANDS,2025-02-01,2025,2,3,1,1,0.8553237297653774,train
BRINCHANG,CAMERON HIGHLANDS,2025-03-01,2025,3,3,1,1,0.8177769090117469,train
BRINCHANG,CAMERON HIGHLANDS,2025-04-01,2025,4,3,1,1,0.8387513425692081,train
BRINCHANG,CAMERON HIGHLANDS,2025-05-01,2025,5,2,1,1,0.88479114486311,train
BRINCHANG,CAMERON HIGHLANDS,2025-06-01,2025,6,2,1,1,0.8468422625132398,test
BRINCHANG,CAMERON HIGHLANDS,2025-07-01,2025,7,3,1,0,0.786422737392628,test
BRINCHANG,CAMERON HIGHLANDS,2025-08-01,2025,8,1,0,1,0.8637433894166843,test
BRINCHANG,CAMERON HIGHLANDS,2025-09-01,2025,9,3,1,0,0.7448676792384333,test
BRINCHANG,CAMERON HIGHLANDS,2025-10-01,2025,10,1,0,1,0.7749449386413665,test
BRINCHANG,CAMERON HIGHLANDS,2025-11-01,2025,11,3,1,1,0.6840816112078366,test
BUKIT BETONG,LIPIS,2023-01-01,2023,1,1,0,1,0.798547520342743,train
BUKIT BETONG,LIPIS,2023-02-01,2023,2,2,1,1,0.7652469148124378,train
BUKIT BETONG,LIPIS,2023-03-01,2023,3,2,1,1,0.8049174824372344,train
BUKIT BETONG,LIPIS,2023-04-01,2023,4,2,1,1,0.8244909190905441,train
BUKIT BETONG,LIPIS,2023-05-01,2023,5,3,1,0,0.5199206814754632,train
BUKIT BETONG,LIPIS,2023-06-01,2023,6,1,0,1,0.7474000175915667,train
BUKIT BETONG,LIPIS,2023-07-01,2023,7,2,1,0,0.5978323442567645,train
BUKIT BETONG,LIPIS,2023-08-01,2023,8,1,0,0,0.5827511395761106,train
BUKIT BETONG,LIPIS,2023-09-01,2023,9,1,0,1,0.7374514099872584,train
BUKIT BETONG,LIPIS,2023-10-01,2023,10,3,1,1,0.6882394313837384,train
BUKIT BETONG,LIPIS,2023-11-01,2023,11,3,1,1,0.6922240505773196,train
BUKIT BETONG,LIPIS,2023-12-01,2023,12,2,1,1,0.8252666635575393,train
BUKIT BETONG,LIPIS,2024-01-01,2024,1,2,1,1,0.8175609490204582,train
BUKIT BETONG,LIPIS,2024-02-01,2024,2,2,1,0,0.636758026424845,train
BUKIT BETONG,LIPIS,2024-03-01,2024,3,1,0,0,0.5510396155507653,train
BUKIT BETONG,LIPIS,2024-04-01,2024,4,1,0,1,0.7621029386230663,train
BUKIT BETONG,LIPIS,2024-05-01,2024,5,2,1,1,0.8425416557028081,train
BUKIT BETONG,LIPIS,2024-06-01,2024,6,2,1,1,0.7982838778916437,train
BUKIT BETONG,LIPIS,2024-07-01,2024,7,2,1,1,0.7854278886683804,train
BUKIT BETONG,LIPIS,2024-08-01,2024,8,3,1,0,0.5534227334688195,train
BUKIT BETONG,LIPIS,2024-09-01,2024,9,1,0,1,0.7123801837341323,train
BUKIT BETONG,LIPIS,2024-10-01,2024,10,2,1,0,0.6496378075889634,train
BUKIT BETONG,LIPIS,2024-11-01,2024,11,1,0,1,0.8190821415003023,train
BUKIT BETONG,LIPIS,2024-12-01,2024,12,3,1,1,0.7857834603679895,train
BUKIT BETONG,LIPIS,2025-01-01,2025,1,2,1,1,0.7925498024271239,train
BUKIT BETONG,LIPIS,2025-02-01,2025,2,2,1,1,0.7227063499013718,train
BUKIT BETONG,LIPIS,2025-03-01,2025,3,2,1,1,0.7100858796283738,train
BUKIT BETONG,LIPIS,2025-04-01,2025,4,2,1,1,0.8170809483433414,train
BUKIT BETONG,LIPIS,2025-05-01,2025,5,2,1,1,0.7602633396381537,train
BUKIT BETONG,LIPIS,2025-06-01,2025,6,2,1,1,0.7909634834989179,test
BUKIT BETONG,LIPIS,2025-07-01,2025,7,2,1,0,0.6453982999376378,test
BUKIT BETONG,LIPIS,2025-08-01,2025,8,1,0,1,0.7304251441040361,test
BUKIT BETONG,LIPIS,2025-09-01,2025,9,2,1,1,0.745992755150847,test
BUKIT BETONG,LIPIS,2025-10-01,2025,10,2,1,1,0.7777555105509423,test
BUKIT BETONG,LIPIS,2025-11-01,2025,11,2,1,1,0.7449579119495598,test
BUKIT FRASER,RAUB,2023-01-01,2023,1,1,0,1,0.38926148203408767,train
BUKIT FRASER,RAUB,2023-02-01,2023,2,2,1,0,0.24226729839596445,train
BUKIT FRASER,RAUB,2023-03-01,2023,3,1,0,1,0.47326864433116095,train
BUKIT FRASER,RAUB,2023-04-01,2023,4,2,1,0,0.296158756320512,train
BUKIT FRASER,RAUB,2023-05-01,2023,5,1,0,1,0.43916664015242224,train
BUKIT FRASER,RAUB,2023-06-01,2023,6,2,1,0,0.3146652275919642,train
BUKIT FRASER,RAUB,2023-07-01,2023,7,1,0,0,0.3532172771072004,train
BUKIT FRASER,RAUB,2023-08-01,2023,8,1,0,1,0.43584105886328545,train
BUKIT FRASER,RAUB,2023-09-01,2023,9,2,1,0,0.2490769345135037,train
BUKIT FRASER,RAUB,2023-10-01,2023,10,1,0,0,0.27279732958483477,train
BUKIT FRASER,RAUB,2023-11-01,2023,11,1,0,1,0.39325043069003063,train
BUKIT FRASER,RAUB,2023-12-01,2023,12,2,1,0,0.2867882261826284,train
BUKIT FRASER,RAUB,2024-01-01,2024,1,1,0,0,0.27735546125819227,train
BUKIT FRASER,RAUB,2024-02-01,2024,2,1,0,0,0.27878799553971173,train
BUKIT FRASER,RAUB,2024-03-01,2024,3,1,0,1,0.46602507942161575,train
BUKIT FRASER,RAUB,2024-04-01,2024,4,2,1,1,0.49742540118904066,train
BUKIT FRASER,RAUB,2024-05-01,2024,5,2,1,1,0.5151319994935942,train
BUKIT FRASER,RAUB,2024-06-01,2024,6,2,1,1,0.48658176132130554,train
BUKIT FRASER,RAUB,2024-07-01,2024,7,2,1,1,0.5180368899081877,train
BUKIT FRASER,RAUB,2024-08-01,2024,8,2,1,1,0.5113363407458458,train
BUKIT FRASER,RAUB,2024-09-01,2024,9,2,1,0,0.38127825519561065,train
BUKIT FRASER,RAUB,2024-10-01,2024,10,1,0,1,0.4647442663019752,train
BUKIT FRASER,RAUB,2024-11-01,2024,11,2,1,1,0.4364736277193852,train
BUKIT FRASER,RAUB,2024-12-01,2024,12,2,1,0,0.35154575569102936,train
BUKIT FRASER,RAUB,2025-01-01,2025,1,1,0,1,0.4167678831384152,train
BUKIT FRASER,RAUB,2025-02-01,2025,2,2,1,0,0.3103267929356295,train
BUKIT FRASER,RAUB,2025-03-01,2025,3,1,0,1,0.44910733056606583,train
BUKIT FRASER,RAUB,2025-04-01,2025,4,2,1,0,0.31911201367696646,train
BUKIT FRASER,RAUB,2025-05-01,2025,5,1,0,1,0.5524570166323682,train
BUKIT FRASER,RAUB,2025-06-01,2025,6,2,1,0,0.4191160081510594,test
BUKIT FRASER,RAUB,2025-07-01,2025,7,1,0,0,0.4193228807650449,test
BUKIT FRASER,RAUB,2025-08-01,2025,8,1,0,0,0.34188568012146403,test
BUKIT FRASER,RAUB,2025-09-01,2025,9,1,0,0,0.3735412609860988,test
BUKIT FRASER,RAUB,2025-10-01,2025,10,1,0,1,0.3512975268878561,test
BUKIT FRASER,RAUB,2025-11-01,2025,11,2,1,0,0.2996329952820536,test
BUKIT SAGU,KUANTAN,2023-01-01,2023,1,2,1,1,0.6102116153354227,train
BUKIT SAGU,KUANTAN,2023-02-01,2023,2,2,1,0,0.48388780995021713,train
BUKIT SAGU,KUANTAN,2023-03-01,2023,3,1,0,0,0.38738206782330664,train
BUKIT SAGU,KUANTAN,2023-04-01,2023,4,1,0,1,0.7078279347908846,train
BUKIT SAGU,KUANTAN,2023-05-01,2023,5,2,1,1,0.6927753501311982,train
BUKIT SAGU,KUANTAN,2023-06-01,2023,6,2,1,0,0.48169985889036154,train
BUKIT SAGU,KUANTAN,2023-07-01,2023,7,1,0,1,0.640131793662845,train
BUKIT SAGU,KUANTAN,2023-08-01,2023,8,2,1,1,0.7132098164751067,train
BUKIT SAGU,KUANTAN,2023-09-01,2023,9,2,1,1,0.6047887018057386,train
BUKIT SAGU,KUANTAN,2023-10-01,2023,10,2,1,1,0.6696693102193065,train
BUKIT SAGU,KUANTAN,2023-11-01,2023,11,2,1,0,0.38263009484765476,train
BUKIT SAGU,KUANTAN,2023-12-01,2023,12,1,0,0,0.4208647213171622,train
BUKIT SAGU,KUANTAN,2024-01-01,2024,1,1,0,1,0.5571975969657276,train
BUKIT SAGU,KUANTAN,2024-02-01,2024,2,2,1,0,0.4446298035191071,train
BUKIT SAGU,KUANTAN,2024-03-01,2024,3,1,0,0,0.41692337048735034,train
BUKIT SAGU,KUANTAN,2024-04-01,2024,4,1,0,1,0.6145721204228111,train
BUKIT SAGU,KUANTAN,2024-05-01,2024,5,2,1,1,0.7585937277912557,train
BUKIT SAGU,KUANTAN,2024-06-01,2024,6,2,1,1,0.7145769849929076,train
BUKIT SAGU,KUANTAN,2024-07-01,2024,7,2,1,0,0.4372312872900818,train
BUKIT SAGU,KUANTAN,2024-08-01,2024,8,1,0,0,0.48103307956059405,train
BUKIT SAGU,KUANTAN,2024-09-01,2024,9,1,0,0,0.4289077335140075,train
BUKIT SAGU,KUANTAN,2024-10-01,2024,10,1,0,1,0.6833736938211848,train
BUKIT SAGU,KUANTAN,2024-11-01,2024,11,2,1,0,0.4029616956549961,train
BUKIT SAGU,KUANTAN,2024-12-01,2024,12,1,0,1,0.5342995418262199,train
BUKIT SAGU,KUANTAN,2025-01-01,2025,1,2,1,1,0.6068433845804013,train
BUKIT SAGU,KUANTAN,2025-02-01,2025,2,2,1,1,0.6175791540250704,train
BUKIT SAGU,KUANTAN,2025-03-01,2025,3,2,1,0,0.4161700072988013,train
BUKIT SAGU,KUANTAN,2025-04-01,2025,4,1,0,1,0.5904599781088011,train
BUKIT SAGU,KUANTAN,2025-05-01,2025,5,2,1,1,0.6580339095617767,train
BUKIT SAGU,KUANTAN,2025-06-01,2025,6,2,1,1,0.5999713193907165,test
BUKIT SAGU,KUANTAN,2025-07-01,2025,7,2,1,1,0.5273107149869936,test
BUKIT SAGU,KUANTAN,2025-08-01,2025,8,2,1,1,0.5265563610634125,test
BUKIT SAGU,KUANTAN,2025-09-01,2025,9,2,1,1,0.6097547538101942,test
BUKIT SAGU,KUANTAN,2025-10-01,2025,10,2,1,1,0.46931992778637593,test
BUKIT SAGU,KUANTAN,2025-11-01,2025,11,2,1,0,0.49521439879883467,test
BUKIT UBI,KUANTAN,2023-01-01,2023,1,8,1,1,0.989483120981186,train
BUKIT UBI,KUANTAN,2023-02-01,2023,2,9,1,1,0.9997058823529411,train
BUKIT UBI,KUANTAN,2023-03-01,2023,3,9,1,1,1.0,train
BUKIT UBI,KUANTAN,2023-04-01,2023,4,5,1,1,1.0,train
BUKIT UBI,KUANTAN,2023-05-01,2023,5,14,1,1,0.9907031404268247,train
BUKIT UBI,KUANTAN,2023-06-01,2023,6,9,1,1,0.9986666666666667,train
BUKIT UBI,KUANTAN,2023-07-01,2023,7,7,1,1,1.0,train
BUKIT UBI,KUANTAN,2023-08-01,2023,8,13,1,1,0.9997058823529411,train
BUKIT UBI,KUANTAN,2023-09-01,2023,9,12,1,1,0.9997058823529411,train
BUKIT UBI,KUANTAN,2023-10-01,2023,10,10,1,1,1.0,train
BUKIT UBI,KUANTAN,2023-11-01,2023,11,4,1,1,0.9937412415747653,train
BUKIT UBI,KUANTAN,2023-12-01,2023,12,5,1,1,0.9913001714649647,train
BUKIT UBI,KUANTAN,2024-01-01,2024,1,11,1,1,0.9995743034055729,train
BUKIT UBI,KUANTAN,2024-02-01,2024,2,7,1,1,1.0,train
BUKIT UBI,KUANTAN,2024-03-01,2024,3,5,1,1,0.9982582477435418,train
BUKIT UBI,KUANTAN,2024-04-01,2024,4,10,1,1,0.9998214285714286,train
BUKIT UBI,KUANTAN,2024-05-01,2024,5,13,1,1,1.0,train
BUKIT UBI,KUANTAN,2024-06-01,2024,6,11,1,1,1.0,train
BUKIT UBI,KUANTAN,2024-07-01,2024,7,5,1,1,1.0,train
BUKIT UBI,KUANTAN,2024-08-01,2024,8,14,1,1,0.9875386667426141,train
BUKIT UBI,KUANTAN,2024-09-01,2024,9,10,1,1,1.0,train
BUKIT UBI,KUANTAN,2024-10-01,2024,10,11,1,1,1.0,train
BUKIT UBI,KUANTAN,2024-11-01,2024,11,13,1,1,0.9997058823529411,train
BUKIT UBI,KUANTAN,2024-12-01,2024,12,6,1,1,0.9997058823529411,train
BUKIT UBI,KUANTAN,2025-01-01,2025,1,13,1,1,0.9997058823529411,train
BUKIT UBI,KUANTAN,2025-02-01,2025,2,6,1,1,0.9974350490196079,train
BUKIT UBI,KUANTAN,2025-03-01,2025,3,6,1,1,0.9995833333333334,train
BUKIT UBI,KUANTAN,2025-04-01,2025,4,11,1,1,1.0,train
BUKIT UBI,KUANTAN,2025-05-01,2025,5,10,1,1,1.0,train
BUKIT UBI,KUANTAN,2025-06-01,2025,6,11,1,1,0.9990625,test
BUKIT UBI,KUANTAN,2025-07-01,2025,7,7,1,1,1.0,test
BUKIT UBI,KUANTAN,2025-08-01,2025,8,14,1,1,0.9926674261411103,test
BUKIT UBI,KUANTAN,2025-09-01,2025,9,6,1,1,1.0,test
BUKIT UBI,KUANTAN,2025-10-01,2025,10,13,1,1,1.0,test
BUKIT UBI,KUANTAN,2025-11-01,2025,11,6,1,1,0.9997058823529411,test
CHENOR,MARAN,2023-01-01,2023,1,1,0,0,0.004370589571247465,train
CHENOR,MARAN,2023-02-01,2023,2,1,0,0,0.01925890899363271,train
CHENOR,MARAN,2023-03-01,2023,3,1,0,0,0.007466347614373932,train
CHENOR,MARAN,2023-04-01,2023,4,1,0,0,0.001530346588396124,train
CHENOR,MARAN,2023-05-01,2023,5,1,0,0,0.0018880464865371985,train
CHENOR,MARAN,2023-06-01,2023,6,1,0,0,0.003286352826310257,train
CHENOR,MARAN,2023-07-01,2023,7,1,0,0,0.005569645267013688,train
CHENOR,MARAN,2023-08-01,2023,8,1,0,0,0.009154204348283295,train
CHENOR,MARAN,2023-09-01,2023,9,1,0,0,0.006416429140399392,train
CHENOR,MARAN,2023-10-01,2023,10,1,0,0,0.00858270657641367,train
CHENOR,MARAN,2023-11-01,2023,11,1,0,0,0.004683252885147488,train
CHENOR,MARAN,2023-12-01,2023,12,1,0,0,0.002225154231733179,train
CHENOR,MARAN,2024-01-01,2024,1,1,0,0,0.0048629743794217474,train
CHENOR,MARAN,2024-02-01,2024,2,1,0,0,0.00041666666666666664,train
CHENOR,MARAN,2024-03-01,2024,3,1,0,0,0.005447377610206558,train
CHENOR,MARAN,2024-04-01,2024,4,1,0,0,0.0,train
CHENOR,MARAN,2024-05-01,2024,5,1,0,0,0.003918541783711221,train
CHENOR,MARAN,2024-06-01,2024,6,1,0,0,0.0012857142857142859,train
CHENOR,MARAN,2024-07-01,2024,7,1,0,0,0.002187007984705353,train
CHENOR,MARAN,2024-08-01,2024,8,1,0,0,0.0048849407171775595,train
CHENOR,MARAN,2024-09-01,2024,9,0,0,0,0.005376431972310456,train
CHENOR,MARAN,2024-10-01,2024,10,1,0,0,0.008135802345453714,train
CHENOR,MARAN,2024-11-01,2024,11,1,0,0,0.011357879384771462,train
CHENOR,MARAN,2024-12-01,2024,12,1,0,0,0.003459824345891616,train
CHENOR,MARAN,2025-01-01,2025,1,1,0,0,0.006766334607085382,train
CHENOR,MARAN,2025-02-01,2025,2,1,0,0,0.01327305304531546,train
CHENOR,MARAN,2025-03-01,2025,3,1,0,0,0.006393057922469687,train
CHENOR,MARAN,2025-04-01,2025,4,1,0,0,0.0041702022392811865,train
CHENOR,MARAN,2025-05-01,2025,5,0,0,0,0.014493019915502751,train
CHENOR,MARAN,2025-06-01,2025,6,1,0,0,0.020427148988477056,test
CHENOR,MARAN,2025-07-01,2025,7,1,0,0,0.018587626808581007,test
CHENOR,MARAN,2025-08-01,2025,8,1,0,0,0.014808153533772725,test
CHENOR,MARAN,2025-09-01,2025,9,0,0,0,0.010263040461860124,test
CHENOR,MARAN,2025-10-01,2025,10,1,0,0,0.0029857133642930854,test
CHENOR,MARAN,2025-11-01,2025,11,1,0,0,0.005935236678283353,test
CHINI,PEKAN,2023-01-01,2023,1,1,0,0,0.004279734848484848,train
CHINI,PEKAN,2023-02-01,2023,2,1,0,0,0.011967255757658234,train
CHINI,PEKAN,2023-03-01,2023,3,1,0,0,0.010480216004512679,train
CHINI,PEKAN,2023-04-01,2023,4,1,0,0,0.02302189772398497,train
CHINI,PEKAN,2023-05-01,2023,5,1,0,0,0.008624911390352567,train
CHINI,PEKAN,2023-06-01,2023,6,1,0,0,0.020555594233892124,train
CHINI,PEKAN,2023-07-01,2023,7,1,0,0,0.026375992523564547,train
CHINI,PEKAN,2023-08-01,2023,8,1,0,0,0.02061071399616123,train
CHINI,PEKAN,2023-09-01,2023,9,1,0,0,0.015820284665311754,train
CHINI,PEKAN,2023-10-01,2023,10,1,0,0,0.0059183813119571636,train
CHINI,PEKAN,2023-11-01,2023,11,0,0,0,0.018384208604190263,train
CHINI,PEKAN,2023-12-01,2023,12,1,0,0,0.018963616580115264,train
CHINI,PEKAN,2024-01-01,2024,1,1,0,0,0.0030068738628521237,train
CHINI,PEKAN,2024-02-01,2024,2,1,0,0,0.025144415442509054,train
CHINI,PEKAN,2024-03-01,2024,3,1,0,0,0.025492966437773944,train
CHINI,PEKAN,2024-04-01,2024,4,1,0,0,0.014458705563405054,train
CHINI,PEKAN,2024-05-01,2024,5,1,0,0,0.026499550191063172,train
CHINI,PEKAN,2024-06-01,2024,6,1,0,0,0.017601660009785258,train
CHINI,PEKAN,2024-07-01,2024,7,1,0,0,0.012322711319013815,train
CHINI,PEKAN,2024-08-01,2024,8,1,0,0,0.012742194222902428,train
CHINI,PEKAN,2024-09-01,2024,9,1,0,0,0.011034908796614612,train
CHINI,PEKAN,2024-10-01,2024,10,1,0,0,0.009386683193490975,train
CHINI,PEKAN,2024-11-01,2024,11,1,0,0,0.010149872276845962,train
CHINI,PEKAN,2024-12-01,2024,12,1,0,0,0.018834401922006246,train
CHINI,PEKAN,2025-01-01,2025,1,1,0,0,0.012157291600130477,train
CHINI,PEKAN,2025-02-01,2025,2,1,0,0,0.016201403149890502,train
CHINI,PEKAN,2025-03-01,2025,3,1,0,0,0.026385247996564276,train
CHINI,PEKAN,2025-04-01,2025,4,0,0,0,0.033617735954382014,train
CHINI,PEKAN,2025-05-01,2025,5,1,0,0,0.03271830761052558,train
CHINI,PEKAN,2025-06-01,2025,6,1,0,0,0.01662353284935901,test
CHINI,PEKAN,2025-07-01,2025,7,1,0,0,0.02786407811476796,test
CHINI,PEKAN,2025-08-01,2025,8,1,0,0,0.013087184913170917,test
CHINI,PEKAN,2025-09-01,2025,9,1,0,0,0.025429932137958935,test
CHINI,PEKAN,2025-10-01,2025,10,1,0,0,0.027552284611212455,test
CHINI,PEKAN,2025-11-01,2025,11,1,0,0,0.012953398235751177,test
GANCHONG,PEKAN,2023-01-01,2023,1,1,0,0,0.009375293486821002,train
GANCHONG,PEKAN,2023-02-01,2023,2,1,0,0,0.010766034606417552,train
GANCHONG,PEKAN,2023-03-01,2023,3,1,0,0,0.004418718637521693,train
GANCHONG,PEKAN,2023-04-01,2023,4,1,0,0,0.002112291986687148,train
GANCHONG,PEKAN,2023-05-01,2023,5,1,0,0,0.039530008603971815,train
GANCHONG,PEKAN,2023-06-01,2023,6,1,0,0,0.008027121657152615,train
GANCHONG,PEKAN,2023-07-01,2023,7,1,0,0,0.0209923463432791,train
GANCHONG,PEKAN,2023-08-01,2023,8,1,0,0,0.0208269971907976,train
GANCHONG,PEKAN,2023-09-01,2023,9,1,0,0,0.003595818432774954,train
GANCHONG,PEKAN,2023-10-01,2023,10,1,0,0,0.0012291666666666666,train
GANCHONG,PEKAN,2023-11-01,2023,11,1,0,0,0.028621712047664158,train
GANCHONG,PEKAN,2023-12-01,2023,12,1,0,0,0.012332454961310392,train
GANCHONG,PEKAN,2024-01-01,2024,1,1,0,0,0.0008513708513708514,train
GANCHONG,PEKAN,2024-02-01,2024,2,1,0,0,0.01734606038323624,train
GANCHONG,PEKAN,2024-03-01,2024,3,1,0,0,0.0030036700530652145,train
GANCHONG,PEKAN,2024-04-01,2024,4,1,0,0,0.0026515702789679774,train
GANCHONG,PEKAN,2024-05-01,2024,5,1,0,0,0.008163637814545573,train
GANCHONG,PEKAN,2024-06-01,2024,6,1,0,0,0.01533015908352427,train
GANCHONG,PEKAN,2024-07-01,2024,7,1,0,0,0.0011420454545454544,train
GANCHONG,PEKAN,2024-08-01,2024,8,0,0,0,0.009144856777209718,train
GANCHONG,PEKAN,2024-09-01,2024,9,1,0,0,0.012986303292924722,train
GANCHONG,PEKAN,2024-10-01,2024,10,1,0,0,0.002643076730033252,train
GANCHONG,PEKAN,2024-11-01,2024,11,1,0,0,0.01417618848085179,train
GANCHONG,PEKAN,2024-12-01,2024,12,1,0,0,0.003028617216117216,train
GANCHONG,PEKAN,2025-01-01,2025,1,1,0,0,0.0018368980053762663,train
GANCHONG,PEKAN,2025-02-01,2025,2,1,0,0,0.0066874344910335635,train
GANCHONG,PEKAN,2025-03-01,2025,3,1,0,0,0.013578498760051681,train
GANCHONG,PEKAN,2025-04-01,2025,4,1,0,0,0.002349967061923584,train
GANCHONG,PEKAN,2025-05-01,2025,5,1,0,0,0.008413251000207522,train
GANCHONG,PEKAN,2025-06-01,2025,6,0,0,0,0.0053531242042271455,test
GANCHONG,PEKAN,2025-07-01,2025,7,1,0,0,0.013773793737990689,test
GANCHONG,PEKAN,2025-08-01,2025,8,1,0,0,0.011829321153172838,test
GANCHONG,PEKAN,2025-09-01,2025,9,1,0,0,0.012700297399149085,test
GANCHONG,PEKAN,2025-10-01,2025,10,1,0,0,0.013163936591957456,test
GANCHONG,PEKAN,2025-11-01,2025,11,1,0,0,0.004727056021463916,test
HABU,CAMERON HIGHLANDS,2023-01-01,2023,1,1,0,0,0.010529295609790965,train
HABU,CAMERON HIGHLANDS,2023-02-01,2023,2,1,0,0,0.003072383498854087,train
HABU,CAMERON HIGHLANDS,2023-03-01,2023,3,1,0,0,0.006500854129530598,train
HABU,CAMERON HIGHLANDS,2023-04-01,2023,4,1,0,0,0.008018401941196058,train
HABU,CAMERON HIGHLANDS,2023-05-01,2023,5,1,0,0,0.0009637605042016805,train
HABU,CAMERON HIGHLANDS,2023-06-01,2023,6,1,0,0,0.005246007604366738,train
HABU,CAMERON HIGHLANDS,2023-07-01,2023,7,1,0,0,0.004177038239538239,train
HABU,CAMERON HIGHLANDS,2023-08-01,2023,8,1,0,0,0.011611915692890586,train
HABU,CAMERON HIGHLANDS,2023-09-01,2023,9,1,0,0,0.003566100566100566,train
HABU,CAMERON HIGHLANDS,2023-10-01,2023,10,1,0,0,0.006016350200367229,train
HABU,CAMERON HIGHLANDS,2023-11-01,2023,11,1,0,0,0.005036742196571917,train
HABU,CAMERON HIGHLANDS,2023-12-01,2023,12,1,0,0,0.008719384985929104,train
HABU,CAMERON HIGHLANDS,2024-01-01,2024,1,1,0,0,0.009652013427748723,train
HABU,CAMERON HIGHLANDS,2024-02-01,2024,2,1,0,0,0.0016525533290239172,train
HABU,CAMERON HIGHLANDS,2024-03-01,2024,3,1,0,0,0.007297784473868063,train
HABU,CAMERON HIGHLANDS,2024-04-01,2024,4,1,0,0,0.005716726642810232,train
HABU,CAMERON HIGHLANDS,2024-05-01,2024,5,1,0,0,0.00792064274482416,train
HABU,CAMERON HIGHLANDS,2024-06-01,2024,6,0,0,0,0.0065107641611503175,train
HABU,CAMERON HIGHLANDS,2024-07-01,2024,7,1,0,0,0.0059923237727745405,train
HABU,CAMERON HIGHLANDS,2024-08-01,2024,8,1,0,0,0.0014250700280112043,train
HABU,CAMERON HIGHLANDS,2024-09-01,2024,9,1,0,0,0.015970644532850076,train
HABU,CAMERON HIGHLANDS,2024-10-01,2024,10,1,0,0,0.0027798561088034773,train
HABU,CAMERON HIGHLANDS,2024-11-01,2024,11,1,0,0,0.0036157172076289722,train
HABU,CAMERON HIGHLANDS,2024-12-01,2024,12,1,0,0,0.004428899059317015,train
HABU,CAMERON HIGHLANDS,2025-01-01,2025,1,1,0,0,0.0019340659340659342,train
HABU,CAMERON HIGHLANDS,2025-02-01,2025,2,1,0,0,0.002901523109243697,train
HABU,CAMERON HIGHLANDS,2025-03-01,2025,3,1,0,0,0.0011160714285714285,train
HABU,CAMERON HIGHLANDS,2025-04-01,2025,4,1,0,0,0.0017798427063132945,train
HABU,CAMERON HIGHLANDS,2025-05-01,2025,5,1,0,0,0.00035714285714285714,train
HABU,CAMERON HIGHLANDS,2025-06-01,2025,6,1,0,0,0.0038095188326166584,test
HABU,CAMERON HIGHLANDS,2025-07-01,2025,7,1,0,0,0.008435593302466366,test
HABU,CAMERON HIGHLANDS,2025-08-01,2025,8,1,0,0,0.00966084354242249,test
HABU,CAMERON HIGHLANDS,2025-09-01,2025,9,1,0,0,0.0008173076923076923,test
HABU,CAMERON HIGHLANDS,2025-10-01,2025,10,1,0,0,0.002993212197159565,test
HABU,CAMERON HIGHLANDS,2025-11-01,2025,11,1,0,0,0.006330832909780279,test
JANDA BAIK,BENTONG,2023-01-01,2023,1,1,0,1,0.6494901901102205,train
JANDA BAIK,BENTONG,2023-02-01,2023,2,2,1,0,0.4176506332176653,train
JANDA BAIK,BENTONG,2023-03-01,2023,3,1,0,1,0.7355770477903752,train
JANDA BAIK,BENTONG,2023-04-01,2023,4,2,1,0,0.44555437082547283,train
JANDA BAIK,BENTONG,2023-05-01,2023,5,1,0,1,0.6719385785053719,train
JANDA BAIK,BENTONG,2023-06-01,2023,6,2,1,1,0.6090895792478666,train
JANDA BAIK,BENTONG,2023-07-01,2023,7,2,1,0,0.38632453557230695,train
JANDA BAIK,BENTONG,2023-08-01,2023,8,1,0,1,0.6488634956467232,train
JANDA BAIK,BENTONG,2023-09-01,2023,9,2,1,1,0.6656241797161657,train
JANDA BAIK,BENTONG,2023-10-01,2023,10,2,1,0,0.42344220554180284,train
JANDA BAIK,BENTONG,2023-11-01,2023,11,1,0,0,0.5117067211839512,train
JANDA BAIK,BENTONG,2023-12-01,2023,12,1,0,1,0.5511302593670414,train
JANDA BAIK,BENTONG,2024-01-01,2024,1,2,1,1,0.5942977073500042,train
JANDA BAIK,BENTONG,2024-02-01,2024,2,2,1,1,0.6077362150883012,train
JANDA BAIK,BENTONG,2024-03-01,2024,3,2,1,0,0.4406731038637614,train
JANDA BAIK,BENTONG,2024-04-01,2024,4,1,0,1,0.6306110021582486,train
JANDA BAIK,BENTONG,2024-05-01,2024,5,2,1,0,0.4800548833617013,train
JANDA BAIK,BENTONG,2024-06-01,2024,6,1,0,1,0.6527970964964989,train
JANDA BAIK,BENTONG,2024-07-01,2024,7,2,1,1,0.5792954603555522,train
JANDA BAIK,BENTONG,2024-08-01,2024,8,2,1,0,0.3988998867186693,train
JANDA BAIK,BENTONG,2024-09-01,2024,9,1,0,1,0.6762442338699359,train
JANDA BAIK,BENTONG,2024-10-01,2024,10,2,1,0,0.4447700867064593,train
JANDA BAIK,BENTONG,2024-11-01,2024,11,1,0,0,0.4966418593083195,train
JANDA BAIK,BENTONG,2024-12-01,2024,12,1,0,0,0.486246424486541,train
JANDA BAIK,BENTONG,2025-01-01,2025,1,1,0,0,0.5444264201046994,train
JANDA BAIK,BENTONG,2025-02-01,2025,2,1,0,0,0.5346901842386221,train
JANDA BAIK,BENTONG,2025-03-01,2025,3,1,0,1,0.6159338073528522,train
JANDA BAIK,BENTONG,2025-04-01,2025,4,2,1,1,0.5736408128057164,train
JANDA BAIK,BENTONG,2025-05-01,2025,5,2,1,0,0.5020437461208309,train
JANDA BAIK,BENTONG,2025-06-01,2025,6,1,0,1,0.6092932408858357,test
JANDA BAIK,BENTONG,2025-07-01,2025,7,2,1,1,0.5145339615881303,test
JANDA BAIK,BENTONG,2025-08-01,2025,8,2,1,0,0.5143651178945154,test
JANDA BAIK,BENTONG,2025-09-01,2025,9,1,0,0,0.525830008007084,test
JANDA BAIK,BENTONG,2025-10-01,2025,10,1,0,0,0.6421071006659441,test
JANDA BAIK,BENTONG,2025-11-01,2025,11,1,0,1,0.5448631790581672,test
JAWI-JAWI,BENTONG,2023-01-01,2023,1,1,0,0,0.41693158037274186,train
JAWI-JAWI,BENTONG,2023-02-01,2023,2,1,0,0,0.4322854652410837,train
JAWI-JAWI,BENTONG,2023-03-01,2023,3,1,0,1,0.5594813642106571,train
JAWI-JAWI,BENTONG,2023-04-01,2023,4,2,1,1,0.5889634905349374,train
JAWI-JAWI,BENTONG,2023-05-01,2023,5,2,1,0,0.45347601365102264,train
JAWI-JAWI,BENTONG,2023-06-01,2023,6,1,0,1,0.6542426832488999,train
JAWI-JAWI,BENTONG,2023-07-01,2023,7,3,1,0,0.5344529794242472,train
JAWI-JAWI,BENTONG,2023-08-01,2023,8,1,0,1,0.7234722704589884,train
JAWI-JAWI,BENTONG,2023-09-01,2023,9,2,1,0,0.4424942799707024,train
JAWI-JAWI,BENTONG,2023-10-01,2023,10,1,0,1,0.5578915467280477,train
JAWI-JAWI,BENTONG,2023-11-01,2023,11,2,1,0,0.46619109959059285,train
JAWI-JAWI,BENTONG,2023-12-01,2023,12,1,0,1,0.5695644693933029,train
JAWI-JAWI,BENTONG,2024-01-01,2024,1,2,1,0,0.4083915641364104,train
JAWI-JAWI,BENTONG,2024-02-01,2024,2,1,0,0,0.380703909850492,train
JAWI-JAWI,BENTONG,2024-03-01,2024,3,1,0,0,0.47288085066100344,train
JAWI-JAWI,BENTONG,2024-04-01,2024,4,1,0,0,0.510093996095226,train
JAWI-JAWI,BENTONG,2024-05-01,2024,5,1,0,1,0.640720510345234,train
JAWI-JAWI,BENTONG,2024-06-01,2024,6,2,1,1,0.6365001087960028,train
JAWI-JAWI,BENTONG,2024-07-01,2024,7,2,1,1,0.6810795916032311,train
JAWI-JAWI,BENTONG,2024-08-01,2024,8,2,1,1,0.6850227558216538,train
JAWI-JAWI,BENTONG,2024-09-01,2024,9,2,1,1,0.6992573997901723,train
JAWI-JAWI,BENTONG,2024-10-01,2024,10,2,1,1,0.6237733885542808,train
JAWI-JAWI,BENTONG,2024-11-01,2024,11,2,1,1,0.6108243484676174,train
JAWI-JAWI,BENTONG,2024-12-01,2024,12,2,1,0,0.5023445444623326,train
JAWI-JAWI,BENTONG,2025-01-01,2025,1,1,0,0,0.38563696271419623,train
JAWI-JAWI,BENTONG,2025-02-01,2025,2,1,0,0,0.39147895832304913,train
JAWI-JAWI,BENTONG,2025-03-01,2025,3,1,0,0,0.43416051584757304,train
JAWI-JAWI,BENTONG,2025-04-01,2025,4,1,0,1,0.6913130746340754,train
JAWI-JAWI,BENTONG,2025-05-01,2025,5,2,1,1,0.731145680797361,train
JAWI-JAWI,BENTONG,2025-06-01,2025,6,2,1,0,0.7289257289943092,test
JAWI-JAWI,BENTONG,2025-07-01,2025,7,1,0,1,0.6043106487567796,test
JAWI-JAWI,BENTONG,2025-08-01,2025,8,2,1,0,0.7084268526067983,test
JAWI-JAWI,BENTONG,2025-09-01,2025,9,1,0,1,0.58273356689627,test
JAWI-JAWI,BENTONG,2025-10-01,2025,10,2,1,1,0.4532625916870968,test
JAWI-JAWI,BENTONG,2025-11-01,2025,11,2,1,1,0.4533721060774774,test
JENDERAK KG,TEMERLOH,2023-01-01,2023,1,2,1,0,0.23069006640592357,train
JENDERAK KG,TEMERLOH,2023-02-01,2023,2,1,0,0,0.2014105265934748,train
JENDERAK KG,TEMERLOH,2023-03-01,2023,3,1,0,0,0.13264528917331683,train
JENDERAK KG,TEMERLOH,2023-04-01,2023,4,1,0,0,0.18155501742270214,train
JENDERAK KG,TEMERLOH,2023-05-01,2023,5,1,0,1,0.3041585097523192,train
JENDERAK KG,TEMERLOH,2023-06-01,2023,6,2,1,0,0.1720372724879012,train
JENDERAK KG,TEMERLOH,2023-07-01,2023,7,1,0,0,0.09644396654279452,train
JENDERAK KG,TEMERLOH,2023-08-01,2023,8,1,0,0,0.14815011716331894,train
JENDERAK KG,TEMERLOH,2023-09-01,2023,9,1,0,0,0.1468820344935793,train
JENDERAK KG,TEMERLOH,2023-10-01,2023,10,1,0,0,0.14811459054507198,train
JENDERAK KG,TEMERLOH,2023-11-01,2023,11,1,0,1,0.25781761090268945,train
JENDERAK KG,TEMERLOH,2023-12-01,2023,12,2,1,0,0.19556108131509975,train
JENDERAK KG,TEMERLOH,2024-01-01,2024,1,1,0,0,0.10922916017486858,train
JENDERAK KG,TEMERLOH,2024-02-01,2024,2,1,0,0,0.1775125762597371,train
JENDERAK KG,TEMERLOH,2024-03-01,2024,3,1,0,0,0.17725628236984523,train
JENDERAK KG,TEMERLOH,2024-04-01,2024,4,1,0,0,0.11987486435762287,train
JENDERAK KG,TEMERLOH,2024-05-01,2024,5,1,0,0,0.13074759392031576,train
JENDERAK KG,TEMERLOH,2024-06-01,2024,6,1,0,0,0.11291734481732586,train
JENDERAK KG,TEMERLOH,2024-07-01,2024,7,1,0,0,0.11217112114937645,train
JENDERAK KG,TEMERLOH,2024-08-01,2024,8,1,0,0,0.12162361005296997,train
JENDERAK KG,TEMERLOH,2024-09-01,2024,9,1,0,0,0.11345736546825277,train
JENDERAK KG,TEMERLOH,2024-10-01,2024,10,1,0,0,0.16276389163891736,train
JENDERAK KG,TEMERLOH,2024-11-01,2024,11,1,0,0,0.10732539550073343,train
JENDERAK KG,TEMERLOH,2024-12-01,2024,12,1,0,0,0.1480873978201328,train
JENDERAK KG,TEMERLOH,2025-01-01,2025,1,1,0,0,0.1310598312606129,train
JENDERAK KG,TEMERLOH,2025-02-01,2025,2,1,0,0,0.11466604785122786,train
JENDERAK KG,TEMERLOH,2025-03-01,2025,3,1,0,1,0.23770780727488267,train
JENDERAK KG,TEMERLOH,2025-04-01,2025,4,2,1,0,0.140804887387226,train
JENDERAK KG,TEMERLOH,2025-05-01,2025,5,1,0,0,0.12512282025958224,train
JENDERAK KG,TEMERLOH,2025-06-01,2025,6,1,0,0,0.17180682868422997,test
JENDERAK KG,TEMERLOH,2025-07-01,2025,7,1,0,0,0.13164562799118695,test
JENDERAK KG,TEMERLOH,2025-08-01,2025,8,1,0,0,0.1780410990013583,test
JENDERAK KG,TEMERLOH,2025-09-01,2025,9,1,0,0,0.1588593978645904,test
JENDERAK KG,TEMERLOH,2025-10-01,2025,10,1,0,1,0.2101324532453807,test
JENDERAK KG,TEMERLOH,2025-11-01,2025,11,2,1,0,0.19424138571825236,test
JENDERAK UTARA,TEMERLOH,2023-01-01,2023,1,3,1,1,0.8145688106594613,train
JENDERAK UTARA,TEMERLOH,2023-02-01,2023,2,3,1,1,0.7419484424854577,train
JENDERAK UTARA,TEMERLOH,2023-03-01,2023,3,2,1,0,0.6000611920901064,train
JENDERAK UTARA,TEMERLOH,2023-04-01,2023,4,1,0,1,0.8138027502519586,train
JENDERAK UTARA,TEMERLOH,2023-05-01,2023,5,3,1,1,0.7681819165879084,train
JENDERAK UTARA,TEMERLOH,2023-06-01,2023,6,3,1,1,0.8032387109404335,train
JENDERAK UTARA,TEMERLOH,2023-07-01,2023,7,3,1,1,0.7731409989363509,train
JENDERAK UTARA,TEMERLOH,2023-08-01,2023,8,2,1,1,0.8434589264681998,train
JENDERAK UTARA,TEMERLOH,2023-09-01,2023,9,2,1,0,0.5873562033001055,train
JENDERAK UTARA,TEMERLOH,2023-10-01,2023,10,1,0,1,0.8635142483182578,train
JENDERAK UTARA,TEMERLOH,2023-11-01,2023,11,2,1,1,0.8329827097804167,train
JENDERAK UTARA,TEMERLOH,2023-12-01,2023,12,3,1,1,0.7427298222410923,train
JENDERAK UTARA,TEMERLOH,2024-01-01,2024,1,3,1,0,0.6387824081635527,train
JENDERAK UTARA,TEMERLOH,2024-02-01,2024,2,1,0,1,0.791905508522838,train
JENDERAK UTARA,TEMERLOH,2024-03-01,2024,3,2,1,0,0.5087721658655685,train
JENDERAK UTARA,TEMERLOH,2024-04-01,2024,4,1,0,0,0.6759342510915398,train
JENDERAK UTARA,TEMERLOH,2024-05-01,2024,5,1,0,0,0.6685147056609807,train
JENDERAK UTARA,TEMERLOH,2024-06-01,2024,6,1,0,1,0.7646183050140389,train
JENDERAK UTARA,TEMERLOH,2024-07-01,2024,7,2,1,1,0.816904362486337,train
JENDERAK UTARA,TEMERLOH,2024-08-01,2024,8,2,1,1,0.784613621372369,train
JENDERAK UTARA,TEMERLOH,2024-09-01,2024,9,2,1,1,0.7765668140863677,train
JENDERAK UTARA,TEMERLOH,2024-10-01,2024,10,2,1,1,0.8549519297237231,train
JENDERAK UTARA,TEMERLOH,2024-11-01,2024,11,3,1,1,0.7333532672622104,train
JENDERAK UTARA,TEMERLOH,2024-12-01,2024,12,2,1,1,0.778278044015916,train
JENDERAK UTARA,TEMERLOH,2025-01-01,2025,1,2,1,1,0.8331175967178897,train
JENDERAK UTARA,TEMERLOH,2025-02-01,2025,2,2,1,1,0.8074520502934007,train
JENDERAK UTARA,TEMERLOH,2025-03-01,2025,3,3,1,1,0.8297120340706106,train
JENDERAK UTARA,TEMERLOH,2025-04-01,2025,4,3,1,1,0.7698427874042376,train
JENDERAK UTARA,TEMERLOH,2025-05-01,2025,5,3,1,1,0.8378021788288861,train
JENDERAK UTARA,TEMERLOH,2025-06-01,2025,6,2,1,1,0.8538568669201726,test
JENDERAK UTARA,TEMERLOH,2025-07-01,2025,7,2,1,0,0.7861615371393283,test
JENDERAK UTARA,TEMERLOH,2025-08-01,2025,8,1,0,1,0.7662078519857374,test
JENDERAK UTARA,TEMERLOH,2025-09-01,2025,9,2,1,1,0.7958042767955972,test
JENDERAK UTARA,TEMERLOH,2025-10-01,2025,10,2,1,1,0.7982203296363476,test
JENDERAK UTARA,TEMERLOH,2025-11-01,2025,11,3,1,1,0.819168535177642,test
JENGKA 3-7,MARAN,2023-01-01,2023,1,1,0,0,0.017408433782438525,train
JENGKA 3-7,MARAN,2023-02-01,2023,2,1,0,0,0.010385524745722114,train
JENGKA 3-7,MARAN,2023-03-01,2023,3,1,0,0,0.018331242648521224,train
JENGKA 3-7,MARAN,2023-04-01,2023,4,1,0,0,0.027224062853068273,train
JENGKA 3-7,MARAN,2023-05-01,2023,5,1,0,0,0.009540092754682537,train
JENGKA 3-7,MARAN,2023-06-01,2023,6,1,0,0,0.0177038633593116,train
JENGKA 3-7,MARAN,2023-07-01,2023,7,1,0,0,0.04135792388516507,train
JENGKA 3-7,MARAN,2023-08-01,2023,8,1,0,0,0.035679883034335155,train
JENGKA 3-7,MARAN,2023-09-01,2023,9,1,0,0,0.0074203622358034104,train
JENGKA 3-7,MARAN,2023-10-01,2023,10,1,0,0,0.019797095029272137,train
JENGKA 3-7,MARAN,2023-11-01,2023,11,1,0,0,0.029951170636576638,train
JENGKA 3-7,MARAN,2023-12-01,2023,12,1,0,0,0.013129599384533595,train
JENGKA 3-7,MARAN,2024-01-01,2024,1,1,0,0,0.004105065073815073,train
JENGKA 3-7,MARAN,2024-02-01,2024,2,1,0,0,0.0038894716394716395,train
JENGKA 3-7,MARAN,2024-03-01,2024,3,1,0,0,0.005819015665706842,train
JENGKA 3-7,MARAN,2024-04-01,2024,4,1,0,0,0.03887098072779185,train
JENGKA 3-7,MARAN,2024-05-01,2024,5,1,0,0,0.01667134247459241,train
JENGKA 3-7,MARAN,2024-06-01,2024,6,1,0,0,0.030400360793410814,train
JENGKA 3-7,MARAN,2024-07-01,2024,7,1,0,0,0.027893560586730076,train
JENGKA 3-7,MARAN,2024-08-01,2024,8,1,0,0,0.010402874086697614,train
JENGKA 3-7,MARAN,2024-09-01,2024,9,1,0,0,0.03634732574792221,train
JENGKA 3-7,MARAN,2024-10-01,2024,10,1,0,0,0.020182695727045574,train
JENGKA 3-7,MARAN,2024-11-01,2024,11,1,0,0,0.01374297759988549,train
JENGKA 3-7,MARAN,2024-12-01,2024,12,1,0,0,0.017306337041572268,train
JENGKA 3-7,MARAN,2025-01-01,2025,1,1,0,0,0.005979910504871805,train
JENGKA 3-7,MARAN,2025-02-01,2025,2,1,0,0,0.004874202798835152,train
JENGKA 3-7,MARAN,2025-03-01,2025,3,1,0,0,0.021681254890674895,train
JENGKA 3-7,MARAN,2025-04-01,2025,4,1,0,0,0.02263064310401687,train
JENGKA 3-7,MARAN,2025-05-01,2025,5,1,0,0,0.01975601066634516,train
JENGKA 3-7,MARAN,2025-06-01,2025,6,1,0,0,0.04561634969357154,test
JENGKA 3-7,MARAN,2025-07-01,2025,7,1,0,0,0.019162926566343073,test
JENGKA 3-7,MARAN,2025-08-01,2025,8,1,0,0,0.03320001996110657,test
JENGKA 3-7,MARAN,2025-09-01,2025,9,1,0,0,0.05500126467959283,test
JENGKA 3-7,MARAN,2025-10-01,2025,10,1,0,0,0.011410038895274126,test
JENGKA 3-7,MARAN,2025-11-01,2025,11,1,0,0,0.01747185646367063,test
JENGKA 8,JERANTUT,2023-01-01,2023,1,1,0,0,0.05065214921427986,train
JENGKA 8,JERANTUT,2023-02-01,2023,2,1,0,0,0.0415381753183009,train
JENGKA 8,JERANTUT,2023-03-01,2023,3,1,0,0,0.02798518179647746,train
JENGKA 8,JERANTUT,2023-04-01,2023,4,1,0,0,0.04629943205364987,train
JENGKA 8,JERANTUT,2023-05-01,2023,5,0,0,0,0.04374684724840025,train
JENGKA 8,JERANTUT,2023-06-01,2023,6,1,0,0,0.05308359876621796,train
JENGKA 8,JERANTUT,2023-07-01,2023,7,1,0,0,0.05237755994580304,train
JENGKA 8,JERANTUT,2023-08-01,2023,8,1,0,1,0.11666278535367289,train
JENGKA 8,JERANTUT,2023-09-01,2023,9,2,1,0,0.08583385470852462,train
JENGKA 8,JERANTUT,2023-10-01,2023,10,1,0,0,0.04773201683370878,train
JENGKA 8,JERANTUT,2023-11-01,2023,11,1,0,0,0.06840835159393477,train
JENGKA 8,JERANTUT,2023-12-01,2023,12,1,0,0,0.055289730108390514,train
JENGKA 8,JERANTUT,2024-01-01,2024,1,1,0,0,0.04126623863794369,train
JENGKA 8,JERANTUT,2024-02-01,2024,2,1,0,0,0.05120602829491856,train
JENGKA 8,JERANTUT,2024-03-01,2024,3,1,0,0,0.05943944162638846,train
JENGKA 8,JERANTUT,2024-04-01,2024,4,1,0,1,0.12153995005895551,train
JENGKA 8,JERANTUT,2024-05-01,2024,5,2,1,0,0.10998002884387459,train
JENGKA 8,JERANTUT,2024-06-01,2024,6,1,0,0,0.08401392269144203,train
JENGKA 8,JERANTUT,2024-07-01,2024,7,1,0,0,0.07538998128368636,train
JENGKA 8,JERANTUT,2024-08-01,2024,8,1,0,0,0.06258696003172169,train
JENGKA 8,JERANTUT,2024-09-01,2024,9,1,0,0,0.05526091073094921,train
JENGKA 8,JERANTUT,2024-10-01,2024,10,1,0,0,0.0559970389029671,train
JENGKA 8,JERANTUT,2024-11-01,2024,11,1,0,0,0.03735012552521847,train
JENGKA 8,JERANTUT,2024-12-01,2024,12,1,0,0,0.03599546282680576,train
JENGKA 8,JERANTUT,2025-01-01,2025,1,1,0,0,0.040992420363325316,train
JENGKA 8,JERANTUT,2025-02-01,2025,2,1,0,0,0.046532457316881916,train
JENGKA 8,JERANTUT,2025-03-01,2025,3,1,0,0,0.05782615803664522,train
JENGKA 8,JERANTUT,2025-04-01,2025,4,1,0,0,0.06095451388515349,train
JENGKA 8,JERANTUT,2025-05-01,2025,5,1,0,0,0.053155128200132136,train
JENGKA 8,JERANTUT,2025-06-01,2025,6,0,0,0,0.06883514838212638,test
JENGKA 8,JERANTUT,2025-07-01,2025,7,1,0,0,0.07225171982413323,test
JENGKA 8,JERANTUT,2025-08-01,2025,8,1,0,0,0.05947203982301866,test
JENGKA 8,JERANTUT,2025-09-01,2025,9,1,0,0,0.05150325072053139,test
JENGKA 8,JERANTUT,2025-10-01,2025,10,1,0,0,0.036268505560085415,test
JENGKA 8,JERANTUT,2025-11-01,2025,11,1,0,0,0.04848323916115126,test
JENGKA UTAMA,MARAN,2023-01-01,2023,1,14,1,1,0.9929146825396826,train
JENGKA UTAMA,MARAN,2023-02-01,2023,2,9,1,1,0.9992307692307691,train
JENGKA UTAMA,MARAN,2023-03-01,2023,3,10,1,1,1.0,train
JENGKA UTAMA,MARAN,2023-04-01,2023,4,7,1,1,1.0,train
JENGKA UTAMA,MARAN,2023-05-01,2023,5,19,1,1,1.0,train
JENGKA UTAMA,MARAN,2023-06-01,2023,6,15,1,1,0.9986666666666667,train
JENGKA UTAMA,MARAN,2023-07-01,2023,7,7,1,1,1.0,train
JENGKA UTAMA,MARAN,2023-08-01,2023,8,7,1,1,1.0,train
JENGKA UTAMA,MARAN,2023-09-01,2023,9,21,1,1,0.9951355311355311,train
JENGKA UTAMA,MARAN,2023-10-01,2023,10,9,1,1,0.9986666666666667,train
JENGKA UTAMA,MARAN,2023-11-01,2023,11,9,1,1,0.998154970760234,train
JENGKA UTAMA,MARAN,2023-12-01,2023,12,18,1,1,1.0,train
JENGKA UTAMA,MARAN,2024-01-01,2024,1,7,1,1,1.0,train
JENGKA UTAMA,MARAN,2024-02-01,2024,2,16,1,1,1.0,train
JENGKA UTAMA,MARAN,2024-03-01,2024,3,17,1,1,1.0,train
JENGKA UTAMA,MARAN,2024-04-01,2024,4,13,1,1,1.0,train
JENGKA UTAMA,MARAN,2024-05-01,2024,5,13,1,1,1.0,train
JENGKA UTAMA,MARAN,2024-06-01,2024,6,16,1,1,1.0,train
JENGKA UTAMA,MARAN,2024-07-01,2024,7,20,1,1,1.0,train
JENGKA UTAMA,MARAN,2024-08-01,2024,8,20,1,1,0.9986538461538461,train
JENGKA UTAMA,MARAN,2024-09-01,2024,9,15,1,1,0.9986538461538461,train
JENGKA UTAMA,MARAN,2024-10-01,2024,10,19,1,1,1.0,train
JENGKA UTAMA,MARAN,2024-11-01,2024,11,13,1,1,1.0,train
JENGKA UTAMA,MARAN,2024-12-01,2024,12,15,1,1,1.0,train
JENGKA UTAMA,MARAN,2025-01-01,2025,1,18,1,1,1.0,train
JENGKA UTAMA,MARAN,2025-02-01,2025,2,19,1,1,1.0,train
JENGKA UTAMA,MARAN,2025-03-01,2025,3,6,1,1,1.0,train
JENGKA UTAMA,MARAN,2025-04-01,2025,4,7,1,1,0.9996875,train
JENGKA UTAMA,MARAN,2025-05-01,2025,5,12,1,1,0.9996875,train
JENGKA UTAMA,MARAN,2025-06-01,2025,6,7,1,1,0.9977291666666668,test
JENGKA UTAMA,MARAN,2025-07-01,2025,7,19,1,1,1.0,test
JENGKA UTAMA,MARAN,2025-08-01,2025,8,8,1,1,0.9986538461538461,test
JENGKA UTAMA,MARAN,2025-09-01,2025,9,15,1,1,0.9986538461538461,test
JENGKA UTAMA,MARAN,2025-10-01,2025,10,17,1,1,1.0,test
JENGKA UTAMA,MARAN,2025-11-01,2025,11,12,1,1,1.0,test
KARAK,BENTONG,2023-01-01,2023,1,2,1,0,0.2556584770924725,train
KARAK,BENTONG,2023-02-01,2023,2,1,0,0,0.16857046252085037,train
KARAK,BENTONG,2023-03-01,2023,3,1,0,0,0.1798282782631805,train
KARAK,BENTONG,2023-04-01,2023,4,1,0,0,0.18799845677584615,train
KARAK,BENTONG,2023-05-01,2023,5,1,0,0,0.2113441306256646,train
KARAK,BENTONG,2023-06-01,2023,6,1,0,1,0.3637539817915091,train
KARAK,BENTONG,2023-07-01,2023,7,2,1,0,0.19854080681676195,train
KARAK,BENTONG,2023-08-01,2023,8,1,0,0,0.2685778335642439,train
KARAK,BENTONG,2023-09-01,2023,9,1,0,1,0.40920873145803616,train
KARAK,BENTONG,2023-10-01,2023,10,2,1,0,0.22826623742316593,train
KARAK,BENTONG,2023-11-01,2023,11,1,0,0,0.21629787935411518,train
KARAK,BENTONG,2023-12-01,2023,12,1,0,0,0.25314942257891554,train
KARAK,BENTONG,2024-01-01,2024,1,1,0,1,0.4486637900388947,train
KARAK,BENTONG,2024-02-01,2024,2,2,1,0,0.26293364616079695,train
KARAK,BENTONG,2024-03-01,2024,3,1,0,0,0.1430359464295877,train
KARAK,BENTONG,2024-04-01,2024,4,1,0,0,0.2351148015224257,train
KARAK,BENTONG,2024-05-01,2024,5,1,0,0,0.16286354854423873,train
KARAK,BENTONG,2024-06-01,2024,6,1,0,0,0.24984158678616628,train
KARAK,BENTONG,2024-07-01,2024,7,1,0,1,0.3822722403039584,train
KARAK,BENTONG,2024-08-01,2024,8,2,1,0,0.2138403823896314,train
KARAK,BENTONG,2024-09-01,2024,9,1,0,0,0.21215857329879584,train
KARAK,BENTONG,2024-10-01,2024,10,1,0,1,0.39699308055164595,train
KARAK,BENTONG,2024-11-01,2024,11,2,1,1,0.3824419539200772,train
KARAK,BENTONG,2024-12-01,2024,12,2,1,1,0.39822442627570936,train
KARAK,BENTONG,2025-01-01,2025,1,2,1,1,0.3866290133554213,train
KARAK,BENTONG,2025-02-01,2025,2,2,1,0,0.2775703007545267,train
KARAK,BENTONG,2025-03-01,2025,3,1,0,0,0.22703039593483423,train
KARAK,BENTONG,2025-04-01,2025,4,1,0,0,0.23941855438311477,train
KARAK,BENTONG,2025-05-01,2025,5,1,0,0,0.24360141329186452,train
KARAK,BENTONG,2025-06-01,2025,6,1,0,0,0.22180315733171937,test
KARAK,BENTONG,2025-07-01,2025,7,1,0,0,0.31168505060223933,test
KARAK,BENTONG,2025-08-01,2025,8,1,0,1,0.21200092350711383,test
KARAK,BENTONG,2025-09-01,2025,9,2,1,1,0.2069383414364024,test
KARAK,BENTONG,2025-10-01,2025,10,2,1,0,0.2726288606008174,test
KARAK,BENTONG,2025-11-01,2025,11,1,0,0,0.254909997826669,test
KARAK INDAH,BENTONG,2023-01-01,2023,1,1,0,1,0.1462666463586946,train
KARAK INDAH,BENTONG,2023-02-01,2023,2,2,1,0,0.13012996832652984,train
KARAK INDAH,BENTONG,2023-03-01,2023,3,1,0,0,0.10968872074334056,train
KARAK INDAH,BENTONG,2023-04-01,2023,4,0,0,0,0.10173875313838396,train
KARAK INDAH,BENTONG,2023-05-01,2023,5,1,0,0,0.12448043331372867,train
KARAK INDAH,BENTONG,2023-06-01,2023,6,1,0,1,0.1845604888214292,train
KARAK INDAH,BENTONG,2023-07-01,2023,7,2,1,1,0.21057346317254425,train
KARAK INDAH,BENTONG,2023-08-01,2023,8,2,1,0,0.18937909655206717,train
KARAK INDAH,BENTONG,2023-09-01,2023,9,1,0,0,0.09145937384706376,train
KARAK INDAH,BENTONG,2023-10-01,2023,10,1,0,0,0.11062232538515791,train
KARAK INDAH,BENTONG,2023-11-01,2023,11,1,0,0,0.09688715745903637,train
KARAK INDAH,BENTONG,2023-12-01,2023,12,1,0,0,0.10143945916026033,train
KARAK INDAH,BENTONG,2024-01-01,2024,1,1,0,0,0.10174127686262575,train
KARAK INDAH,BENTONG,2024-02-01,2024,2,1,0,0,0.08844829412878617,train
KARAK INDAH,BENTONG,2024-03-01,2024,3,1,0,0,0.09184297991257104,train
KARAK INDAH,BENTONG,2024-04-01,2024,4,1,0,0,0.0878774194281514,train
KARAK INDAH,BENTONG,2024-05-01,2024,5,1,0,0,0.0319473382427849,train
KARAK INDAH,BENTONG,2024-06-01,2024,6,1,0,0,0.03671211461575847,train
KARAK INDAH,BENTONG,2024-07-01,2024,7,1,0,0,0.10263898363148874,train
KARAK INDAH,BENTONG,2024-08-01,2024,8,1,0,0,0.06186121486623748,train
KARAK INDAH,BENTONG,2024-09-01,2024,9,1,0,0,0.040236246152177475,train
KARAK INDAH,BENTONG,2024-10-01,2024,10,1,0,0,0.06979891308214892,train
KARAK INDAH,BENTONG,2024-11-01,2024,11,1,0,0,0.0660766681467798,train
KARAK INDAH,BENTONG,2024-12-01,2024,12,1,0,0,0.039314855987923565,train
KARAK INDAH,BENTONG,2025-01-01,2025,1,1,0,0,0.062252107981243344,train
KARAK INDAH,BENTONG,2025-02-01,2025,2,1,0,1,0.14514846548298208,train
KARAK INDAH,BENTONG,2025-03-01,2025,3,2,1,0,0.12372444525784877,train
KARAK INDAH,BENTONG,2025-04-01,2025,4,1,0,0,0.10001092760063626,train
KARAK INDAH,BENTONG,2025-05-01,2025,5,1,0,0,0.11838167535919196,train
KARAK INDAH,BENTONG,2025-06-01,2025,6,1,0,0,0.07894253620536779,test
KARAK INDAH,BENTONG,2025-07-01,2025,7,1,0,0,0.07260486606443424,test
KARAK INDAH,BENTONG,2025-08-01,2025,8,1,0,1,0.12017554592613909,test
KARAK INDAH,BENTONG,2025-09-01,2025,9,2,1,1,0.16537812974469657,test
KARAK INDAH,BENTONG,2025-10-01,2025,10,2,1,1,0.16124183356774122,test
KARAK INDAH,BENTONG,2025-11-01,2025,11,2,1,0,0.15014227657689155,test
KECHAU,LIPIS,2023-01-01,2023,1,2,1,1,0.7164421018014896,train
KECHAU,LIPIS,2023-02-01,2023,2,3,1,0,0.4378927920755304,train
KECHAU,LIPIS,2023-03-01,2023,3,1,0,0,0.606768136592435,train
KECHAU,LIPIS,2023-04-01,2023,4,1,0,1,0.7261982798187632,train
KECHAU,LIPIS,2023-05-01,2023,5,3,1,1,0.6067440769801453,train
KECHAU,LIPIS,2023-06-01,2023,6,2,1,1,0.7099020367886655,train
KECHAU,LIPIS,2023-07-01,2023,7,2,1,1,0.7349495392533602,train
KECHAU,LIPIS,2023-08-01,2023,8,3,1,1,0.6932500892122198,train
KECHAU,LIPIS,2023-09-01,2023,9,2,1,0,0.4710703636603344,train
KECHAU,LIPIS,2023-10-01,2023,10,1,0,1,0.7057812314200543,train
KECHAU,LIPIS,2023-11-01,2023,11,3,1,0,0.4055939964273137,train
KECHAU,LIPIS,2023-12-01,2023,12,1,0,0,0.5438348053673638,train
KECHAU,LIPIS,2024-01-01,2024,1,1,0,1,0.7293772841342794,train
KECHAU,LIPIS,2024-02-01,2024,2,3,1,1,0.6208721296364106,train
KECHAU,LIPIS,2024-03-01,2024,3,2,1,1,0.6434768616297827,train
KECHAU,LIPIS,2024-04-01,2024,4,2,1,0,0.5782439762751048,train
KECHAU,LIPIS,2024-05-01,2024,5,1,0,1,0.7506428736107735,train
KECHAU,LIPIS,2024-06-01,2024,6,3,1,0,0.4669878022018586,train
KECHAU,LIPIS,2024-07-01,2024,7,1,0,1,0.6217897663133404,train
KECHAU,LIPIS,2024-08-01,2024,8,2,1,0,0.49065704723198633,train
KECHAU,LIPIS,2024-09-01,2024,9,1,0,0,0.6196075312105763,train
KECHAU,LIPIS,2024-10-01,2024,10,1,0,1,0.7377712244183361,train
KECHAU,LIPIS,2024-11-01,2024,11,3,1,0,0.479084568944845,train
KECHAU,LIPIS,2024-12-01,2024,12,1,0,1,0.7154640872237182,train
KECHAU,LIPIS,2025-01-01,2025,1,2,1,0,0.5970987379447085,train
KECHAU,LIPIS,2025-02-01,2025,2,1,0,1,0.7349585812848151,train
KECHAU,LIPIS,2025-03-01,2025,3,2,1,1,0.7007416362228507,train
KECHAU,LIPIS,2025-04-01,2025,4,3,1,1,0.583801105251181,train
KECHAU,LIPIS,2025-05-01,2025,5,3,1,1,0.7035074160763886,train
KECHAU,LIPIS,2025-06-01,2025,6,2,1,1,0.6309182433624071,test
KECHAU,LIPIS,2025-07-01,2025,7,2,1,1,0.6183229156204686,test
KECHAU,LIPIS,2025-08-01,2025,8,3,1,1,0.6933894444440206,test
KECHAU,LIPIS,2025-09-01,2025,9,3,1,0,0.6062500989184961,test
KECHAU,LIPIS,2025-10-01,2025,10,1,0,1,0.7368364025405625,test
KECHAU,LIPIS,2025-11-01,2025,11,2,1,1,0.6255117634480974,test
KERTAU,MARAN,2023-01-01,2023,1,2,1,0,0.4327705633560452,train
KERTAU,MARAN,2023-02-01,2023,2,1,0,1,0.5817880793245487,train
KERTAU,MARAN,2023-03-01,2023,3,2,1,1,0.7712105862824911,train
KERTAU,MARAN,2023-04-01,2023,4,3,1,1,0.6936422813614138,train
KERTAU,MARAN,2023-05-01,2023,5,2,1,1,0.6423762374088957,train
KERTAU,MARAN,2023-06-01,2023,6,2,1,1,0.7269036385622877,train
KERTAU,MARAN,2023-07-01,2023,7,2,1,1,0.746564249731734,train
KERTAU,MARAN,2023-08-01,2023,8,3,1,1,0.7358052017776344,train
KERTAU,MARAN,2023-09-01,2023,9,2,1,1,0.7332114332899451,train
KERTAU,MARAN,2023-10-01,2023,10,2,1,0,0.5387432304117044,train
KERTAU,MARAN,2023-11-01,2023,11,1,0,0,0.4401971590430655,train
KERTAU,MARAN,2023-12-01,2023,12,1,0,0,0.37008856218884084,train
KERTAU,MARAN,2024-01-01,2024,1,1,0,1,0.6617366216310232,train
KERTAU,MARAN,2024-02-01,2024,2,2,1,0,0.4750187489733512,train
KERTAU,MARAN,2024-03-01,2024,3,1,0,1,0.6870933555059072,train
KERTAU,MARAN,2024-04-01,2024,4,2,1,1,0.6637928632195422,train
KERTAU,MARAN,2024-05-01,2024,5,2,1,1,0.6603149702617533,train
KERTAU,MARAN,2024-06-01,2024,6,2,1,0,0.47920692214088306,train
KERTAU,MARAN,2024-07-01,2024,7,1,0,0,0.43647920766767706,train
KERTAU,MARAN,2024-08-01,2024,8,1,0,0,0.5517210562543087,train
KERTAU,MARAN,2024-09-01,2024,9,1,0,1,0.731649089958838,train
KERTAU,MARAN,2024-10-01,2024,10,2,1,0,0.5566872315798991,train
KERTAU,MARAN,2024-11-01,2024,11,1,0,1,0.6554237760897934,train
KERTAU,MARAN,2024-12-01,2024,12,2,1,1,0.6548823522258761,train
KERTAU,MARAN,2025-01-01,2025,1,2,1,1,0.677364792409052,train
KERTAU,MARAN,2025-02-01,2025,2,2,1,1,0.6017421540273546,train
KERTAU,MARAN,2025-03-01,2025,3,2,1,1,0.6726655978096623,train
KERTAU,MARAN,2025-04-01,2025,4,2,1,0,0.38955660862481184,train
KERTAU,MARAN,2025-05-01,2025,5,1,0,0,0.34846399644069015,train
KERTAU,MARAN,2025-06-01,2025,6,1,0,0,0.6006199676548455,test
KERTAU,MARAN,2025-07-01,2025,7,1,0,1,0.5425099801348051,test
KERTAU,MARAN,2025-08-01,2025,8,2,1,0,0.6161233171760877,test
KERTAU,MARAN,2025-09-01,2025,9,1,0,1,0.5828368526724598,test
KERTAU,MARAN,2025-10-01,2025,10,2,1,1,0.505684243096328,test
KERTAU,MARAN,2025-11-01,2025,11,2,1,0,0.5097868763746125,test
KG BANTAL,JERANTUT,2023-01-01,2023,1,2,1,0,0.17999441245495132,train
KG BANTAL,JERANTUT,2023-02-01,2023,2,1,0,1,0.33240256547825586,train
KG BANTAL,JERANTUT,2023-03-01,2023,3,2,1,0,0.21263161713732917,train
KG BANTAL,JERANTUT,2023-04-01,2023,4,1,0,0,0.16667304104448197,train
KG BANTAL,JERANTUT,2023-05-01,2023,5,1,0,0,0.18195324144510974,train
KG BANTAL,JERANTUT,2023-06-01,2023,6,1,0,1,0.34491662044268573,train
KG BANTAL,JERANTUT,2023-07-01,2023,7,2,1,0,0.16624279130421363,train
KG BANTAL,JERANTUT,2023-08-01,2023,8,1,0,0,0.17588250259982677,train
KG BANTAL,JERANTUT,2023-09-01,2023,9,1,0,1,0.34757262894739754,train
KG BANTAL,JERANTUT,2023-10-01,2023,10,2,1,0,0.1724122706406514,train
KG BANTAL,JERANTUT,2023-11-01,2023,11,1,0,0,0.15609626203677268,train
KG BANTAL,JERANTUT,2023-12-01,2023,12,1,0,0,0.1932300368865941,train
KG BANTAL,JERANTUT,2024-01-01,2024,1,1,0,0,0.1972481258524392,train
KG BANTAL,JERANTUT,2024-02-01,2024,2,1,0,0,0.16615596801413737,train
KG BANTAL,JERANTUT,2024-03-01,2024,3,1,0,0,0.1404951684298933,train
KG BANTAL,JERANTUT,2024-04-01,2024,4,1,0,1,0.29067977625178903,train
KG BANTAL,JERANTUT,2024-05-01,2024,5,2,1,0,0.2049588493954256,train
KG BANTAL,JERANTUT,2024-06-01,2024,6,1,0,0,0.1354903907678019,train
KG BANTAL,JERANTUT,2024-07-01,2024,7,1,0,1,0.3158773371010933,train
KG BANTAL,JERANTUT,2024-08-01,2024,8,2,1,0,0.15013564866288687,train
KG BANTAL,JERANTUT,2024-09-01,2024,9,0,0,0,0.17055920411149103,train
KG BANTAL,JERANTUT,2024-10-01,2024,10,1,0,1,0.3661615655659072,train
KG BANTAL,JERANTUT,2024-11-01,2024,11,2,1,0,0.19570890892769083,train
KG BANTAL,JERANTUT,2024-12-01,2024,12,1,0,0,0.15643203066606123,train
KG BANTAL,JERANTUT,2025-01-01,2025,1,1,0,0,0.2229894399377705,train
KG BANTAL,JERANTUT,2025-02-01,2025,2,1,0,1,0.3262800669263526,train
KG BANTAL,JERANTUT,2025-03-01,2025,3,2,1,0,0.19592361924664586,train
KG BANTAL,JERANTUT,2025-04-01,2025,4,1,0,0,0.13344546703101995,train
KG BANTAL,JERANTUT,2025-05-01,2025,5,1,0,0,0.17074228875893124,train
KG BANTAL,JERANTUT,2025-06-01,2025,6,1,0,0,0.2465044945128262,test
KG BANTAL,JERANTUT,2025-07-01,2025,7,1,0,0,0.21673973663238788,test
KG BANTAL,JERANTUT,2025-08-01,2025,8,1,0,0,0.2736491649984322,test
KG BANTAL,JERANTUT,2025-09-01,2025,9,1,0,0,0.15857293950045404,test
KG BANTAL,JERANTUT,2025-10-01,2025,10,1,0,0,0.18409894587994224,test
KG BANTAL,JERANTUT,2025-11-01,2025,11,1,0,0,0.2017068484241161,test
KOTA GELANGGI,JERANTUT,2023-01-01,2023,1,2,1,0,0.5639965526766726,train
KOTA GELANGGI,JERANTUT,2023-02-01,2023,2,1,0,0,0.6142540693172256,train
KOTA GELANGGI,JERANTUT,2023-03-01,2023,3,1,0,1,0.7169597273965597,train
KOTA GELANGGI,JERANTUT,2023-04-01,2023,4,3,1,1,0.7607353197231654,train
KOTA GELANGGI,JERANTUT,2023-05-01,2023,5,2,1,1,0.7763383440969075,train
KOTA GELANGGI,JERANTUT,2023-06-01,2023,6,2,1,1,0.7607046202816166,train
KOTA GELANGGI,JERANTUT,2023-07-01,2023,7,3,1,0,0.50344615834858,train
KOTA GELANGGI,JERANTUT,2023-08-01,2023,8,1,0,0,0.6254215821829556,train
KOTA GELANGGI,JERANTUT,2023-09-01,2023,9,1,0,1,0.8139004239414931,train
KOTA GELANGGI,JERANTUT,2023-10-01,2023,10,2,1,1,0.7911801738834722,train
KOTA GELANGGI,JERANTUT,2023-11-01,2023,11,2,1,0,0.5871275554437942,train
KOTA GELANGGI,JERANTUT,2023-12-01,2023,12,1,0,1,0.7470682764081693,train
KOTA GELANGGI,JERANTUT,2024-01-01,2024,1,3,1,0,0.6067644413640878,train
KOTA GELANGGI,JERANTUT,2024-02-01,2024,2,1,0,1,0.7778310188674209,train
KOTA GELANGGI,JERANTUT,2024-03-01,2024,3,3,1,1,0.7325728137207703,train
KOTA GELANGGI,JERANTUT,2024-04-01,2024,4,2,1,1,0.8047746405694598,train
KOTA GELANGGI,JERANTUT,2024-05-01,2024,5,2,1,1,0.7616922771549752,train
KOTA GELANGGI,JERANTUT,2024-06-01,2024,6,2,1,1,0.750767130707079,train
KOTA GELANGGI,JERANTUT,2024-07-01,2024,7,2,1,1,0.7383946829433274,train
KOTA GELANGGI,JERANTUT,2024-08-01,2024,8,2,1,0,0.6156834210298954,train
KOTA GELANGGI,JERANTUT,2024-09-01,2024,9,1,0,1,0.8047924299293545,train
KOTA GELANGGI,JERANTUT,2024-10-01,2024,10,2,1,1,0.7521025174152,train
KOTA GELANGGI,JERANTUT,2024-11-01,2024,11,2,1,1,0.7218146748613589,train
KOTA GELANGGI,JERANTUT,2024-12-01,2024,12,2,1,0,0.6616299666528265,train
KOTA GELANGGI,JERANTUT,2025-01-01,2025,1,1,0,1,0.7440522747864837,train
KOTA GELANGGI,JERANTUT,2025-02-01,2025,2,3,1,1,0.7448250566048609,train
KOTA GELANGGI,JERANTUT,2025-03-01,2025,3,2,1,0,0.5935941133667328,train
KOTA GELANGGI,JERANTUT,2025-04-01,2025,4,1,0,1,0.7611724779356284,train
KOTA GELANGGI,JERANTUT,2025-05-01,2025,5,2,1,1,0.7815842986181402,train
KOTA GELANGGI,JERANTUT,2025-06-01,2025,6,2,1,1,0.7192642636792962,test
KOTA GELANGGI,JERANTUT,2025-07-01,2025,7,3,1,1,0.6557854676118947,test
KOTA GELANGGI,JERANTUT,2025-08-01,2025,8,2,1,1,0.7101219106132963,test
KOTA GELANGGI,JERANTUT,2025-09-01,2025,9,2,1,1,0.7738097207716959,test
KOTA GELANGGI,JERANTUT,2025-10-01,2025,10,2,1,1,0.7328831557996829,test
KOTA GELANGGI,JERANTUT,2025-11-01,2025,11,3,1,0,0.7055945947410283,test
KUALA MEDANG,LIPIS,2023-01-01,2023,1,1,0,1,0.43089322993796736,train
KUALA MEDANG,LIPIS,2023-02-01,2023,2,2,1,0,0.20568646373562516,train
KUALA MEDANG,LIPIS,2023-03-01,2023,3,1,0,0,0.2970724678645664,train
KUALA MEDANG,LIPIS,2023-04-01,2023,4,1,0,1,0.4555529036283793,train
KUALA MEDANG,LIPIS,2023-05-01,2023,5,2,1,1,0.5515695392922982,train
KUALA MEDANG,LIPIS,2023-06-01,2023,6,2,1,0,0.36489945664400586,train
KUALA MEDANG,LIPIS,2023-07-01,2023,7,1,0,0,0.27915124405187486,train
KUALA MEDANG,LIPIS,2023-08-01,2023,8,1,0,0,0.2284911737036822,train
KUALA MEDANG,LIPIS,2023-09-01,2023,9,1,0,0,0.2647096324734785,train
KUALA MEDANG,LIPIS,2023-10-01,2023,10,1,0,1,0.39654008350021236,train
KUALA MEDANG,LIPIS,2023-11-01,2023,11,2,1,0,0.23619552569793856,train
KUALA MEDANG,LIPIS,2023-12-01,2023,12,1,0,0,0.17436975619444076,train
KUALA MEDANG,LIPIS,2024-01-01,2024,1,1,0,0,0.24493985847090222,train
KUALA MEDANG,LIPIS,2024-02-01,2024,2,1,0,0,0.24496360633492092,train
KUALA MEDANG,LIPIS,2024-03-01,2024,3,1,0,1,0.49349484605395716,train
KUALA MEDANG,LIPIS,2024-04-01,2024,4,2,1,0,0.39674276281940885,train
KUALA MEDANG,LIPIS,2024-05-01,2024,5,1,0,0,0.27996087585113527,train
KUALA MEDANG,LIPIS,2024-06-01,2024,6,1,0,0,0.2776308722545823,train
KUALA MEDANG,LIPIS,2024-07-01,2024,7,1,0,0,0.36924418886016774,train
KUALA MEDANG,LIPIS,2024-08-01,2024,8,1,0,0,0.3297365097899373,train
KUALA MEDANG,LIPIS,2024-09-01,2024,9,1,0,1,0.46222930041463,train
KUALA MEDANG,LIPIS,2024-10-01,2024,10,2,1,0,0.29030898862229365,train
KUALA MEDANG,LIPIS,2024-11-01,2024,11,1,0,0,0.20220663249083018,train
KUALA MEDANG,LIPIS,2024-12-01,2024,12,1,0,0,0.23281517080542088,train
KUALA MEDANG,LIPIS,2025-01-01,2025,1,1,0,1,0.4169539451493657,train
KUALA MEDANG,LIPIS,2025-02-01,2025,2,2,1,1,0.5161987286205073,train
KUALA MEDANG,LIPIS,2025-03-01,2025,3,2,1,1,0.5745791184749732,train
KUALA MEDANG,LIPIS,2025-04-01,2025,4,2,1,1,0.5991278580462887,train
KUALA MEDANG,LIPIS,2025-05-01,2025,5,2,1,1,0.6230994978888134,train
KUALA MEDANG,LIPIS,2025-06-01,2025,6,2,1,0,0.5665411705463395,test
KUALA MEDANG,LIPIS,2025-07-01,2025,7,1,0,0,0.4542057337800243,test
KUALA MEDANG,LIPIS,2025-08-01,2025,8,1,0,0,0.4393705037701878,test
KUALA MEDANG,LIPIS,2025-09-01,2025,9,1,0,1,0.4304224933142075,test
KUALA MEDANG,LIPIS,2025-10-01,2025,10,2,1,0,0.4163770554646454,test
KUALA MEDANG,LIPIS,2025-11-01,2025,11,1,0,1,0.381931589908993,test
KUALA TAHAN,JERANTUT,2023-01-01,2023,1,1,0,0,0.10895848091412437,train
KUALA TAHAN,JERANTUT,2023-02-01,2023,2,1,0,0,0.12128136507446388,train
KUALA TAHAN,JERANTUT,2023-03-01,2023,3,1,0,0,0.10447069900651623,train
KUALA TAHAN,JERANTUT,2023-04-01,2023,4,1,0,0,0.12981941519305545,train
KUALA TAHAN,JERANTUT,2023-05-01,2023,5,1,0,0,0.1558312400032545,train
KUALA TAHAN,JERANTUT,2023-06-01,2023,6,1,0,0,0.1332344384167139,train
KUALA TAHAN,JERANTUT,2023-07-01,2023,7,1,0,0,0.12175496045729187,train
KUALA TAHAN,JERANTUT,2023-08-01,2023,8,1,0,0,0.13637524761112638,train
KUALA TAHAN,JERANTUT,2023-09-01,2023,9,1,0,0,0.10608327123229941,train
KUALA TAHAN,JERANTUT,2023-10-01,2023,10,1,0,0,0.13063893607464416,train
KUALA TAHAN,JERANTUT,2023-11-01,2023,11,1,0,1,0.2705234231406294,train
KUALA TAHAN,JERANTUT,2023-12-01,2023,12,2,1,0,0.22631839235892934,train
KUALA TAHAN,JERANTUT,2024-01-01,2024,1,1,0,0,0.14064261589402172,train
KUALA TAHAN,JERANTUT,2024-02-01,2024,2,1,0,0,0.1407357435903109,train
KUALA TAHAN,JERANTUT,2024-03-01,2024,3,1,0,0,0.13583867329585184,train
KUALA TAHAN,JERANTUT,2024-04-01,2024,4,1,0,0,0.13301620329633748,train
KUALA TAHAN,JERANTUT,2024-05-01,2024,5,1,0,0,0.12687709273799105,train
KUALA TAHAN,JERANTUT,2024-06-01,2024,6,1,0,0,0.13866322605954362,train
KUALA TAHAN,JERANTUT,2024-07-01,2024,7,1,0,1,0.2515250459554773,train
KUALA TAHAN,JERANTUT,2024-08-01,2024,8,2,1,1,0.33978112037557656,train
KUALA TAHAN,JERANTUT,2024-09-01,2024,9,2,1,0,0.1957767061821049,train
KUALA TAHAN,JERANTUT,2024-10-01,2024,10,1,0,1,0.3724537430792775,train
KUALA TAHAN,JERANTUT,2024-11-01,2024,11,2,1,1,0.3563243757343509,train
KUALA TAHAN,JERANTUT,2024-12-01,2024,12,2,1,0,0.24781476272626857,train
KUALA TAHAN,JERANTUT,2025-01-01,2025,1,1,0,0,0.1835830869594136,train
KUALA TAHAN,JERANTUT,2025-02-01,2025,2,1,0,0,0.16474682413398764,train
KUALA TAHAN,JERANTUT,2025-03-01,2025,3,1,0,0,0.17132086478640743,train
KUALA TAHAN,JERANTUT,2025-04-01,2025,4,1,0,1,0.30709913017124824,train
KUALA TAHAN,JERANTUT,2025-05-01,2025,5,2,1,0,0.2098661733505313,train
KUALA TAHAN,JERANTUT,2025-06-01,2025,6,1,0,0,0.21926337237093757,test
KUALA TAHAN,JERANTUT,2025-07-01,2025,7,1,0,0,0.14957243013971955,test
KUALA TAHAN,JERANTUT,2025-08-01,2025,8,1,0,0,0.2067237425224188,test
KUALA TAHAN,JERANTUT,2025-09-01,2025,9,1,0,0,0.19562051773872688,test
KUALA TAHAN,JERANTUT,2025-10-01,2025,10,1,0,0,0.2067457524780583,test
KUALA TAHAN,JERANTUT,2025-11-01,2025,11,1,0,1,0.19916648667535383,test
LEPAR,PEKAN,2023-01-01,2023,1,1,0,1,0.4901065967910662,train
LEPAR,PEKAN,2023-02-01,2023,2,2,1,0,0.39507698458525103,train
LEPAR,PEKAN,2023-03-01,2023,3,1,0,1,0.5033121627756727,train
LEPAR,PEKAN,2023-04-01,2023,4,2,1,1,0.6846069642651181,train
LEPAR,PEKAN,2023-05-01,2023,5,2,1,0,0.4814895072729877,train
LEPAR,PEKAN,2023-06-01,2023,6,1,0,0,0.3912291933713182,train
LEPAR,PEKAN,2023-07-01,2023,7,1,0,1,0.6049415292545004,train
LEPAR,PEKAN,2023-08-01,2023,8,2,1,1,0.6006445636591998,train
LEPAR,PEKAN,2023-09-01,2023,9,2,1,1,0.5751137084895376,train
LEPAR,PEKAN,2023-10-01,2023,10,2,1,0,0.3490192338821006,train
LEPAR,PEKAN,2023-11-01,2023,11,1,0,0,0.40931545394589613,train
LEPAR,PEKAN,2023-12-01,2023,12,1,0,1,0.5125245170013109,train
LEPAR,PEKAN,2024-01-01,2024,1,2,1,1,0.521746886879551,train
LEPAR,PEKAN,2024-02-01,2024,2,2,1,1,0.5825228278015667,train
LEPAR,PEKAN,2024-03-01,2024,3,2,1,1,0.6900055410439596,train
LEPAR,PEKAN,2024-04-01,2024,4,2,1,0,0.4497310224096639,train
LEPAR,PEKAN,2024-05-01,2024,5,1,0,1,0.5327918513140648,train
LEPAR,PEKAN,2024-06-01,2024,6,2,1,1,0.6683062766142246,train
LEPAR,PEKAN,2024-07-01,2024,7,2,1,0,0.44264184427357117,train
LEPAR,PEKAN,2024-08-01,2024,8,1,0,0,0.4188574854338657,train
LEPAR,PEKAN,2024-09-01,2024,9,1,0,1,0.6085065657350024,train
LEPAR,PEKAN,2024-10-01,2024,10,2,1,1,0.5957255268329608,train
LEPAR,PEKAN,2024-11-01,2024,11,2,1,0,0.3970782422715293,train
LEPAR,PEKAN,2024-12-01,2024,12,1,0,0,0.3887973048905289,train
LEPAR,PEKAN,2025-01-01,2025,1,1,0,0,0.4162329619044651,train
LEPAR,PEKAN,2025-02-01,2025,2,1,0,1,0.5424234548496736,train
LEPAR,PEKAN,2025-03-01,2025,3,2,1,1,0.6581733687650241,train
LEPAR,PEKAN,2025-04-01,2025,4,2,1,1,0.5340600964457026,train
LEPAR,PEKAN,2025-05-01,2025,5,2,1,0,0.39998790550425317,train
LEPAR,PEKAN,2025-06-01,2025,6,1,0,0,0.4554164397723443,test
LEPAR,PEKAN,2025-07-01,2025,7,1,0,1,0.5179385266667638,test
LEPAR,PEKAN,2025-08-01,2025,8,2,1,0,0.6147390991894784,test
LEPAR,PEKAN,2025-09-01,2025,9,1,0,1,0.5458776393375545,test
LEPAR,PEKAN,2025-10-01,2025,10,2,1,0,0.4020538474185475,test
LEPAR,PEKAN,2025-11-01,2025,11,1,0,0,0.4338094107581001,test
LEPAR HILIR,KUANTAN,2023-01-01,2023,1,1,0,1,0.3948106219054112,train
LEPAR HILIR,KUANTAN,2023-02-01,2023,2,2,1,0,0.21816892104118882,train
LEPAR HILIR,KUANTAN,2023-03-01,2023,3,1,0,1,0.3728880823558483,train
LEPAR HILIR,KUANTAN,2023-04-01,2023,4,2,1,0,0.2798774824741275,train
LEPAR HILIR,KUANTAN,2023-05-01,2023,5,1,0,0,0.2553429820774678,train
LEPAR HILIR,KUANTAN,2023-06-01,2023,6,1,0,0,0.17170037016064954,train
LEPAR HILIR,KUANTAN,2023-07-01,2023,7,1,0,0,0.23780263426408482,train
LEPAR HILIR,KUANTAN,2023-08-01,2023,8,1,0,0,0.21931985404293872,train
LEPAR HILIR,KUANTAN,2023-09-01,2023,9,1,0,0,0.3331242636614433,train
LEPAR HILIR,KUANTAN,2023-10-01,2023,10,1,0,0,0.24372011990075673,train
LEPAR HILIR,KUANTAN,2023-11-01,2023,11,1,0,0,0.22308061352696204,train
LEPAR HILIR,KUANTAN,2023-12-01,2023,12,1,0,1,0.37420050552147777,train
LEPAR HILIR,KUANTAN,2024-01-01,2024,1,2,1,0,0.1823544285003258,train
LEPAR HILIR,KUANTAN,2024-02-01,2024,2,1,0,0,0.2417058846768786,train
LEPAR HILIR,KUANTAN,2024-03-01,2024,3,1,0,1,0.4343841345651439,train
LEPAR HILIR,KUANTAN,2024-04-01,2024,4,2,1,0,0.182690618213016,train
LEPAR HILIR,KUANTAN,2024-05-01,2024,5,1,0,0,0.27942299381839286,train
LEPAR HILIR,KUANTAN,2024-06-01,2024,6,1,0,1,0.36974546353448956,train
LEPAR HILIR,KUANTAN,2024-07-01,2024,7,2,1,0,0.2109544401112405,train
LEPAR HILIR,KUANTAN,2024-08-01,2024,8,1,0,0,0.15572684283216334,train
LEPAR HILIR,KUANTAN,2024-09-01,2024,9,1,0,0,0.17181912441523356,train
LEPAR HILIR,KUANTAN,2024-10-01,2024,10,1,0,1,0.45814126409602884,train
LEPAR HILIR,KUANTAN,2024-11-01,2024,11,2,1,0,0.18734106857220012,train
LEPAR HILIR,KUANTAN,2024-12-01,2024,12,1,0,1,0.35143857947682755,train
LEPAR HILIR,KUANTAN,2025-01-01,2025,1,2,1,0,0.15466046604585953,train
LEPAR HILIR,KUANTAN,2025-02-01,2025,2,1,0,0,0.19267985913005334,train
LEPAR HILIR,KUANTAN,2025-03-01,2025,3,1,0,0,0.2642968024483018,train
LEPAR HILIR,KUANTAN,2025-04-01,2025,4,1,0,0,0.19557830520112904,train
LEPAR HILIR,KUANTAN,2025-05-01,2025,5,1,0,1,0.4589476164048481,train
LEPAR HILIR,KUANTAN,2025-06-01,2025,6,2,1,0,0.19620876555889344,test
LEPAR HILIR,KUANTAN,2025-07-01,2025,7,1,0,0,0.23750941423616978,test
LEPAR HILIR,KUANTAN,2025-08-01,2025,8,1,0,0,0.27379842807783544,test
LEPAR HILIR,KUANTAN,2025-09-01,2025,9,1,0,0,0.3412458588448503,test
LEPAR HILIR,KUANTAN,2025-10-01,2025,10,1,0,0,0.37948323961070685,test
LEPAR HILIR,KUANTAN,2025-11-01,2025,11,1,0,0,0.3118661940838082,test
LEPAR UTARA,JERANTUT,2023-01-01,2023,1,1,0,1,0.32663759048588276,train
LEPAR UTARA,JERANTUT,2023-02-01,2023,2,2,1,0,0.2298888119224168,train
LEPAR UTARA,JERANTUT,2023-03-01,2023,3,1,0,0,0.26484735816865035,train
LEPAR UTARA,JERANTUT,2023-04-01,2023,4,1,0,0,0.24427557706437272,train
LEPAR UTARA,JERANTUT,2023-05-01,2023,5,1,0,1,0.4473119357449617,train
LEPAR UTARA,JERANTUT,2023-06-01,2023,6,2,1,0,0.27494536657143903,train
LEPAR UTARA,JERANTUT,2023-07-01,2023,7,1,0,1,0.4225555699802648,train
LEPAR UTARA,JERANTUT,2023-08-01,2023,8,2,1,0,0.22696163544407263,train
LEPAR UTARA,JERANTUT,2023-09-01,2023,9,1,0,1,0.38347403230527705,train
LEPAR UTARA,JERANTUT,2023-10-01,2023,10,2,1,1,0.4452613725305603,train
LEPAR UTARA,JERANTUT,2023-11-01,2023,11,2,1,0,0.2749466877616397,train
LEPAR UTARA,JERANTUT,2023-12-01,2023,12,1,0,0,0.26420003697559,train
LEPAR UTARA,JERANTUT,2024-01-01,2024,1,1,0,1,0.3788583983476941,train
LEPAR UTARA,JERANTUT,2024-02-01,2024,2,2,1,0,0.2098873198085497,train
LEPAR UTARA,JERANTUT,2024-03-01,2024,3,1,0,0,0.2663359920541169,train
LEPAR UTARA,JERANTUT,2024-04-01,2024,4,1,0,0,0.2276177456352041,train
LEPAR UTARA,JERANTUT,2024-05-01,2024,5,1,0,0,0.2719956543709928,train
LEPAR UTARA,JERANTUT,2024-06-01,2024,6,1,0,0,0.2373553414882542,train
LEPAR UTARA,JERANTUT,2024-07-01,2024,7,1,0,0,0.24035392307434617,train
LEPAR UTARA,JERANTUT,2024-08-01,2024,8,1,0,0,0.21678260229259141,train
LEPAR UTARA,JERANTUT,2024-09-01,2024,9,1,0,0,0.2354942491555218,train
LEPAR UTARA,JERANTUT,2024-10-01,2024,10,1,0,0,0.20251946890919925,train
LEPAR UTARA,JERANTUT,2024-11-01,2024,11,1,0,0,0.2225041293234945,train
LEPAR UTARA,JERANTUT,2024-12-01,2024,12,1,0,1,0.3547560327066337,train
LEPAR UTARA,JERANTUT,2025-01-01,2025,1,2,1,0,0.2662368264541399,train
LEPAR UTARA,JERANTUT,2025-02-01,2025,2,1,0,0,0.21937510629761472,train
LEPAR UTARA,JERANTUT,2025-03-01,2025,3,1,0,1,0.35487087349602187,train
LEPAR UTARA,JERANTUT,2025-04-01,2025,4,2,1,0,0.2334284378221142,train
LEPAR UTARA,JERANTUT,2025-05-01,2025,5,1,0,0,0.31049167605732364,train
LEPAR UTARA,JERANTUT,2025-06-01,2025,6,1,0,0,0.2787382856903121,test
LEPAR UTARA,JERANTUT,2025-07-01,2025,7,1,0,0,0.3158091244676074,test
LEPAR UTARA,JERANTUT,2025-08-01,2025,8,1,0,0,0.28164110884154797,test
LEPAR UTARA,JERANTUT,2025-09-01,2025,9,1,0,1,0.3422945792795406,test
LEPAR UTARA,JERANTUT,2025-10-01,2025,10,2,1,0,0.3190416624477051,test
LEPAR UTARA,JERANTUT,2025-11-01,2025,11,1,0,0,0.2599963121413121,test
LUBUK KAWAH,TEMERLOH,2023-01-01,2023,1,1,0,0,0.02683693845284402,train
LUBUK KAWAH,TEMERLOH,2023-02-01,2023,2,1,0,0,0.030874470302275775,train
LUBUK KAWAH,TEMERLOH,2023-03-01,2023,3,1,0,0,0.043205757217831244,train
LUBUK KAWAH,TEMERLOH,2023-04-01,2023,4,1,0,0,0.02704953382278966,train
LUBUK KAWAH,TEMERLOH,2023-05-01,2023,5,1,0,0,0.02593030655095016,train
LUBUK KAWAH,TEMERLOH,2023-06-01,2023,6,1,0,0,0.057391255894702224,train
LUBUK KAWAH,TEMERLOH,2023-07-01,2023,7,1,0,0,0.017703328880762613,train
LUBUK KAWAH,TEMERLOH,2023-08-01,2023,8,1,0,0,0.052770162689483924,train
LUBUK KAWAH,TEMERLOH,2023-09-01,2023,9,1,0,0,0.04037978660371547,train
LUBUK KAWAH,TEMERLOH,2023-10-01,2023,10,0,0,0,0.020429102924341174,train
LUBUK KAWAH,TEMERLOH,2023-11-01,2023,11,1,0,0,0.015847910846033902,train
LUBUK KAWAH,TEMERLOH,2023-12-01,2023,12,1,0,0,0.02481151956451612,train
LUBUK KAWAH,TEMERLOH,2024-01-01,2024,1,1,0,0,0.018776954535891496,train
LUBUK KAWAH,TEMERLOH,2024-02-01,2024,2,1,0,0,0.03412515488318084,train
LUBUK KAWAH,TEMERLOH,2024-03-01,2024,3,1,0,0,0.025163609508885475,train
LUBUK KAWAH,TEMERLOH,2024-04-01,2024,4,1,0,0,0.04506703122327431,train
LUBUK KAWAH,TEMERLOH,2024-05-01,2024,5,1,0,0,0.018574569161118347,train
LUBUK KAWAH,TEMERLOH,2024-06-01,2024,6,1,0,0,0.05013360420623578,train
LUBUK KAWAH,TEMERLOH,2024-07-01,2024,7,1,0,0,0.02391437705199048,train
LUBUK KAWAH,TEMERLOH,2024-08-01,2024,8,1,0,0,0.059138319913215415,train
LUBUK KAWAH,TEMERLOH,2024-09-01,2024,9,1,0,0,0.046086589832213226,train
LUBUK KAWAH,TEMERLOH,2024-10-01,2024,10,1,0,0,0.03707422650309211,train
LUBUK KAWAH,TEMERLOH,2024-11-01,2024,11,1,0,1,0.10849148608212891,train
LUBUK KAWAH,TEMERLOH,2024-12-01,2024,12,2,1,0,0.10007398061705082,train
LUBUK KAWAH,TEMERLOH,2025-01-01,2025,1,1,0,0,0.04379895261852464,train
LUBUK KAWAH,TEMERLOH,2025-02-01,2025,2,1,0,0,0.057585390962533844,train
LUBUK KAWAH,TEMERLOH,2025-03-01,2025,3,1,0,0,0.036795893613474434,train
LUBUK KAWAH,TEMERLOH,2025-04-01,2025,4,1,0,0,0.04385051378360201,train
LUBUK KAWAH,TEMERLOH,2025-05-01,2025,5,1,0,0,0.03551209984984801,train
LUBUK KAWAH,TEMERLOH,2025-06-01,2025,6,1,0,0,0.03283845043228707,test
LUBUK KAWAH,TEMERLOH,2025-07-01,2025,7,1,0,0,0.027022682735781726,test
LUBUK KAWAH,TEMERLOH,2025-08-01,2025,8,1,0,0,0.02948108780502861,test
LUBUK KAWAH,TEMERLOH,2025-09-01,2025,9,1,0,0,0.021243887925463514,test
LUBUK KAWAH,TEMERLOH,2025-10-01,2025,10,1,0,0,0.017883638680291154,test
LUBUK KAWAH,TEMERLOH,2025-11-01,2025,11,1,0,0,0.027748864547699342,test
LURAH BILUT,BENTONG,2023-01-01,2023,1,2,1,0,0.19409864885182093,train
LURAH BILUT,BENTONG,2023-02-01,2023,2,1,0,0,0.1286500584109564,train
LURAH BILUT,BENTONG,2023-03-01,2023,3,1,0,0,0.23536188343963257,train
LURAH BILUT,BENTONG,2023-04-01,2023,4,1,0,1,0.3516619377742443,train
LURAH BILUT,BENTONG,2023-05-01,2023,5,2,1,0,0.27549080788517455,train
LURAH BILUT,BENTONG,2023-06-01,2023,6,1,0,1,0.3731717367888902,train
LURAH BILUT,BENTONG,2023-07-01,2023,7,2,1,0,0.17479028381334974,train
LURAH BILUT,BENTONG,2023-08-01,2023,8,1,0,0,0.24505556189234828,train
LURAH BILUT,BENTONG,2023-09-01,2023,9,1,0,0,0.16396068780479464,train
LURAH BILUT,BENTONG,2023-10-01,2023,10,1,0,0,0.16299715817593108,train
LURAH BILUT,BENTONG,2023-11-01,2023,11,1,0,0,0.21301814385419732,train
LURAH BILUT,BENTONG,2023-12-01,2023,12,1,0,0,0.2369096978410625,train
LURAH BILUT,BENTONG,2024-01-01,2024,1,1,0,0,0.18431948334820028,train
LURAH BILUT,BENTONG,2024-02-01,2024,2,1,0,0,0.17681090451837408,train
LURAH BILUT,BENTONG,2024-03-01,2024,3,1,0,0,0.20324069948755927,train
LURAH BILUT,BENTONG,2024-04-01,2024,4,1,0,1,0.3987990892983333,train
LURAH BILUT,BENTONG,2024-05-01,2024,5,2,1,1,0.43360016068398516,train
LURAH BILUT,BENTONG,2024-06-01,2024,6,2,1,0,0.3262550549967341,train
LURAH BILUT,BENTONG,2024-07-01,2024,7,1,0,1,0.3930271213328328,train
LURAH BILUT,BENTONG,2024-08-01,2024,8,2,1,0,0.2464959878395225,train
LURAH BILUT,BENTONG,2024-09-01,2024,9,1,0,0,0.19408286589954962,train
LURAH BILUT,BENTONG,2024-10-01,2024,10,1,0,0,0.17147033686090768,train
LURAH BILUT,BENTONG,2024-11-01,2024,11,1,0,0,0.15647258618188542,train
LURAH BILUT,BENTONG,2024-12-01,2024,12,1,0,0,0.18443675499025747,train
LURAH BILUT,BENTONG,2025-01-01,2025,1,1,0,0,0.21314830545345184,train
LURAH BILUT,BENTONG,2025-02-01,2025,2,1,0,1,0.254248338129724,train
LURAH BILUT,BENTONG,2025-03-01,2025,3,2,1,0,0.254241671319784,train
LURAH BILUT,BENTONG,2025-04-01,2025,4,1,0,0,0.22711858236585558,train
LURAH BILUT,BENTONG,2025-05-01,2025,5,1,0,0,0.23194350866796679,train
LURAH BILUT,BENTONG,2025-06-01,2025,6,1,0,0,0.2050044945894653,test
LURAH BILUT,BENTONG,2025-07-01,2025,7,1,0,1,0.27670627217395494,test
LURAH BILUT,BENTONG,2025-08-01,2025,8,2,1,0,0.36937558108590934,test
LURAH BILUT,BENTONG,2025-09-01,2025,9,1,0,0,0.24712603723905258,test
LURAH BILUT,BENTONG,2025-10-01,2025,10,1,0,1,0.21334238496842683,test
LURAH BILUT,BENTONG,2025-11-01,2025,11,2,1,0,0.28446199773337566,test
MELA,LIPIS,2023-01-01,2023,1,1,0,1,0.6234324214533066,train
MELA,LIPIS,2023-02-01,2023,2,2,1,0,0.40258946455153344,train
MELA,LIPIS,2023-03-01,2023,3,1,0,0,0.4023585076621304,train
MELA,LIPIS,2023-04-01,2023,4,1,0,0,0.45834127657790147,train
MELA,LIPIS,2023-05-01,2023,5,1,0,1,0.6893700407130122,train
MELA,LIPIS,2023-06-01,2023,6,2,1,0,0.5054812250133423,train
MELA,LIPIS,2023-07-01,2023,7,1,0,0,0.5775067988989526,train
MELA,LIPIS,2023-08-01,2023,8,1,0,1,0.7014162969407337,train
MELA,LIPIS,2023-09-01,2023,9,2,1,1,0.6473562978467967,train
MELA,LIPIS,2023-10-01,2023,10,2,1,1,0.7022669614845598,train
MELA,LIPIS,2023-11-01,2023,11,2,1,0,0.4460544869894855,train
MELA,LIPIS,2023-12-01,2023,12,1,0,1,0.5349438334832761,train
MELA,LIPIS,2024-01-01,2024,1,2,1,0,0.36110504701317436,train
MELA,LIPIS,2024-02-01,2024,2,1,0,1,0.5472467467617707,train
MELA,LIPIS,2024-03-01,2024,3,2,1,1,0.6934100301764333,train
MELA,LIPIS,2024-04-01,2024,4,2,1,0,0.3541903977397402,train
MELA,LIPIS,2024-05-01,2024,5,1,0,1,0.6452859102277312,train
MELA,LIPIS,2024-06-01,2024,6,2,1,1,0.6536177615940028,train
MELA,LIPIS,2024-07-01,2024,7,2,1,0,0.4476725195896426,train
MELA,LIPIS,2024-08-01,2024,8,1,0,0,0.5072538609017205,train
MELA,LIPIS,2024-09-01,2024,9,1,0,1,0.6440796522452854,train
MELA,LIPIS,2024-10-01,2024,10,2,1,1,0.620068161733037,train
MELA,LIPIS,2024-11-01,2024,11,2,1,1,0.6172097790260808,train
MELA,LIPIS,2024-12-01,2024,12,2,1,0,0.3974920934055066,train
MELA,LIPIS,2025-01-01,2025,1,1,0,0,0.3288429497405626,train
MELA,LIPIS,2025-02-01,2025,2,1,0,0,0.44003091787948606,train
MELA,LIPIS,2025-03-01,2025,3,1,0,1,0.6111832885912737,train
MELA,LIPIS,2025-04-01,2025,4,2,1,0,0.4525000677305346,train
MELA,LIPIS,2025-05-01,2025,5,1,0,0,0.49373954758567107,train
MELA,LIPIS,2025-06-01,2025,6,1,0,1,0.5665839576295462,test
MELA,LIPIS,2025-07-01,2025,7,2,1,1,0.5176007266683114,test
MELA,LIPIS,2025-08-01,2025,8,2,1,0,0.5820422521646662,test
MELA,LIPIS,2025-09-01,2025,9,1,0,0,0.43946228107712004,test
MELA,LIPIS,2025-10-01,2025,10,1,0,0,0.5490591236317974,test
MELA,LIPIS,2025-11-01,2025,11,1,0,0,0.48237142313970893,test
MEMPAGA,BENTONG,2023-01-01,2023,1,1,0,0,0.0986677223772947,train
MEMPAGA,BENTONG,2023-02-01,2023,2,1,0,0,0.09026684236581922,train
MEMPAGA,BENTONG,2023-03-01,2023,3,1,0,0,0.13022854289128763,train
MEMPAGA,BENTONG,2023-04-01,2023,4,1,0,0,0.07939978959180213,train
MEMPAGA,BENTONG,2023-05-01,2023,5,1,0,0,0.10680325577011232,train
MEMPAGA,BENTONG,2023-06-01,2023,6,1,0,1,0.1856902504959116,train
MEMPAGA,BENTONG,2023-07-01,2023,7,2,1,0,0.15143288322659468,train
MEMPAGA,BENTONG,2023-08-01,2023,8,1,0,0,0.09704629003470694,train
MEMPAGA,BENTONG,2023-09-01,2023,9,1,0,0,0.1092565789731114,train
MEMPAGA,BENTONG,2023-10-01,2023,10,1,0,0,0.10154964592184196,train
MEMPAGA,BENTONG,2023-11-01,2023,11,1,0,0,0.12324859400113658,train
MEMPAGA,BENTONG,2023-12-01,2023,12,1,0,0,0.15352358914533082,train
MEMPAGA,BENTONG,2024-01-01,2024,1,0,0,1,0.22050088637703136,train
MEMPAGA,BENTONG,2024-02-01,2024,2,2,1,0,0.1422188912398842,train
MEMPAGA,BENTONG,2024-03-01,2024,3,1,0,0,0.11157040403725413,train
MEMPAGA,BENTONG,2024-04-01,2024,4,1,0,0,0.1008579938697667,train
MEMPAGA,BENTONG,2024-05-01,2024,5,1,0,0,0.12568903796656852,train
MEMPAGA,BENTONG,2024-06-01,2024,6,1,0,0,0.08520512555510454,train
MEMPAGA,BENTONG,2024-07-01,2024,7,1,0,0,0.08909234371822693,train
MEMPAGA,BENTONG,2024-08-01,2024,8,1,0,0,0.06786631594718565,train
MEMPAGA,BENTONG,2024-09-01,2024,9,1,0,0,0.07058252217139682,train
MEMPAGA,BENTONG,2024-10-01,2024,10,1,0,0,0.08061757177785163,train
MEMPAGA,BENTONG,2024-11-01,2024,11,1,0,0,0.0960516368912922,train
MEMPAGA,BENTONG,2024-12-01,2024,12,1,0,0,0.09962073820119909,train
MEMPAGA,BENTONG,2025-01-01,2025,1,1,0,0,0.083964004390395,train
MEMPAGA,BENTONG,2025-02-01,2025,2,1,0,0,0.07993077844376723,train
MEMPAGA,BENTONG,2025-03-01,2025,3,1,0,0,0.08427664374095825,train
MEMPAGA,BENTONG,2025-04-01,2025,4,1,0,0,0.06126600550834452,train
MEMPAGA,BENTONG,2025-05-01,2025,5,1,0,0,0.06006643383678384,train
MEMPAGA,BENTONG,2025-06-01,2025,6,1,0,0,0.07634114698093869,test
MEMPAGA,BENTONG,2025-07-01,2025,7,1,0,0,0.12147003203007832,test
MEMPAGA,BENTONG,2025-08-01,2025,8,1,0,0,0.09536262814947814,test
MEMPAGA,BENTONG,2025-09-01,2025,9,1,0,0,0.10137071354913002,test
MEMPAGA,BENTONG,2025-10-01,2025,10,1,0,1,0.09771719063016594,test
MEMPAGA,BENTONG,2025-11-01,2025,11,2,1,0,0.17997541025960662,test
MEMPATEH,TEMERLOH,2023-01-01,2023,1,1,0,0,0.0036385057924531606,train
MEMPATEH,TEMERLOH,2023-02-01,2023,2,1,0,0,0.008931884380239645,train
MEMPATEH,TEMERLOH,2023-03-01,2023,3,1,0,0,0.006460552927464693,train
MEMPATEH,TEMERLOH,2023-04-01,2023,4,1,0,0,0.00798399059987514,train
MEMPATEH,TEMERLOH,2023-05-01,2023,5,1,0,0,0.004635004940711463,train
MEMPATEH,TEMERLOH,2023-06-01,2023,6,1,0,0,0.006338668343871768,train
MEMPATEH,TEMERLOH,2023-07-01,2023,7,1,0,0,0.013249312932061283,train
MEMPATEH,TEMERLOH,2023-08-01,2023,8,1,0,0,0.008275366586028352,train
MEMPATEH,TEMERLOH,2023-09-01,2023,9,0,0,0,0.006021756011016848,train
MEMPATEH,TEMERLOH,2023-10-01,2023,10,1,0,0,0.003429948734746655,train
MEMPATEH,TEMERLOH,2023-11-01,2023,11,1,0,0,0.009581336276382718,train
MEMPATEH,TEMERLOH,2023-12-01,2023,12,1,0,0,0.005028094486782567,train
MEMPATEH,TEMERLOH,2024-01-01,2024,1,1,0,0,0.00412619054706903,train
MEMPATEH,TEMERLOH,2024-02-01,2024,2,1,0,0,0.012773649630383375,train
MEMPATEH,TEMERLOH,2024-03-01,2024,3,1,0,0,0.0034037788192199953,train
MEMPATEH,TEMERLOH,2024-04-01,2024,4,1,0,0,0.003201922704320402,train
MEMPATEH,TEMERLOH,2024-05-01,2024,5,1,0,0,0.0009900561395126612,train
MEMPATEH,TEMERLOH,2024-06-01,2024,6,1,0,0,0.013418838359720383,train
MEMPATEH,TEMERLOH,2024-07-01,2024,7,1,0,0,0.005181852038545401,train
MEMPATEH,TEMERLOH,2024-08-01,2024,8,1,0,0,0.007503525191100909,train
MEMPATEH,TEMERLOH,2024-09-01,2024,9,1,0,0,0.0015472281341846561,train
MEMPATEH,TEMERLOH,2024-10-01,2024,10,1,0,0,0.005039632476917946,train
MEMPATEH,TEMERLOH,2024-11-01,2024,11,1,0,0,0.004373247764017888,train
MEMPATEH,TEMERLOH,2024-12-01,2024,12,1,0,0,0.0039025689223057642,train
MEMPATEH,TEMERLOH,2025-01-01,2025,1,1,0,0,0.0015590579710144925,train
MEMPATEH,TEMERLOH,2025-02-01,2025,2,1,0,0,0.00971982549081839,train
MEMPATEH,TEMERLOH,2025-03-01,2025,3,1,0,0,0.006565271930904084,train
MEMPATEH,TEMERLOH,2025-04-01,2025,4,1,0,0,0.002923338682992573,train
MEMPATEH,TEMERLOH,2025-05-01,2025,5,1,0,0,0.008046767194170946,train
MEMPATEH,TEMERLOH,2025-06-01,2025,6,1,0,0,0.014423084113966131,test
MEMPATEH,TEMERLOH,2025-07-01,2025,7,1,0,0,0.006370598069203199,test
MEMPATEH,TEMERLOH,2025-08-01,2025,8,0,0,0,0.016740949949516037,test
MEMPATEH,TEMERLOH,2025-09-01,2025,9,1,0,0,0.012792297754275306,test
MEMPATEH,TEMERLOH,2025-10-01,2025,10,1,0,0,0.0023181273383479266,test
MEMPATEH,TEMERLOH,2025-11-01,2025,11,1,0,0,0.0048586122157893265,test
MERAPOH,LIPIS,2023-01-01,2023,1,1,0,0,0.20819970089944875,train
MERAPOH,LIPIS,2023-02-01,2023,2,1,0,0,0.20821326076097843,train
MERAPOH,LIPIS,2023-03-01,2023,3,1,0,0,0.2686001120436843,train
MERAPOH,LIPIS,2023-04-01,2023,4,1,0,0,0.24696216218656172,train
MERAPOH,LIPIS,2023-05-01,2023,5,1,0,1,0.35916861700090075,train
MERAPOH,LIPIS,2023-06-01,2023,6,2,1,0,0.2247469216647873,train
MERAPOH,LIPIS,2023-07-01,2023,7,1,0,0,0.28772430410643485,train
MERAPOH,LIPIS,2023-08-01,2023,8,1,0,0,0.297310276648594,train
MERAPOH,LIPIS,2023-09-01,2023,9,1,0,1,0.45874467658845014,train
MERAPOH,LIPIS,2023-10-01,2023,10,2,1,0,0.2572625278936354,train
MERAPOH,LIPIS,2023-11-01,2023,11,1,0,0,0.23506890703551597,train
MERAPOH,LIPIS,2023-12-01,2023,12,1,0,0,0.1836038069002359,train
MERAPOH,LIPIS,2024-01-01,2024,1,1,0,0,0.16057584979901532,train
MERAPOH,LIPIS,2024-02-01,2024,2,1,0,0,0.24260857497340443,train
MERAPOH,LIPIS,2024-03-01,2024,3,1,0,1,0.3743868404401694,train
MERAPOH,LIPIS,2024-04-01,2024,4,2,1,0,0.24963530071271525,train
MERAPOH,LIPIS,2024-05-01,2024,5,1,0,0,0.247209601512786,train
MERAPOH,LIPIS,2024-06-01,2024,6,1,0,0,0.3354457848050426,train
MERAPOH,LIPIS,2024-07-01,2024,7,1,0,1,0.41517490315579175,train
MERAPOH,LIPIS,2024-08-01,2024,8,2,1,1,0.5554654416422579,train
MERAPOH,LIPIS,2024-09-01,2024,9,2,1,1,0.5464973453801995,train
MERAPOH,LIPIS,2024-10-01,2024,10,2,1,0,0.30650612438828423,train
MERAPOH,LIPIS,2024-11-01,2024,11,1,0,0,0.23008852990673392,train
MERAPOH,LIPIS,2024-12-01,2024,12,1,0,0,0.1917763534204768,train
MERAPOH,LIPIS,2025-01-01,2025,1,1,0,0,0.21483187054767844,train
MERAPOH,LIPIS,2025-02-01,2025,2,1,0,1,0.4124798761622146,train
MERAPOH,LIPIS,2025-03-01,2025,3,2,1,0,0.3815817899435718,train
MERAPOH,LIPIS,2025-04-01,2025,4,1,0,0,0.3172763950528374,train
MERAPOH,LIPIS,2025-05-01,2025,5,1,0,0,0.32656830970228784,train
MERAPOH,LIPIS,2025-06-01,2025,6,1,0,1,0.31395909784250675,test
MERAPOH,LIPIS,2025-07-01,2025,7,2,1,0,0.33280467520613805,test
MERAPOH,LIPIS,2025-08-01,2025,8,1,0,1,0.44501826324846616,test
MERAPOH,LIPIS,2025-09-01,2025,9,2,1,0,0.3625809343771321,test
MERAPOH,LIPIS,2025-10-01,2025,10,1,0,1,0.270305832320721,test
MERAPOH,LIPIS,2025-11-01,2025,11,2,1,1,0.33369156863765953,test
MUADZAM SHAH,ROMPIN,2023-01-01,2023,1,2,1,0,0.2198026937099918,train
MUADZAM SHAH,ROMPIN,2023-02-01,2023,2,1,0,0,0.22258116499373812,train
MUADZAM SHAH,ROMPIN,2023-03-01,2023,3,1,0,0,0.19444328548605203,train
MUADZAM SHAH,ROMPIN,2023-04-01,2023,4,1,0,0,0.19051557156797594,train
MUADZAM SHAH,ROMPIN,2023-05-01,2023,5,1,0,0,0.20208378008603917,train
MUADZAM SHAH,ROMPIN,2023-06-01,2023,6,1,0,0,0.2126500977358588,train
MUADZAM SHAH,ROMPIN,2023-07-01,2023,7,1,0,0,0.2035770659439071,train
MUADZAM SHAH,ROMPIN,2023-08-01,2023,8,1,0,0,0.2287476174776989,train
MUADZAM SHAH,ROMPIN,2023-09-01,2023,9,1,0,0,0.21710491943941992,train
MUADZAM SHAH,ROMPIN,2023-10-01,2023,10,1,0,1,0.33095185838375457,train
MUADZAM SHAH,ROMPIN,2023-11-01,2023,11,2,1,1,0.35249012401698926,train
MUADZAM SHAH,ROMPIN,2023-12-01,2023,12,2,1,0,0.24926477450194492,train
MUADZAM SHAH,ROMPIN,2024-01-01,2024,1,1,0,0,0.189723526017154,train
MUADZAM SHAH,ROMPIN,2024-02-01,2024,2,1,0,1,0.30413042123276895,train
MUADZAM SHAH,ROMPIN,2024-03-01,2024,3,2,1,0,0.24708229534088044,train
MUADZAM SHAH,ROMPIN,2024-04-01,2024,4,1,0,1,0.31997439321418286,train
MUADZAM SHAH,ROMPIN,2024-05-01,2024,5,2,1,1,0.4839044813708693,train
MUADZAM SHAH,ROMPIN,2024-06-01,2024,6,2,1,0,0.2530143387160337,train
MUADZAM SHAH,ROMPIN,2024-07-01,2024,7,1,0,0,0.2524244163179165,train
MUADZAM SHAH,ROMPIN,2024-08-01,2024,8,1,0,0,0.2227328818171786,train
MUADZAM SHAH,ROMPIN,2024-09-01,2024,9,1,0,0,0.24896534318357044,train
MUADZAM SHAH,ROMPIN,2024-10-01,2024,10,1,0,1,0.3933234940134356,train
MUADZAM SHAH,ROMPIN,2024-11-01,2024,11,2,1,0,0.25078403546463873,train
MUADZAM SHAH,ROMPIN,2024-12-01,2024,12,1,0,0,0.18883576371389246,train
MUADZAM SHAH,ROMPIN,2025-01-01,2025,1,1,0,0,0.1443569023330004,train
MUADZAM SHAH,ROMPIN,2025-02-01,2025,2,1,0,0,0.18746611320322626,train
MUADZAM SHAH,ROMPIN,2025-03-01,2025,3,1,0,0,0.18474233788670807,train
MUADZAM SHAH,ROMPIN,2025-04-01,2025,4,1,0,0,0.16827785160337128,train
MUADZAM SHAH,ROMPIN,2025-05-01,2025,5,1,0,0,0.20940547845506374,train
MUADZAM SHAH,ROMPIN,2025-06-01,2025,6,1,0,1,0.23818379338941945,test
MUADZAM SHAH,ROMPIN,2025-07-01,2025,7,2,1,0,0.2206703196069228,test
MUADZAM SHAH,ROMPIN,2025-08-01,2025,8,1,0,0,0.22651663202415256,test
MUADZAM SHAH,ROMPIN,2025-09-01,2025,9,1,0,0,0.19943469859275598,test
MUADZAM SHAH,ROMPIN,2025-10-01,2025,10,1,0,0,0.25112998085007143,test
MUADZAM SHAH,ROMPIN,2025-11-01,2025,11,1,0,0,0.24775439757126505,test
NENASI,PEKAN,2023-01-01,2023,1,1,0,0,0.2303462662209117,train
NENASI,PEKAN,2023-02-01,2023,2,1,0,0,0.24491235445215065,train
NENASI,PEKAN,2023-03-01,2023,3,1,0,0,0.15978334921598486,train
NENASI,PEKAN,2023-04-01,2023,4,1,0,0,0.33124302934300415,train
NENASI,PEKAN,2023-05-01,2023,5,1,0,1,0.4417131180333444,train
NENASI,PEKAN,2023-06-01,2023,6,2,1,0,0.24122724869643988,train
NENASI,PEKAN,2023-07-01,2023,7,1,0,0,0.20345258026099317,train
NENASI,PEKAN,2023-08-01,2023,8,1,0,0,0.19072680721390342,train
NENASI,PEKAN,2023-09-01,2023,9,1,0,0,0.25016527526364973,train
NENASI,PEKAN,2023-10-01,2023,10,1,0,1,0.46863800610315226,train
NENASI,PEKAN,2023-11-01,2023,11,2,1,1,0.40298062149082825,train
NENASI,PEKAN,2023-12-01,2023,12,2,1,0,0.24600000798674,train
NENASI,PEKAN,2024-01-01,2024,1,1,0,0,0.2261783861718263,train
NENASI,PEKAN,2024-02-01,2024,2,1,0,0,0.2169703106839581,train
NENASI,PEKAN,2024-03-01,2024,3,1,0,1,0.42272130012183085,train
NENASI,PEKAN,2024-04-01,2024,4,2,1,0,0.2693525109869125,train
NENASI,PEKAN,2024-05-01,2024,5,1,0,0,0.18876079095885342,train
NENASI,PEKAN,2024-06-01,2024,6,1,0,0,0.1968509199121502,train
NENASI,PEKAN,2024-07-01,2024,7,1,0,0,0.24224418081367843,train
NENASI,PEKAN,2024-08-01,2024,8,1,0,1,0.39140764330534156,train
NENASI,PEKAN,2024-09-01,2024,9,2,1,0,0.2940924975512764,train
NENASI,PEKAN,2024-10-01,2024,10,1,0,0,0.2631205045320198,train
NENASI,PEKAN,2024-11-01,2024,11,1,0,0,0.234556270371563,train
NENASI,PEKAN,2024-12-01,2024,12,0,0,1,0.42883153921091904,train
NENASI,PEKAN,2025-01-01,2025,1,2,1,0,0.22273676336146342,train
NENASI,PEKAN,2025-02-01,2025,2,1,0,0,0.21098091206092295,train
NENASI,PEKAN,2025-03-01,2025,3,1,0,0,0.22367068420158884,train
NENASI,PEKAN,2025-04-01,2025,4,1,0,0,0.2694183610479213,train
NENASI,PEKAN,2025-05-01,2025,5,1,0,1,0.4567997211839618,train
NENASI,PEKAN,2025-06-01,2025,6,2,1,0,0.3215811882861496,test
NENASI,PEKAN,2025-07-01,2025,7,1,0,0,0.29363370724712434,test
NENASI,PEKAN,2025-08-01,2025,8,1,0,0,0.1843927722438357,test
NENASI,PEKAN,2025-09-01,2025,9,1,0,0,0.30148299428898245,test
NENASI,PEKAN,2025-10-01,2025,10,1,0,0,0.2977890215516543,test
NENASI,PEKAN,2025-11-01,2025,11,1,0,0,0.34325052816569945,test
PADANG PIOL,JERANTUT,2023-01-01,2023,1,1,0,1,0.8231980108830982,train
PADANG PIOL,JERANTUT,2023-02-01,2023,2,2,1,1,0.7208488053823098,train
PADANG PIOL,JERANTUT,2023-03-01,2023,3,2,1,1,0.804376132656162,train
PADANG PIOL,JERANTUT,2023-04-01,2023,4,2,1,1,0.7927676451454859,train
PADANG PIOL,JERANTUT,2023-05-01,2023,5,2,1,1,0.7340593247918926,train
PADANG PIOL,JERANTUT,2023-06-01,2023,6,3,1,0,0.5448416638296215,train
PADANG PIOL,JERANTUT,2023-07-01,2023,7,1,0,1,0.6935080133161934,train
PADANG PIOL,JERANTUT,2023-08-01,2023,8,2,1,0,0.5362285673625604,train
PADANG PIOL,JERANTUT,2023-09-01,2023,9,1,0,1,0.7446854314389397,train
PADANG PIOL,JERANTUT,2023-10-01,2023,10,3,1,1,0.6895288000621806,train
PADANG PIOL,JERANTUT,2023-11-01,2023,11,2,1,1,0.7096216436626446,train
PADANG PIOL,JERANTUT,2023-12-01,2023,12,2,1,1,0.7641837204575892,train
PADANG PIOL,JERANTUT,2024-01-01,2024,1,3,1,0,0.535539681183785,train
PADANG PIOL,JERANTUT,2024-02-01,2024,2,1,0,1,0.7642037204975495,train
PADANG PIOL,JERANTUT,2024-03-01,2024,3,2,1,0,0.5402930519427729,train
PADANG PIOL,JERANTUT,2024-04-01,2024,4,1,0,1,0.8005105428938605,train
PADANG PIOL,JERANTUT,2024-05-01,2024,5,2,1,1,0.7368075590969562,train
PADANG PIOL,JERANTUT,2024-06-01,2024,6,3,1,0,0.540152879631521,train
PADANG PIOL,JERANTUT,2024-07-01,2024,7,1,0,0,0.5844625815126401,train
PADANG PIOL,JERANTUT,2024-08-01,2024,8,1,0,1,0.7919436290736757,train
PADANG PIOL,JERANTUT,2024-09-01,2024,9,3,1,1,0.707230377200134,train
PADANG PIOL,JERANTUT,2024-10-01,2024,10,2,1,1,0.651396090786008,train
PADANG PIOL,JERANTUT,2024-11-01,2024,11,2,1,1,0.7151544329716484,train
PADANG PIOL,JERANTUT,2024-12-01,2024,12,2,1,0,0.5565550271517301,train
PADANG PIOL,JERANTUT,2025-01-01,2025,1,1,0,1,0.731727815110988,train
PADANG PIOL,JERANTUT,2025-02-01,2025,2,2,1,0,0.5025090145726994,train
PADANG PIOL,JERANTUT,2025-03-01,2025,3,1,0,1,0.7534332775011676,train
PADANG PIOL,JERANTUT,2025-04-01,2025,4,3,1,1,0.6452741971891048,train
PADANG PIOL,JERANTUT,2025-05-01,2025,5,2,1,1,0.6995234573480622,train
PADANG PIOL,JERANTUT,2025-06-01,2025,6,3,1,0,0.6327053323075712,test
PADANG PIOL,JERANTUT,2025-07-01,2025,7,1,0,1,0.7269072375675638,test
PADANG PIOL,JERANTUT,2025-08-01,2025,8,3,1,0,0.5833397921908033,test
PADANG PIOL,JERANTUT,2025-09-01,2025,9,1,0,0,0.6913945958705269,test
PADANG PIOL,JERANTUT,2025-10-01,2025,10,1,0,0,0.7041124038789293,test
PADANG PIOL,JERANTUT,2025-11-01,2025,11,1,0,1,0.6420660815886967,test
PANCHING,KUANTAN,2023-01-01,2023,1,12,1,1,0.9904095022624433,train
PANCHING,KUANTAN,2023-02-01,2023,2,10,1,1,1.0,train
PANCHING,KUANTAN,2023-03-01,2023,3,4,1,1,0.99164493605523,train
PANCHING,KUANTAN,2023-04-01,2023,4,6,1,1,0.9959122807017544,train
PANCHING,KUANTAN,2023-05-01,2023,5,11,1,1,1.0,train
PANCHING,KUANTAN,2023-06-01,2023,6,8,1,1,1.0,train
PANCHING,KUANTAN,2023-07-01,2023,7,6,1,1,0.9952358387799565,train
PANCHING,KUANTAN,2023-08-01,2023,8,8,1,1,0.9993668831168832,train
PANCHING,KUANTAN,2023-09-01,2023,9,10,1,1,1.0,train
PANCHING,KUANTAN,2023-10-01,2023,10,4,1,1,0.9918736454177628,train
PANCHING,KUANTAN,2023-11-01,2023,11,11,1,1,0.9992307692307691,train
PANCHING,KUANTAN,2023-12-01,2023,12,8,1,1,1.0,train
PANCHING,KUANTAN,2024-01-01,2024,1,11,1,1,0.9995454545454545,train
PANCHING,KUANTAN,2024-02-01,2024,2,9,1,1,1.0,train
PANCHING,KUANTAN,2024-03-01,2024,3,7,1,1,1.0,train
PANCHING,KUANTAN,2024-04-01,2024,4,4,1,1,0.998686873433584,train
PANCHING,KUANTAN,2024-05-01,2024,5,9,1,1,0.9998684210526316,train
PANCHING,KUANTAN,2024-06-01,2024,6,8,1,1,0.9996875,train
PANCHING,KUANTAN,2024-07-01,2024,7,5,1,1,0.9934346122287299,train
PANCHING,KUANTAN,2024-08-01,2024,8,7,1,1,0.9992353041695148,train
PANCHING,KUANTAN,2024-09-01,2024,9,7,1,1,0.9988536025378133,train
PANCHING,KUANTAN,2024-10-01,2024,10,8,1,1,0.9998214285714286,train
PANCHING,KUANTAN,2024-11-01,2024,11,5,1,1,0.99235776773866,train
PANCHING,KUANTAN,2024-12-01,2024,12,12,1,1,0.9998214285714286,train
PANCHING,KUANTAN,2025-01-01,2025,1,7,1,1,1.0,train
PANCHING,KUANTAN,2025-02-01,2025,2,6,1,1,0.9947187740593313,train
PANCHING,KUANTAN,2025-03-01,2025,3,8,1,1,0.9996875,train
PANCHING,KUANTAN,2025-04-01,2025,4,8,1,1,1.0,train
PANCHING,KUANTAN,2025-05-01,2025,5,5,1,1,0.9983541666666668,train
PANCHING,KUANTAN,2025-06-01,2025,6,5,1,1,0.9992702692044798,test
PANCHING,KUANTAN,2025-07-01,2025,7,9,1,1,0.9992702692044798,test
PANCHING,KUANTAN,2025-08-01,2025,8,9,1,1,0.9984293831168831,test
PANCHING,KUANTAN,2025-09-01,2025,9,8,1,1,0.9998214285714286,test
PANCHING,KUANTAN,2025-10-01,2025,10,4,1,1,0.9968367114367114,test
PANCHING,KUANTAN,2025-11-01,2025,11,5,1,1,0.9992702692044798,test
PEKAN TAJAU,MARAN,2023-01-01,2023,1,1,0,0,0.34651776047714977,train
PEKAN TAJAU,MARAN,2023-02-01,2023,2,1,0,1,0.40247569181382625,train
PEKAN TAJAU,MARAN,2023-03-01,2023,3,2,1,0,0.3725048480006023,train
PEKAN TAJAU,MARAN,2023-04-01,2023,4,1,0,0,0.34304015112262687,train
PEKAN TAJAU,MARAN,2023-05-01,2023,5,1,0,1,0.4767594129145014,train
PEKAN TAJAU,MARAN,2023-06-01,2023,6,2,1,1,0.5575245756524901,train
PEKAN TAJAU,MARAN,2023-07-01,2023,7,2,1,1,0.49378917639533454,train
PEKAN TAJAU,MARAN,2023-08-01,2023,8,2,1,1,0.6308792655803964,train
PEKAN TAJAU,MARAN,2023-09-01,2023,9,2,1,0,0.3873928811698653,train
PEKAN TAJAU,MARAN,2023-10-01,2023,10,1,0,1,0.5272108009411569,train
PEKAN TAJAU,MARAN,2023-11-01,2023,11,2,1,0,0.31019431158268473,train
PEKAN TAJAU,MARAN,2023-12-01,2023,12,1,0,0,0.2694185909930895,train
PEKAN TAJAU,MARAN,2024-01-01,2024,1,1,0,0,0.24061595354879173,train
PEKAN TAJAU,MARAN,2024-02-01,2024,2,1,0,0,0.2868264059198638,train
PEKAN TAJAU,MARAN,2024-03-01,2024,3,1,0,0,0.2831796730664234,train
PEKAN TAJAU,MARAN,2024-04-01,2024,4,1,0,0,0.31970172087433546,train
PEKAN TAJAU,MARAN,2024-05-01,2024,5,1,0,1,0.4855835026094053,train
PEKAN TAJAU,MARAN,2024-06-01,2024,6,2,1,1,0.45154932320140095,train
PEKAN TAJAU,MARAN,2024-07-01,2024,7,2,1,0,0.3463413989410462,train
PEKAN TAJAU,MARAN,2024-08-01,2024,8,1,0,1,0.5082834912415939,train
PEKAN TAJAU,MARAN,2024-09-01,2024,9,2,1,0,0.34184428029431196,train
PEKAN TAJAU,MARAN,2024-10-01,2024,10,1,0,0,0.2814952148922222,train
PEKAN TAJAU,MARAN,2024-11-01,2024,11,1,0,0,0.2868027874716913,train
PEKAN TAJAU,MARAN,2024-12-01,2024,12,1,0,0,0.2102301837747431,train
PEKAN TAJAU,MARAN,2025-01-01,2025,1,1,0,1,0.34387761916575704,train
PEKAN TAJAU,MARAN,2025-02-01,2025,2,2,1,0,0.26420719435563594,train
PEKAN TAJAU,MARAN,2025-03-01,2025,3,1,0,0,0.2923673249579953,train
PEKAN TAJAU,MARAN,2025-04-01,2025,4,1,0,0,0.30250170333617005,train
PEKAN TAJAU,MARAN,2025-05-01,2025,5,1,0,1,0.43246285184070216,train
PEKAN TAJAU,MARAN,2025-06-01,2025,6,2,1,1,0.32785337038466816,test
PEKAN TAJAU,MARAN,2025-07-01,2025,7,2,1,0,0.48961688355983063,test
PEKAN TAJAU,MARAN,2025-08-01,2025,8,1,0,0,0.3658525387500173,test
PEKAN TAJAU,MARAN,2025-09-01,2025,9,1,0,0,0.35879691866084307,test
PEKAN TAJAU,MARAN,2025-10-01,2025,10,1,0,0,0.2931521428463165,test
PEKAN TAJAU,MARAN,2025-11-01,2025,11,1,0,0,0.3366958323712895,test
RUNCHANG,PEKAN,2023-01-01,2023,1,2,1,1,0.39577692427443556,train
RUNCHANG,PEKAN,2023-02-01,2023,2,2,1,0,0.22917317275754587,train
RUNCHANG,PEKAN,2023-03-01,2023,3,1,0,0,0.2512538004983458,train
RUNCHANG,PEKAN,2023-04-01,2023,4,1,0,0,0.24207311317320812,train
RUNCHANG,PEKAN,2023-05-01,2023,5,1,0,0,0.22264221586258867,train
RUNCHANG,PEKAN,2023-06-01,2023,6,1,0,0,0.1863880506388336,train
RUNCHANG,PEKAN,2023-07-01,2023,7,1,0,0,0.25807953322256,train
RUNCHANG,PEKAN,2023-08-01,2023,8,1,0,0,0.2773781160231912,train
RUNCHANG,PEKAN,2023-09-01,2023,9,1,0,0,0.1968555661979697,train
RUNCHANG,PEKAN,2023-10-01,2023,10,1,0,0,0.23680785612907518,train
RUNCHANG,PEKAN,2023-11-01,2023,11,1,0,0,0.20693801775295903,train
RUNCHANG,PEKAN,2023-12-01,2023,12,1,0,1,0.35515522237396524,train
RUNCHANG,PEKAN,2024-01-01,2024,1,2,1,0,0.21247968597521852,train
RUNCHANG,PEKAN,2024-02-01,2024,2,1,0,0,0.19991543599932876,train
RUNCHANG,PEKAN,2024-03-01,2024,3,1,0,0,0.2243896762915075,train
RUNCHANG,PEKAN,2024-04-01,2024,4,1,0,0,0.2061131165161681,train
RUNCHANG,PEKAN,2024-05-01,2024,5,1,0,0,0.17561411763612028,train
RUNCHANG,PEKAN,2024-06-01,2024,6,1,0,0,0.20429199161287928,train
RUNCHANG,PEKAN,2024-07-01,2024,7,1,0,0,0.25027233688952927,train
RUNCHANG,PEKAN,2024-08-01,2024,8,1,0,1,0.39914471071456975,train
RUNCHANG,PEKAN,2024-09-01,2024,9,2,1,1,0.3629121829315748,train
RUNCHANG,PEKAN,2024-10-01,2024,10,2,1,0,0.2749923470507611,train
RUNCHANG,PEKAN,2024-11-01,2024,11,1,0,0,0.18063868692772045,train
RUNCHANG,PEKAN,2024-12-01,2024,12,1,0,0,0.18331439326855573,train
RUNCHANG,PEKAN,2025-01-01,2025,1,1,0,1,0.34734720684442316,train
RUNCHANG,PEKAN,2025-02-01,2025,2,2,1,0,0.2556133755838672,train
RUNCHANG,PEKAN,2025-03-01,2025,3,1,0,0,0.13445655959992123,train
RUNCHANG,PEKAN,2025-04-01,2025,4,1,0,0,0.22009968235550428,train
RUNCHANG,PEKAN,2025-05-01,2025,5,1,0,0,0.22690150738327847,train
RUNCHANG,PEKAN,2025-06-01,2025,6,1,0,0,0.20754888197396876,test
RUNCHANG,PEKAN,2025-07-01,2025,7,1,0,1,0.2191254963099707,test
RUNCHANG,PEKAN,2025-08-01,2025,8,2,1,0,0.26423762245837584,test
RUNCHANG,PEKAN,2025-09-01,2025,9,1,0,1,0.16641525282521127,test
RUNCHANG,PEKAN,2025-10-01,2025,10,2,1,1,0.36306870977478767,test
RUNCHANG,PEKAN,2025-11-01,2025,11,2,1,0,0.36072545951903073,test
RUNCHANG AGRO,PEKAN,2023-01-01,2023,1,2,1,1,0.8223444105779412,train
RUNCHANG AGRO,PEKAN,2023-02-01,2023,2,3,1,1,0.6864590257438614,train
RUNCHANG AGRO,PEKAN,2023-03-01,2023,3,3,1,1,0.806526763943114,train
RUNCHANG AGRO,PEKAN,2023-04-01,2023,4,2,1,1,0.7633626857157183,train
RUNCHANG AGRO,PEKAN,2023-05-01,2023,5,3,1,0,0.6644636363108833,train
RUNCHANG AGRO,PEKAN,2023-06-01,2023,6,1,0,1,0.7462529137020428,train
RUNCHANG AGRO,PEKAN,2023-07-01,2023,7,2,1,0,0.5906921922662552,train
RUNCHANG AGRO,PEKAN,2023-08-01,2023,8,1,0,1,0.7530406386029782,train
RUNCHANG AGRO,PEKAN,2023-09-01,2023,9,2,1,1,0.7862700922792986,train
RUNCHANG AGRO,PEKAN,2023-10-01,2023,10,2,1,0,0.5670846335529627,train
RUNCHANG AGRO,PEKAN,2023-11-01,2023,11,1,0,1,0.8204631611028526,train
RUNCHANG AGRO,PEKAN,2023-12-01,2023,12,3,1,0,0.5014230500010026,train
RUNCHANG AGRO,PEKAN,2024-01-01,2024,1,1,0,1,0.765260801053807,train
RUNCHANG AGRO,PEKAN,2024-02-01,2024,2,2,1,1,0.8186758829451507,train
RUNCHANG AGRO,PEKAN,2024-03-01,2024,3,2,1,0,0.5322317867131658,train
RUNCHANG AGRO,PEKAN,2024-04-01,2024,4,1,0,0,0.5927864092189523,train
RUNCHANG AGRO,PEKAN,2024-05-01,2024,5,1,0,0,0.5912528900189516,train
RUNCHANG AGRO,PEKAN,2024-06-01,2024,6,1,0,1,0.8031782879840726,train
RUNCHANG AGRO,PEKAN,2024-07-01,2024,7,2,1,1,0.779262945989148,train
RUNCHANG AGRO,PEKAN,2024-08-01,2024,8,2,1,0,0.6502194549791698,train
RUNCHANG AGRO,PEKAN,2024-09-01,2024,9,1,0,1,0.8035859187094418,train
RUNCHANG AGRO,PEKAN,2024-10-01,2024,10,3,1,1,0.8003363606774677,train
RUNCHANG AGRO,PEKAN,2024-11-01,2024,11,2,1,1,0.8148781464215538,train
RUNCHANG AGRO,PEKAN,2024-12-01,2024,12,3,1,1,0.5964283285566571,train
RUNCHANG AGRO,PEKAN,2025-01-01,2025,1,3,1,1,0.7836666559397868,train
RUNCHANG AGRO,PEKAN,2025-02-01,2025,2,3,1,1,0.7737839510763622,train
RUNCHANG AGRO,PEKAN,2025-03-01,2025,3,2,1,0,0.5553801942755984,train
RUNCHANG AGRO,PEKAN,2025-04-01,2025,4,1,0,1,0.743566244215569,train
RUNCHANG AGRO,PEKAN,2025-05-01,2025,5,2,1,1,0.8192401735521873,train
RUNCHANG AGRO,PEKAN,2025-06-01,2025,6,2,1,0,0.6136713433283346,test
RUNCHANG AGRO,PEKAN,2025-07-01,2025,7,1,0,1,0.6817718456414344,test
RUNCHANG AGRO,PEKAN,2025-08-01,2025,8,3,1,1,0.771410506318275,test
RUNCHANG AGRO,PEKAN,2025-09-01,2025,9,3,1,0,0.7811097461907706,test
RUNCHANG AGRO,PEKAN,2025-10-01,2025,10,1,0,1,0.6340319530007568,test
RUNCHANG AGRO,PEKAN,2025-11-01,2025,11,2,1,0,0.6994967444988884,test
SBRG TEMERLOH,TEMERLOH,2023-01-01,2023,1,2,1,0,0.4425748100981169,train
SBRG TEMERLOH,TEMERLOH,2023-02-01,2023,2,1,0,1,0.5721571257416403,train
SBRG TEMERLOH,TEMERLOH,2023-03-01,2023,3,2,1,1,0.5057431325770091,train
SBRG TEMERLOH,TEMERLOH,2023-04-01,2023,4,2,1,1,0.6780856239256337,train
SBRG TEMERLOH,TEMERLOH,2023-05-01,2023,5,2,1,0,0.5010716876369203,train
SBRG TEMERLOH,TEMERLOH,2023-06-01,2023,6,1,0,0,0.4601121824274509,train
SBRG TEMERLOH,TEMERLOH,2023-07-01,2023,7,1,0,1,0.6654488191066484,train
SBRG TEMERLOH,TEMERLOH,2023-08-01,2023,8,2,1,1,0.6392946826340878,train
SBRG TEMERLOH,TEMERLOH,2023-09-01,2023,9,2,1,1,0.7153825164438659,train
SBRG TEMERLOH,TEMERLOH,2023-10-01,2023,10,2,1,0,0.4062419662310658,train
SBRG TEMERLOH,TEMERLOH,2023-11-01,2023,11,1,0,0,0.39136038336209167,train
SBRG TEMERLOH,TEMERLOH,2023-12-01,2023,12,1,0,1,0.5201022415142532,train
SBRG TEMERLOH,TEMERLOH,2024-01-01,2024,1,2,1,0,0.4230031310357073,train
SBRG TEMERLOH,TEMERLOH,2024-02-01,2024,2,1,0,0,0.37396639988653196,train
SBRG TEMERLOH,TEMERLOH,2024-03-01,2024,3,1,0,1,0.6366851069495795,train
SBRG TEMERLOH,TEMERLOH,2024-04-01,2024,4,2,1,1,0.6704384771721577,train
SBRG TEMERLOH,TEMERLOH,2024-05-01,2024,5,2,1,1,0.653035486591327,train
SBRG TEMERLOH,TEMERLOH,2024-06-01,2024,6,2,1,1,0.7083318142178686,train
SBRG TEMERLOH,TEMERLOH,2024-07-01,2024,7,2,1,1,0.7375002589110352,train
SBRG TEMERLOH,TEMERLOH,2024-08-01,2024,8,2,1,1,0.7001357194421195,train
SBRG TEMERLOH,TEMERLOH,2024-09-01,2024,9,2,1,1,0.7107215105118992,train
SBRG TEMERLOH,TEMERLOH,2024-10-01,2024,10,2,1,1,0.6472296594981047,train
SBRG TEMERLOH,TEMERLOH,2024-11-01,2024,11,2,1,0,0.3557855175734888,train
SBRG TEMERLOH,TEMERLOH,2024-12-01,2024,12,1,0,0,0.3100750365081997,train
SBRG TEMERLOH,TEMERLOH,2025-01-01,2025,1,1,0,0,0.43786161280918806,train
SBRG TEMERLOH,TEMERLOH,2025-02-01,2025,2,1,0,0,0.399212761753942,train
SBRG TEMERLOH,TEMERLOH,2025-03-01,2025,3,1,0,0,0.4143474390389173,train
SBRG TEMERLOH,TEMERLOH,2025-04-01,2025,4,1,0,0,0.42216529764480076,train
SBRG TEMERLOH,TEMERLOH,2025-05-01,2025,5,1,0,1,0.5890655742987027,train
SBRG TEMERLOH,TEMERLOH,2025-06-01,2025,6,2,1,0,0.6043340934518097,test
SBRG TEMERLOH,TEMERLOH,2025-07-01,2025,7,1,0,0,0.5438491742706852,test
SBRG TEMERLOH,TEMERLOH,2025-08-01,2025,8,1,0,1,0.5757177997786329,test
SBRG TEMERLOH,TEMERLOH,2025-09-01,2025,9,2,1,0,0.6316997552368452,test
SBRG TEMERLOH,TEMERLOH,2025-10-01,2025,10,1,0,1,0.4833655495035962,test
SBRG TEMERLOH,TEMERLOH,2025-11-01,2025,11,2,1,1,0.40053659056063223,test
SEBERANG TEMBELING,JERANTUT,2023-01-01,2023,1,1,0,0,0.12935701858014334,train
SEBERANG TEMBELING,JERANTUT,2023-02-01,2023,2,1,0,0,0.09564701530269654,train
SEBERANG TEMBELING,JERANTUT,2023-03-01,2023,3,1,0,0,0.06879154892873508,train
SEBERANG TEMBELING,JERANTUT,2023-04-01,2023,4,1,0,0,0.061087307517357955,train
SEBERANG TEMBELING,JERANTUT,2023-05-01,2023,5,1,0,0,0.05605681884643301,train
SEBERANG TEMBELING,JERANTUT,2023-06-01,2023,6,1,0,0,0.09049995586407704,train
SEBERANG TEMBELING,JERANTUT,2023-07-01,2023,7,0,0,0,0.04999374319606349,train
SEBERANG TEMBELING,JERANTUT,2023-08-01,2023,8,1,0,1,0.23801032718422022,train
SEBERANG TEMBELING,JERANTUT,2023-09-01,2023,9,2,1,0,0.09885403391973636,train
SEBERANG TEMBELING,JERANTUT,2023-10-01,2023,10,1,0,0,0.10991742326379836,train
SEBERANG TEMBELING,JERANTUT,2023-11-01,2023,11,1,0,0,0.09113516032829543,train
SEBERANG TEMBELING,JERANTUT,2023-12-01,2023,12,1,0,1,0.24112479343911464,train
SEBERANG TEMBELING,JERANTUT,2024-01-01,2024,1,2,1,0,0.10992418231913756,train
SEBERANG TEMBELING,JERANTUT,2024-02-01,2024,2,1,0,0,0.12127089459588668,train
SEBERANG TEMBELING,JERANTUT,2024-03-01,2024,3,1,0,0,0.06418519542282604,train
SEBERANG TEMBELING,JERANTUT,2024-04-01,2024,4,1,0,0,0.06785167677167712,train
SEBERANG TEMBELING,JERANTUT,2024-05-01,2024,5,0,0,0,0.12556283353513323,train
SEBERANG TEMBELING,JERANTUT,2024-06-01,2024,6,1,0,0,0.09458605271932258,train
SEBERANG TEMBELING,JERANTUT,2024-07-01,2024,7,0,0,0,0.0953607926137691,train
SEBERANG TEMBELING,JERANTUT,2024-08-01,2024,8,1,0,0,0.0755093586129299,train
SEBERANG TEMBELING,JERANTUT,2024-09-01,2024,9,1,0,0,0.05558621974717275,train
SEBERANG TEMBELING,JERANTUT,2024-10-01,2024,10,0,0,0,0.1018475588832474,train
SEBERANG TEMBELING,JERANTUT,2024-11-01,2024,11,1,0,0,0.06519077094266214,train
SEBERANG TEMBELING,JERANTUT,2024-12-01,2024,12,1,0,0,0.04035703343681116,train
SEBERANG TEMBELING,JERANTUT,2025-01-01,2025,1,1,0,0,0.0502683276662872,train
SEBERANG TEMBELING,JERANTUT,2025-02-01,2025,2,1,0,0,0.0996502505898042,train
SEBERANG TEMBELING,JERANTUT,2025-03-01,2025,3,0,0,0,0.1346188188012551,train
SEBERANG TEMBELING,JERANTUT,2025-04-01,2025,4,1,0,0,0.04571809781681569,train
SEBERANG TEMBELING,JERANTUT,2025-05-01,2025,5,1,0,0,0.04948792786603225,train
SEBERANG TEMBELING,JERANTUT,2025-06-01,2025,6,1,0,0,0.08299737804524449,test
SEBERANG TEMBELING,JERANTUT,2025-07-01,2025,7,1,0,0,0.05727829136610599,test
SEBERANG TEMBELING,JERANTUT,2025-08-01,2025,8,1,0,0,0.14953126841478995,test
SEBERANG TEMBELING,JERANTUT,2025-09-01,2025,9,0,0,0,0.15684021838232787,test
SEBERANG TEMBELING,JERANTUT,2025-10-01,2025,10,1,0,0,0.12673418890196492,test
SEBERANG TEMBELING,JERANTUT,2025-11-01,2025,11,1,0,0,0.054093812683428874,test
SEKOR,PEKAN,2023-01-01,2023,1,1,0,0,0.14433640348149385,train
SEKOR,PEKAN,2023-02-01,2023,2,1,0,0,0.12868021156487564,train
SEKOR,PEKAN,2023-03-01,2023,3,1,0,0,0.1471430850024353,train
SEKOR,PEKAN,2023-04-01,2023,4,1,0,0,0.1379155557628435,train
SEKOR,PEKAN,2023-05-01,2023,5,1,0,0,0.13969909292959592,train
SEKOR,PEKAN,2023-06-01,2023,6,1,0,0,0.12866352882459015,train
SEKOR,PEKAN,2023-07-01,2023,7,1,0,0,0.1436788521094814,train
SEKOR,PEKAN,2023-08-01,2023,8,1,0,0,0.12151130064220292,train
SEKOR,PEKAN,2023-09-01,2023,9,1,0,0,0.18767781843258952,train
SEKOR,PEKAN,2023-10-01,2023,10,1,0,1,0.3500716261990155,train
SEKOR,PEKAN,2023-11-01,2023,11,2,1,1,0.3694990428662501,train
SEKOR,PEKAN,2023-12-01,2023,12,2,1,1,0.356513419364913,train
SEKOR,PEKAN,2024-01-01,2024,1,2,1,0,0.21204168620539715,train
SEKOR,PEKAN,2024-02-01,2024,2,1,0,0,0.16000629736617344,train
SEKOR,PEKAN,2024-03-01,2024,3,1,0,0,0.2127835152051459,train
SEKOR,PEKAN,2024-04-01,2024,4,1,0,0,0.16770023128219555,train
SEKOR,PEKAN,2024-05-01,2024,5,1,0,1,0.3640883878471059,train
SEKOR,PEKAN,2024-06-01,2024,6,2,1,1,0.42271804813572317,train
SEKOR,PEKAN,2024-07-01,2024,7,2,1,0,0.31362888432190106,train
SEKOR,PEKAN,2024-08-01,2024,8,1,0,0,0.2314640754498247,train
SEKOR,PEKAN,2024-09-01,2024,9,1,0,0,0.21444273247028253,train
SEKOR,PEKAN,2024-10-01,2024,10,1,0,0,0.17130466212028284,train
SEKOR,PEKAN,2024-11-01,2024,11,1,0,0,0.21488559829160905,train
SEKOR,PEKAN,2024-12-01,2024,12,1,0,0,0.2131023051993947,train
SEKOR,PEKAN,2025-01-01,2025,1,1,0,1,0.32813191063707847,train
SEKOR,PEKAN,2025-02-01,2025,2,2,1,0,0.18351586189267483,train
SEKOR,PEKAN,2025-03-01,2025,3,1,0,1,0.37490609879039644,train
SEKOR,PEKAN,2025-04-01,2025,4,2,1,0,0.2444740708559949,train
SEKOR,PEKAN,2025-05-01,2025,5,1,0,0,0.2609597795565289,train
SEKOR,PEKAN,2025-06-01,2025,6,1,0,0,0.22856201019369723,test
SEKOR,PEKAN,2025-07-01,2025,7,1,0,0,0.24288341876943428,test
SEKOR,PEKAN,2025-08-01,2025,8,1,0,1,0.22077776330257445,test
SEKOR,PEKAN,2025-09-01,2025,9,2,1,1,0.28568360986475405,test
SEKOR,PEKAN,2025-10-01,2025,10,2,1,1,0.28234503873926686,test
SEKOR,PEKAN,2025-11-01,2025,11,2,1,0,0.2592318691187628,test
SELENDANG,ROMPIN,2023-01-01,2023,1,1,0,0,0.16334967540946824,train
SELENDANG,ROMPIN,2023-02-01,2023,2,1,0,0,0.1141049216547832,train
SELENDANG,ROMPIN,2023-03-01,2023,3,1,0,0,0.21161176182165126,train
SELENDANG,ROMPIN,2023-04-01,2023,4,1,0,0,0.1392650877381495,train
SELENDANG,ROMPIN,2023-05-01,2023,5,1,0,1,0.3979366582956324,train
SELENDANG,ROMPIN,2023-06-01,2023,6,2,1,0,0.1870316431349185,train
SELENDANG,ROMPIN,2023-07-01,2023,7,1,0,0,0.13258331090716932,train
SELENDANG,ROMPIN,2023-08-01,2023,8,1,0,0,0.09876173889973859,train
SELENDANG,ROMPIN,2023-09-01,2023,9,1,0,0,0.20944368785747242,train
SELENDANG,ROMPIN,2023-10-01,2023,10,0,0,0,0.1950763478768779,train
SELENDANG,ROMPIN,2023-11-01,2023,11,1,0,0,0.16985434909278274,train
SELENDANG,ROMPIN,2023-12-01,2023,12,1,0,0,0.19661757582724676,train
SELENDANG,ROMPIN,2024-01-01,2024,1,1,0,1,0.3637598972171071,train
SELENDANG,ROMPIN,2024-02-01,2024,2,2,1,0,0.16506951956410196,train
SELENDANG,ROMPIN,2024-03-01,2024,3,1,0,1,0.39450224940541745,train
SELENDANG,ROMPIN,2024-04-01,2024,4,2,1,1,0.4005872424591484,train
SELENDANG,ROMPIN,2024-05-01,2024,5,2,1,0,0.22415474896658455,train
SELENDANG,ROMPIN,2024-06-01,2024,6,1,0,0,0.18165864484025085,train
SELENDANG,ROMPIN,2024-07-01,2024,7,1,0,0,0.16273563335271035,train
SELENDANG,ROMPIN,2024-08-01,2024,8,1,0,0,0.21589654024826327,train
SELENDANG,ROMPIN,2024-09-01,2024,9,1,0,0,0.21459780216744292,train
SELENDANG,ROMPIN,2024-10-01,2024,10,1,0,1,0.40905165434313956,train
SELENDANG,ROMPIN,2024-11-01,2024,11,2,1,0,0.24931797888102353,train
SELENDANG,ROMPIN,2024-12-01,2024,12,1,0,0,0.16882351088323516,train
SELENDANG,ROMPIN,2025-01-01,2025,1,1,0,0,0.20499008795371335,train
SELENDANG,ROMPIN,2025-02-01,2025,2,1,0,0,0.17234327457194007,train
SELENDANG,ROMPIN,2025-03-01,2025,3,1,0,1,0.4837584549107974,train
SELENDANG,ROMPIN,2025-04-01,2025,4,2,1,1,0.30625073164721844,train
SELENDANG,ROMPIN,2025-05-01,2025,5,2,1,0,0.29715946190788317,train
SELENDANG,ROMPIN,2025-06-01,2025,6,1,0,0,0.2383079703302494,test
SELENDANG,ROMPIN,2025-07-01,2025,7,1,0,0,0.2019358252787283,test
SELENDANG,ROMPIN,2025-08-01,2025,8,1,0,1,0.3437500818805602,test
SELENDANG,ROMPIN,2025-09-01,2025,9,2,1,0,0.28955676971448574,test
SELENDANG,ROMPIN,2025-10-01,2025,10,1,0,0,0.29338679794264344,test
SELENDANG,ROMPIN,2025-11-01,2025,11,1,0,0,0.23465153714503897,test
SEMAMBU,KUANTAN,2023-01-01,2023,1,17,1,1,0.9903545516983019,train
SEMAMBU,KUANTAN,2023-02-01,2023,2,20,1,1,0.9998076923076923,train
SEMAMBU,KUANTAN,2023-03-01,2023,3,10,1,1,0.9983576657260868,train
SEMAMBU,KUANTAN,2023-04-01,2023,4,10,1,1,0.9973021101705313,train
SEMAMBU,KUANTAN,2023-05-01,2023,5,12,1,1,1.0,train
SEMAMBU,KUANTAN,2023-06-01,2023,6,17,1,1,0.997432791988713,train
SEMAMBU,KUANTAN,2023-07-01,2023,7,20,1,1,0.9984271101705312,train
SEMAMBU,KUANTAN,2023-08-01,2023,8,18,1,1,0.9986354435038645,train
SEMAMBU,KUANTAN,2023-09-01,2023,9,16,1,1,0.9994722222222222,train
SEMAMBU,KUANTAN,2023-10-01,2023,10,22,1,1,1.0,train
SEMAMBU,KUANTAN,2023-11-01,2023,11,21,1,1,0.9989307692307692,train
SEMAMBU,KUANTAN,2023-12-01,2023,12,16,1,1,0.998876050420168,train
SEMAMBU,KUANTAN,2024-01-01,2024,1,15,1,1,0.9994722222222222,train
SEMAMBU,KUANTAN,2024-02-01,2024,2,9,1,1,0.9964249694749695,train
SEMAMBU,KUANTAN,2024-03-01,2024,3,10,1,1,1.0,train
SEMAMBU,KUANTAN,2024-04-01,2024,4,8,1,1,1.0,train
SEMAMBU,KUANTAN,2024-05-01,2024,5,20,1,1,0.9996875,train
SEMAMBU,KUANTAN,2024-06-01,2024,6,19,1,1,0.9990625,train
SEMAMBU,KUANTAN,2024-07-01,2024,7,7,1,1,0.9969799093879976,train
SEMAMBU,KUANTAN,2024-08-01,2024,8,12,1,1,1.0,train
SEMAMBU,KUANTAN,2024-09-01,2024,9,19,1,1,1.0,train
SEMAMBU,KUANTAN,2024-10-01,2024,10,17,1,1,0.9977689255189255,train
SEMAMBU,KUANTAN,2024-11-01,2024,11,10,1,1,0.9948208798511431,train
SEMAMBU,KUANTAN,2024-12-01,2024,12,18,1,1,1.0,train
SEMAMBU,KUANTAN,2025-01-01,2025,1,8,1,1,0.9994722222222222,train
SEMAMBU,KUANTAN,2025-02-01,2025,2,8,1,1,0.9898103774557916,train
SEMAMBU,KUANTAN,2025-03-01,2025,3,15,1,1,0.9992307692307691,train
SEMAMBU,KUANTAN,2025-04-01,2025,4,12,1,1,0.9994722222222222,train
SEMAMBU,KUANTAN,2025-05-01,2025,5,8,1,1,0.9996875,train
SEMAMBU,KUANTAN,2025-06-01,2025,6,14,1,1,0.9991597222222223,test
SEMAMBU,KUANTAN,2025-07-01,2025,7,10,1,1,0.9990625,test
SEMAMBU,KUANTAN,2025-08-01,2025,8,17,1,1,0.9973125,test
SEMAMBU,KUANTAN,2025-09-01,2025,9,8,1,1,0.989416553063006,test
SEMAMBU,KUANTAN,2025-10-01,2025,10,14,1,1,0.9994722222222222,test
SEMAMBU,KUANTAN,2025-11-01,2025,11,14,1,1,1.0,test
SEPAYANG,ROMPIN,2023-01-01,2023,1,1,0,0,0.10173969626453473,train
SEPAYANG,ROMPIN,2023-02-01,2023,2,1,0,0,0.1041478221604341,train
SEPAYANG,ROMPIN,2023-03-01,2023,3,1,0,0,0.12104480436978764,train
SEPAYANG,ROMPIN,2023-04-01,2023,4,1,0,1,0.29872488193186547,train
SEPAYANG,ROMPIN,2023-05-01,2023,5,2,1,1,0.32453473163357266,train
SEPAYANG,ROMPIN,2023-06-01,2023,6,2,1,0,0.30513755934027076,train
SEPAYANG,ROMPIN,2023-07-01,2023,7,1,0,1,0.34394321465749,train
SEPAYANG,ROMPIN,2023-08-01,2023,8,2,1,0,0.2596772896583759,train
SEPAYANG,ROMPIN,2023-09-01,2023,9,1,0,0,0.19669703257505639,train
SEPAYANG,ROMPIN,2023-10-01,2023,10,1,0,0,0.23838257769212465,train
SEPAYANG,ROMPIN,2023-11-01,2023,11,1,0,0,0.20920912788746937,train
SEPAYANG,ROMPIN,2023-12-01,2023,12,1,0,0,0.17380140019525442,train
SEPAYANG,ROMPIN,2024-01-01,2024,1,1,0,0,0.17232325449017183,train
SEPAYANG,ROMPIN,2024-02-01,2024,2,1,0,0,0.09620523062099658,train
SEPAYANG,ROMPIN,2024-03-01,2024,3,1,0,0,0.07236335805306476,train
SEPAYANG,ROMPIN,2024-04-01,2024,4,1,0,0,0.12640376977139064,train
SEPAYANG,ROMPIN,2024-05-01,2024,5,1,0,0,0.06081988061982761,train
SEPAYANG,ROMPIN,2024-06-01,2024,6,1,0,0,0.08814389485783433,train
SEPAYANG,ROMPIN,2024-07-01,2024,7,1,0,0,0.11766024811180037,train
SEPAYANG,ROMPIN,2024-08-01,2024,8,1,0,0,0.09282899109597523,train
SEPAYANG,ROMPIN,2024-09-01,2024,9,1,0,0,0.08786109966268386,train
SEPAYANG,ROMPIN,2024-10-01,2024,10,1,0,0,0.07183287125288153,train
SEPAYANG,ROMPIN,2024-11-01,2024,11,1,0,0,0.11139332570460869,train
SEPAYANG,ROMPIN,2024-12-01,2024,12,1,0,0,0.10343905914885608,train
SEPAYANG,ROMPIN,2025-01-01,2025,1,1,0,0,0.08919576234822822,train
SEPAYANG,ROMPIN,2025-02-01,2025,2,1,0,0,0.09179857384916279,train
SEPAYANG,ROMPIN,2025-03-01,2025,3,1,0,0,0.07255529300526019,train
SEPAYANG,ROMPIN,2025-04-01,2025,4,1,0,0,0.07593352491030593,train
SEPAYANG,ROMPIN,2025-05-01,2025,5,1,0,0,0.14831378404296394,train
SEPAYANG,ROMPIN,2025-06-01,2025,6,1,0,0,0.07135133954596028,test
SEPAYANG,ROMPIN,2025-07-01,2025,7,0,0,0,0.10301685481227812,test
SEPAYANG,ROMPIN,2025-08-01,2025,8,1,0,0,0.11647958607689059,test
SEPAYANG,ROMPIN,2025-09-01,2025,9,1,0,0,0.09602296980292085,test
SEPAYANG,ROMPIN,2025-10-01,2025,10,1,0,0,0.1336494482765775,test
SEPAYANG,ROMPIN,2025-11-01,2025,11,1,0,0,0.11500484556813544,test
SG AUR,ROMPIN,2023-01-01,2023,1,1,0,0,0.017582022955774376,train
SG AUR,ROMPIN,2023-02-01,2023,2,1,0,0,0.017006172790586818,train
SG AUR,ROMPIN,2023-03-01,2023,3,1,0,0,0.019626041777008756,train
SG AUR,ROMPIN,2023-04-01,2023,4,1,0,0,0.025251957398189643,train
SG AUR,ROMPIN,2023-05-01,2023,5,1,0,0,0.013159575793573469,train
SG AUR,ROMPIN,2023-06-01,2023,6,1,0,0,0.014594466932836836,train
SG AUR,ROMPIN,2023-07-01,2023,7,0,0,0,0.017672968575542104,train
SG AUR,ROMPIN,2023-08-01,2023,8,1,0,0,0.012880646061233172,train
SG AUR,ROMPIN,2023-09-01,2023,9,1,0,0,0.01227765635477165,train
SG AUR,ROMPIN,2023-10-01,2023,10,1,0,0,0.0071315992725206855,train
SG AUR,ROMPIN,2023-11-01,2023,11,1,0,0,0.008530210712250545,train
SG AUR,ROMPIN,2023-12-01,2023,12,1,0,0,0.0033078977547402193,train
SG AUR,ROMPIN,2024-01-01,2024,1,0,0,0,0.014363309526596835,train
SG AUR,ROMPIN,2024-02-01,2024,2,1,0,0,0.02586444273557725,train
SG AUR,ROMPIN,2024-03-01,2024,3,0,0,0,0.015748087613972152,train
SG AUR,ROMPIN,2024-04-01,2024,4,0,0,0,0.012848319368539956,train
SG AUR,ROMPIN,2024-05-01,2024,5,1,0,0,0.008005132793821968,train
SG AUR,ROMPIN,2024-06-01,2024,6,1,0,0,0.014155196239948558,train
SG AUR,ROMPIN,2024-07-01,2024,7,1,0,0,0.01565378336515939,train
SG AUR,ROMPIN,2024-08-01,2024,8,1,0,0,0.011661973684699234,train
SG AUR,ROMPIN,2024-09-01,2024,9,1,0,0,0.0026062497762548474,train
SG AUR,ROMPIN,2024-10-01,2024,10,1,0,0,0.01199630974552523,train
SG AUR,ROMPIN,2024-11-01,2024,11,1,0,0,0.00641804473495299,train
SG AUR,ROMPIN,2024-12-01,2024,12,1,0,0,0.005768975827853896,train
SG AUR,ROMPIN,2025-01-01,2025,1,1,0,0,0.008305082038536239,train
SG AUR,ROMPIN,2025-02-01,2025,2,1,0,0,0.017027317949471,train
SG AUR,ROMPIN,2025-03-01,2025,3,0,0,0,0.014356492077156028,train
SG AUR,ROMPIN,2025-04-01,2025,4,1,0,0,0.011572284651286704,train
SG AUR,ROMPIN,2025-05-01,2025,5,1,0,0,0.009672770029677926,train
SG AUR,ROMPIN,2025-06-01,2025,6,1,0,0,0.015637521713023964,test
SG AUR,ROMPIN,2025-07-01,2025,7,1,0,0,0.018856726591230364,test
SG AUR,ROMPIN,2025-08-01,2025,8,1,0,0,0.010783221276695384,test
SG AUR,ROMPIN,2025-09-01,2025,9,1,0,0,0.009214433041289787,test
SG AUR,ROMPIN,2025-10-01,2025,10,1,0,0,0.004221724904673339,test
SG AUR,ROMPIN,2025-11-01,2025,11,0,0,0,0.01504678405446075,test
SG BERA (KEPAYANG),BERA,2023-01-01,2023,1,2,1,0,0.32420758966091756,train
SG BERA (KEPAYANG),BERA,2023-02-01,2023,2,1,0,0,0.2703301492371952,train
SG BERA (KEPAYANG),BERA,2023-03-01,2023,3,1,0,1,0.4628117201452173,train
SG BERA (KEPAYANG),BERA,2023-04-01,2023,4,2,1,0,0.3482737039089748,train
SG BERA (KEPAYANG),BERA,2023-05-01,2023,5,1,0,0,0.4097783521555993,train
SG BERA (KEPAYANG),BERA,2023-06-01,2023,6,1,0,0,0.3033368392989835,train
SG BERA (KEPAYANG),BERA,2023-07-01,2023,7,1,0,1,0.49593699709795247,train
SG BERA (KEPAYANG),BERA,2023-08-01,2023,8,2,1,1,0.5654346802805416,train
SG BERA (KEPAYANG),BERA,2023-09-01,2023,9,2,1,0,0.2566048184424428,train
SG BERA (KEPAYANG),BERA,2023-10-01,2023,10,1,0,0,0.2622742547718581,train
SG BERA (KEPAYANG),BERA,2023-11-01,2023,11,1,0,0,0.2989698528891325,train
SG BERA (KEPAYANG),BERA,2023-12-01,2023,12,1,0,0,0.2530811689144698,train
SG BERA (KEPAYANG),BERA,2024-01-01,2024,1,1,0,1,0.5166823474389213,train
SG BERA (KEPAYANG),BERA,2024-02-01,2024,2,2,1,1,0.5353132100905774,train
SG BERA (KEPAYANG),BERA,2024-03-01,2024,3,2,1,1,0.5470497692610892,train
SG BERA (KEPAYANG),BERA,2024-04-01,2024,4,2,1,1,0.6027723635048093,train
SG BERA (KEPAYANG),BERA,2024-05-01,2024,5,2,1,1,0.6334865046142761,train
SG BERA (KEPAYANG),BERA,2024-06-01,2024,6,2,1,1,0.7091812511524469,train
SG BERA (KEPAYANG),BERA,2024-07-01,2024,7,2,1,0,0.48337159553241316,train
SG BERA (KEPAYANG),BERA,2024-08-01,2024,8,1,0,1,0.6147572732776923,train
SG BERA (KEPAYANG),BERA,2024-09-01,2024,9,2,1,1,0.6047608443172268,train
SG BERA (KEPAYANG),BERA,2024-10-01,2024,10,2,1,1,0.5523797817852916,train
SG BERA (KEPAYANG),BERA,2024-11-01,2024,11,2,1,0,0.4304344828054591,train
SG BERA (KEPAYANG),BERA,2024-12-01,2024,12,1,0,1,0.4699400530152249,train
SG BERA (KEPAYANG),BERA,2025-01-01,2025,1,2,1,1,0.5249664101117214,train
SG BERA (KEPAYANG),BERA,2025-02-01,2025,2,2,1,0,0.4989118768117844,train
SG BERA (KEPAYANG),BERA,2025-03-01,2025,3,1,0,0,0.49848159432696726,train
SG BERA (KEPAYANG),BERA,2025-04-01,2025,4,1,0,1,0.5469620575100402,train
SG BERA (KEPAYANG),BERA,2025-05-01,2025,5,2,1,0,0.4945423690208402,train
SG BERA (KEPAYANG),BERA,2025-06-01,2025,6,1,0,0,0.5056789637132956,test
SG BERA (KEPAYANG),BERA,2025-07-01,2025,7,1,0,1,0.4812810262588147,test
SG BERA (KEPAYANG),BERA,2025-08-01,2025,8,2,1,1,0.45356340114738103,test
SG BERA (KEPAYANG),BERA,2025-09-01,2025,9,2,1,1,0.5229172666308072,test
SG BERA (KEPAYANG),BERA,2025-10-01,2025,10,2,1,0,0.524214468849701,test
SG BERA (KEPAYANG),BERA,2025-11-01,2025,11,1,0,1,0.3094731501034626,test
SG BERA (TEMBANGAU),BERA,2023-01-01,2023,1,2,1,0,0.4240055464060709,train
SG BERA (TEMBANGAU),BERA,2023-02-01,2023,2,1,0,0,0.34002805799836927,train
SG BERA (TEMBANGAU),BERA,2023-03-01,2023,3,1,0,1,0.4512895422199466,train
SG BERA (TEMBANGAU),BERA,2023-04-01,2023,4,2,1,1,0.5857569168911037,train
SG BERA (TEMBANGAU),BERA,2023-05-01,2023,5,2,1,1,0.5861937370957456,train
SG BERA (TEMBANGAU),BERA,2023-06-01,2023,6,2,1,1,0.6534732706476383,train
SG BERA (TEMBANGAU),BERA,2023-07-01,2023,7,2,1,1,0.6115017577986595,train
SG BERA (TEMBANGAU),BERA,2023-08-01,2023,8,2,1,0,0.5289787484513689,train
SG BERA (TEMBANGAU),BERA,2023-09-01,2023,9,1,0,1,0.537460265729775,train
SG BERA (TEMBANGAU),BERA,2023-10-01,2023,10,2,1,1,0.6160436344617465,train
SG BERA (TEMBANGAU),BERA,2023-11-01,2023,11,2,1,0,0.3961609203653896,train
SG BERA (TEMBANGAU),BERA,2023-12-01,2023,12,1,0,1,0.5108435109164899,train
SG BERA (TEMBANGAU),BERA,2024-01-01,2024,1,2,1,1,0.5320586285519657,train
SG BERA (TEMBANGAU),BERA,2024-02-01,2024,2,2,1,0,0.2934519973951838,train
SG BERA (TEMBANGAU),BERA,2024-03-01,2024,3,1,0,0,0.3512198203315333,train
SG BERA (TEMBANGAU),BERA,2024-04-01,2024,4,1,0,0,0.3137114898290777,train
SG BERA (TEMBANGAU),BERA,2024-05-01,2024,5,1,0,0,0.2597762688004166,train
SG BERA (TEMBANGAU),BERA,2024-06-01,2024,6,1,0,0,0.23518071865312534,train
SG BERA (TEMBANGAU),BERA,2024-07-01,2024,7,1,0,0,0.2643427684603551,train
SG BERA (TEMBANGAU),BERA,2024-08-01,2024,8,1,0,1,0.41896306309268977,train
SG BERA (TEMBANGAU),BERA,2024-09-01,2024,9,2,1,1,0.49326578741009564,train
SG BERA (TEMBANGAU),BERA,2024-10-01,2024,10,2,1,1,0.41358545932145346,train
SG BERA (TEMBANGAU),BERA,2024-11-01,2024,11,2,1,0,0.3379747573999379,train
SG BERA (TEMBANGAU),BERA,2024-12-01,2024,12,1,0,0,0.29556642007341266,train
SG BERA (TEMBANGAU),BERA,2025-01-01,2025,1,1,0,0,0.26443074389840776,train
SG BERA (TEMBANGAU),BERA,2025-02-01,2025,2,1,0,0,0.2803733004592297,train
SG BERA (TEMBANGAU),BERA,2025-03-01,2025,3,1,0,0,0.24784281704335162,train
SG BERA (TEMBANGAU),BERA,2025-04-01,2025,4,1,0,0,0.26793959380926374,train
SG BERA (TEMBANGAU),BERA,2025-05-01,2025,5,1,0,0,0.2777442150634523,train
SG BERA (TEMBANGAU),BERA,2025-06-01,2025,6,1,0,0,0.29794522008972424,test
SG BERA (TEMBANGAU),BERA,2025-07-01,2025,7,1,0,0,0.3426714010528062,test
SG BERA (TEMBANGAU),BERA,2025-08-01,2025,8,1,0,1,0.35148625191203514,test
SG BERA (TEMBANGAU),BERA,2025-09-01,2025,9,2,1,1,0.38571700524600033,test
SG BERA (TEMBANGAU),BERA,2025-10-01,2025,10,2,1,1,0.4539543089680755,test
SG BERA (TEMBANGAU),BERA,2025-11-01,2025,11,2,1,0,0.34170083799611506,test
SG BILUT,RAUB,2023-01-01,2023,1,2,1,1,0.6632371186467235,train
SG BILUT,RAUB,2023-02-01,2023,2,2,1,1,0.6888043576033911,train
SG BILUT,RAUB,2023-03-01,2023,3,2,1,1,0.7013528085376518,train
SG BILUT,RAUB,2023-04-01,2023,4,2,1,1,0.6325652969930006,train
SG BILUT,RAUB,2023-05-01,2023,5,2,1,0,0.4148056738223373,train
SG BILUT,RAUB,2023-06-01,2023,6,1,0,0,0.5922412803693313,train
SG BILUT,RAUB,2023-07-01,2023,7,1,0,1,0.6956200450831933,train
SG BILUT,RAUB,2023-08-01,2023,8,2,1,1,0.6804712272986956,train
SG BILUT,RAUB,2023-09-01,2023,9,2,1,0,0.5004064747705204,train
SG BILUT,RAUB,2023-10-01,2023,10,1,0,1,0.6923981556717435,train
SG BILUT,RAUB,2023-11-01,2023,11,2,1,0,0.4102459396152998,train
SG BILUT,RAUB,2023-12-01,2023,12,1,0,0,0.4386887309085483,train
SG BILUT,RAUB,2024-01-01,2024,1,1,0,1,0.7413974590318887,train
SG BILUT,RAUB,2024-02-01,2024,2,2,1,1,0.6592186435275857,train
SG BILUT,RAUB,2024-03-01,2024,3,2,1,0,0.4288681668538563,train
SG BILUT,RAUB,2024-04-01,2024,4,1,0,1,0.7106450017204282,train
SG BILUT,RAUB,2024-05-01,2024,5,2,1,0,0.5115088144562101,train
SG BILUT,RAUB,2024-06-01,2024,6,1,0,1,0.7313708856877335,train
SG BILUT,RAUB,2024-07-01,2024,7,2,1,0,0.40700443256194313,train
SG BILUT,RAUB,2024-08-01,2024,8,1,0,0,0.47976194958177376,train
SG BILUT,RAUB,2024-09-01,2024,9,1,0,1,0.7676302098433233,train
SG BILUT,RAUB,2024-10-01,2024,10,3,1,1,0.6287573436240388,train
SG BILUT,RAUB,2024-11-01,2024,11,3,1,0,0.4873302499523012,train
SG BILUT,RAUB,2024-12-01,2024,12,1,0,1,0.6172546851799572,train
SG BILUT,RAUB,2025-01-01,2025,1,2,1,1,0.6353367211382386,train
SG BILUT,RAUB,2025-02-01,2025,2,2,1,0,0.5175935983565109,train
SG BILUT,RAUB,2025-03-01,2025,3,1,0,1,0.6706903847914113,train
SG BILUT,RAUB,2025-04-01,2025,4,2,1,0,0.43624055361290404,train
SG BILUT,RAUB,2025-05-01,2025,5,1,0,1,0.6938932508135719,train
SG BILUT,RAUB,2025-06-01,2025,6,3,1,1,0.5409241920158196,test
SG BILUT,RAUB,2025-07-01,2025,7,2,1,1,0.6112450391053613,test
SG BILUT,RAUB,2025-08-01,2025,8,2,1,1,0.43646802031789284,test
SG BILUT,RAUB,2025-09-01,2025,9,2,1,1,0.5417763493788708,test
SG BILUT,RAUB,2025-10-01,2025,10,3,1,1,0.5157139268469484,test
SG BILUT,RAUB,2025-11-01,2025,11,2,1,1,0.6375673150351215,test
SG GAPOI,BENTONG,2023-01-01,2023,1,2,1,1,0.7704816360038538,train
SG GAPOI,BENTONG,2023-02-01,2023,2,2,1,1,0.8032664961587193,train
SG GAPOI,BENTONG,2023-03-01,2023,3,3,1,0,0.6367268132808316,train
SG GAPOI,BENTONG,2023-04-01,2023,4,1,0,1,0.7824977008563424,train
SG GAPOI,BENTONG,2023-05-01,2023,5,2,1,0,0.5879629762952908,train
SG GAPOI,BENTONG,2023-06-01,2023,6,1,0,1,0.7866055539342439,train
SG GAPOI,BENTONG,2023-07-01,2023,7,2,1,1,0.7536492260201354,train
SG GAPOI,BENTONG,2023-08-01,2023,8,3,1,0,0.5732603691874268,train
SG GAPOI,BENTONG,2023-09-01,2023,9,1,0,1,0.8556112121088707,train
SG GAPOI,BENTONG,2023-10-01,2023,10,3,1,0,0.59872301382265,train
SG GAPOI,BENTONG,2023-11-01,2023,11,1,0,1,0.8132507455774514,train
SG GAPOI,BENTONG,2023-12-01,2023,12,3,1,0,0.5313578342012871,train
SG GAPOI,BENTONG,2024-01-01,2024,1,1,0,0,0.6729624484433421,train
SG GAPOI,BENTONG,2024-02-01,2024,2,1,0,1,0.7336622517775906,train
SG GAPOI,BENTONG,2024-03-01,2024,3,3,1,1,0.6801772411746316,train
SG GAPOI,BENTONG,2024-04-01,2024,4,2,1,1,0.703698027337817,train
SG GAPOI,BENTONG,2024-05-01,2024,5,2,1,1,0.772934637401573,train
SG GAPOI,BENTONG,2024-06-01,2024,6,3,1,1,0.6507650022119809,train
SG GAPOI,BENTONG,2024-07-01,2024,7,2,1,1,0.7109002864916758,train
SG GAPOI,BENTONG,2024-08-01,2024,8,3,1,1,0.6900028084812836,train
SG GAPOI,BENTONG,2024-09-01,2024,9,3,1,0,0.596307995718442,train
SG GAPOI,BENTONG,2024-10-01,2024,10,1,0,1,0.7661638843716464,train
SG GAPOI,BENTONG,2024-11-01,2024,11,2,1,1,0.7981737449173972,train
SG GAPOI,BENTONG,2024-12-01,2024,12,3,1,1,0.7517519843702574,train
SG GAPOI,BENTONG,2025-01-01,2025,1,2,1,1,0.7439713926798194,train
SG GAPOI,BENTONG,2025-02-01,2025,2,3,1,0,0.5435732037437122,train
SG GAPOI,BENTONG,2025-03-01,2025,3,1,0,1,0.7640862220341521,train
SG GAPOI,BENTONG,2025-04-01,2025,4,2,1,0,0.652978776341138,train
SG GAPOI,BENTONG,2025-05-01,2025,5,1,0,1,0.8348628708649167,train
SG GAPOI,BENTONG,2025-06-01,2025,6,2,1,1,0.7429273963048872,test
SG GAPOI,BENTONG,2025-07-01,2025,7,3,1,1,0.6702048608839649,test
SG GAPOI,BENTONG,2025-08-01,2025,8,3,1,1,0.6277379118358823,test
SG GAPOI,BENTONG,2025-09-01,2025,9,3,1,1,0.6641423278599697,test
SG GAPOI,BENTONG,2025-10-01,2025,10,2,1,1,0.7877130378757704,test
SG GAPOI,BENTONG,2025-11-01,2025,11,2,1,1,0.8079362228557112,test
SG JELAI,LIPIS,2023-01-01,2023,1,10,1,1,0.9937481219760632,train
SG JELAI,LIPIS,2023-02-01,2023,2,9,1,1,1.0,train
SG JELAI,LIPIS,2023-03-01,2023,3,17,1,1,0.9989880952380953,train
SG JELAI,LIPIS,2023-04-01,2023,4,6,1,1,1.0,train
SG JELAI,LIPIS,2023-05-01,2023,5,11,1,1,1.0,train
SG JELAI,LIPIS,2023-06-01,2023,6,9,1,1,1.0,train
SG JELAI,LIPIS,2023-07-01,2023,7,14,1,1,1.0,train
SG JELAI,LIPIS,2023-08-01,2023,8,17,1,1,0.9994047619047619,train
SG JELAI,LIPIS,2023-09-01,2023,9,15,1,1,1.0,train
SG JELAI,LIPIS,2023-10-01,2023,10,8,1,1,1.0,train
SG JELAI,LIPIS,2023-11-01,2023,11,6,1,1,1.0,train
SG JELAI,LIPIS,2023-12-01,2023,12,10,1,1,1.0,train
SG JELAI,LIPIS,2024-01-01,2024,1,10,1,1,1.0,train
SG JELAI,LIPIS,2024-02-01,2024,2,7,1,1,1.0,train
SG JELAI,LIPIS,2024-03-01,2024,3,17,1,1,0.9994047619047619,train
SG JELAI,LIPIS,2024-04-01,2024,4,17,1,1,0.9994047619047619,train
SG JELAI,LIPIS,2024-05-01,2024,5,13,1,1,1.0,train
SG JELAI,LIPIS,2024-06-01,2024,6,9,1,1,1.0,train
SG JELAI,LIPIS,2024-07-01,2024,7,12,1,1,1.0,train
SG JELAI,LIPIS,2024-08-01,2024,8,11,1,1,1.0,train
SG JELAI,LIPIS,2024-09-01,2024,9,8,1,1,0.9990625,train
SG JELAI,LIPIS,2024-10-01,2024,10,14,1,1,1.0,train
SG JELAI,LIPIS,2024-11-01,2024,11,17,1,1,0.9994047619047619,train
SG JELAI,LIPIS,2024-12-01,2024,12,16,1,1,1.0,train
SG JELAI,LIPIS,2025-01-01,2025,1,15,1,1,1.0,train
SG JELAI,LIPIS,2025-02-01,2025,2,16,1,1,1.0,train
SG JELAI,LIPIS,2025-03-01,2025,3,7,1,1,0.9982500000000001,train
SG JELAI,LIPIS,2025-04-01,2025,4,10,1,1,0.9969038461538462,train
SG JELAI,LIPIS,2025-05-01,2025,5,13,1,1,1.0,train
SG JELAI,LIPIS,2025-06-01,2025,6,16,1,1,0.9986538461538461,test
SG JELAI,LIPIS,2025-07-01,2025,7,10,1,1,0.9977163461538461,test
SG JELAI,LIPIS,2025-08-01,2025,8,11,1,1,0.9977163461538461,test
SG JELAI,LIPIS,2025-09-01,2025,9,8,1,1,1.0,test
SG JELAI,LIPIS,2025-10-01,2025,10,7,1,1,0.9986666666666667,test
SG JELAI,LIPIS,2025-11-01,2025,11,16,1,1,1.0,test
SG KERATONG,ROMPIN,2023-01-01,2023,1,1,0,0,0.005664075049465074,train
SG KERATONG,ROMPIN,2023-02-01,2023,2,1,0,0,0.005358741286196191,train
SG KERATONG,ROMPIN,2023-03-01,2023,3,1,0,0,0.012343572391791367,train
SG KERATONG,ROMPIN,2023-04-01,2023,4,1,0,0,0.007317931578225697,train
SG KERATONG,ROMPIN,2023-05-01,2023,5,1,0,0,0.0215725562852666,train
SG KERATONG,ROMPIN,2023-06-01,2023,6,1,0,0,0.009729743435062117,train
SG KERATONG,ROMPIN,2023-07-01,2023,7,1,0,0,0.02584667594766806,train
SG KERATONG,ROMPIN,2023-08-01,2023,8,1,0,0,0.015059156067960244,train
SG KERATONG,ROMPIN,2023-09-01,2023,9,1,0,0,0.011211572036494637,train
SG KERATONG,ROMPIN,2023-10-01,2023,10,1,0,0,0.017994484780193654,train
SG KERATONG,ROMPIN,2023-11-01,2023,11,1,0,0,0.010102406322607562,train
SG KERATONG,ROMPIN,2023-12-01,2023,12,1,0,0,0.011118672697271768,train
SG KERATONG,ROMPIN,2024-01-01,2024,1,1,0,0,0.008366603376413748,train
SG KERATONG,ROMPIN,2024-02-01,2024,2,1,0,0,0.014778901034330159,train
SG KERATONG,ROMPIN,2024-03-01,2024,3,1,0,0,0.008580799714990891,train
SG KERATONG,ROMPIN,2024-04-01,2024,4,1,0,0,0.010158426096271028,train
SG KERATONG,ROMPIN,2024-05-01,2024,5,1,0,0,0.02468202439451934,train
SG KERATONG,ROMPIN,2024-06-01,2024,6,1,0,0,0.005377940088671072,train
SG KERATONG,ROMPIN,2024-07-01,2024,7,1,0,0,0.012845956001137552,train
SG KERATONG,ROMPIN,2024-08-01,2024,8,1,0,0,0.013224357754388714,train
SG KERATONG,ROMPIN,2024-09-01,2024,9,1,0,0,0.0071304387649748745,train
SG KERATONG,ROMPIN,2024-10-01,2024,10,0,0,0,0.011304323443584278,train
SG KERATONG,ROMPIN,2024-11-01,2024,11,1,0,0,0.025358518245301453,train
SG KERATONG,ROMPIN,2024-12-01,2024,12,1,0,0,0.008831250979412746,train
SG KERATONG,ROMPIN,2025-01-01,2025,1,1,0,0,0.015617691304991967,train
SG KERATONG,ROMPIN,2025-02-01,2025,2,1,0,0,0.026960209218960397,train
SG KERATONG,ROMPIN,2025-03-01,2025,3,0,0,0,0.008622501295119583,train
SG KERATONG,ROMPIN,2025-04-01,2025,4,1,0,0,0.006046568484106341,train
SG KERATONG,ROMPIN,2025-05-01,2025,5,1,0,0,0.007765026640026641,train
SG KERATONG,ROMPIN,2025-06-01,2025,6,1,0,0,0.036053866563528915,test
SG KERATONG,ROMPIN,2025-07-01,2025,7,1,0,0,0.02040835257167788,test
SG KERATONG,ROMPIN,2025-08-01,2025,8,1,0,0,0.040549177433744664,test
SG KERATONG,ROMPIN,2025-09-01,2025,9,1,0,0,0.06967123563570932,test
SG KERATONG,ROMPIN,2025-10-01,2025,10,1,0,0,0.008792275249260543,test
SG KERATONG,ROMPIN,2025-11-01,2025,11,1,0,0,0.015344993560491946,test
SG KLAU,RAUB,2023-01-01,2023,1,1,0,0,0.03260874195611835,train
SG KLAU,RAUB,2023-02-01,2023,2,1,0,0,0.020040186664678578,train
SG KLAU,RAUB,2023-03-01,2023,3,1,0,0,0.018777696132335108,train
SG KLAU,RAUB,2023-04-01,2023,4,1,0,0,0.015542836608325318,train
SG KLAU,RAUB,2023-05-01,2023,5,1,0,0,0.00574683013954624,train
SG KLAU,RAUB,2023-06-01,2023,6,0,0,0,0.02402551954646112,train
SG KLAU,RAUB,2023-07-01,2023,7,1,0,0,0.013241937447136719,train
SG KLAU,RAUB,2023-08-01,2023,8,1,0,0,0.014566402559468639,train
SG KLAU,RAUB,2023-09-01,2023,9,1,0,0,0.009635887410924429,train
SG KLAU,RAUB,2023-10-01,2023,10,0,0,0,0.011809937521292512,train
SG KLAU,RAUB,2023-11-01,2023,11,1,0,0,0.007215123526807466,train
SG KLAU,RAUB,2023-12-01,2023,12,1,0,0,0.011521750739560587,train
SG KLAU,RAUB,2024-01-01,2024,1,1,0,0,0.012087464058689998,train
SG KLAU,RAUB,2024-02-01,2024,2,0,0,0,0.01633923621742894,train
SG KLAU,RAUB,2024-03-01,2024,3,1,0,0,0.003600084674865991,train
SG KLAU,RAUB,2024-04-01,2024,4,1,0,0,0.006754680186853145,train
SG KLAU,RAUB,2024-05-01,2024,5,1,0,0,0.013139333071743222,train
SG KLAU,RAUB,2024-06-01,2024,6,1,0,0,0.016294670455644814,train
SG KLAU,RAUB,2024-07-01,2024,7,1,0,0,0.0208774000871625,train
SG KLAU,RAUB,2024-08-01,2024,8,1,0,0,0.008639713672758216,train
SG KLAU,RAUB,2024-09-01,2024,9,1,0,0,0.006171871208205224,train
SG KLAU,RAUB,2024-10-01,2024,10,0,0,0,0.006735214483698519,train
SG KLAU,RAUB,2024-11-01,2024,11,1,0,0,0.011764378380477449,train
SG KLAU,RAUB,2024-12-01,2024,12,1,0,0,0.009859708091615987,train
SG KLAU,RAUB,2025-01-01,2025,1,1,0,0,0.009422216219583801,train
SG KLAU,RAUB,2025-02-01,2025,2,1,0,0,0.021347478772237315,train
SG KLAU,RAUB,2025-03-01,2025,3,0,0,0,0.0343638709139382,train
SG KLAU,RAUB,2025-04-01,2025,4,1,0,0,0.0032880025683759907,train
SG KLAU,RAUB,2025-05-01,2025,5,1,0,0,0.010942767397773175,train
SG KLAU,RAUB,2025-06-01,2025,6,0,0,0,0.022552860072354616,test
SG KLAU,RAUB,2025-07-01,2025,7,1,0,0,0.033286168901863714,test
SG KLAU,RAUB,2025-08-01,2025,8,1,0,0,0.04032647097738251,test
SG KLAU,RAUB,2025-09-01,2025,9,1,0,0,0.0037565800435324127,test
SG KLAU,RAUB,2025-10-01,2025,10,1,0,0,0.008130572118989557,test
SG KLAU,RAUB,2025-11-01,2025,11,1,0,0,0.0025625471342383107,test
SG KLOI,RAUB,2023-01-01,2023,1,1,0,0,0.17133625205014585,train
SG KLOI,RAUB,2023-02-01,2023,2,1,0,0,0.13212652174570538,train
SG KLOI,RAUB,2023-03-01,2023,3,1,0,0,0.22151695511038239,train
SG KLOI,RAUB,2023-04-01,2023,4,1,0,0,0.11603145556461651,train
SG KLOI,RAUB,2023-05-01,2023,5,1,0,0,0.1912148969878753,train
SG KLOI,RAUB,2023-06-01,2023,6,1,0,0,0.1686915551179893,train
SG KLOI,RAUB,2023-07-01,2023,7,1,0,0,0.1622850665515786,train
SG KLOI,RAUB,2023-08-01,2023,8,1,0,0,0.17855022305047757,train
SG KLOI,RAUB,2023-09-01,2023,9,1,0,0,0.11047192449920804,train
SG KLOI,RAUB,2023-10-01,2023,10,1,0,1,0.3560050394358264,train
SG KLOI,RAUB,2023-11-01,2023,11,2,1,0,0.18525336202817197,train
SG KLOI,RAUB,2023-12-01,2023,12,1,0,0,0.16243186400767365,train
SG KLOI,RAUB,2024-01-01,2024,1,1,0,0,0.18038185490251857,train
SG KLOI,RAUB,2024-02-01,2024,2,1,0,0,0.21642122663243324,train
SG KLOI,RAUB,2024-03-01,2024,3,1,0,1,0.3698331161131155,train
SG KLOI,RAUB,2024-04-01,2024,4,2,1,0,0.29516596442872545,train
SG KLOI,RAUB,2024-05-01,2024,5,1,0,0,0.2553651668117083,train
SG KLOI,RAUB,2024-06-01,2024,6,1,0,1,0.3493143123571825,train
SG KLOI,RAUB,2024-07-01,2024,7,2,1,1,0.46320201686509416,train
SG KLOI,RAUB,2024-08-01,2024,8,2,1,1,0.46447397295724635,train
SG KLOI,RAUB,2024-09-01,2024,9,2,1,0,0.3461306270623228,train
SG KLOI,RAUB,2024-10-01,2024,10,1,0,0,0.20189621789897205,train
SG KLOI,RAUB,2024-11-01,2024,11,1,0,1,0.4008342765989308,train
SG KLOI,RAUB,2024-12-01,2024,12,2,1,0,0.29164409898171945,train
SG KLOI,RAUB,2025-01-01,2025,1,1,0,0,0.224631867227216,train
SG KLOI,RAUB,2025-02-01,2025,2,1,0,0,0.17919282702395417,train
SG KLOI,RAUB,2025-03-01,2025,3,1,0,0,0.19435370600963897,train
SG KLOI,RAUB,2025-04-01,2025,4,1,0,0,0.22390391311027408,train
SG KLOI,RAUB,2025-05-01,2025,5,1,0,0,0.2616635506740495,train
SG KLOI,RAUB,2025-06-01,2025,6,1,0,0,0.30339188094137937,test
SG KLOI,RAUB,2025-07-01,2025,7,1,0,0,0.31820700054493495,test
SG KLOI,RAUB,2025-08-01,2025,8,1,0,0,0.2819793080239263,test
SG KLOI,RAUB,2025-09-01,2025,9,1,0,0,0.22293714339266643,test
SG KLOI,RAUB,2025-10-01,2025,10,1,0,0,0.21519130196696656,test
SG KLOI,RAUB,2025-11-01,2025,11,1,0,0,0.2981659699445436,test
SG SEMANTAN,RAUB,2023-01-01,2023,1,2,1,1,0.8712667647234917,train
SG SEMANTAN,RAUB,2023-02-01,2023,2,2,1,1,0.8016760146967709,train
SG SEMANTAN,RAUB,2023-03-01,2023,3,2,1,1,0.77030695839942,train
SG SEMANTAN,RAUB,2023-04-01,2023,4,2,1,1,0.7438477803191362,train
SG SEMANTAN,RAUB,2023-05-01,2023,5,3,1,1,0.7513976487036402,train
SG SEMANTAN,RAUB,2023-06-01,2023,6,3,1,1,0.7529550963757063,train
SG SEMANTAN,RAUB,2023-07-01,2023,7,2,1,1,0.8138880989841762,train
SG SEMANTAN,RAUB,2023-08-01,2023,8,3,1,1,0.6682962268593724,train
SG SEMANTAN,RAUB,2023-09-01,2023,9,3,1,0,0.5246838984656936,train
SG SEMANTAN,RAUB,2023-10-01,2023,10,1,0,1,0.8326296134007118,train
SG SEMANTAN,RAUB,2023-11-01,2023,11,3,1,0,0.6146943933642776,train
SG SEMANTAN,RAUB,2023-12-01,2023,12,1,0,1,0.6975721057054131,train
SG SEMANTAN,RAUB,2024-01-01,2024,1,2,1,1,0.780954874139815,train
SG SEMANTAN,RAUB,2024-02-01,2024,2,2,1,0,0.596492301243064,train
SG SEMANTAN,RAUB,2024-03-01,2024,3,1,0,0,0.6282935040989291,train
SG SEMANTAN,RAUB,2024-04-01,2024,4,1,0,1,0.8336543380381601,train
SG SEMANTAN,RAUB,2024-05-01,2024,5,2,1,1,0.8089015149523563,train
SG SEMANTAN,RAUB,2024-06-01,2024,6,2,1,1,0.8118161831723721,train
SG SEMANTAN,RAUB,2024-07-01,2024,7,2,1,0,0.5840666907851706,train
SG SEMANTAN,RAUB,2024-08-01,2024,8,1,0,1,0.8607052009966002,train
SG SEMANTAN,RAUB,2024-09-01,2024,9,2,1,1,0.7462560804574474,train
SG SEMANTAN,RAUB,2024-10-01,2024,10,3,1,0,0.5678955889540073,train
SG SEMANTAN,RAUB,2024-11-01,2024,11,1,0,1,0.8294034740727934,train
SG SEMANTAN,RAUB,2024-12-01,2024,12,3,1,1,0.738107715056453,train
SG SEMANTAN,RAUB,2025-01-01,2025,1,3,1,1,0.7204145068069988,train
SG SEMANTAN,RAUB,2025-02-01,2025,2,2,1,1,0.7805336718601547,train
SG SEMANTAN,RAUB,2025-03-01,2025,3,2,1,1,0.6597932039305531,train
SG SEMANTAN,RAUB,2025-04-01,2025,4,3,1,0,0.547637523200859,train
SG SEMANTAN,RAUB,2025-05-01,2025,5,1,0,1,0.857395017247437,train
SG SEMANTAN,RAUB,2025-06-01,2025,6,2,1,1,0.7093885433103765,test
SG SEMANTAN,RAUB,2025-07-01,2025,7,2,1,1,0.6681944859180257,test
SG SEMANTAN,RAUB,2025-08-01,2025,8,2,1,1,0.6886825950338793,test
SG SEMANTAN,RAUB,2025-09-01,2025,9,3,1,1,0.5221425961126256,test
SG SEMANTAN,RAUB,2025-10-01,2025,10,2,1,1,0.7671131470069033,test
SG SEMANTAN,RAUB,2025-11-01,2025,11,3,1,1,0.6230629746358783,test
SG TEKAM UTARA,JERANTUT,2023-01-01,2023,1,1,0,0,0.08816430450718798,train
SG TEKAM UTARA,JERANTUT,2023-02-01,2023,2,1,0,0,0.09697759245074941,train
SG TEKAM UTARA,JERANTUT,2023-03-01,2023,3,1,0,0,0.06730368982567145,train
SG TEKAM UTARA,JERANTUT,2023-04-01,2023,4,1,0,0,0.11441690486588466,train
SG TEKAM UTARA,JERANTUT,2023-05-01,2023,5,1,0,0,0.08282924645228204,train
SG TEKAM UTARA,JERANTUT,2023-06-01,2023,6,1,0,0,0.10316839247824103,train
SG TEKAM UTARA,JERANTUT,2023-07-01,2023,7,1,0,0,0.09372358777450104,train
SG TEKAM UTARA,JERANTUT,2023-08-01,2023,8,1,0,0,0.07038586177130923,train
SG TEKAM UTARA,JERANTUT,2023-09-01,2023,9,1,0,0,0.1309734504722318,train
SG TEKAM UTARA,JERANTUT,2023-10-01,2023,10,1,0,1,0.22793756606301568,train
SG TEKAM UTARA,JERANTUT,2023-11-01,2023,11,2,1,1,0.28959443766895926,train
SG TEKAM UTARA,JERANTUT,2023-12-01,2023,12,2,1,0,0.20997338974204266,train
SG TEKAM UTARA,JERANTUT,2024-01-01,2024,1,1,0,0,0.13327287904049026,train
SG TEKAM UTARA,JERANTUT,2024-02-01,2024,2,1,0,0,0.1374699168854297,train
SG TEKAM UTARA,JERANTUT,2024-03-01,2024,3,1,0,0,0.11475408911917871,train
SG TEKAM UTARA,JERANTUT,2024-04-01,2024,4,1,0,0,0.14531644844931568,train
SG TEKAM UTARA,JERANTUT,2024-05-01,2024,5,1,0,0,0.16090511931875795,train
SG TEKAM UTARA,JERANTUT,2024-06-01,2024,6,1,0,0,0.12571557306434009,train
SG TEKAM UTARA,JERANTUT,2024-07-01,2024,7,1,0,0,0.13240470028813947,train
SG TEKAM UTARA,JERANTUT,2024-08-01,2024,8,1,0,1,0.24657469021358758,train
SG TEKAM UTARA,JERANTUT,2024-09-01,2024,9,2,1,0,0.19772642451253844,train
SG TEKAM UTARA,JERANTUT,2024-10-01,2024,10,1,0,0,0.15284132988452664,train
SG TEKAM UTARA,JERANTUT,2024-11-01,2024,11,1,0,0,0.2204818902729352,train
SG TEKAM UTARA,JERANTUT,2024-12-01,2024,12,1,0,1,0.2627096166899914,train
SG TEKAM UTARA,JERANTUT,2025-01-01,2025,1,2,1,0,0.14626384196233694,train
SG TEKAM UTARA,JERANTUT,2025-02-01,2025,2,1,0,0,0.17862709516212638,train
SG TEKAM UTARA,JERANTUT,2025-03-01,2025,3,1,0,1,0.3110676231984948,train
SG TEKAM UTARA,JERANTUT,2025-04-01,2025,4,2,1,0,0.2166786514240944,train
SG TEKAM UTARA,JERANTUT,2025-05-01,2025,5,1,0,1,0.3326469782143814,train
SG TEKAM UTARA,JERANTUT,2025-06-01,2025,6,2,1,1,0.23793645929776244,test
SG TEKAM UTARA,JERANTUT,2025-07-01,2025,7,2,1,0,0.25615856607628124,test
SG TEKAM UTARA,JERANTUT,2025-08-01,2025,8,1,0,0,0.21937881564925735,test
SG TEKAM UTARA,JERANTUT,2025-09-01,2025,9,1,0,0,0.22321200593165982,test
SG TEKAM UTARA,JERANTUT,2025-10-01,2025,10,0,0,0,0.29343460330643817,test
SG TEKAM UTARA,JERANTUT,2025-11-01,2025,11,1,0,0,0.2372870291751461,test
SG TEMAU,LIPIS,2023-01-01,2023,1,2,1,0,0.41386214319854875,train
SG TEMAU,LIPIS,2023-02-01,2023,2,1,0,0,0.3471512355821407,train
SG TEMAU,LIPIS,2023-03-01,2023,3,1,0,1,0.5187691087371217,train
SG TEMAU,LIPIS,2023-04-01,2023,4,2,1,0,0.4250693459572372,train
SG TEMAU,LIPIS,2023-05-01,2023,5,1,0,0,0.3550876517887081,train
SG TEMAU,LIPIS,2023-06-01,2023,6,1,0,0,0.451856148349634,train
SG TEMAU,LIPIS,2023-07-01,2023,7,1,0,1,0.6368658706228105,train
SG TEMAU,LIPIS,2023-08-01,2023,8,2,1,1,0.6019263496531526,train
SG TEMAU,LIPIS,2023-09-01,2023,9,2,1,0,0.45363534547832357,train
SG TEMAU,LIPIS,2023-10-01,2023,10,1,0,1,0.5370840000036905,train
SG TEMAU,LIPIS,2023-11-01,2023,11,2,1,0,0.28617246426163867,train
SG TEMAU,LIPIS,2023-12-01,2023,12,1,0,1,0.5313724155210248,train
SG TEMAU,LIPIS,2024-01-01,2024,1,2,1,1,0.5249209696585967,train
SG TEMAU,LIPIS,2024-02-01,2024,2,2,1,0,0.28929982011039246,train
SG TEMAU,LIPIS,2024-03-01,2024,3,1,0,0,0.32581944113932293,train
SG TEMAU,LIPIS,2024-04-01,2024,4,1,0,0,0.336276202418764,train
SG TEMAU,LIPIS,2024-05-01,2024,5,1,0,0,0.4418920928791393,train
SG TEMAU,LIPIS,2024-06-01,2024,6,1,0,0,0.39629814878501796,train
SG TEMAU,LIPIS,2024-07-01,2024,7,1,0,1,0.6122630682969403,train
SG TEMAU,LIPIS,2024-08-01,2024,8,2,1,1,0.6615041502189151,train
SG TEMAU,LIPIS,2024-09-01,2024,9,2,1,0,0.39852238097264087,train
SG TEMAU,LIPIS,2024-10-01,2024,10,1,0,1,0.5518935108239299,train
SG TEMAU,LIPIS,2024-11-01,2024,11,2,1,0,0.31755651434972565,train
SG TEMAU,LIPIS,2024-12-01,2024,12,1,0,1,0.4552476131058739,train
SG TEMAU,LIPIS,2025-01-01,2025,1,2,1,0,0.31141465819497816,train
SG TEMAU,LIPIS,2025-02-01,2025,2,1,0,0,0.3168956138140051,train
SG TEMAU,LIPIS,2025-03-01,2025,3,1,0,0,0.3986700995863244,train
SG TEMAU,LIPIS,2025-04-01,2025,4,1,0,1,0.496198267136719,train
SG TEMAU,LIPIS,2025-05-01,2025,5,2,1,1,0.569763186818933,train
SG TEMAU,LIPIS,2025-06-01,2025,6,2,1,1,0.567236891335574,test
SG TEMAU,LIPIS,2025-07-01,2025,7,2,1,0,0.5343619361517067,test
SG TEMAU,LIPIS,2025-08-01,2025,8,1,0,1,0.43353670521152166,test
SG TEMAU,LIPIS,2025-09-01,2025,9,2,1,1,0.47307667842776296,test
SG TEMAU,LIPIS,2025-10-01,2025,10,2,1,0,0.46004600139458485,test
SG TEMAU,LIPIS,2025-11-01,2025,11,1,0,0,0.3648163363785752,test
SG. LEMBING,KUANTAN,2023-01-01,2023,1,3,1,0,0.5770430485768994,train
SG. LEMBING,KUANTAN,2023-02-01,2023,2,1,0,0,0.5209496875038228,train
SG. LEMBING,KUANTAN,2023-03-01,2023,3,1,0,0,0.5730068925393237,train
SG. LEMBING,KUANTAN,2023-04-01,2023,4,1,0,1,0.71060709234671,train
SG. LEMBING,KUANTAN,2023-05-01,2023,5,2,1,1,0.8073356022950968,train
SG. LEMBING,KUANTAN,2023-06-01,2023,6,3,1,1,0.7541553712236054,train
SG. LEMBING,KUANTAN,2023-07-01,2023,7,2,1,1,0.7290493224710324,train
SG. LEMBING,KUANTAN,2023-08-01,2023,8,2,1,0,0.5874136093637947,train
SG. LEMBING,KUANTAN,2023-09-01,2023,9,1,0,0,0.5908860144821324,train
SG. LEMBING,KUANTAN,2023-10-01,2023,10,1,0,0,0.5264990122217746,train
SG. LEMBING,KUANTAN,2023-11-01,2023,11,1,0,1,0.753529407076678,train
SG. LEMBING,KUANTAN,2023-12-01,2023,12,2,1,1,0.6529828935595481,train
SG. LEMBING,KUANTAN,2024-01-01,2024,1,2,1,1,0.7379334567059385,train
SG. LEMBING,KUANTAN,2024-02-01,2024,2,3,1,0,0.4544009899080642,train
SG. LEMBING,KUANTAN,2024-03-01,2024,3,1,0,0,0.5599330814759639,train
SG. LEMBING,KUANTAN,2024-04-01,2024,4,1,0,0,0.5355002720711451,train
SG. LEMBING,KUANTAN,2024-05-01,2024,5,1,0,1,0.7007974091741553,train
SG. LEMBING,KUANTAN,2024-06-01,2024,6,2,1,0,0.5335715678925496,train
SG. LEMBING,KUANTAN,2024-07-01,2024,7,1,0,1,0.7840216024709334,train
SG. LEMBING,KUANTAN,2024-08-01,2024,8,2,1,1,0.7915813330726503,train
SG. LEMBING,KUANTAN,2024-09-01,2024,9,2,1,1,0.7980908172981986,train
SG. LEMBING,KUANTAN,2024-10-01,2024,10,2,1,1,0.7481609293877728,train
SG. LEMBING,KUANTAN,2024-11-01,2024,11,3,1,1,0.6791920149790375,train
SG. LEMBING,KUANTAN,2024-12-01,2024,12,3,1,0,0.5038171169883168,train
SG. LEMBING,KUANTAN,2025-01-01,2025,1,1,0,0,0.5424125074505013,train
SG. LEMBING,KUANTAN,2025-02-01,2025,2,1,0,1,0.634091320168528,train
SG. LEMBING,KUANTAN,2025-03-01,2025,3,2,1,0,0.49098424737403135,train
SG. LEMBING,KUANTAN,2025-04-01,2025,4,1,0,1,0.6949404380171615,train
SG. LEMBING,KUANTAN,2025-05-01,2025,5,2,1,1,0.7489112774386052,train
SG. LEMBING,KUANTAN,2025-06-01,2025,6,3,1,0,0.6825710398466702,test
SG. LEMBING,KUANTAN,2025-07-01,2025,7,1,0,1,0.6541623892217694,test
SG. LEMBING,KUANTAN,2025-08-01,2025,8,3,1,1,0.5776491925474891,test
SG. LEMBING,KUANTAN,2025-09-01,2025,9,3,1,1,0.6482212342986471,test
SG. LEMBING,KUANTAN,2025-10-01,2025,10,3,1,1,0.583800868605306,test
SG. LEMBING,KUANTAN,2025-11-01,2025,11,2,1,0,0.7059927393360703,test
SIMPANG JENGKA,MARAN,2023-01-01,2023,1,1,0,0,0.41838179319737023,train
SIMPANG JENGKA,MARAN,2023-02-01,2023,2,1,0,1,0.5259642950447557,train
SIMPANG JENGKA,MARAN,2023-03-01,2023,3,2,1,1,0.6726987664201021,train
SIMPANG JENGKA,MARAN,2023-04-01,2023,4,2,1,1,0.7288283878395281,train
SIMPANG JENGKA,MARAN,2023-05-01,2023,5,3,1,1,0.7591146356659391,train
SIMPANG JENGKA,MARAN,2023-06-01,2023,6,3,1,1,0.6874432713725076,train
SIMPANG JENGKA,MARAN,2023-07-01,2023,7,2,1,0,0.6373394233453156,train
SIMPANG JENGKA,MARAN,2023-08-01,2023,8,1,0,1,0.7065243393605312,train
SIMPANG JENGKA,MARAN,2023-09-01,2023,9,3,1,1,0.7343733431654718,train
SIMPANG JENGKA,MARAN,2023-10-01,2023,10,2,1,1,0.7920564883413701,train
SIMPANG JENGKA,MARAN,2023-11-01,2023,11,3,1,1,0.7224048368103964,train
SIMPANG JENGKA,MARAN,2023-12-01,2023,12,3,1,1,0.766943258365199,train
SIMPANG JENGKA,MARAN,2024-01-01,2024,1,2,1,1,0.7295146521062453,train
SIMPANG JENGKA,MARAN,2024-02-01,2024,2,2,1,1,0.6922276278176324,train
SIMPANG JENGKA,MARAN,2024-03-01,2024,3,2,1,1,0.7906485048250766,train
SIMPANG JENGKA,MARAN,2024-04-01,2024,4,2,1,1,0.786889791051681,train
SIMPANG JENGKA,MARAN,2024-05-01,2024,5,2,1,1,0.7202467168362271,train
SIMPANG JENGKA,MARAN,2024-06-01,2024,6,2,1,0,0.5686310246768117,train
SIMPANG JENGKA,MARAN,2024-07-01,2024,7,1,0,1,0.6596508652795222,train
SIMPANG JENGKA,MARAN,2024-08-01,2024,8,2,1,1,0.6814431739244488,train
SIMPANG JENGKA,MARAN,2024-09-01,2024,9,2,1,0,0.5800115818345966,train
SIMPANG JENGKA,MARAN,2024-10-01,2024,10,1,0,1,0.7345544543541044,train
SIMPANG JENGKA,MARAN,2024-11-01,2024,11,2,1,1,0.713855912697647,train
SIMPANG JENGKA,MARAN,2024-12-01,2024,12,3,1,1,0.6854448228925976,train
SIMPANG JENGKA,MARAN,2025-01-01,2025,1,2,1,1,0.6785589844784292,train
SIMPANG JENGKA,MARAN,2025-02-01,2025,2,2,1,0,0.5151922157230048,train
SIMPANG JENGKA,MARAN,2025-03-01,2025,3,1,0,0,0.4650300315221438,train
SIMPANG JENGKA,MARAN,2025-04-01,2025,4,1,0,0,0.5124469346041306,train
SIMPANG JENGKA,MARAN,2025-05-01,2025,5,1,0,0,0.4963945060301658,train
SIMPANG JENGKA,MARAN,2025-06-01,2025,6,1,0,0,0.5088725597883795,test
SIMPANG JENGKA,MARAN,2025-07-01,2025,7,1,0,0,0.5091922404488358,test
SIMPANG JENGKA,MARAN,2025-08-01,2025,8,1,0,1,0.4941686887458046,test
SIMPANG JENGKA,MARAN,2025-09-01,2025,9,2,1,0,0.5695386582656526,test
SIMPANG JENGKA,MARAN,2025-10-01,2025,10,1,0,1,0.5508441222523094,test
SIMPANG JENGKA,MARAN,2025-11-01,2025,11,2,1,0,0.6357632210039476,test
TERLA,CAMERON HIGHLANDS,2023-01-01,2023,1,1,0,0,0.12372776968943602,train
TERLA,CAMERON HIGHLANDS,2023-02-01,2023,2,1,0,0,0.1845068208591123,train
TERLA,CAMERON HIGHLANDS,2023-03-01,2023,3,1,0,0,0.12399464435315875,train
TERLA,CAMERON HIGHLANDS,2023-04-01,2023,4,1,0,0,0.10132323468130824,train
TERLA,CAMERON HIGHLANDS,2023-05-01,2023,5,1,0,0,0.0965095293131797,train
TERLA,CAMERON HIGHLANDS,2023-06-01,2023,6,1,0,0,0.11496270014263947,train
TERLA,CAMERON HIGHLANDS,2023-07-01,2023,7,1,0,0,0.11765871158238678,train
TERLA,CAMERON HIGHLANDS,2023-08-01,2023,8,1,0,0,0.10192410617100962,train
TERLA,CAMERON HIGHLANDS,2023-09-01,2023,9,1,0,0,0.07520627983504631,train
TERLA,CAMERON HIGHLANDS,2023-10-01,2023,10,1,0,0,0.1136348285566153,train
TERLA,CAMERON HIGHLANDS,2023-11-01,2023,11,1,0,0,0.16972094481060826,train
TERLA,CAMERON HIGHLANDS,2023-12-01,2023,12,1,0,0,0.12118043577301295,train
TERLA,CAMERON HIGHLANDS,2024-01-01,2024,1,1,0,0,0.2296293101191387,train
TERLA,CAMERON HIGHLANDS,2024-02-01,2024,2,1,0,0,0.11798501646891996,train
TERLA,CAMERON HIGHLANDS,2024-03-01,2024,3,1,0,1,0.27573301975858017,train
TERLA,CAMERON HIGHLANDS,2024-04-01,2024,4,2,1,0,0.1583775678831237,train
TERLA,CAMERON HIGHLANDS,2024-05-01,2024,5,1,0,0,0.15727400616809503,train
TERLA,CAMERON HIGHLANDS,2024-06-01,2024,6,1,0,1,0.28729922175573025,train
TERLA,CAMERON HIGHLANDS,2024-07-01,2024,7,2,1,0,0.16263306553062423,train
TERLA,CAMERON HIGHLANDS,2024-08-01,2024,8,1,0,0,0.12906759431313516,train
TERLA,CAMERON HIGHLANDS,2024-09-01,2024,9,1,0,0,0.1303053740071403,train
TERLA,CAMERON HIGHLANDS,2024-10-01,2024,10,1,0,0,0.2059597983441335,train
TERLA,CAMERON HIGHLANDS,2024-11-01,2024,11,1,0,0,0.16279596776959246,train
TERLA,CAMERON HIGHLANDS,2024-12-01,2024,12,1,0,0,0.1602914953181853,train
TERLA,CAMERON HIGHLANDS,2025-01-01,2025,1,1,0,0,0.19904277636032508,train
TERLA,CAMERON HIGHLANDS,2025-02-01,2025,2,1,0,1,0.2624507278700484,train
TERLA,CAMERON HIGHLANDS,2025-03-01,2025,3,2,1,1,0.361431411327931,train
TERLA,CAMERON HIGHLANDS,2025-04-01,2025,4,2,1,0,0.18206433551971504,train
TERLA,CAMERON HIGHLANDS,2025-05-01,2025,5,1,0,0,0.16767996493444723,train
TERLA,CAMERON HIGHLANDS,2025-06-01,2025,6,1,0,0,0.18174927675816271,test
TERLA,CAMERON HIGHLANDS,2025-07-01,2025,7,1,0,0,0.1904677268179301,test
TERLA,CAMERON HIGHLANDS,2025-08-01,2025,8,1,0,0,0.20381934515383293,test
TERLA,CAMERON HIGHLANDS,2025-09-01,2025,9,1,0,0,0.19301006326143683,test
TERLA,CAMERON HIGHLANDS,2025-10-01,2025,10,1,0,0,0.1524976513055189,test
TERLA,CAMERON HIGHLANDS,2025-11-01,2025,11,1,0,1,0.19717464671389714,test
TRAS,RAUB,2023-01-01,2023,1,1,0,0,0.086168929399752,train
TRAS,RAUB,2023-02-01,2023,2,1,0,0,0.0897743995970078,train
TRAS,RAUB,2023-03-01,2023,3,1,0,0,0.16049771906980317,train
TRAS,RAUB,2023-04-01,2023,4,1,0,0,0.1045032366897061,train
TRAS,RAUB,2023-05-01,2023,5,1,0,0,0.13477751105251198,train
TRAS,RAUB,2023-06-01,2023,6,1,0,1,0.258287447382059,train
TRAS,RAUB,2023-07-01,2023,7,2,1,0,0.1053973824530141,train
TRAS,RAUB,2023-08-01,2023,8,1,0,0,0.07860354022392235,train
TRAS,RAUB,2023-09-01,2023,9,1,0,0,0.04633195235492276,train
TRAS,RAUB,2023-10-01,2023,10,1,0,0,0.12966571842171606,train
TRAS,RAUB,2023-11-01,2023,11,1,0,0,0.16031827416177766,train
TRAS,RAUB,2023-12-01,2023,12,1,0,0,0.13342744028995546,train
TRAS,RAUB,2024-01-01,2024,1,1,0,0,0.13279343002298222,train
TRAS,RAUB,2024-02-01,2024,2,1,0,1,0.2509742750854081,train
TRAS,RAUB,2024-03-01,2024,3,2,1,0,0.14667830035474064,train
TRAS,RAUB,2024-04-01,2024,4,1,0,0,0.060559082614776966,train
TRAS,RAUB,2024-05-01,2024,5,1,0,0,0.09338008862685196,train
TRAS,RAUB,2024-06-01,2024,6,1,0,0,0.09340958655802639,train
TRAS,RAUB,2024-07-01,2024,7,1,0,0,0.09788060757107889,train
TRAS,RAUB,2024-08-01,2024,8,1,0,0,0.0657213123845795,train
TRAS,RAUB,2024-09-01,2024,9,1,0,0,0.17673998464489415,train
TRAS,RAUB,2024-10-01,2024,10,1,0,0,0.11698159451468308,train
TRAS,RAUB,2024-11-01,2024,11,1,0,0,0.1275083763098011,train
TRAS,RAUB,2024-12-01,2024,12,1,0,0,0.0891683584582643,train
TRAS,RAUB,2025-01-01,2025,1,0,0,0,0.1628997289290414,train
TRAS,RAUB,2025-02-01,2025,2,1,0,0,0.11714411244114556,train
TRAS,RAUB,2025-03-01,2025,3,1,0,0,0.13821765850203988,train
TRAS,RAUB,2025-04-01,2025,4,1,0,0,0.12170762356320283,train
TRAS,RAUB,2025-05-01,2025,5,1,0,0,0.14561170516182484,train
TRAS,RAUB,2025-06-01,2025,6,1,0,0,0.1343135286376875,test
TRAS,RAUB,2025-07-01,2025,7,1,0,0,0.16714006400817724,test
TRAS,RAUB,2025-08-01,2025,8,1,0,0,0.15412766192136648,test
TRAS,RAUB,2025-09-01,2025,9,1,0,0,0.13840418697778215,test
TRAS,RAUB,2025-10-01,2025,10,1,0,0,0.11854416502828612,test
TRAS,RAUB,2025-11-01,2025,11,1,0,0,0.1309908715523482,test
TRIANG,BERA,2023-01-01,2023,1,14,1,1,0.9869824152284892,train
TRIANG,BERA,2023-02-01,2023,2,6,1,1,0.9950044545596016,train
TRIANG,BERA,2023-03-01,2023,3,10,1,1,1.0,train
TRIANG,BERA,2023-04-01,2023,4,9,1,1,0.9997499999999999,train
TRIANG,BERA,2023-05-01,2023,5,14,1,1,1.0,train
TRIANG,BERA,2023-06-01,2023,6,11,1,1,0.9995454545454545,train
TRIANG,BERA,2023-07-01,2023,7,6,1,1,0.9984941724941726,train
TRIANG,BERA,2023-08-01,2023,8,14,1,1,0.9995454545454545,train
TRIANG,BERA,2023-09-01,2023,9,8,1,1,0.9988787878787879,train
TRIANG,BERA,2023-10-01,2023,10,9,1,1,0.9997499999999999,train
TRIANG,BERA,2023-11-01,2023,11,9,1,1,0.9997499999999999,train
TRIANG,BERA,2023-12-01,2023,12,6,1,1,0.9997499999999999,train
TRIANG,BERA,2024-01-01,2024,1,14,1,1,0.9992307692307691,train
TRIANG,BERA,2024-02-01,2024,2,13,1,1,0.9963670919723551,train
TRIANG,BERA,2024-03-01,2024,3,11,1,1,0.9993371212121213,train
TRIANG,BERA,2024-04-01,2024,4,11,1,1,1.0,train
TRIANG,BERA,2024-05-01,2024,5,10,1,1,0.9995454545454545,train
TRIANG,BERA,2024-06-01,2024,6,11,1,1,0.9987441724941725,train
TRIANG,BERA,2024-07-01,2024,7,8,1,1,0.9992954545454547,train
TRIANG,BERA,2024-08-01,2024,8,6,1,1,0.9992954545454547,train
TRIANG,BERA,2024-09-01,2024,9,11,1,1,0.9987441724941725,train
TRIANG,BERA,2024-10-01,2024,10,14,1,1,1.0,train
TRIANG,BERA,2024-11-01,2024,11,13,1,1,1.0,train
TRIANG,BERA,2024-12-01,2024,12,13,1,1,0.9994117647058823,train
TRIANG,BERA,2025-01-01,2025,1,14,1,1,0.9992307692307691,train
TRIANG,BERA,2025-02-01,2025,2,5,1,1,0.993810077686045,train
TRIANG,BERA,2025-03-01,2025,3,14,1,1,1.0,train
TRIANG,BERA,2025-04-01,2025,4,6,1,1,0.9989807692307693,train
TRIANG,BERA,2025-05-01,2025,5,12,1,1,1.0,train
TRIANG,BERA,2025-06-01,2025,6,7,1,1,0.9997499999999999,test
TRIANG,BERA,2025-07-01,2025,7,8,1,1,0.9989807692307693,test
TRIANG,BERA,2025-08-01,2025,8,10,1,1,1.0,test
TRIANG,BERA,2025-09-01,2025,9,7,1,1,0.9997499999999999,test
TRIANG,BERA,2025-10-01,2025,10,6,1,1,0.9972626244942421,test
TRIANG,BERA,2025-11-01,2025,11,8,1,1,0.9997499999999999,test
ULU JEMPOL,MARAN,2023-01-01,2023,1,1,0,1,0.4365247988707045,train
ULU JEMPOL,MARAN,2023-02-01,2023,2,2,1,1,0.46406670807345435,train
ULU JEMPOL,MARAN,2023-03-01,2023,3,2,1,0,0.32161878882958367,train
ULU JEMPOL,MARAN,2023-04-01,2023,4,1,0,0,0.35167889644377887,train
ULU JEMPOL,MARAN,2023-05-01,2023,5,1,0,1,0.5353241937665565,train
ULU JEMPOL,MARAN,2023-06-01,2023,6,2,1,1,0.5142997660352375,train
ULU JEMPOL,MARAN,2023-07-01,2023,7,2,1,1,0.46676563983019376,train
ULU JEMPOL,MARAN,2023-08-01,2023,8,2,1,1,0.48205090126948924,train
ULU JEMPOL,MARAN,2023-09-01,2023,9,2,1,0,0.37836994117306255,train
ULU JEMPOL,MARAN,2023-10-01,2023,10,1,0,0,0.29467739728673153,train
ULU JEMPOL,MARAN,2023-11-01,2023,11,1,0,1,0.4480028165490493,train
ULU JEMPOL,MARAN,2023-12-01,2023,12,2,1,0,0.3169268474696597,train
ULU JEMPOL,MARAN,2024-01-01,2024,1,1,0,0,0.3350976699757866,train
ULU JEMPOL,MARAN,2024-02-01,2024,2,1,0,1,0.46449811456368023,train
ULU JEMPOL,MARAN,2024-03-01,2024,3,2,1,0,0.32348275527261877,train
ULU JEMPOL,MARAN,2024-04-01,2024,4,1,0,0,0.3034001486161941,train
ULU JEMPOL,MARAN,2024-05-01,2024,5,1,0,0,0.34441867571250034,train
ULU JEMPOL,MARAN,2024-06-01,2024,6,1,0,1,0.46780863076781076,train
ULU JEMPOL,MARAN,2024-07-01,2024,7,2,1,0,0.3511726116648676,train
ULU JEMPOL,MARAN,2024-08-01,2024,8,1,0,1,0.51381144074431,train
ULU JEMPOL,MARAN,2024-09-01,2024,9,2,1,1,0.46929749573759827,train
ULU JEMPOL,MARAN,2024-10-01,2024,10,2,1,0,0.2976473301788695,train
ULU JEMPOL,MARAN,2024-11-01,2024,11,1,0,1,0.4651451876854764,train
ULU JEMPOL,MARAN,2024-12-01,2024,12,2,1,0,0.287076165276534,train
ULU JEMPOL,MARAN,2025-01-01,2025,1,1,0,0,0.36586743156175344,train
ULU JEMPOL,MARAN,2025-02-01,2025,2,1,0,1,0.46429718448388146,train
ULU JEMPOL,MARAN,2025-03-01,2025,3,2,1,0,0.3232431545867883,train
ULU JEMPOL,MARAN,2025-04-01,2025,4,1,0,0,0.32958124454486365,train
ULU JEMPOL,MARAN,2025-05-01,2025,5,1,0,1,0.4936245927742051,train
ULU JEMPOL,MARAN,2025-06-01,2025,6,2,1,0,0.41464882801050285,test
ULU JEMPOL,MARAN,2025-07-01,2025,7,1,0,0,0.4089674774205295,test
ULU JEMPOL,MARAN,2025-08-01,2025,8,1,0,1,0.434067259196138,test
ULU JEMPOL,MARAN,2025-09-01,2025,9,2,1,0,0.3380122712290804,test
ULU JEMPOL,MARAN,2025-10-01,2025,10,1,0,0,0.4050486211424624,test
ULU JEMPOL,MARAN,2025-11-01,2025,11,1,0,1,0.36330702189634806,test
ULU SUNGAI,RAUB,2023-01-01,2023,1,1,0,0,0.28076858909807795,train
ULU SUNGAI,RAUB,2023-02-01,2023,2,1,0,1,0.4095227332158202,train
ULU SUNGAI,RAUB,2023-03-01,2023,3,2,1,0,0.3217719419691889,train
ULU SUNGAI,RAUB,2023-04-01,2023,4,1,0,0,0.2867348202599938,train
ULU SUNGAI,RAUB,2023-05-01,2023,5,1,0,1,0.5017941115530807,train
ULU SUNGAI,RAUB,2023-06-01,2023,6,2,1,1,0.45165591001766814,train
ULU SUNGAI,RAUB,2023-07-01,2023,7,2,1,1,0.5149463475231715,train
ULU SUNGAI,RAUB,2023-08-01,2023,8,2,1,1,0.4859749263026304,train
ULU SUNGAI,RAUB,2023-09-01,2023,9,2,1,0,0.3862627274602076,train
ULU SUNGAI,RAUB,2023-10-01,2023,10,1,0,1,0.5083317862727349,train
ULU SUNGAI,RAUB,2023-11-01,2023,11,2,1,0,0.3172949462952391,train
ULU SUNGAI,RAUB,2023-12-01,2023,12,1,0,0,0.3117762157883988,train
ULU SUNGAI,RAUB,2024-01-01,2024,1,1,0,1,0.4397237433710906,train
ULU SUNGAI,RAUB,2024-02-01,2024,2,2,1,0,0.2683910551279124,train
ULU SUNGAI,RAUB,2024-03-01,2024,3,1,0,0,0.31443740532976466,train
ULU SUNGAI,RAUB,2024-04-01,2024,4,1,0,0,0.3014139933815691,train
ULU SUNGAI,RAUB,2024-05-01,2024,5,1,0,1,0.4999805683808434,train
ULU SUNGAI,RAUB,2024-06-01,2024,6,2,1,1,0.4450296035525539,train
ULU SUNGAI,RAUB,2024-07-01,2024,7,2,1,0,0.3566802547058874,train
ULU SUNGAI,RAUB,2024-08-01,2024,8,1,0,0,0.34437491705198653,train
ULU SUNGAI,RAUB,2024-09-01,2024,9,1,0,0,0.2990499698912149,train
ULU SUNGAI,RAUB,2024-10-01,2024,10,1,0,0,0.28862020717333925,train
ULU SUNGAI,RAUB,2024-11-01,2024,11,1,0,1,0.4970226253600498,train
ULU SUNGAI,RAUB,2024-12-01,2024,12,2,1,0,0.3101843217099944,train
ULU SUNGAI,RAUB,2025-01-01,2025,1,1,0,0,0.35852442836431386,train
ULU SUNGAI,RAUB,2025-02-01,2025,2,1,0,1,0.48475500585068987,train
ULU SUNGAI,RAUB,2025-03-01,2025,3,2,1,0,0.2818317033207212,train
ULU SUNGAI,RAUB,2025-04-01,2025,4,1,0,1,0.44229831609373016,train
ULU SUNGAI,RAUB,2025-05-01,2025,5,2,1,0,0.3584306315382779,train
ULU SUNGAI,RAUB,2025-06-01,2025,6,1,0,0,0.43967919089367496,test
ULU SUNGAI,RAUB,2025-07-01,2025,7,1,0,1,0.3711027583317557,test
ULU SUNGAI,RAUB,2025-08-01,2025,8,2,1,0,0.33641199850466635,test
ULU SUNGAI,RAUB,2025-09-01,2025,9,1,0,1,0.3248904783268025,test
ULU SUNGAI,RAUB,2025-10-01,2025,10,2,1,0,0.40777376926832126,test
ULU SUNGAI,RAUB,2025-11-01,2025,11,1,0,1,0.37093921976533406,test
