plant,date,year,month,nrw_pct,predicted_nrw_pct,residual_pp,robust_z,is_anomaly,anomaly_score,production_m3,pipe_bursts
BATU 9,2023-01-01,2023,1,34.2,35.22141523331901,-1.0214152333190043,0.48713221517754235,False,0.446779570175441,703140,2
BATU 9,2023-02-01,2023,2,33.8,36.47258207724837,-2.6725820772483715,0.33724537973829694,False,0.45450331021151213,618349,2
BATU 9,2023-03-01,2023,3,35.4,37.701409508865886,-2.3014095088658877,0.9367927214952707,False,0.4814027964282741,671000,2
BATU 9,2023-04-01,2023,4,35.2,39.47090999256786,-4.270909992567859,0.8618493037756506,False,0.46674324904103437,683650,3
BATU 9,2023-05-01,2023,5,35.5,36.680882905870845,-1.1808829058708454,0.974264430355082,False,0.4497795926830212,749112,3
BATU 9,2023-06-01,2023,6,34.9,35.8207570481061,-0.920757048106104,0.7494341771962165,False,0.457717529469698,680162,2
BATU 9,2023-07-01,2023,7,33.8,35.1786699066791,-1.3786699066791002,0.33724537973829694,False,0.43665490167280735,767459,2
BATU 9,2023-08-01,2023,8,36.3,34.50895619129095,1.7910438087090483,1.2740381012335675,False,0.4520964299446398,741920,2
BATU 9,2023-09-01,2023,9,33.8,37.062480945204264,-3.262480945204267,0.33724537973829694,False,0.4847061054496835,668786,2
BATU 9,2023-10-01,2023,10,31.9,36.65214129893521,-4.752141298935214,-0.37471708859810826,False,0.42352063325259276,684862,2
BATU 9,2023-11-01,2023,11,31.8,36.33024683013095,-4.530246830130952,-0.4121887974579183,False,0.4498784738836044,677235,2
BATU 9,2023-12-01,2023,12,30.5,36.29219847563252,-5.792198475632517,-0.8993210126354594,False,0.42825637179609244,695630,2
BATU 9,2024-01-01,2024,1,34.9,37.75845156706393,-2.8584515670639306,0.7494341771962165,False,0.4354415803200633,663869,2
BATU 9,2024-02-01,2024,2,30.1,37.219003763885645,-7.119003763885644,-1.049207848074702,False,0.47858372510225555,635777,3
BATU 9,2024-03-01,2024,3,32.6,34.80916051592897,-2.2091605159289713,-0.11241512657943142,False,0.4688631945567516,738692,2
BATU 9,2024-04-01,2024,4,34.7,37.19211228505294,-2.49211228505294,0.6744907594765965,False,0.4440563666203196,731212,3
BATU 9,2024-05-01,2024,5,32.4,36.996111741046576,-4.5961117410465775,-0.18735854429905413,False,0.4611108371742167,720337,3
BATU 9,2024-06-01,2024,6,30.6,33.748144880196946,-3.148144880196945,-0.861849303775648,False,0.4351231067096551,769524,2
BATU 9,2024-07-01,2024,7,34.7,36.13918468068616,-1.4391846806861537,0.6744907594765965,False,0.40528986705733683,713107,2
BATU 9,2024-08-01,2024,8,33.3,35.72752775694512,-2.427527756945125,0.14988683543924278,False,0.3998883759307488,720527,2
BATU 9,2024-09-01,2024,9,32.9,36.039735880512,-3.1397358805119993,0.0,False,0.4141199488126161,693156,2
BATU 9,2024-10-01,2024,10,31.0,37.9028971602628,-6.902897160262803,-0.7119624683364052,False,0.5061426386556405,706278,3
BATU 9,2024-11-01,2024,11,30.2,36.514359546888635,-6.314359546888635,-1.011736139214892,False,0.4509660465716987,630668,1
BATU 9,2024-12-01,2024,12,30.7,35.363809973349355,-4.663809973349355,-0.824377594915838,False,0.46122444224083126,683316,2
BATU 9,2025-01-01,2025,1,30.4,35.95726174839996,-5.557261748399959,-0.9367927214952707,False,0.4725796055039486,671874,2
BATU 9,2025-02-01,2025,2,33.1,35.3648510799278,-2.2648510799278014,0.07494341771962272,False,0.4319509215525374,623582,1
BATU 9,2025-03-01,2025,3,33.6,37.18914114036756,-3.589141140367559,0.26230196201867684,False,0.4349784559386201,692557,2
BATU 9,2025-04-01,2025,4,28.6,33.68079442180138,-5.080794421801379,-1.6112834809718646,False,0.4676182189341977,762019,1
BATU 9,2025-05-01,2025,5,31.1,34.37835253283516,-3.2783525328351573,-0.6744907594765939,False,0.4563919222626648,776021,2
BATU 9,2025-06-01,2025,6,31.3,35.91383129307885,-4.613831293078849,-0.5995473417569724,False,0.456759537425698,775614,3
BATU 9,2025-07-01,2025,7,32.3,34.45060054531415,-2.1506005453141555,-0.2248302531588655,False,0.46942746510854944,743378,2
BATU 9,2025-08-01,2025,8,33.2,35.091737324745985,-1.891737324745982,0.11241512657943409,False,0.4164622616590274,752077,2
BATU 9,2025-09-01,2025,9,33.1,36.58216125566065,-3.4821612556606496,0.07494341771962272,False,0.4260976068328739,700341,2
BATU 9,2025-10-01,2025,10,29.9,36.078823639895894,-6.178823639895896,-1.124151265794325,False,0.4308916290520935,736633,2
BATU 9,2025-11-01,2025,11,30.4,38.48626819775597,-8.08626819775597,-0.9367927214952707,False,0.45157939500991867,650981,2
BATU 9,2025-12-01,2025,12,32.9,34.46195299749039,-1.561952997490394,0.0,False,0.46578933579853715,708211,1
BATU BALAI,2023-01-01,2023,1,32.9,38.70606139305059,-5.806061393050591,-0.9742644303550788,False,0.4493251139305694,189191,1
BATU BALAI,2023-02-01,2023,2,38.8,38.24886892950073,0.5511310704992667,1.9735099999500372,False,0.4569003826858911,169266,1
BATU BALAI,2023-03-01,2023,3,37.5,39.42244899212746,-1.9224489921274568,1.324000379713318,False,0.4530921249973826,194597,1
BATU BALAI,2023-04-01,2023,4,36.2,41.37548181707576,-5.175481817075756,0.6744907594765988,False,0.456138292208165,195277,2
BATU BALAI,2023-05-01,2023,5,38.9,37.87496652827376,1.025033471726239,2.023472278429786,False,0.4076336630407357,206550,1
BATU BALAI,2023-06-01,2023,6,36.5,36.96981933976917,-0.4698193397691668,0.8243775949158406,False,0.42146844104748976,211462,1
BATU BALAI,2023-07-01,2023,7,32.8,38.697125096159645,-5.897125096159648,-1.0242267088348274,False,0.4303670291659956,203460,1
BATU BALAI,2023-08-01,2023,8,36.5,36.53558876806537,-0.035588768065366594,0.8243775949158406,False,0.5289295480383447,204317,0
BATU BALAI,2023-09-01,2023,9,32.9,36.66876512032042,-3.768765120320424,-0.9742644303550788,False,0.5222793160006836,201310,0
BATU BALAI,2023-10-01,2023,10,32.8,39.42187239470375,-6.62187239470375,-1.0242267088348274,False,0.46692516759914543,186768,1
BATU BALAI,2023-11-01,2023,11,37.8,38.55722050249881,-0.7572205024988108,1.47388721515256,False,0.45429984856375083,185032,1
BATU BALAI,2023-12-01,2023,12,37.8,38.486906201950504,-0.6869062019505066,1.47388721515256,False,0.4480016618912548,187226,1
BATU BALAI,2024-01-01,2024,1,33.5,37.904188130658504,-4.404188130658504,-0.6744907594765917,False,0.427711637564744,193734,1
BATU BALAI,2024-02-01,2024,2,34.0,38.44966559789202,-4.449665597892022,-0.424679367077853,False,0.4348280203845053,179916,1
BATU BALAI,2024-03-01,2024,3,34.4,37.56317542322721,-3.1631754232272087,-0.2248302531588627,False,0.4174554330636844,208084,1
BATU BALAI,2024-04-01,2024,4,34.4,38.85913885836481,-4.45913885836481,-0.2248302531588627,False,0.40656357940177007,196897,1
BATU BALAI,2024-05-01,2024,5,33.8,37.456071488905266,-3.656071488905269,-0.5246039240373499,False,0.42381470710657887,209686,1
BATU BALAI,2024-06-01,2024,6,33.1,38.18574969582411,-5.085749695824106,-0.874339873395582,False,0.44077197797676154,209034,1
BATU BALAI,2024-07-01,2024,7,34.1,38.00146358478415,-3.901463584784146,-0.37471708859810454,False,0.4120422430177287,202779,1
BATU BALAI,2024-08-01,2024,8,34.9,37.233306193190835,-2.333306193190836,0.024981139239876,False,0.4083665397559085,216728,1
BATU BALAI,2024-09-01,2024,9,33.2,36.76068727266143,-3.5606872726614256,-0.8243775949158335,False,0.458543746475242,194617,1
BATU BALAI,2024-10-01,2024,10,35.7,38.54741315486069,-2.847413154860689,0.4246793670778601,False,0.4497061401402695,188673,1
BATU BALAI,2024-11-01,2024,11,35.0,36.23379286480787,-1.2337928648078673,0.07494341771962446,False,0.4604854766856642,196376,1
BATU BALAI,2024-12-01,2024,12,35.7,36.57235501071347,-0.8723550107134699,0.4246793670778601,False,0.4316179042272248,194867,1
BATU BALAI,2025-01-01,2025,1,35.9,37.49196349369364,-1.5919634936936404,0.5246039240373535,False,0.44115785479128544,207262,1
BATU BALAI,2025-02-01,2025,2,32.6,37.582973826579945,-4.9829738265799435,-1.1241512657943207,False,0.42500970098522745,191796,1
BATU BALAI,2025-03-01,2025,3,37.2,37.60272276376696,-0.4027227637669597,1.1741135442740762,False,0.41654757338212506,202219,1
BATU BALAI,2025-04-01,2025,4,33.6,38.408324353987844,-4.808324353987842,-0.6245284809968432,False,0.4394207324543507,217741,1
BATU BALAI,2025-05-01,2025,5,33.5,38.24260112964714,-4.7426011296471415,-0.6744907594765917,False,0.4065256536296099,213713,1
BATU BALAI,2025-06-01,2025,6,34.9,37.40660519595427,-2.506605195954272,0.024981139239876,False,0.4172049567302565,212254,1
BATU BALAI,2025-07-01,2025,7,37.3,37.24833657882248,0.051663421177515545,1.224075822753821,False,0.4243558367744657,209687,1
BATU BALAI,2025-08-01,2025,8,37.0,36.788211776959315,0.2117882230406849,1.0741889873145793,False,0.39711393605713075,210573,1
BATU BALAI,2025-09-01,2025,9,35.5,37.74787660740808,-2.247876607408081,0.32475481011836316,False,0.4335970490315103,197043,1
BATU BALAI,2025-10-01,2025,10,34.6,37.456292679162175,-2.8562926791621734,-0.12490569619936581,False,0.4269828692688801,201167,1
BATU BALAI,2025-11-01,2025,11,34.8,37.32757801099331,-2.5275780109933095,-0.02498113923987245,False,0.4439968558906439,183941,1
BATU BALAI,2025-12-01,2025,12,34.7,38.31537463088149,-3.6153746308814902,-0.07494341771961735,False,0.45606507656476236,191479,1
BATU EMBUN,2023-01-01,2023,1,50.2,48.61019908325969,1.589800916740316,0.0,False,0.4121400669009613,129163,1
BATU EMBUN,2023-02-01,2023,2,48.2,47.74009758582543,0.45990241417457156,-0.6580397653430207,False,0.42969672372398343,119575,1
BATU EMBUN,2023-03-01,2023,3,50.1,49.319116642983325,0.7808833570166769,-0.032901988267151495,False,0.4244327622416239,133189,1
BATU EMBUN,2023-04-01,2023,4,47.7,49.003868666940804,-1.3038686669408008,-0.8225497066787758,False,0.4047317212322873,126245,1
BATU EMBUN,2023-05-01,2023,5,48.9,48.02168055837672,0.878319441623276,-0.4277258474729648,False,0.4092772681756115,135824,1
BATU EMBUN,2023-06-01,2023,6,51.0,47.146459888567385,3.853540111432615,0.2632159061372073,False,0.41882234848970534,139466,1
BATU EMBUN,2023-07-01,2023,7,55.6,48.3097147617494,7.290285238250604,1.7767073664261552,False,0.42678079571398186,135333,1
BATU EMBUN,2023-08-01,2023,8,48.2,48.64386412433859,-0.4438641243385888,-0.6580397653430207,False,0.41863983019534573,133691,1
BATU EMBUN,2023-09-01,2023,9,55.6,48.920673913954026,6.679326086045975,1.7767073664261552,False,0.4413509800857797,131191,1
BATU EMBUN,2023-10-01,2023,10,53.1,49.01970934565947,4.08029065434053,0.9541576597473794,False,0.4427118340323818,119994,1
BATU EMBUN,2023-11-01,2023,11,51.5,50.91233349011773,0.5876665098822684,0.4277258474729625,False,0.5156487403131927,116298,2
BATU EMBUN,2023-12-01,2023,12,48.0,48.3307570916742,-0.33075709167420086,-0.7238437418773236,False,0.4106762856153441,125287,1
BATU EMBUN,2024-01-01,2024,1,50.4,48.69176888339177,1.708231116608232,0.06580397653430066,False,0.4414381873229916,132163,1
BATU EMBUN,2024-02-01,2024,2,46.6,48.043688107171896,-1.4436881071718943,-1.1844715776174375,False,0.4236571783438754,121726,1
BATU EMBUN,2024-03-01,2024,3,50.8,52.07216683041285,-1.27216683041285,0.19741192960290432,False,0.5095671914030718,129615,2
BATU EMBUN,2024-04-01,2024,4,46.7,47.11578626661162,-0.41578626661161877,-1.1515695893502862,False,0.4101333052387506,129201,1
BATU EMBUN,2024-05-01,2024,5,51.9,47.08829489947532,4.8117051005246765,0.5593338005415661,False,0.41822871121833105,134569,1
BATU EMBUN,2024-06-01,2024,6,48.5,50.6941740437685,-2.1941740437684984,-0.5593338005415684,False,0.5495793655706047,141455,2
BATU EMBUN,2024-07-01,2024,7,52.4,49.85426833367444,2.5457316663255583,0.7238437418773213,False,0.4959824538596938,143731,2
BATU EMBUN,2024-08-01,2024,8,52.6,50.05099030408826,2.5490096959117423,0.7896477184116243,False,0.5018498468644256,142894,2
BATU EMBUN,2024-09-01,2024,9,53.1,49.838944554531366,3.261055445468635,0.9541576597473794,False,0.4997223476563995,131218,2
BATU EMBUN,2024-10-01,2024,10,53.2,49.442988573897985,3.757011426102018,0.9870596480145309,False,0.4552446265578158,125687,1
BATU EMBUN,2024-11-01,2024,11,51.0,48.525858973214284,2.4741410267857162,0.2632159061372073,False,0.42461561647867674,121532,1
BATU EMBUN,2024-12-01,2024,12,54.1,48.55728017296781,5.542719827032194,1.2831775424188898,False,0.4244588621891539,129028,1
BATU EMBUN,2025-01-01,2025,1,48.6,46.74135143387467,1.858648566125332,-0.5264318122744169,False,0.40930010366408504,136231,1
BATU EMBUN,2025-02-01,2025,2,50.8,47.05128686884984,3.7487131311501543,0.19741192960290432,False,0.42103635685210383,119582,1
BATU EMBUN,2025-03-01,2025,3,49.5,50.67784343177626,-1.1778434317762603,-0.23031391787005814,False,0.478048530366753,139960,2
BATU EMBUN,2025-04-01,2025,4,50.2,46.24311939088499,3.956880609115011,0.0,False,0.42566300307001864,137433,1
BATU EMBUN,2025-05-01,2025,5,46.1,50.28927567148189,-4.189275671481887,-1.3489815189531928,False,0.4824878032110129,146107,2
BATU EMBUN,2025-06-01,2025,6,47.1,47.8175229066765,-0.7175229066764999,-1.0199616362816823,False,0.4075094244493732,131466,1
BATU EMBUN,2025-07-01,2025,7,52.3,50.999889157205935,1.3001108427940622,0.6909417536101697,False,0.509769672670878,136938,2
BATU EMBUN,2025-08-01,2025,8,44.1,50.4074674067102,-6.307467406710195,-2.007021284296213,False,0.489103208298842,145500,2
BATU EMBUN,2025-09-01,2025,9,45.0,47.745997470725754,-2.7459974707257544,-1.7109033898918546,False,0.4208757507886869,125832,1
BATU EMBUN,2025-10-01,2025,10,52.4,49.30557086396795,3.0944291360320477,0.7238437418773213,False,0.4317499678049361,127803,1
BATU EMBUN,2025-11-01,2025,11,48.7,51.27944347504492,-2.5794434750449184,-0.49352982400726547,False,0.5193864286650322,129877,2
BATU EMBUN,2025-12-01,2025,12,48.6,47.863013822491915,0.7369861775080864,-0.5264318122744169,False,0.41192667798326343,127709,1
BATU MALIM,2023-01-01,2023,1,33.2,34.25797334644041,-1.0579733464404057,1.069881894342188,False,0.44395201159746306,338758,1
BATU MALIM,2023-02-01,2023,2,33.8,35.07299770638317,-1.2729977063831726,1.3489815189531904,False,0.4057595771173407,314147,2
BATU MALIM,2023-03-01,2023,3,31.4,32.918583956350346,-1.5185839563503478,0.23258302050917087,False,0.478658639936306,378129,2
BATU MALIM,2023-04-01,2023,4,31.2,33.28008741180372,-2.0800874118037207,0.13954981230550284,False,0.4592492668027081,375854,2
BATU MALIM,2023-05-01,2023,5,29.4,31.636609144074185,-2.236609144074187,-0.6977490615275126,False,0.4525044243832902,393160,1
BATU MALIM,2023-06-01,2023,6,31.1,31.247650255227096,-0.14765025522709507,0.09303320820366967,False,0.4705590138325399,366507,1
BATU MALIM,2023-07-01,2023,7,32.3,33.33426553125631,-1.0342655312563096,0.6512324574256778,False,0.4921149651075916,412512,2
BATU MALIM,2023-08-01,2023,8,28.7,34.331715664736116,-5.631715664736117,-1.0233652902403516,False,0.4561450319043606,379697,2
BATU MALIM,2023-09-01,2023,9,28.5,31.820760034039154,-3.3207600340391537,-1.1163984984440196,False,0.44987780011814743,374880,1
BATU MALIM,2023-10-01,2023,10,33.3,34.987379833615904,-1.687379833615907,1.1163984984440196,False,0.43981439392606114,378061,2
BATU MALIM,2023-11-01,2023,11,30.9,33.86734133419715,-2.967341334197151,0.0,False,0.4562668348535237,341802,2
BATU MALIM,2023-12-01,2023,12,31.9,35.007950255559734,-3.107950255559736,0.46516604101834175,False,0.4407401377288395,372093,2
BATU MALIM,2024-01-01,2024,1,30.8,31.69540502439045,-0.895405024390449,-0.046516604101833184,False,0.4558067240633529,351263,1
BATU MALIM,2024-02-01,2024,2,33.1,33.65956992918099,-0.5595699291809879,1.0233652902403532,False,0.44997224125770247,350539,2
BATU MALIM,2024-03-01,2024,3,29.5,30.62826305504329,-1.1282630550432913,-0.6512324574256778,False,0.4774594061817518,384832,1
BATU MALIM,2024-04-01,2024,4,31.5,32.1300233963906,-0.6300233963905981,0.2790996246110057,False,0.5146046664679405,387736,2
BATU MALIM,2024-05-01,2024,5,28.3,31.715497512871433,-3.4154975128714327,-1.2094317066476876,False,0.515486676275559,420340,2
BATU MALIM,2024-06-01,2024,6,29.4,31.42659124802796,-2.0265912480279624,-0.6977490615275126,False,0.47691162700508155,392651,1
BATU MALIM,2024-07-01,2024,7,28.0,34.104673912946495,-6.104673912946495,-1.3489815189531904,False,0.4585376856401395,384895,2
BATU MALIM,2024-08-01,2024,8,31.0,33.40022709067804,-2.4002270906780367,0.046516604101834835,False,0.4720617634941476,397505,2
BATU MALIM,2024-09-01,2024,9,32.4,34.2752507630349,-1.8752507630348987,0.6977490615275126,False,0.4241164988960087,356134,2
BATU MALIM,2024-10-01,2024,10,29.2,33.83679999381136,-4.636799993811362,-0.7907822697311806,False,0.42351232448484827,360883,2
BATU MALIM,2024-11-01,2024,11,30.9,33.4056174610388,-2.5056174610388027,0.0,False,0.4584817812664828,369708,2
BATU MALIM,2024-12-01,2024,12,31.8,31.369141555356023,0.4308584446439774,0.4186494369165086,False,0.4308252351385639,377888,1
BATU MALIM,2025-01-01,2025,1,30.8,33.26488054078166,-2.4648805407816603,-0.046516604101833184,False,0.4734261598941048,393456,2
BATU MALIM,2025-02-01,2025,2,28.7,32.94669575939756,-4.246695759397557,-1.0233652902403516,False,0.4701221204222713,359968,2
BATU MALIM,2025-03-01,2025,3,27.6,30.73062602958479,-3.130626029584789,-1.5350479353605264,False,0.5004548255390446,401446,1
BATU MALIM,2025-04-01,2025,4,30.9,30.82487605786253,0.07512394213746987,0.0,False,0.5119782882588919,409565,1
BATU MALIM,2025-05-01,2025,5,30.7,33.523775200602124,-2.8237752006021246,-0.09303320820366802,False,0.488348048855273,404466,2
BATU MALIM,2025-06-01,2025,6,32.4,32.49397441193997,-0.0939744119399748,0.6977490615275126,False,0.5032583021017953,384898,2
BATU MALIM,2025-07-01,2025,7,30.6,32.7547534799063,-2.1547534799062973,-0.1395498123055012,False,0.47406094403666854,406597,2
BATU MALIM,2025-08-01,2025,8,28.7,31.365740480711743,-2.6657404807117437,-1.0233652902403516,False,0.4741663896069255,388685,1
BATU MALIM,2025-09-01,2025,9,31.7,31.94180056531741,-0.241800565317412,0.37213283281467374,False,0.45951746977381797,374237,2
BATU MALIM,2025-10-01,2025,10,28.2,33.147246027000726,-4.947246027000727,-1.2559483107495224,False,0.45954126871060996,390552,2
BATU MALIM,2025-11-01,2025,11,31.3,32.509826090942475,-1.2098260909424745,0.1860664164073377,False,0.4227353631236956,352527,2
BATU MALIM,2025-12-01,2025,12,32.6,30.56768407968617,2.032315920313831,0.7907822697311823,False,0.4276850199117926,362160,1
BATU SAWAR,2023-01-01,2023,1,39.3,43.6967499857156,-4.396749985715601,0.6744907594765952,False,0.4973919344857439,286813,1
BATU SAWAR,2023-02-01,2023,2,39.3,45.71869395810133,-6.418693958101336,0.6744907594765952,False,0.46792353789448016,282306,2
BATU SAWAR,2023-03-01,2023,3,40.7,42.66116521056263,-1.9611652105626263,1.2140833670578735,False,0.4162349409089812,327508,1
BATU SAWAR,2023-04-01,2023,4,39.3,42.95997269381835,-3.6599726938183537,0.6744907594765952,False,0.4307414034057018,319764,1
BATU SAWAR,2023-05-01,2023,5,41.5,43.11196420288307,-1.6119642028830725,1.5224219999614588,False,0.4155866512050009,335950,1
BATU SAWAR,2023-06-01,2023,6,38.2,43.67610567759675,-5.476105677596749,0.25052513923416614,False,0.4487180900833831,309760,1
BATU SAWAR,2023-07-01,2023,7,36.6,40.8245311206045,-4.224531120604496,-0.36615212657300716,False,0.4036728371059768,340600,1
BATU SAWAR,2023-08-01,2023,8,37.4,45.52030627551095,-8.120306275510949,-0.0578134936694219,False,0.4884194321867402,310084,2
BATU SAWAR,2023-09-01,2023,9,42.0,43.53057438176642,-1.5305743817664208,1.7151336455262003,False,0.4592335998887183,301616,1
BATU SAWAR,2023-10-01,2023,10,37.0,42.47021294467066,-5.4702129446706635,-0.21198281012121453,False,0.47019599604181633,304541,1
BATU SAWAR,2023-11-01,2023,11,37.1,42.01270508232703,-4.9127050823270295,-0.1734404810082657,False,0.44082802420319217,292205,1
BATU SAWAR,2023-12-01,2023,12,38.3,42.240358491446855,-3.940358491446858,0.2890674683471122,False,0.4866688312874275,290121,1
BATU SAWAR,2024-01-01,2024,1,40.3,42.49959349161797,-2.199593491617975,1.0599140506060782,False,0.4584440883778062,300125,1
BATU SAWAR,2024-02-01,2024,2,37.1,41.716371082114634,-4.616371082114632,-0.1734404810082657,False,0.47632725778121066,276787,1
BATU SAWAR,2024-03-01,2024,3,39.6,42.61195861073135,-3.011958610731348,0.7901177468154418,False,0.4532505905408332,313440,1
BATU SAWAR,2024-04-01,2024,4,38.9,43.63719632818349,-4.737196328183494,0.5203214430248025,False,0.4417583752304135,301498,1
BATU SAWAR,2024-05-01,2024,5,35.2,40.443624704115734,-5.243624704115732,-0.9057447341542828,False,0.47401638445148675,350204,1
BATU SAWAR,2024-06-01,2024,6,40.4,41.97473379684549,-1.5747337968454929,1.098456379719027,False,0.4055258395108488,328694,1
BATU SAWAR,2024-07-01,2024,7,38.1,41.64654143748786,-3.5465414374878605,0.21198281012121728,False,0.40601712912072174,345279,1
BATU SAWAR,2024-08-01,2024,8,40.6,42.826608306693444,-2.226608306693443,1.1755410379449247,False,0.43491884291050026,346264,2
BATU SAWAR,2024-09-01,2024,9,38.8,41.252869379405695,-2.4528693794056977,0.4817791139118537,False,0.4593766079018238,298125,1
BATU SAWAR,2024-10-01,2024,10,35.5,41.89902867658646,-6.399028676586461,-0.790117746815439,False,0.42622465415699806,316347,1
BATU SAWAR,2024-11-01,2024,11,34.0,44.80089514715553,-10.80089514715553,-1.3682526835096633,False,0.4645826995059458,296396,2
BATU SAWAR,2024-12-01,2024,12,35.7,41.57841346702949,-5.878413467029489,-0.7130330885895413,False,0.46297256023253847,301994,1
BATU SAWAR,2025-01-01,2025,1,37.6,40.19255417459152,-2.5925541745915197,0.019271164556475793,False,0.46697269611816905,307498,1
BATU SAWAR,2025-02-01,2025,2,33.8,39.9391681112296,-6.139168111229601,-1.445337341735561,False,0.43609190550999033,294013,1
BATU SAWAR,2025-03-01,2025,3,33.8,43.15145107718301,-9.351451077183015,-1.445337341735561,False,0.4438558832313489,320759,1
BATU SAWAR,2025-04-01,2025,4,38.0,42.93068561390352,-4.9306856139035204,0.17344048100826842,False,0.4192337290432712,310478,1
BATU SAWAR,2025-05-01,2025,5,34.3,42.335291292100024,-8.035291292100027,-1.2526256961708195,False,0.4115892084716229,338161,1
BATU SAWAR,2025-06-01,2025,6,37.4,41.495678671172485,-4.095678671172486,-0.0578134936694219,False,0.4101723021166078,341251,1
BATU SAWAR,2025-07-01,2025,7,38.4,42.44948050690619,-4.0494805069061925,0.3276097974600611,False,0.41114889745253164,340922,1
BATU SAWAR,2025-08-01,2025,8,34.8,40.929488421876655,-6.129488421876658,-1.0599140506060782,False,0.4168712432112444,337652,1
BATU SAWAR,2025-09-01,2025,9,37.5,41.83586402873692,-4.335864028736921,-0.019271164556473052,False,0.42381291776396385,317825,1
BATU SAWAR,2025-10-01,2025,10,34.5,42.814927749547074,-8.314927749547074,-1.175541037944922,False,0.44701356402208064,319376,2
BATU SAWAR,2025-11-01,2025,11,36.0,43.47444037695189,-7.47444037695189,-0.5974061012506975,False,0.5096556736005713,286198,1
BATU SAWAR,2025-12-01,2025,12,36.6,40.06324312873753,-3.463243128737531,-0.36615212657300716,False,0.44033081284799475,305372,1
BELIMBING,2023-01-01,2023,1,48.7,46.879462375814946,1.8205376241850573,1.3325305248196182,False,0.4528012010527481,137168,1
BELIMBING,2023-02-01,2023,2,47.1,47.98765926091245,-0.8876592609124501,0.8060987125452012,False,0.47268864694023205,119525,1
BELIMBING,2023-03-01,2023,3,48.6,48.246826358104634,0.35317364189536704,1.2996285365524667,False,0.43421024901801497,149826,1
BELIMBING,2023-04-01,2023,4,49.3,48.417432709856094,0.8825672901439034,1.5299424544225224,False,0.4345846048247055,134441,1
BELIMBING,2023-05-01,2023,5,44.8,52.41266371421645,-7.612663714216453,0.04935298240072608,False,0.508224444772673,147025,2
BELIMBING,2023-06-01,2023,6,48.4,46.687848761514935,1.7121512384850632,1.2338245600181637,False,0.42157113078588687,150441,1
BELIMBING,2023-07-01,2023,7,42.4,48.689239386143264,-6.289239386143265,-0.7402947360108982,False,0.40375745927559104,149827,1
BELIMBING,2023-08-01,2023,8,44.1,47.379937382378024,-3.279937382378023,-0.18096093546932973,False,0.42615891724149696,151725,1
BELIMBING,2023-09-01,2023,9,49.7,48.37975577833824,1.3202442216617598,1.6615504074911285,False,0.41260314943620335,144692,1
BELIMBING,2023-10-01,2023,10,44.2,47.58111506591186,-3.3811150659118567,-0.14805894720217824,False,0.41778689252614815,142929,1
BELIMBING,2023-11-01,2023,11,48.2,51.094097240451305,-2.894097240451302,1.168020583483863,False,0.5205124607399596,132709,2
BELIMBING,2023-12-01,2023,12,47.9,47.68035143071618,0.21964856928381948,1.0693146186824085,False,0.4890153306536911,128596,1
BELIMBING,2024-01-01,2024,1,44.5,46.813549447065256,-2.313549447065256,-0.04935298240072608,False,0.4041565065352871,146468,1
BELIMBING,2024-02-01,2024,2,48.0,49.43966071252549,-1.4396607125254874,1.10221660694956,False,0.4715191713443584,123259,1
BELIMBING,2024-03-01,2024,3,42.5,47.40941989256668,-4.909419892566682,-0.7073927477437467,False,0.401925388773598,148250,1
BELIMBING,2024-04-01,2024,4,43.6,48.49478414254533,-4.894784142545326,-0.34547087680508487,False,0.41622696007255416,144459,1
BELIMBING,2024-05-01,2024,5,44.1,52.53170898393611,-8.431708983936112,-0.18096093546932973,False,0.5085905039728643,147960,2
BELIMBING,2024-06-01,2024,6,47.7,51.13307171983296,-3.4330717198329594,1.003510642148108,False,0.4829540035835849,148294,2
BELIMBING,2024-07-01,2024,7,44.2,47.04693410461542,-2.846934104615414,-0.14805894720217824,False,0.41117067407631275,154626,1
BELIMBING,2024-08-01,2024,8,43.4,49.33567398424477,-5.935673984244772,-0.4112748533393879,False,0.43883499019320654,146061,1
BELIMBING,2024-09-01,2024,9,42.7,47.197733433696555,-4.497733433696553,-0.6415887712094437,False,0.4256915863783332,146694,1
BELIMBING,2024-10-01,2024,10,45.2,52.29800357876558,-7.098003578765578,0.18096093546933206,False,0.5137490081579454,137068,2
BELIMBING,2024-11-01,2024,11,46.3,48.37705870185063,-2.077058701850632,0.5428828064079916,False,0.45262353998630195,132264,1
BELIMBING,2024-12-01,2024,12,45.6,51.14118977039661,-5.541189770396606,0.31256888853793574,False,0.5387829110447941,131209,2
BELIMBING,2025-01-01,2025,1,43.1,46.78520266601012,-3.6852026660101203,-0.5099808181408401,False,0.40121970833074927,146543,1
BELIMBING,2025-02-01,2025,2,47.4,48.17496852808852,-0.7749685280885217,0.9048046773466534,False,0.4219224151410663,131347,1
BELIMBING,2025-03-01,2025,3,46.1,47.43630835976836,-1.3363083597683598,0.4770788298736909,False,0.40078286048695694,152461,1
BELIMBING,2025-04-01,2025,4,40.6,46.40267088135884,-5.802670881358836,-1.3325305248196158,False,0.40609515471566215,156015,1
BELIMBING,2025-05-01,2025,5,40.7,48.13718751207791,-7.437187512077905,-1.2996285365524642,False,0.41672384884667013,148546,1
BELIMBING,2025-06-01,2025,6,43.4,45.56798450369462,-2.167984503694619,-0.4112748533393879,False,0.4361543088797878,160119,1
BELIMBING,2025-07-01,2025,7,43.1,48.76567018618067,-5.6656701861806695,-0.5099808181408401,False,0.41212195063012047,148008,1
BELIMBING,2025-08-01,2025,8,41.8,47.5701220325607,-5.7701220325607,-0.9377066656138049,False,0.40476041295588183,154300,1
BELIMBING,2025-09-01,2025,9,45.4,46.40263800532055,-1.0026380053205486,0.24676491200363274,False,0.40248293409798563,150681,1
BELIMBING,2025-10-01,2025,10,41.6,47.54800459041123,-5.94800459041123,-1.0035106421481055,False,0.4171058963195468,151657,1
BELIMBING,2025-11-01,2025,11,46.1,52.85877550862051,-6.758775508620509,0.4770788298736909,False,0.5347584716455149,133265,2
BELIMBING,2025-12-01,2025,12,41.6,47.579749934436535,-5.9797499344365335,-1.0035106421481055,False,0.4401316666876187,147982,1
BENTA,2023-01-01,2023,1,41.1,45.17478607536454,-4.0747860753645355,1.601915553756921,False,0.49400495681953965,43796,1
BENTA,2023-02-01,2023,2,39.8,43.21415717706594,-3.4141571770659453,1.0538918116821836,False,0.460638103994707,43505,1
BENTA,2023-03-01,2023,3,37.0,47.05747250028017,-10.05747250028017,-0.12646701740186084,False,0.4591834603621327,47554,1
BENTA,2023-04-01,2023,4,38.2,46.37629294613206,-8.176292946132058,0.3794010522055885,False,0.45469018891224755,46815,1
BENTA,2023-05-01,2023,5,38.8,45.63680084527463,-6.836800845274631,0.6323350870093102,False,0.40872693125539916,51247,1
BENTA,2023-06-01,2023,6,40.7,45.08167436457211,-4.381674364572106,1.4332928638877722,False,0.4684253755660369,47491,1
BENTA,2023-07-01,2023,7,35.4,45.56736043548269,-10.167360435482692,-0.800957776878459,False,0.42329721213413535,51885,1
BENTA,2023-08-01,2023,8,36.3,43.50701233658754,-7.207012336587546,-0.4215567246728735,False,0.48852829236835005,49054,0
BENTA,2023-09-01,2023,9,38.5,43.69814582266119,-5.198145822661189,0.5058680696074493,False,0.4431429676501243,47956,1
BENTA,2023-10-01,2023,10,39.9,43.637631148565866,-3.7376311485658675,1.0960474841494716,False,0.425249303057457,48354,1
BENTA,2023-11-01,2023,11,39.5,44.02780449589096,-4.527804495890962,0.9274247942803229,False,0.4885420414442561,43599,1
BENTA,2023-12-01,2023,12,41.2,43.91083382033552,-2.710833820335516,1.644071226224209,False,0.4665025723143023,47902,1
BENTA,2024-01-01,2024,1,38.8,44.46333107250042,-5.663331072500419,0.6323350870093102,False,0.5064264836856325,45754,0
BENTA,2024-02-01,2024,2,37.5,42.88291276831154,-5.382912768311542,0.0843113449345759,False,0.4074890728590879,43197,1
BENTA,2024-03-01,2024,3,37.4,45.25168861007794,-7.851688610077943,0.04215567246728795,False,0.46905745645700875,51978,1
BENTA,2024-04-01,2024,4,34.4,43.577079939959916,-9.177079939959917,-1.2225145015513326,False,0.4568784002744477,47344,1
BENTA,2024-05-01,2024,5,36.4,43.95925683084219,-7.559256830842195,-0.3794010522055855,False,0.5215475980085696,51940,0
BENTA,2024-06-01,2024,6,37.3,44.07657482594213,-6.776574825942134,0.0,False,0.4527553540452279,47628,1
BENTA,2024-07-01,2024,7,35.7,44.52604995279841,-8.826049952798407,-0.6744907594765952,False,0.4827882998821408,48918,1
BENTA,2024-08-01,2024,8,39.1,46.264892956646776,-7.164892956646774,0.758802104411174,False,0.48307428354231396,49200,1
BENTA,2024-09-01,2024,9,34.4,45.3369733764091,-10.9369733764091,-1.2225145015513326,False,0.4512585611517112,48754,1
BENTA,2024-10-01,2024,10,33.5,46.19310165260578,-12.693101652605783,-1.601915553756918,False,0.45652279047092575,50030,1
BENTA,2024-11-01,2024,11,37.4,44.812357842809135,-7.412357842809136,0.04215567246728795,False,0.4206608764737177,44238,1
BENTA,2024-12-01,2024,12,35.1,44.37593810207008,-9.275938102070079,-0.9274247942803199,False,0.42725742625134305,45494,1
BENTA,2025-01-01,2025,1,36.5,45.6511170640802,-9.151117064080204,-0.3372453797382976,False,0.4029485883071002,47826,1
BENTA,2025-02-01,2025,2,35.1,41.49181110242968,-6.391811102429678,-0.9274247942803199,False,0.4288895350533811,45383,1
BENTA,2025-03-01,2025,3,38.0,43.52655434556745,-5.5265543455674475,0.29508970727101264,False,0.4146715829313754,49682,1
BENTA,2025-04-01,2025,4,34.4,42.65051155920897,-8.250511559208974,-1.2225145015513326,False,0.4392587888429217,52314,1
BENTA,2025-05-01,2025,5,35.3,44.23403187863254,-8.934031878632545,-0.843113449345747,False,0.46666263349396825,53402,1
BENTA,2025-06-01,2025,6,36.1,43.26273271629141,-7.1627327162914085,-0.5058680696074463,False,0.4138960913622469,53654,1
BENTA,2025-07-01,2025,7,34.5,45.715589895303026,-11.215589895303026,-1.1803588290840445,False,0.49770359881810605,50447,1
BENTA,2025-08-01,2025,8,37.8,42.917450952209705,-5.117450952209708,0.21077836233643674,False,0.4534948932246401,54598,1
BENTA,2025-09-01,2025,9,38.6,45.39614218951826,-6.796142189518257,0.5480237420747374,False,0.4508028264770358,46947,1
BENTA,2025-10-01,2025,10,35.7,43.84139100040251,-8.141391000402507,-0.6744907594765952,False,0.40302147941693084,51434,1
BENTA,2025-11-01,2025,11,37.3,43.89931759504057,-6.599317595040574,0.0,False,0.40119037280377573,47713,1
BENTA,2025-12-01,2025,12,32.7,43.22442643993753,-10.524426439937528,-1.9391609334952156,False,0.5183327224906152,48769,0
BENTONG (FASA 2),2023-01-01,2023,1,36.5,31.586805533813862,4.9131944661861375,0.6955685957102407,False,0.5243323810678834,3244071,7
BENTONG (FASA 2),2023-02-01,2023,2,37.2,34.25307834440225,2.9469216555977553,0.990658302981252,False,0.46153241546919205,2871639,10
BENTONG (FASA 2),2023-03-01,2023,3,36.0,32.32814929519404,3.671850704805962,0.4847902333738048,False,0.4749626307957691,3326961,8
BENTONG (FASA 2),2023-04-01,2023,4,38.2,32.86627966809231,5.333720331907692,1.4122150276541237,False,0.45029179611875875,3305107,10
BENTONG (FASA 2),2023-05-01,2023,5,38.4,31.315303810348787,7.084696189651211,1.4965263725886961,False,0.48333226685206176,3488758,6
BENTONG (FASA 2),2023-06-01,2023,6,35.8,32.78997050777091,3.010029492229087,0.4004788884392293,False,0.4824211603513368,3163888,9
BENTONG (FASA 2),2023-07-01,2023,7,37.5,32.99220515050207,4.507794849497927,1.1171253203831122,False,0.49288719499253436,3338424,10
BENTONG (FASA 2),2023-08-01,2023,8,38.4,33.173066237834696,5.226933762165302,1.4965263725886961,False,0.48976351159181386,3372300,10
BENTONG (FASA 2),2023-09-01,2023,9,36.0,32.0192442566284,3.9807557433716028,0.4847902333738048,False,0.45239486166887294,3235335,5
BENTONG (FASA 2),2023-10-01,2023,10,34.8,31.340427773496703,3.459572226503294,-0.021077836233642386,False,0.47027030351801996,3271096,5
BENTONG (FASA 2),2023-11-01,2023,11,36.6,34.781725949012205,1.818274050987796,0.7377242681775283,False,0.5324423436396263,3060679,13
BENTONG (FASA 2),2023-12-01,2023,12,32.6,31.749010750757158,0.8509892492428435,-0.9485026305139582,False,0.49857164281390887,3211155,8
BENTONG (FASA 2),2024-01-01,2024,1,32.6,32.066314424420824,0.5336855755791774,-0.9485026305139582,False,0.48208879761461393,3066751,5
BENTONG (FASA 2),2024-02-01,2024,2,33.7,32.58600383845085,1.113996161549153,-0.4847902333737988,False,0.5462442524314075,2819808,10
BENTONG (FASA 2),2024-03-01,2024,3,37.3,30.893694190984743,6.4063058090152545,1.0328139754485368,False,0.5058846440177915,3469076,5
BENTONG (FASA 2),2024-04-01,2024,4,32.4,31.11691909048947,1.2830809095105273,-1.0328139754485337,False,0.4409391278684072,3189875,4
BENTONG (FASA 2),2024-05-01,2024,5,36.1,32.42257807772883,3.677421922271172,0.5269459058410926,False,0.48545959851220116,3282010,10
BENTONG (FASA 2),2024-06-01,2024,6,36.8,30.571172753341685,6.228827246658312,0.8220356131121009,False,0.5051998763161525,3443676,9
BENTONG (FASA 2),2024-07-01,2024,7,33.3,31.568910711705982,1.7310892882940152,-0.6534129232429499,False,0.4874851341427791,3544076,8
BENTONG (FASA 2),2024-08-01,2024,8,33.6,32.20191314417829,1.3980868558217097,-0.5269459058410866,False,0.5230838518799534,3482271,10
BENTONG (FASA 2),2024-09-01,2024,9,34.9,34.33752013248484,0.5624798675151581,0.02107783623364538,False,0.5134825118371217,3029704,11
BENTONG (FASA 2),2024-10-01,2024,10,37.6,33.404872771981545,4.195127228018457,1.1592809928504,False,0.486833635651936,3117154,10
BENTONG (FASA 2),2024-11-01,2024,11,35.8,31.41575323463323,4.384246765366768,0.4004788884392293,False,0.5213467956650513,3218145,11
BENTONG (FASA 2),2024-12-01,2024,12,33.3,32.62990018740693,0.6700998125930653,-0.6534129232429499,False,0.50975195308361,3226938,11
BENTONG (FASA 2),2025-01-01,2025,1,33.6,32.843198780675095,0.7568012193249061,-0.5269459058410866,False,0.48921344340112227,3121318,10
BENTONG (FASA 2),2025-02-01,2025,2,36.1,30.65308194940065,5.446918050599351,0.5269459058410926,False,0.4788945358919578,3041628,8
BENTONG (FASA 2),2025-03-01,2025,3,31.8,32.256664674998255,-0.4566646749982546,-1.2857480102522558,False,0.5308210485450019,3558015,12
BENTONG (FASA 2),2025-04-01,2025,4,34.2,32.319270847722095,1.8807291522779082,-0.27401187103736296,False,0.47460878245090693,3436079,9
BENTONG (FASA 2),2025-05-01,2025,5,36.1,32.36740977796608,3.73259022203392,0.5269459058410926,False,0.5302561364311364,3536919,11
BENTONG (FASA 2),2025-06-01,2025,6,31.2,29.781612284627023,1.418387715372976,-1.5386820450559795,False,0.4654043642750683,3527335,5
BENTONG (FASA 2),2025-07-01,2025,7,32.3,31.254853251461455,1.0451467485385422,-1.0749696479158215,False,0.46856640204186106,3456073,9
BENTONG (FASA 2),2025-08-01,2025,8,33.4,30.272213440502217,3.127786559497782,-0.6112572507756621,False,0.5460929132366016,3337587,10
BENTONG (FASA 2),2025-09-01,2025,9,32.1,32.525996181847994,-0.42599618184799226,-1.159280992850394,False,0.5102144053827923,3439669,12
BENTONG (FASA 2),2025-10-01,2025,10,34.5,30.881380968157718,3.6186190318422824,-0.14754485363550268,False,0.4650887656783782,3343571,7
BENTONG (FASA 2),2025-11-01,2025,11,32.2,31.38707818085476,0.8129218191452416,-1.1171253203831062,False,0.5028792290444288,2962731,9
BENTONG (FASA 2),2025-12-01,2025,12,33.3,32.75965398156554,0.5403460184344553,-0.6534129232429499,False,0.5243975482448904,3145306,10
BERA KOMPLEKS,2023-01-01,2023,1,58.7,51.519569224182234,7.180430775817769,-0.1190277810841061,False,0.49079355336940406,174398,2
BERA KOMPLEKS,2023-02-01,2023,2,57.3,52.895806759855496,4.404193240144501,-0.48933643334576865,False,0.5116966155700882,144654,2
BERA KOMPLEKS,2023-03-01,2023,3,66.1,49.04127080273882,17.058729197261172,1.8383179522989572,False,0.4946751905410401,177408,1
BERA KOMPLEKS,2023-04-01,2023,4,56.0,49.16749151168709,6.832508488312911,-0.8331944675887388,False,0.45881358988612053,168393,1
BERA KOMPLEKS,2023-05-01,2023,5,59.7,48.48725049049609,11.212749509503915,0.14547839910279467,False,0.4659914353765197,185143,1
BERA KOMPLEKS,2023-06-01,2023,6,60.3,51.34717959722147,8.952820402778528,0.3041821072149336,False,0.49539039308781735,184946,2
BERA KOMPLEKS,2023-07-01,2023,7,62.4,51.885994417933205,10.514005582066794,0.8596450856074256,False,0.5318982876072884,173661,2
BERA KOMPLEKS,2023-08-01,2023,8,62.8,47.38864643180435,15.41135356819565,0.9654475576821855,False,0.4977793707312612,184210,1
BERA KOMPLEKS,2023-09-01,2023,9,57.8,48.10949953197199,9.690500468028006,-0.3570833432523183,False,0.45611692782120716,177369,1
BERA KOMPLEKS,2023-10-01,2023,10,60.5,48.00593213708826,12.494067862911741,0.3570833432523145,False,0.5119834697081408,166457,1
BERA KOMPLEKS,2023-11-01,2023,11,63.8,49.00742097450717,14.792579025492827,1.2299537378690863,False,0.5375471470839531,157996,1
BERA KOMPLEKS,2023-12-01,2023,12,59.4,49.96061135348218,9.43938864651782,0.06612654504672331,False,0.49808353387482973,164365,1
BERA KOMPLEKS,2024-01-01,2024,1,57.9,49.199756114833306,8.700243885166692,-0.3306327252336278,False,0.4748053797503713,173311,1
BERA KOMPLEKS,2024-02-01,2024,2,60.3,49.745168370717835,10.554831629282162,0.3041821072149336,False,0.48947662710695283,151153,1
BERA KOMPLEKS,2024-03-01,2024,3,63.7,49.854517141051375,13.845482858948628,1.2035031198503976,False,0.5418561621868038,169201,1
BERA KOMPLEKS,2024-04-01,2024,4,57.7,48.549841047445796,9.150158952554207,-0.38353396127100686,False,0.4494086667028903,181282,1
BERA KOMPLEKS,2024-05-01,2024,5,59.1,51.225179119698865,7.874820880301137,-0.013225309009346166,False,0.4952983167010039,180957,2
BERA KOMPLEKS,2024-06-01,2024,6,61.6,52.38801159471207,9.211988405287933,0.6480401414579057,False,0.554360619032532,174241,2
BERA KOMPLEKS,2024-07-01,2024,7,61.0,48.10252692534993,12.897473074650073,0.4893364333457649,False,0.46243252925068595,196624,1
BERA KOMPLEKS,2024-08-01,2024,8,56.0,48.24344575891373,7.7565542410862705,-0.8331944675887388,False,0.44367034425099977,188748,1
BERA KOMPLEKS,2024-09-01,2024,9,54.2,51.38479998877415,2.815200011225855,-1.3093055919251595,False,0.47258690794216907,169912,2
BERA KOMPLEKS,2024-10-01,2024,10,54.2,49.49188193276298,4.708118067237024,-1.3093055919251595,False,0.47410541511794374,171765,1
BERA KOMPLEKS,2024-11-01,2024,11,61.8,48.08060331689071,13.719396683109288,0.7009413774952847,False,0.4952549604223138,163262,1
BERA KOMPLEKS,2024-12-01,2024,12,62.6,52.701923356268,9.898076643732004,0.9125463216448064,False,0.5601654022944033,161690,2
BERA KOMPLEKS,2025-01-01,2025,1,59.1,49.023098089828636,10.076901910171365,-0.013225309009346166,False,0.48605820358006585,178358,1
BERA KOMPLEKS,2025-02-01,2025,2,61.9,48.015390796826466,13.884609203173532,0.7273919955139752,False,0.48031834295471054,163968,1
BERA KOMPLEKS,2025-03-01,2025,3,55.0,48.13878207313749,6.861217926862508,-1.0977006477756397,False,0.4309958681317424,188003,1
BERA KOMPLEKS,2025-04-01,2025,4,57.3,46.9603912496804,10.339608750319599,-0.48933643334576865,False,0.4641808011859143,190241,1
BERA KOMPLEKS,2025-05-01,2025,5,57.8,47.908605894220386,9.89139410577961,-0.3570833432523183,False,0.4882112718390077,198534,1
BERA KOMPLEKS,2025-06-01,2025,6,56.5,50.92332009468615,5.576679905313853,-0.7009413774952885,False,0.4796775436035816,178090,2
BERA KOMPLEKS,2025-07-01,2025,7,56.4,47.7291104842827,8.670889515717299,-0.7273919955139789,False,0.46778841133427906,181719,1
BERA KOMPLEKS,2025-08-01,2025,8,53.0,50.48348118688888,2.5165188131111194,-1.6267130081494412,False,0.48639491691680703,185188,2
BERA KOMPLEKS,2025-09-01,2025,9,63.1,47.07882412594245,16.021175874057555,1.0447994117382569,False,0.4930691666261318,182954,1
BERA KOMPLEKS,2025-10-01,2025,10,59.2,50.77295265171199,8.427047348288013,0.013225309009344287,False,0.49308395706421465,181565,2
BERA KOMPLEKS,2025-11-01,2025,11,62.6,50.75259708053997,11.84740291946003,0.9125463216448064,False,0.5129219723833105,166705,2
BERA KOMPLEKS,2025-12-01,2025,12,58.3,47.78626419295733,10.513735807042664,-0.2248302531588679,False,0.4754948184221876,178876,1
BRINCHANG,2023-01-01,2023,1,31.3,25.364011055840933,5.935988944159067,0.6451650742819581,False,0.46311224783199495,609086,3
BRINCHANG,2023-02-01,2023,2,29.4,22.97013182206976,6.4298681779302385,-0.46921096311415483,False,0.5002876111002751,528412,1
BRINCHANG,2023-03-01,2023,3,29.6,25.044084298045597,4.5559157019544045,-0.3519082223356151,False,0.44566484715471844,620963,2
BRINCHANG,2023-04-01,2023,4,30.4,25.506170986202584,4.893829013797415,0.11730274077853557,False,0.4727436564027959,594718,2
BRINCHANG,2023-05-01,2023,5,33.7,24.270869413948418,9.429130586051585,2.0527979636244162,False,0.4417458883353259,628466,2
BRINCHANG,2023-06-01,2023,6,34.7,24.562780496461524,10.137219503538478,2.6393116675171067,False,0.41540991508684805,625134,2
BRINCHANG,2023-07-01,2023,7,32.8,23.62572115369491,9.174278846305086,1.5249356301209918,False,0.46373957945137595,643249,2
BRINCHANG,2023-08-01,2023,8,34.1,25.016148958047136,9.083851041952865,2.2874034451814915,False,0.4407306300510467,647382,3
BRINCHANG,2023-09-01,2023,9,29.6,23.103637538018486,6.496362461981516,-0.3519082223356151,False,0.46513483641586034,573841,1
BRINCHANG,2023-10-01,2023,10,31.6,26.00830719857608,5.591692801423921,0.8211191854497657,False,0.4364091862588251,611836,2
BRINCHANG,2023-11-01,2023,11,33.3,23.976040248190117,9.32395975180988,1.8181924820673367,False,0.48188654908282935,563320,2
BRINCHANG,2023-12-01,2023,12,30.0,25.496354126925212,4.503645873074788,-0.11730274077853975,False,0.48470542815249024,617653,3
BRINCHANG,2024-01-01,2024,1,30.3,21.353028621198526,8.946971378801475,0.058651370389267786,False,0.5277983774305529,591343,1
BRINCHANG,2024-02-01,2024,2,33.2,25.493518495203887,7.706481504796116,1.759541111678071,False,0.45156906855427625,566061,3
BRINCHANG,2024-03-01,2024,3,30.3,24.689141738163663,5.610858261836338,0.058651370389267786,False,0.4626957690354691,654412,3
BRINCHANG,2024-04-01,2024,4,30.5,25.485995785023505,5.014004214976495,0.17595411116780546,False,0.48993515167935925,611902,3
BRINCHANG,2024-05-01,2024,5,30.6,25.803869384738157,4.796130615261845,0.2346054815570753,False,0.4491890019359422,633734,3
BRINCHANG,2024-06-01,2024,6,29.1,24.008219147828875,5.0917808521711265,-0.6451650742819602,False,0.45547089729005713,633403,2
BRINCHANG,2024-07-01,2024,7,28.8,24.378608571694336,4.421391428305665,-0.8211191854497678,False,0.47955074857970553,650654,3
BRINCHANG,2024-08-01,2024,8,29.3,21.706006972817065,7.593993027182936,-0.5278623335034226,False,0.4526863775411931,689277,2
BRINCHANG,2024-09-01,2024,9,32.7,23.75660899739595,8.943391002604052,1.466284259731726,False,0.4395852593754153,621675,2
BRINCHANG,2024-10-01,2024,10,31.3,24.693995507983374,6.606004492016627,0.6451650742819581,False,0.4540316546124335,629937,3
BRINCHANG,2024-11-01,2024,11,33.0,23.898145956973025,9.101854043026975,1.6422383708995314,False,0.4316981510770845,587193,2
BRINCHANG,2024-12-01,2024,12,28.9,20.93457917531267,7.965420824687328,-0.7624678150605,False,0.49893549866844167,611694,1
BRINCHANG,2025-01-01,2025,1,29.1,24.104535451884278,4.995464548115724,-0.6451650742819602,False,0.48815650256358284,643911,3
BRINCHANG,2025-02-01,2025,2,28.6,22.13463557214967,6.465364427850332,-0.9384219262283054,False,0.49029841420827713,604759,3
BRINCHANG,2025-03-01,2025,3,31.1,25.90163655725836,5.198363442741641,0.5278623335034205,False,0.45786399289928487,621943,3
BRINCHANG,2025-04-01,2025,4,29.7,23.996426628029077,5.703573371970922,-0.29325685194634726,False,0.4925086681698373,671788,3
BRINCHANG,2025-05-01,2025,5,29.8,21.938400733952392,7.861599266047609,-0.23460548155707742,False,0.4337840199637001,704938,2
BRINCHANG,2025-06-01,2025,6,27.7,22.10064879199945,5.599351208000549,-1.466284259731728,False,0.442161306014726,687063,2
BRINCHANG,2025-07-01,2025,7,29.0,23.968851360889253,5.0311486391107465,-0.7038164446712302,False,0.47265099892563667,656777,3
BRINCHANG,2025-08-01,2025,8,27.7,21.00978136647128,6.690218633528719,-1.466284259731728,False,0.4751480151487369,686856,1
BRINCHANG,2025-09-01,2025,9,31.7,24.152972991953337,7.547027008046662,0.8797705558390335,False,0.43083070619865704,667953,3
BRINCHANG,2025-10-01,2025,10,28.5,22.989852513041694,5.5101474869583065,-0.9970732966175753,False,0.47347328576402586,607790,1
BRINCHANG,2025-11-01,2025,11,27.6,25.154071091944676,2.4459289080553255,-1.5249356301209958,False,0.47769842872198937,601407,3
BRINCHANG,2025-12-01,2025,12,30.1,22.89828260579924,7.201717394200763,-0.058651370389269875,False,0.43714183116448324,626875,2
BUKIT BETONG,2023-01-01,2023,1,28.0,37.687311555935985,-9.687311555935985,-0.279666900270784,False,0.5013675373174044,529532,1
BUKIT BETONG,2023-02-01,2023,2,31.6,40.05878522496673,-8.458785224966732,0.9048046773466526,False,0.46832497737062895,498089,2
BUKIT BETONG,2023-03-01,2023,3,31.6,39.068561420082126,-7.468561420082125,0.9048046773466526,False,0.45901715643564395,551335,2
BUKIT BETONG,2023-04-01,2023,4,31.8,37.51043559345183,-5.71043559345183,0.9706086538809543,False,0.4387047757944424,603871,2
BUKIT BETONG,2023-05-01,2023,5,32.2,40.73156319118101,-8.531563191181007,1.1022166069495591,False,0.4689369851097152,596093,3
BUKIT BETONG,2023-06-01,2023,6,32.7,36.75780842535178,-4.05780842535178,1.266726548285314,False,0.4656743162193064,601100,1
BUKIT BETONG,2023-07-01,2023,7,29.3,38.047255775065324,-8.747255775065323,0.14805894720217927,False,0.4147063560617941,633049,2
BUKIT BETONG,2023-08-01,2023,8,29.7,35.584716432068625,-5.884716432068625,0.27966690027078284,False,0.4586903516095415,628655,1
BUKIT BETONG,2023-09-01,2023,9,29.3,38.637197410558876,-9.337197410558876,0.14805894720217927,False,0.49129387270909414,535024,1
BUKIT BETONG,2023-10-01,2023,10,32.7,41.997095078822014,-9.29709507882201,1.266726548285314,False,0.4906637030775555,538142,3
BUKIT BETONG,2023-11-01,2023,11,31.9,39.9577747821559,-8.057774782155903,1.0035106421481046,False,0.466058709216064,562997,3
BUKIT BETONG,2023-12-01,2023,12,29.0,38.604579033206626,-9.604579033206626,0.04935298240072603,False,0.5305663570803589,533392,2
BUKIT BETONG,2024-01-01,2024,1,26.4,37.87902556505376,-11.47902556505376,-0.8060987125452005,False,0.5111309213030276,537076,2
BUKIT BETONG,2024-02-01,2024,2,28.8,39.711233963876424,-10.911233963876423,-0.016450994133575734,False,0.4692126826635565,523278,2
BUKIT BETONG,2024-03-01,2024,3,31.2,35.89133785828473,-4.691337858284729,0.7731967242780479,False,0.44246292388858455,613474,1
BUKIT BETONG,2024-04-01,2024,4,29.8,35.45192765460914,-5.651927654609143,0.3125688885379343,False,0.46870765726722685,578382,1
BUKIT BETONG,2024-05-01,2024,5,27.2,38.6192601272059,-11.419260127205899,-0.5428828064079922,False,0.42981386928491105,621808,2
BUKIT BETONG,2024-06-01,2024,6,29.7,37.19018051938798,-7.49018051938798,0.27966690027078284,False,0.4040670941915492,625553,2
BUKIT BETONG,2024-07-01,2024,7,30.9,37.56027781746451,-6.660277817464511,0.6744907594765946,False,0.4193262901482699,617675,2
BUKIT BETONG,2024-08-01,2024,8,27.7,40.52636854057128,-12.826368540571284,-0.3783728650722372,False,0.4768766075235089,635304,3
BUKIT BETONG,2024-09-01,2024,9,26.7,37.85050921946608,-11.150509219466084,-0.7073927477437473,False,0.4677766824620815,577135,1
BUKIT BETONG,2024-10-01,2024,10,26.8,39.041463833801885,-12.241463833801884,-0.6744907594765958,False,0.47676346762514193,572831,2
BUKIT BETONG,2024-11-01,2024,11,29.5,37.10556333626123,-7.605563336261227,0.21386292373648105,False,0.4472935241301472,572337,1
BUKIT BETONG,2024-12-01,2024,12,30.2,39.73065024047572,-9.530650240475719,0.4441768416065378,False,0.4819296321532088,564799,3
BUKIT BETONG,2025-01-01,2025,1,26.0,38.923204247814866,-12.923204247814866,-0.937706665613804,False,0.4922831185283329,552986,2
BUKIT BETONG,2025-02-01,2025,2,26.4,39.70961404178488,-13.309614041784883,-0.8060987125452005,False,0.48350239058494227,510731,2
BUKIT BETONG,2025-03-01,2025,3,27.5,38.75895118942999,-11.258951189429993,-0.444176841606539,False,0.4339982786255047,611194,2
BUKIT BETONG,2025-04-01,2025,4,26.3,37.235819200950985,-10.935819200950984,-0.8390007008123508,False,0.4408225854702664,617222,2
BUKIT BETONG,2025-05-01,2025,5,25.7,38.25116868323077,-12.551168683230774,-1.0364126304152572,False,0.4809978052941465,633435,2
BUKIT BETONG,2025-06-01,2025,6,28.4,37.928032981091064,-9.528032981091066,-0.14805894720218044,False,0.425592221232915,635462,2
BUKIT BETONG,2025-07-01,2025,7,25.4,37.82563936545951,-12.42563936545951,-1.1351185952167104,False,0.4467615192446911,664140,2
BUKIT BETONG,2025-08-01,2025,8,28.7,35.04747819348037,-6.347478193480374,-0.049352982400727205,False,0.45822084919466033,649987,1
BUKIT BETONG,2025-09-01,2025,9,25.7,37.561543426688324,-11.861543426688325,-1.0364126304152572,False,0.445725608900296,617322,2
BUKIT BETONG,2025-10-01,2025,10,27.4,38.45943600135024,-11.059436001350242,-0.4770788298736905,False,0.4418836858660964,599655,2
BUKIT BETONG,2025-11-01,2025,11,28.9,38.86532878239836,-9.965328782398359,0.016450994133574565,False,0.45072262174855693,546555,2
BUKIT BETONG,2025-12-01,2025,12,26.0,37.64209085760052,-11.642090857600522,-0.937706665613804,False,0.5250447544611652,604558,3
BUKIT FRASER,2023-01-01,2023,1,56.0,44.60375515734947,11.396244842650532,0.5548230440855855,False,0.4702696811033305,116877,1
BUKIT FRASER,2023-02-01,2023,2,57.2,45.38070530983535,11.819294690164654,0.8159162413023324,False,0.5487651967977374,115059,2
BUKIT FRASER,2023-03-01,2023,3,50.7,44.09010427651646,6.60989572348354,-0.5983385769550438,False,0.4564100109863233,131380,1
BUKIT FRASER,2023-04-01,2023,4,53.6,46.44097484085436,7.159025159145642,0.03263664965209299,False,0.4915982240384724,123697,2
BUKIT FRASER,2023-05-01,2023,5,58.3,45.321983400589076,12.978016599410921,1.0552516720843488,False,0.4434209024217987,123860,1
BUKIT FRASER,2023-06-01,2023,6,57.8,46.60800779469898,11.19199220530102,0.9464628399107045,False,0.5474246224940064,130155,2
BUKIT FRASER,2023-07-01,2023,7,56.7,45.91074842143032,10.789251578569683,0.7071274091286881,False,0.49700181299446694,131515,1
BUKIT FRASER,2023-08-01,2023,8,59.4,45.79291608090968,13.607083919090321,1.2945871028663667,False,0.45008041283810996,122946,1
BUKIT FRASER,2023-09-01,2023,9,52.5,45.570659480626524,6.929340519373476,-0.20669878112992485,False,0.4766654907958112,119534,2
BUKIT FRASER,2023-10-01,2023,10,57.2,45.3846795602769,11.815320439723102,0.8159162413023324,False,0.45060598983495465,117521,1
BUKIT FRASER,2023-11-01,2023,11,53.4,45.15990065861868,8.240099341381317,-0.01087888321736536,False,0.4348403846689072,120751,1
BUKIT FRASER,2023-12-01,2023,12,54.1,45.500291168274565,8.599708831725437,0.14142548182573733,False,0.5117788078335015,116610,2
BUKIT FRASER,2024-01-01,2024,1,53.9,44.965383910437076,8.934616089562923,0.09790994895627897,False,0.45356301866895427,123093,1
BUKIT FRASER,2024-02-01,2024,2,53.5,43.723835713624446,9.776164286375554,0.010878883217363815,False,0.4342098599830385,118059,1
BUKIT FRASER,2024-03-01,2024,3,49.5,44.03245529057136,5.467544709428637,-0.8594317741717908,False,0.4260616408470935,133914,1
BUKIT FRASER,2024-04-01,2024,4,53.3,45.92682703139286,7.373172968607136,-0.032636649652094535,False,0.539009068557493,124614,2
BUKIT FRASER,2024-05-01,2024,5,58.8,46.20651084721538,12.59348915278462,1.164040504257993,False,0.5723020316313863,131241,2
BUKIT FRASER,2024-06-01,2024,6,51.8,45.79334435877281,6.006655641227184,-0.35900314617302753,False,0.4835148581294133,123845,2
BUKIT FRASER,2024-07-01,2024,7,49.7,44.96202204018289,4.7379779598171154,-0.8159162413023324,False,0.4993338513200792,127269,2
BUKIT FRASER,2024-08-01,2024,8,56.7,45.01468229508676,11.685317704913246,0.7071274091286881,False,0.5576466965536191,131844,2
BUKIT FRASER,2024-09-01,2024,9,57.7,46.25583370401405,11.444166295985951,0.9247050734759767,False,0.5562403626165534,129317,2
BUKIT FRASER,2024-10-01,2024,10,49.5,43.90302055218369,5.5969794478163095,-0.8594317741717908,False,0.42421336376362473,119080,1
BUKIT FRASER,2024-11-01,2024,11,50.9,45.530171135182215,5.369828864817784,-0.554823044085587,False,0.49528055166123636,123024,2
BUKIT FRASER,2024-12-01,2024,12,56.0,46.562785474872925,9.437214525127075,0.5548230440855855,False,0.5244130562557027,124991,2
BUKIT FRASER,2025-01-01,2025,1,52.2,43.48008347439668,8.719916525603324,-0.2719720804341108,False,0.4302342240696023,124525,1
BUKIT FRASER,2025-02-01,2025,2,49.9,43.612698509359085,6.287301490640914,-0.7724007084328757,False,0.4978025942356756,116760,2
BUKIT FRASER,2025-03-01,2025,3,50.0,43.68343555266452,6.31656444733548,-0.7506429419981465,False,0.4604401011962781,135738,1
BUKIT FRASER,2025-04-01,2025,4,50.7,45.48817415377265,5.211825846227356,-0.5983385769550438,False,0.4867397832457696,127401,2
BUKIT FRASER,2025-05-01,2025,5,49.8,42.6110897745983,7.188910225401699,-0.7941584748676048,False,0.4505948415985313,135749,1
BUKIT FRASER,2025-06-01,2025,6,56.2,43.774190576197206,12.425809423802797,0.5983385769550438,False,0.5311648631784384,132451,2
BUKIT FRASER,2025-07-01,2025,7,55.9,43.7232896414957,12.176710358504302,0.5330652776508563,False,0.49671035550996756,135806,1
BUKIT FRASER,2025-08-01,2025,8,49.1,42.360992534344035,6.739007465655966,-0.946462839910706,False,0.4501764156087792,138281,1
BUKIT FRASER,2025-09-01,2025,9,49.4,44.32945204049772,5.070547959502278,-0.88118954060652,False,0.43325907711284106,121192,1
BUKIT FRASER,2025-10-01,2025,10,53.8,43.160112653324816,10.63988734667518,0.07615218252154979,False,0.44901302800326026,133327,1
BUKIT FRASER,2025-11-01,2025,11,50.2,45.58501326450554,4.614986735494462,-0.7071274091286881,False,0.4870405355334058,119150,2
BUKIT FRASER,2025-12-01,2025,12,50.5,45.41665950587468,5.0833404941253235,-0.6418541098245022,False,0.4411054860137652,122193,1
BUKIT SAGU,2023-01-01,2023,1,35.3,38.78681963146245,-3.4868196314624527,-0.6744907594765953,False,0.44772237322626296,432513,2
BUKIT SAGU,2023-02-01,2023,2,37.7,37.6913254545885,0.00867454541150181,0.20052427984439458,False,0.41528112862050415,422717,2
BUKIT SAGU,2023-03-01,2023,3,37.3,36.13836490185883,1.1616350981411685,0.054688439957561216,False,0.43136316470594394,444593,1
BUKIT SAGU,2023-04-01,2023,4,41.3,35.76604892279442,5.533951077205579,1.5130468388258742,False,0.4268963998597987,471008,1
BUKIT SAGU,2023-05-01,2023,5,38.5,38.832595247686804,-0.33259524768680393,0.4921959596180561,False,0.42704778004317273,478749,2
BUKIT SAGU,2023-06-01,2023,6,38.3,37.334059839367626,0.9659401606323712,0.41927803967463945,False,0.39187098257307984,492380,2
BUKIT SAGU,2023-07-01,2023,7,36.4,35.18121597057636,1.218784029423638,-0.2734421997878087,False,0.4183492176032371,475944,1
BUKIT SAGU,2023-08-01,2023,8,39.5,38.21319286156614,1.2868071384338577,0.8567855593351343,False,0.4060953251485497,458194,2
BUKIT SAGU,2023-09-01,2023,9,40.5,36.33623739836125,4.1637626016387514,1.2213751590522126,False,0.4099810804804027,464465,2
BUKIT SAGU,2023-10-01,2023,10,38.7,37.79329805375559,0.9067019462444108,0.5651138795614729,False,0.4127367178678278,453858,2
BUKIT SAGU,2023-11-01,2023,11,39.9,37.26734708121611,2.63265291878389,1.0026213992219652,False,0.4201952912555117,443036,2
BUKIT SAGU,2023-12-01,2023,12,39.6,37.16637632382408,2.4336236761759196,0.8932445193068427,False,0.4349690561876306,438698,1
BUKIT SAGU,2024-01-01,2024,1,39.2,35.95651089067333,3.2434891093266742,0.747408679420012,False,0.4216832012414758,455197,1
BUKIT SAGU,2024-02-01,2024,2,39.6,37.91531004388027,1.6846899561197333,0.8932445193068427,False,0.43147685999084534,404476,2
BUKIT SAGU,2024-03-01,2024,3,35.8,36.248876645422044,-0.44887664542204675,-0.4921959596180561,False,0.42603990313125967,453461,1
BUKIT SAGU,2024-04-01,2024,4,35.2,35.545121910413656,-0.3451219104136527,-0.710949719448301,False,0.4172830466419855,455515,1
BUKIT SAGU,2024-05-01,2024,5,38.3,37.67535980046769,0.6246401995323083,0.41927803967463945,False,0.40751334007052115,486640,2
BUKIT SAGU,2024-06-01,2024,6,35.3,36.26787841797981,-0.9678784179798114,-0.6744907594765953,False,0.4036413852900147,497975,2
BUKIT SAGU,2024-07-01,2024,7,35.9,35.224473638996216,0.6755263610037829,-0.4557369996463478,False,0.4426040544844143,509439,2
BUKIT SAGU,2024-08-01,2024,8,37.0,35.33113829176411,1.6688617082358874,-0.054688439957561216,False,0.439913475895358,456200,1
BUKIT SAGU,2024-09-01,2024,9,35.9,35.69852694800379,0.20147305199621002,-0.4557369996463478,False,0.4480433172698807,431397,1
BUKIT SAGU,2024-10-01,2024,10,39.6,35.03888072748283,4.561119272517175,0.8932445193068427,False,0.4316103929832523,473314,1
BUKIT SAGU,2024-11-01,2024,11,39.3,36.9094701963583,2.390529803641698,0.7838676393917177,False,0.40547923193116925,450593,2
BUKIT SAGU,2024-12-01,2024,12,37.6,35.70074545428914,1.8992545457108605,0.16406531987268624,False,0.468180900237075,422036,1
BUKIT SAGU,2025-01-01,2025,1,34.5,37.73481141639162,-3.234811416391622,-0.9661624392502568,False,0.41753859274293753,442665,2
BUKIT SAGU,2025-02-01,2025,2,37.9,35.1530790656146,2.7469209343854004,0.2734421997878087,False,0.41348597359217115,439934,2
BUKIT SAGU,2025-03-01,2025,3,33.0,37.82138987836433,-4.821389878364329,-1.5130468388258742,False,0.4330371801689318,459667,2
BUKIT SAGU,2025-04-01,2025,4,34.3,33.45497555861434,0.8450244413856538,-1.0390803591936735,False,0.4541904924344109,499801,1
BUKIT SAGU,2025-05-01,2025,5,34.0,37.13072524962576,-3.130725249625762,-1.148457239108796,False,0.42087764858764937,483683,2
BUKIT SAGU,2025-06-01,2025,6,35.4,35.35061518404347,0.04938481595652888,-0.6380317995048869,False,0.4218642776817516,515536,2
BUKIT SAGU,2025-07-01,2025,7,32.9,35.75198046689143,-2.8519804668914333,-1.5495057987975824,False,0.4433298443768578,507968,2
BUKIT SAGU,2025-08-01,2025,8,36.9,36.16774756979444,0.7322524302055555,-0.09114739992926955,False,0.41002789852457877,510842,2
BUKIT SAGU,2025-09-01,2025,9,35.9,35.589409552018076,0.31059044798192303,-0.4557369996463478,False,0.41057301318000533,477501,2
BUKIT SAGU,2025-10-01,2025,10,33.9,35.48242414918316,-1.5824241491831614,-1.1849161990805044,False,0.4071545184762123,485258,2
BUKIT SAGU,2025-11-01,2025,11,35.1,37.64679678281467,-2.546796782814667,-0.7474086794200093,False,0.4166720608393438,430426,2
BUKIT SAGU,2025-12-01,2025,12,38.1,34.48375823516605,3.6162417648339513,0.3463601197312254,False,0.42329550764255097,474267,1
BUKIT UBI,2023-01-01,2023,1,31.0,30.455090493719457,0.5449095062805434,0.6034917321632698,False,0.4824792631093472,4171079,8
BUKIT UBI,2023-02-01,2023,2,29.6,30.674636765515295,-1.0746367655152937,-0.3904946502232895,False,0.539352802052489,3580140,9
BUKIT UBI,2023-03-01,2023,3,28.0,31.521469518721737,-3.5214695187217373,-1.5264790872365024,False,0.4800669958916849,4328271,9
BUKIT UBI,2023-04-01,2023,4,29.8,30.911716720050315,-1.111716720050314,-0.24849659559663856,False,0.5236121480911778,4423914,5
BUKIT UBI,2023-05-01,2023,5,30.7,32.894399493493566,-2.1943994934935667,0.39049465022329205,False,0.5488500340364155,4430598,14
BUKIT UBI,2023-06-01,2023,6,30.4,31.412366881930225,-1.0123668819302267,0.17749756828331434,False,0.4993615440362642,4256229,9
BUKIT UBI,2023-07-01,2023,7,32.0,30.53875192640833,1.461248073591669,1.313482005296527,False,0.5116081369159821,4455178,7
BUKIT UBI,2023-08-01,2023,8,30.1,32.126741022147584,-2.026741022147583,-0.03549951365666085,False,0.5132883391483127,4503248,13
BUKIT UBI,2023-09-01,2023,9,31.0,32.135471355318074,-1.1354713553180744,0.6034917321632698,False,0.5124371658530747,4050886,12
BUKIT UBI,2023-10-01,2023,10,32.2,32.17975329563,0.020246704370002533,1.4554800599231805,False,0.5143526003688818,4117484,10
BUKIT UBI,2023-11-01,2023,11,32.0,30.788751313202646,1.2112486867973544,1.313482005296527,False,0.508244015807529,3766991,4
BUKIT UBI,2023-12-01,2023,12,28.7,31.745225278821543,-3.045225278821544,-1.0294858960432227,False,0.46718194650909095,4160008,5
BUKIT UBI,2024-01-01,2024,1,29.4,32.42562716604991,-3.025627166049908,-0.532492704849943,False,0.4813488617469529,3983955,11
BUKIT UBI,2024-02-01,2024,2,30.7,30.759594258203997,-0.05959425820399744,0.39049465022329205,False,0.527078233074571,3728498,7
BUKIT UBI,2024-03-01,2024,3,30.2,31.288600763641227,-1.088600763641228,0.03549951365666337,False,0.4778643209345735,4171441,5
BUKIT UBI,2024-04-01,2024,4,32.0,31.77160204549427,0.22839795450573064,1.313482005296527,False,0.49593793868157066,4129963,10
BUKIT UBI,2024-05-01,2024,5,28.0,31.500097753537972,-3.500097753537972,-1.5264790872365024,False,0.5286160302764482,4641052,13
BUKIT UBI,2024-06-01,2024,6,28.2,31.083846097202052,-2.8838460972020528,-1.3844810326098513,False,0.5287514521302148,4482827,11
BUKIT UBI,2024-07-01,2024,7,30.6,29.176513329767445,1.4234866702325562,0.3194956229099678,False,0.49844277247344826,4502964,5
BUKIT UBI,2024-08-01,2024,8,30.9,32.19572590309879,-1.2957259030987913,0.532492704849943,False,0.563343931583182,4437611,14
BUKIT UBI,2024-09-01,2024,9,32.5,30.57747518638409,1.9225248136159117,1.6684771418631559,False,0.5181099051920263,4138998,10
BUKIT UBI,2024-10-01,2024,10,31.3,30.377238893050908,0.9227611069490926,0.8164888141032475,False,0.5357879964879583,4201080,11
BUKIT UBI,2024-11-01,2024,11,30.6,30.4531131851692,0.14688681483080046,0.3194956229099678,False,0.533969698383224,4062214,13
BUKIT UBI,2024-12-01,2024,12,29.5,28.947728455824496,0.552271544175504,-0.46149367753661624,False,0.5060706437404118,4241988,6
BUKIT UBI,2025-01-01,2025,1,29.9,31.294285831196838,-1.3942858311968394,-0.17749756828331434,False,0.5578681230317348,4033321,13
BUKIT UBI,2025-02-01,2025,2,28.5,29.47935618130062,-0.97935618130062,-1.1714839506698735,False,0.530004912491944,3878026,6
BUKIT UBI,2025-03-01,2025,3,27.5,29.985323325399346,-2.485323325399346,-1.881474223803131,False,0.5077271219540186,4570570,6
BUKIT UBI,2025-04-01,2025,4,29.9,28.806887935681456,1.093112064318543,-0.17749756828331434,False,0.5278105546085766,4560659,11
BUKIT UBI,2025-05-01,2025,5,29.7,28.241537339036153,1.4584626609638462,-0.3194956229099653,False,0.5880008181435383,4866581,10
BUKIT UBI,2025-06-01,2025,6,28.9,29.64423485511987,-0.7442348551198705,-0.8874878414165717,False,0.5369897049039142,4793907,11
BUKIT UBI,2025-07-01,2025,7,28.2,30.137446652319472,-1.9374466523194727,-1.3844810326098513,False,0.5399378277092337,4722435,7
BUKIT UBI,2025-08-01,2025,8,30.4,29.120596660311357,1.279403339688642,0.17749756828331434,False,0.5819216981446318,4729452,14
BUKIT UBI,2025-09-01,2025,9,31.2,29.041568212705222,2.158431787294777,0.7454897867899207,False,0.4953070421348274,4381651,6
BUKIT UBI,2025-10-01,2025,10,31.6,30.03408609224451,1.5659139077554904,1.0294858960432252,False,0.5748728213082953,4291939,13
BUKIT UBI,2025-11-01,2025,11,27.5,29.057814567501715,-1.5578145675017154,-1.881474223803131,False,0.5196170697159198,4214143,6
BUKIT UBI,2025-12-01,2025,12,27.5,30.240324545204587,-2.7403245452045866,-1.881474223803131,False,0.4810173234622997,4160412,7
CHENOR,2023-01-01,2023,1,36.1,50.42053840740059,-14.32053840740059,-0.7809893004465815,False,0.4342530439887412,58570,1
CHENOR,2023-02-01,2023,2,38.8,50.90171699704171,-12.101716997041713,0.17749756828331434,False,0.4091415434422077,49578,1
CHENOR,2023-03-01,2023,3,38.1,47.70100243858961,-9.60100243858961,-0.07099902731332422,False,0.4024960166955216,59915,1
CHENOR,2023-04-01,2023,4,40.1,48.50442576012132,-8.40442576012132,0.6389912458199332,False,0.4341438765714895,61025,1
CHENOR,2023-05-01,2023,5,39.5,50.26451899364089,-10.764518993640891,0.4259941638799554,False,0.4082491493931323,58784,1
CHENOR,2023-06-01,2023,6,41.0,49.559001849211185,-8.559001849211185,0.9584868687298984,False,0.4049657218835075,59598,1
CHENOR,2023-07-01,2023,7,39.2,50.0529697500919,-10.852969750091894,0.3194956229099678,False,0.44617698862847505,59271,1
CHENOR,2023-08-01,2023,8,36.0,50.03485969545521,-14.03485969545521,-0.8164888141032449,False,0.43994434132349314,62262,1
CHENOR,2023-09-01,2023,9,40.5,50.16903166805953,-9.669031668059532,0.7809893004465841,False,0.4631988472114305,57209,1
CHENOR,2023-10-01,2023,10,40.8,50.29912778393945,-9.49912778393945,0.8874878414165717,False,0.4665320459979523,54622,1
CHENOR,2023-11-01,2023,11,36.4,50.67707833166447,-14.27707833166447,-0.674490759476594,False,0.4104974455251223,53601,1
CHENOR,2023-12-01,2023,12,41.2,49.61466382119967,-8.414663821199667,1.0294858960432252,False,0.41686483294153964,54447,1
CHENOR,2024-01-01,2024,1,40.4,49.62802033195686,-9.228020331956863,0.7454897867899207,False,0.41346404557115,59512,1
CHENOR,2024-02-01,2024,2,36.8,49.10682449742877,-12.30682449742877,-0.532492704849943,False,0.4119037157857789,52623,1
CHENOR,2024-03-01,2024,3,36.3,49.928622327522504,-13.628622327522507,-0.7099902731332574,False,0.48044013106674344,62121,1
CHENOR,2024-04-01,2024,4,37.6,47.52993038628169,-9.92993038628169,-0.24849659559663856,False,0.40450307723304085,60141,1
CHENOR,2024-05-01,2024,5,40.7,48.86340246512049,-8.163402465120484,0.8519883277599108,False,0.4875045093259229,63256,1
CHENOR,2024-06-01,2024,6,40.2,47.94696368288603,-7.746963682886026,0.6744907594765965,False,0.41616118162278054,61757,1
CHENOR,2024-07-01,2024,7,36.0,48.8361253641021,-12.836125364102102,-0.8164888141032449,False,0.42562967291154363,63087,1
CHENOR,2024-08-01,2024,8,35.8,47.51276612137419,-11.712766121374194,-0.8874878414165717,False,0.46055622952035874,64833,1
CHENOR,2024-09-01,2024,9,39.3,46.199251625616455,-6.899251625616458,0.3549951365666287,False,0.5042938682242846,56879,0
CHENOR,2024-10-01,2024,10,37.7,50.0889910609428,-12.3889910609428,-0.21299708193997519,False,0.45359447310360645,59225,1
CHENOR,2024-11-01,2024,11,35.5,48.59567533345645,-13.095675333456448,-0.9939863823865592,False,0.4581058303364871,56008,1
CHENOR,2024-12-01,2024,12,35.3,47.53935185575176,-12.239351855751764,-1.064985409699886,False,0.41776771538576785,60118,1
CHENOR,2025-01-01,2025,1,34.9,50.51686206967459,-15.616862069674589,-1.206983464326537,False,0.4745772912812734,58327,1
CHENOR,2025-02-01,2025,2,38.5,46.76705167867241,-8.26705167867241,0.07099902731332675,False,0.4312278943938455,56618,1
CHENOR,2025-03-01,2025,3,40.2,51.533647303049435,-11.333647303049432,0.6744907594765965,False,0.4415448915095935,58441,1
CHENOR,2025-04-01,2025,4,38.7,49.1563118503928,-10.456311850392794,0.1419980546266535,False,0.4399084482193469,60954,1
CHENOR,2025-05-01,2025,5,37.5,45.44343956769606,-7.9434395676960605,-0.28399610925330193,False,0.5242050882373497,65378,0
CHENOR,2025-06-01,2025,6,37.5,47.37736121991092,-9.877361219910917,-0.28399610925330193,False,0.4434792435670023,65463,1
CHENOR,2025-07-01,2025,7,39.9,46.76710656970384,-6.867106569703843,0.5679922185066064,False,0.4548926527841194,66688,1
CHENOR,2025-08-01,2025,8,35.8,48.808526502859806,-13.008526502859809,-0.8874878414165717,False,0.43126049817419987,63549,1
CHENOR,2025-09-01,2025,9,38.8,45.82969222274398,-7.029692222743982,0.17749756828331434,False,0.5032600345937885,56860,0
CHENOR,2025-10-01,2025,10,40.0,50.043881225579156,-10.043881225579156,0.6034917321632698,False,0.39134993795739376,57028,1
CHENOR,2025-11-01,2025,11,36.2,47.91758413870703,-11.717584138707025,-0.7454897867899182,False,0.41708479140096316,56363,1
CHENOR,2025-12-01,2025,12,37.3,44.574593214567905,-7.274593214567908,-0.3549951365666287,False,0.5043330257397031,61079,0
CHINI,2023-01-01,2023,1,45.0,42.37123254049767,2.6287674595023276,0.3065867088529981,False,0.42295180827200846,67150,1
CHINI,2023-02-01,2023,2,44.5,42.598017052019316,1.9019829479806845,0.10219556961766603,False,0.4315646323482649,65235,1
CHINI,2023-03-01,2023,3,45.8,42.73246549119716,3.0675345088028365,0.6336125316295282,False,0.410978817132094,71237,1
CHINI,2023-04-01,2023,4,48.7,41.939260100803395,6.760739899196608,1.8190811391944566,False,0.4594690028564487,75521,1
CHINI,2023-05-01,2023,5,42.3,43.21916345711161,-0.9191634571116154,-0.7971254430177962,False,0.44700827159564716,73017,1
CHINI,2023-06-01,2023,6,44.9,41.75296086459053,3.1470391354094716,0.2657084810059311,False,0.4568911397646453,75191,1
CHINI,2023-07-01,2023,7,45.3,42.03308198366918,3.26691801633082,0.42922139239419616,False,0.4657445537946509,77921,1
CHINI,2023-08-01,2023,8,42.8,40.58664042440084,2.2133595755991564,-0.5927343037824642,False,0.4436026443104585,79188,1
CHINI,2023-09-01,2023,9,47.7,44.11899321730634,3.581006782693663,1.4102988607237925,False,0.43058510545957057,68640,1
CHINI,2023-10-01,2023,10,46.6,42.825593156135994,3.774406843864007,0.9606383544060613,False,0.43433847995833086,71050,1
CHINI,2023-11-01,2023,11,47.2,39.51116586728574,7.688834132714263,1.2059077214884604,False,0.5261168348035754,66082,0
CHINI,2023-12-01,2023,12,43.4,42.93107790334592,0.4689220966540759,-0.3474649367000651,False,0.431508520449087,67436,1
CHINI,2024-01-01,2024,1,41.5,41.62406142547164,-0.12406142547163768,-1.1241512657943264,False,0.41869761722423793,72272,1
CHINI,2024-02-01,2024,2,44.4,44.01689693480318,0.3831030651968206,0.06131734177059904,False,0.43112731757069966,64568,1
CHINI,2024-03-01,2024,3,47.8,41.39013528671448,6.409864713285515,1.4511770885708566,False,0.48907549397372085,78798,1
CHINI,2024-04-01,2024,4,46.7,42.4189027240715,4.281097275928502,1.0015165822531282,False,0.46387272355022613,74580,1
CHINI,2024-05-01,2024,5,43.7,41.41177439998158,2.2882256000184213,-0.22483025315886412,False,0.5160820568749346,81295,1
CHINI,2024-06-01,2024,6,44.4,41.78978402512883,2.610215974871167,0.06131734177059904,False,0.4576503900322737,73255,1
CHINI,2024-07-01,2024,7,43.9,40.489353033327745,3.410646966672253,-0.14307379746473303,False,0.4712171849400974,82776,1
CHINI,2024-08-01,2024,8,46.2,43.98374568324353,2.2162543167564763,0.7971254430177962,False,0.44450243649985793,74547,1
CHINI,2024-09-01,2024,9,47.6,42.177848608610965,5.422151391389036,1.3694206328767253,False,0.43090872630458826,71104,1
CHINI,2024-10-01,2024,10,46.7,41.851011822513314,4.848988177486689,1.0015165822531282,False,0.4392335097056896,75229,1
CHINI,2024-11-01,2024,11,47.7,42.68430554146925,5.015694458530753,1.4102988607237925,False,0.423084148045899,67603,1
CHINI,2024-12-01,2024,12,42.5,43.70403420407419,-1.2040342040741905,-0.7153689873236623,False,0.44382525809652074,69360,1
CHINI,2025-01-01,2025,1,43.6,42.58334379826342,1.0166562017365806,-0.2657084810059311,False,0.40023533575929243,69027,1
CHINI,2025-02-01,2025,2,44.1,39.559526777496124,4.540473222503877,-0.06131734177059904,False,0.45051285877296204,69961,1
CHINI,2025-03-01,2025,3,42.3,41.369449390527635,0.9305506094723626,-0.7971254430177962,False,0.4454686659070217,77376,1
CHINI,2025-04-01,2025,4,43.4,38.41671645354307,4.983283546456931,-0.3474649367000651,False,0.5956995454701306,77763,0
CHINI,2025-05-01,2025,5,43.8,41.28168447992587,2.5183155200741254,-0.18395202531180002,False,0.4939648452077228,84408,1
CHINI,2025-06-01,2025,6,45.7,40.77933793130496,4.920662068695044,0.5927343037824642,False,0.43639595319269103,74806,1
CHINI,2025-07-01,2025,7,42.3,40.05296676545127,2.2470332345487236,-0.7971254430177962,False,0.5079225222949034,84414,1
CHINI,2025-08-01,2025,8,41.7,42.23545318022854,-0.5354531802285365,-1.0423948101001923,False,0.4500414383828354,74918,1
CHINI,2025-09-01,2025,9,42.5,42.13607301984433,0.36392698015566793,-0.7153689873236623,False,0.4395083794555506,72843,1
CHINI,2025-10-01,2025,10,40.0,42.607197259060605,-2.607197259060605,-1.7373246835003227,False,0.4931966055172374,73068,1
CHINI,2025-11-01,2025,11,43.0,41.192083816299316,1.8079161837006836,-0.5109778480883301,False,0.4155619081158758,68883,1
CHINI,2025-12-01,2025,12,43.7,39.51072412198084,4.18927587801916,-0.22483025315886412,False,0.41613170599859545,74532,1
GANCHONG,2023-01-01,2023,1,53.9,44.52651916704018,9.373480832959821,1.0866795569345156,False,0.5351037011247223,46194,1
GANCHONG,2023-02-01,2023,2,56.0,44.671897763432455,11.328102236567545,1.8735854429905452,False,0.5054880793255812,43440,1
GANCHONG,2023-03-01,2023,3,48.4,45.00724025517823,3.392759744821767,-0.974264430355084,False,0.495578882611147,49078,1
GANCHONG,2023-04-01,2023,4,49.6,43.27907055092525,6.320929449074754,-0.5246039240373521,False,0.4988124199469604,47202,1
GANCHONG,2023-05-01,2023,5,57.2,43.30931652998392,13.890683470016086,2.323245949308277,False,0.5343253715652879,51407,1
GANCHONG,2023-06-01,2023,6,51.3,44.11137379354511,7.1886262064548845,0.11241512657943165,False,0.4865056825107534,48751,1
GANCHONG,2023-07-01,2023,7,55.0,41.93160066308215,13.06839933691785,1.4988683543924362,False,0.5287178239576338,52565,1
GANCHONG,2023-08-01,2023,8,55.2,44.83579130297169,10.36420869702831,1.573811772112059,False,0.5043984482716093,50287,1
GANCHONG,2023-09-01,2023,9,52.8,43.885236909350496,8.914763090649501,0.6744907594765952,False,0.5213485326513927,46844,1
GANCHONG,2023-10-01,2023,10,49.7,42.4875985267788,7.212401473221206,-0.4871322151775407,False,0.4430790214447176,50577,1
GANCHONG,2023-11-01,2023,11,56.4,43.23181990460353,13.168180095396465,2.023472278429788,False,0.546335687882389,47501,1
GANCHONG,2023-12-01,2023,12,54.8,41.72050275259055,13.07949724740945,1.4239249366728133,False,0.5102714331849262,46631,1
GANCHONG,2024-01-01,2024,1,51.9,43.27912337089457,8.620876629105432,0.3372453797382976,False,0.4898159543368728,48505,1
GANCHONG,2024-02-01,2024,2,54.4,41.06067962124118,13.33932037875882,1.2740381012335702,False,0.5151990197727997,44336,1
GANCHONG,2024-03-01,2024,3,47.2,43.426843459935206,3.7731565400647966,-1.4239249366728133,False,0.4645593640739454,52464,1
GANCHONG,2024-04-01,2024,4,50.4,42.32933140944687,8.070668590553126,-0.22483025315886596,False,0.4431018400001252,49399,1
GANCHONG,2024-05-01,2024,5,51.7,43.037284299868766,8.662715700131237,0.2623019620186774,False,0.4736061104224988,53314,1
GANCHONG,2024-06-01,2024,6,51.9,43.491732107864756,8.408267892135243,0.3372453797382976,False,0.5063683056485726,54333,1
GANCHONG,2024-07-01,2024,7,49.6,42.80195511897223,6.798044881027771,-0.5246039240373521,False,0.43087868968905685,51871,1
GANCHONG,2024-08-01,2024,8,48.2,42.64644313305357,5.55355686694643,-1.0492078480747042,False,0.5924879727921502,50683,0
GANCHONG,2024-09-01,2024,9,47.7,41.5854627242856,6.1145372757144045,-1.2365663923737586,False,0.5140255740071702,49643,1
GANCHONG,2024-10-01,2024,10,47.8,44.234323154026576,3.565676845973421,-1.19909468351395,False,0.5076975237844071,49483,1
GANCHONG,2024-11-01,2024,11,47.5,44.58268329468999,2.9173167053100073,-1.3115098100933815,False,0.5629046786657,45318,1
GANCHONG,2024-12-01,2024,12,51.3,42.319738404442184,8.980261595557813,0.11241512657943165,False,0.4878997852020643,49244,1
GANCHONG,2025-01-01,2025,1,50.1,43.828812740570065,6.2711872594299365,-0.3372453797382976,False,0.509724709067618,49626,1
GANCHONG,2025-02-01,2025,2,50.6,42.524734518884095,8.075265481115906,-0.14988683543924308,False,0.4676495932598414,44722,1
GANCHONG,2025-03-01,2025,3,50.6,41.549204677767825,9.050795322232176,-0.14988683543924308,False,0.45449946793857876,52685,1
GANCHONG,2025-04-01,2025,4,52.4,42.982957621893085,9.417042378106913,0.5246039240373521,False,0.4959342732094499,49391,1
GANCHONG,2025-05-01,2025,5,51.7,41.385373818685636,10.314626181314367,0.2623019620186774,False,0.4371640106347199,51960,1
GANCHONG,2025-06-01,2025,6,46.5,40.482464763301394,6.017535236698606,-1.6862268986914906,False,0.5620899991288358,51029,0
GANCHONG,2025-07-01,2025,7,50.7,41.15124039286677,9.548759607133235,-0.11241512657943165,False,0.4516623951021288,54121,1
GANCHONG,2025-08-01,2025,8,50.2,41.07559275179121,9.12440724820879,-0.29977367087848616,False,0.49498071134102967,54671,1
GANCHONG,2025-09-01,2025,9,50.0,41.7080035042156,8.291996495784403,-0.37471708859810904,False,0.44789885249827494,52538,1
GANCHONG,2025-10-01,2025,10,54.4,41.71972153395963,12.68027846604037,1.2740381012335702,False,0.5053372156915071,50691,1
GANCHONG,2025-11-01,2025,11,52.8,41.39026929417276,11.409730705827236,0.6744907594765952,False,0.46729396553231,46646,1
GANCHONG,2025-12-01,2025,12,47.9,42.09221836937342,5.807781630626579,-1.1616229746541384,False,0.5879867142210474,49242,0
HABU,2023-01-01,2023,1,45.9,51.505327545677005,-5.605327545677007,0.5157870513644542,False,0.4967993399313703,58211,1
HABU,2023-02-01,2023,2,44.1,50.249989786307054,-6.149989786307053,-0.19837963514017515,False,0.45156849451125924,49662,1
HABU,2023-03-01,2023,3,42.9,49.774220186115514,-6.874220186115515,-0.6744907594765966,False,0.4303900322601857,57786,1
HABU,2023-04-01,2023,4,46.8,49.76141528844039,-2.961415288440392,0.872870394616769,False,0.45163725921793435,57925,1
HABU,2023-05-01,2023,5,44.5,49.61275660569116,-5.11275660569116,-0.039675927028035594,False,0.4298514015130821,62564,1
HABU,2023-06-01,2023,6,48.8,50.29392356067001,-1.4939235606700123,1.6663889351774694,False,0.4713353961848619,57887,1
HABU,2023-07-01,2023,7,44.6,51.50974495651306,-6.909744956513059,0.0,False,0.46275311595436847,61862,1
HABU,2023-08-01,2023,8,47.3,49.83450854045283,-2.5345085404528334,1.071250029756944,False,0.4744768576009339,59492,1
HABU,2023-09-01,2023,9,47.0,49.779385863148875,-2.7793858631488746,0.9522222486728401,False,0.4412635894658931,54225,1
HABU,2023-10-01,2023,10,45.9,52.21472372766853,-6.314723727668529,0.5157870513644542,False,0.48347803296915803,56448,1
HABU,2023-11-01,2023,11,43.0,50.11011761412069,-7.110117614120689,-0.6348148324485611,False,0.4653612779882653,55464,1
HABU,2023-12-01,2023,12,44.7,50.5427729955704,-5.8427729955703995,0.039675927028035594,False,0.4724819241996399,58467,1
HABU,2024-01-01,2024,1,46.5,51.26869162687191,-4.768691626871913,0.753842613532665,False,0.5012367683476971,55291,1
HABU,2024-02-01,2024,2,46.7,50.41195454209857,-3.7119545420985673,0.8331944675887362,False,0.4526340504565533,51113,1
HABU,2024-03-01,2024,3,46.3,49.98444834812326,-3.6844483481232615,0.6744907594765938,False,0.4799697378326823,60849,1
HABU,2024-04-01,2024,4,44.4,48.99579253050058,-4.595792530500582,-0.07935185405607119,False,0.4610445376747204,61536,1
HABU,2024-05-01,2024,5,43.5,48.17756568994439,-4.677565689944387,-0.43643519730838587,False,0.5057317283038231,66697,1
HABU,2024-06-01,2024,6,46.1,46.32263508933457,-0.22263508933456677,0.5951389054205254,False,0.541906631240574,59096,0
HABU,2024-07-01,2024,7,48.9,48.093312194154095,0.8066878058459039,1.7060648622055052,False,0.4243963548572915,60805,1
HABU,2024-08-01,2024,8,42.6,48.96331228336567,-6.363312283365666,-0.7935185405607006,False,0.42473262982719934,64266,1
HABU,2024-09-01,2024,9,44.6,49.83014868653767,-5.230148686537667,0.0,False,0.47901971616049205,61492,1
HABU,2024-10-01,2024,10,46.0,49.09407849809463,-3.094078498094632,0.5554629783924898,False,0.4541897585449462,57183,1
HABU,2024-11-01,2024,11,42.4,48.725182760424566,-6.325182760424568,-0.8728703946167717,False,0.4727644635711784,54287,1
HABU,2024-12-01,2024,12,42.4,47.725983681645815,-5.325983681645816,-0.8728703946167717,False,0.4423715459678533,60155,1
HABU,2025-01-01,2025,1,44.0,49.629667387423616,-5.629667387423616,-0.23805556216821075,False,0.4212589056392631,61598,1
HABU,2025-02-01,2025,2,46.1,49.89512051726948,-3.7951205172694813,0.5951389054205254,False,0.4355926042667829,54262,1
HABU,2025-03-01,2025,3,45.5,49.11058590120766,-3.6105859012076635,0.3570833432523147,False,0.4286558383384586,61640,1
HABU,2025-04-01,2025,4,40.7,49.09897256768037,-8.398972567680367,-1.5473611540933656,False,0.40908800926512107,59115,1
HABU,2025-05-01,2025,5,43.2,49.28680666636148,-6.0868066663614755,-0.5554629783924898,False,0.4375474998298185,61513,1
HABU,2025-06-01,2025,6,46.4,47.979117472002066,-1.5791174720020678,0.7141666865046294,False,0.43287133346086504,66507,1
HABU,2025-07-01,2025,7,40.7,49.53616969367359,-8.83616969367359,-1.5473611540933656,False,0.4623903101097609,65713,1
HABU,2025-08-01,2025,8,41.4,49.83413917723372,-8.434139177233725,-1.2696296648971221,False,0.44036075913071354,62566,1
HABU,2025-09-01,2025,9,41.7,48.73736069045823,-7.037360690458229,-1.1506018838130152,False,0.44430190642369893,62286,1
HABU,2025-10-01,2025,10,43.2,48.50503564997886,-5.305035649978855,-0.5554629783924898,False,0.419242673381385,63033,1
HABU,2025-11-01,2025,11,47.4,48.758548028454015,-1.3585480284540168,1.1109259567849796,False,0.44132823483173816,54876,1
HABU,2025-12-01,2025,12,40.5,47.44465360053266,-6.944653600532661,-1.6267130081494368,False,0.4118115943576697,59631,1
JANDA BAIK,2023-01-01,2023,1,38.6,35.62341532398162,2.9765846760183834,1.4838796708485114,False,0.4489431422172473,621684,1
JANDA BAIK,2023-02-01,2023,2,32.6,38.237878702618886,-5.637878702618885,-1.2140833670578695,False,0.44529920381323285,540458,2
JANDA BAIK,2023-03-01,2023,3,32.8,37.719012333191195,-4.919012333191198,-1.1241512657943253,False,0.4916485248340841,596438,1
JANDA BAIK,2023-04-01,2023,4,36.8,38.687336106640515,-1.887336106640518,0.6744907594765952,False,0.42553352071651396,594078,2
JANDA BAIK,2023-05-01,2023,5,38.3,33.787661730388194,4.512338269611803,1.3489815189531904,False,0.5408481029641914,670131,1
JANDA BAIK,2023-06-01,2023,6,32.9,37.41920596533327,-4.519205965333271,-1.0791852151625516,False,0.4426643696828931,609888,2
JANDA BAIK,2023-07-01,2023,7,33.2,36.43896997648095,-3.238969976480945,-0.9442870632672307,False,0.49200726749159085,669365,2
JANDA BAIK,2023-08-01,2023,8,36.7,35.869605061703034,0.8303949382969691,0.6295247088448247,False,0.5077899405874378,668049,1
JANDA BAIK,2023-09-01,2023,9,37.8,38.898183936616505,-1.0981839366165076,1.1241512657943253,False,0.45107842504642726,583296,2
JANDA BAIK,2023-10-01,2023,10,37.3,37.09116298095506,0.20883701904493535,0.8993210126354603,False,0.4451324597994473,615565,2
JANDA BAIK,2023-11-01,2023,11,33.0,36.40921220657585,-3.4092122065758517,-1.034219164530778,False,0.4884315048096819,589524,1
JANDA BAIK,2023-12-01,2023,12,36.3,34.71214250872433,1.5878574912756704,0.44966050631773014,False,0.49280324511929924,562176,1
JANDA BAIK,2024-01-01,2024,1,33.7,36.570022915765136,-2.8700229157651336,-0.7194568101083656,False,0.477260080438657,625950,2
JANDA BAIK,2024-02-01,2024,2,36.2,38.265894203404414,-2.0658942034044117,0.4046944556859597,False,0.46215866534231387,541807,2
JANDA BAIK,2024-03-01,2024,3,36.7,35.737454414089065,0.962545585910938,0.6295247088448247,False,0.48214766460652647,650828,2
JANDA BAIK,2024-04-01,2024,4,35.5,34.96100829826303,0.5389917017369683,0.0899321012635473,False,0.5540558125924198,661608,1
JANDA BAIK,2024-05-01,2024,5,35.9,35.318962273381686,0.5810377266183124,0.26979630379063874,False,0.4908379818856263,698488,2
JANDA BAIK,2024-06-01,2024,6,32.8,35.455551929263144,-2.6555519292631473,-1.1241512657943253,False,0.5391105459555128,651120,1
JANDA BAIK,2024-07-01,2024,7,34.6,36.044089526311865,-1.4440895263118634,-0.3147623544224092,False,0.493979398300853,670304,2
JANDA BAIK,2024-08-01,2024,8,36.1,35.712925076590366,0.3870749234096351,0.359728405054186,False,0.4868768850726873,661826,2
JANDA BAIK,2024-09-01,2024,9,35.3,35.034952747508314,0.2650472524916836,0.0,False,0.5242760512133924,639127,1
JANDA BAIK,2024-10-01,2024,10,36.3,36.461326451618106,-0.161326451618109,0.44966050631773014,False,0.46740606741997165,615043,2
JANDA BAIK,2024-11-01,2024,11,36.5,34.95972720868385,1.5402727913161485,0.5395926075812775,False,0.4733334852227925,583163,1
JANDA BAIK,2024-12-01,2024,12,32.0,35.27380879823663,-3.2738087982366295,-1.483879670848508,False,0.48904682591118653,615913,1
JANDA BAIK,2025-01-01,2025,1,34.5,35.84735689552631,-1.3473568955263104,-0.3597284050541828,False,0.4549146400266816,598464,1
JANDA BAIK,2025-02-01,2025,2,31.7,35.387906348513056,-3.6879063485130565,-1.6187778227438274,False,0.5031803023389048,590699,1
JANDA BAIK,2025-03-01,2025,3,31.4,35.236647999447314,-3.8366479994473153,-1.7536759746391468,False,0.5000069386725478,660417,1
JANDA BAIK,2025-04-01,2025,4,36.3,34.988624474404205,1.3113755255957926,0.44966050631773014,False,0.4658522311693338,637462,2
JANDA BAIK,2025-05-01,2025,5,33.8,34.96343533404294,-1.1634353340429442,-0.6744907594765952,False,0.4942295475220826,679388,2
JANDA BAIK,2025-06-01,2025,6,35.5,34.44387967314143,1.0561203268585686,0.0899321012635473,False,0.5236031543733436,657946,1
JANDA BAIK,2025-07-01,2025,7,35.3,34.91579878710033,0.3842012128996686,0.0,False,0.5173193896356022,705722,2
JANDA BAIK,2025-08-01,2025,8,31.7,34.71481637624014,-3.0148163762401374,-1.6187778227438274,False,0.5225564786602294,678851,2
JANDA BAIK,2025-09-01,2025,9,32.4,34.75369980627415,-2.3536998062741503,-1.3040154683214167,False,0.5116563889366674,662774,1
JANDA BAIK,2025-10-01,2025,10,36.2,35.41662766002217,0.7833723399778307,0.4046944556859597,False,0.4724962266634831,639592,1
JANDA BAIK,2025-11-01,2025,11,34.0,33.44262564017279,0.5573743598272074,-0.5845586582130479,False,0.5198043567948895,582900,1
JANDA BAIK,2025-12-01,2025,12,31.1,36.808358483843776,-5.708358483843774,-1.8885741265344647,False,0.4652631389829452,600076,2
JAWI-JAWI,2023-01-01,2023,1,40.1,38.82737891521411,1.2726210847858894,0.10045607056034431,False,0.4528742235209628,368524,1
JAWI-JAWI,2023-02-01,2023,2,43.9,39.018489367263854,4.881510632736145,1.1911219795012202,False,0.4533587087945468,343112,1
JAWI-JAWI,2023-03-01,2023,3,43.7,38.06493320851303,5.63506679148697,1.1337185106095964,False,0.4210539060045716,411430,1
JAWI-JAWI,2023-04-01,2023,4,37.1,40.51264622625702,-3.412646226257017,-0.760595962814032,False,0.45181439678376906,382840,2
JAWI-JAWI,2023-05-01,2023,5,42.3,38.69433577716398,3.605664222836019,0.731894228368219,False,0.40720511788541913,431274,2
JAWI-JAWI,2023-06-01,2023,6,39.8,36.40738718687591,3.3926128131240887,0.014350867222905456,False,0.4140841016220057,406827,1
JAWI-JAWI,2023-07-01,2023,7,42.6,41.132578648564184,1.4674213514358172,0.8179994317056579,False,0.5005020844413136,424559,3
JAWI-JAWI,2023-08-01,2023,8,44.2,38.83487373899545,5.365126261004555,1.277227182838659,False,0.4355776175895126,403695,1
JAWI-JAWI,2023-09-01,2023,9,42.9,39.67910950552778,3.220890494472222,0.9041046350430947,False,0.4135559641901147,386140,2
JAWI-JAWI,2023-10-01,2023,10,38.1,37.73117464339815,0.3688253566018531,-0.4735786183559066,False,0.4410619049915633,384569,1
JAWI-JAWI,2023-11-01,2023,11,42.1,39.67782651036554,2.42217348963446,0.6744907594765952,False,0.4353931753031879,367922,2
JAWI-JAWI,2023-12-01,2023,12,42.4,38.96206200475512,3.43793799524488,0.760595962814032,False,0.4606460820706988,370311,1
JAWI-JAWI,2024-01-01,2024,1,37.0,39.100066832249794,-2.1000668322497944,-0.789297697259845,False,0.44455592864152177,379016,2
JAWI-JAWI,2024-02-01,2024,2,37.4,37.5333225529423,-0.13332255294230322,-0.6744907594765952,False,0.44355567287104347,351468,1
JAWI-JAWI,2024-03-01,2024,3,40.0,38.2454988872945,1.7545011127054977,0.07175433611453136,False,0.41448366780434703,422473,1
JAWI-JAWI,2024-04-01,2024,4,39.7,36.714277370706874,2.9857226292931287,-0.014350867222905456,False,0.4228108601381853,411574,1
JAWI-JAWI,2024-05-01,2024,5,36.8,38.83901962770904,-2.0390196277090453,-0.8467011661514708,False,0.4125247268744863,429053,1
JAWI-JAWI,2024-06-01,2024,6,36.7,38.941951793397465,-2.2419517933974618,-0.8754029005972818,False,0.3989035558072614,431109,2
JAWI-JAWI,2024-07-01,2024,7,41.7,40.07699595967258,1.623004040327423,0.5596838216933454,False,0.41333140578475275,419621,2
JAWI-JAWI,2024-08-01,2024,8,37.6,41.27349022827492,-3.6734902282749218,-0.6170872905849693,False,0.4491169356086264,411428,2
JAWI-JAWI,2024-09-01,2024,9,41.2,40.227413895228864,0.972586104771139,0.4161751494642827,False,0.4363856686509752,406325,2
JAWI-JAWI,2024-10-01,2024,10,38.2,39.8356374005276,-1.6356374005275995,-0.4448768839100936,False,0.4586975000158939,409442,2
JAWI-JAWI,2024-11-01,2024,11,42.0,41.29346631085874,0.7065336891412599,0.6457890250307823,False,0.4621566495521504,363980,2
JAWI-JAWI,2024-12-01,2024,12,39.8,39.1443245989232,0.6556754010767989,0.014350867222905456,False,0.46233589849361345,367124,2
JAWI-JAWI,2025-01-01,2025,1,40.5,37.54220694032398,2.957793059676021,0.21526300834359408,False,0.4443133914460817,375565,1
JAWI-JAWI,2025-02-01,2025,2,36.6,36.828943760740714,-0.22894376074071232,-0.9041046350430947,False,0.42014344421678035,359108,1
JAWI-JAWI,2025-03-01,2025,3,35.7,36.70509544178197,-1.0050954417819682,-1.1624202450554073,False,0.45567659993452236,422102,1
JAWI-JAWI,2025-04-01,2025,4,36.9,37.04344340695364,-0.14344340695364366,-0.8179994317056579,False,0.4158593413288199,419035,1
JAWI-JAWI,2025-05-01,2025,5,39.9,39.3201117739838,0.5798882260162017,0.04305260166871841,False,0.4290633066460128,428634,2
JAWI-JAWI,2025-06-01,2025,6,39.4,39.734848914817206,-0.3348489148172078,-0.10045607056034431,False,0.43795765136596754,402495,2
JAWI-JAWI,2025-07-01,2025,7,39.1,37.25977214052007,1.8402278594799313,-0.18656127389778113,False,0.41548886849769306,418022,1
JAWI-JAWI,2025-08-01,2025,8,40.2,39.47905325084868,0.7209467491513237,0.12915780500615726,False,0.42723702295228627,431477,2
JAWI-JAWI,2025-09-01,2025,9,35.4,37.966139751509125,-2.5661397515091267,-1.248525448392846,False,0.41982440979686914,413889,1
JAWI-JAWI,2025-10-01,2025,10,35.8,39.066836669656354,-3.2668366696563567,-1.1337185106095964,False,0.4319937894345876,402107,2
JAWI-JAWI,2025-11-01,2025,11,39.5,38.97108362586816,0.528916374131839,-0.07175433611453136,False,0.44103329576885486,376100,2
JAWI-JAWI,2025-12-01,2025,12,36.7,38.62099289394782,-1.920992893947819,-0.8754029005972818,False,0.4315748749124288,389494,2
JENDERAK KG,2023-01-01,2023,1,38.3,36.101009519204496,2.1989904807955014,0.4133975622598466,False,0.4695176469808791,196339,2
JENDERAK KG,2023-02-01,2023,2,36.8,33.240388724342864,3.559611275657133,-0.23933543078201938,False,0.4386791481981125,190053,1
JENDERAK KG,2023-03-01,2023,3,40.6,34.730662341008696,5.869337658991306,1.4142548182573762,False,0.4107071134202258,195931,1
JENDERAK KG,2023-04-01,2023,4,41.1,33.82644017505664,7.273559824943362,1.6318324826046648,False,0.43076790421277006,194822,1
JENDERAK KG,2023-05-01,2023,5,38.2,33.37749688201696,4.8225031179830395,0.36988202939039133,False,0.459635570920489,209024,1
JENDERAK KG,2023-06-01,2023,6,37.1,35.433604343415126,1.666395656584875,-0.10878883217364432,False,0.5160303942932357,211478,2
JENDERAK KG,2023-07-01,2023,7,34.9,32.44765563943183,2.452344360568169,-1.0661305553017157,False,0.4827213740153323,222422,1
JENDERAK KG,2023-08-01,2023,8,38.2,33.310753529803044,4.889246470196959,0.36988202939039133,False,0.5049077065859326,219774,1
JENDERAK KG,2023-09-01,2023,9,35.2,33.25106497330135,1.9489350266986563,-0.9355839566933406,False,0.4780369004351563,205875,1
JENDERAK KG,2023-10-01,2023,10,38.2,33.92378101997055,4.276218980029455,0.36988202939039133,False,0.46049170295627817,208532,1
JENDERAK KG,2023-11-01,2023,11,38.9,35.23564494458499,3.664355055415008,0.6744907594765936,False,0.4086952207380393,181975,1
JENDERAK KG,2023-12-01,2023,12,37.6,36.00702202977053,1.5929779702294695,0.10878883217364432,False,0.4869724823191704,203229,2
JENDERAK KG,2024-01-01,2024,1,39.9,33.11335140880201,6.786648591197988,1.109646088171171,False,0.4716039530988326,210434,1
JENDERAK KG,2024-02-01,2024,2,38.7,34.77688894991033,3.9231110500896733,0.58745969373768,False,0.4357320759254791,175652,1
JENDERAK KG,2024-03-01,2024,3,37.0,32.410210194909666,4.589789805090334,-0.15230436504310269,False,0.49756528385863585,216047,1
JENDERAK KG,2024-04-01,2024,4,36.7,33.44054379021189,3.2594562097881123,-0.28285096365147466,False,0.4688474203069214,207188,1
JENDERAK KG,2024-05-01,2024,5,34.5,33.441958285955714,1.0580417140442862,-1.2401926867795459,False,0.47673936856071475,218891,1
JENDERAK KG,2024-06-01,2024,6,40.6,34.744731539626365,5.855268460373637,1.4142548182573762,False,0.4539490218892208,204395,1
JENDERAK KG,2024-07-01,2024,7,40.6,34.02414849376743,6.575851506232574,1.4142548182573762,False,0.44328092556200543,211079,1
JENDERAK KG,2024-08-01,2024,8,36.0,32.770483637131136,3.229516362868864,-0.58745969373768,False,0.47598880246326863,212461,1
JENDERAK KG,2024-09-01,2024,9,39.5,32.80880868226705,6.691191317732951,0.9355839566933406,False,0.45407524980619385,209887,1
JENDERAK KG,2024-10-01,2024,10,40.1,33.527497166573866,6.572502833426135,1.1966771539100876,False,0.4725936224004816,207750,1
JENDERAK KG,2024-11-01,2024,11,36.8,34.989525884283765,1.8104741157162323,-0.23933543078201938,False,0.46422762897645603,201093,1
JENDERAK KG,2024-12-01,2024,12,35.8,32.001535419577756,3.798464580422241,-0.6744907594765966,False,0.4395459346609031,208250,1
JENDERAK KG,2025-01-01,2025,1,39.6,33.67949097476845,5.920509025231553,0.9790994895627989,False,0.44960298099302176,212331,1
JENDERAK KG,2025-02-01,2025,2,33.9,32.603021606400674,1.2969783935993249,-1.501285883996293,False,0.44126464951074207,192031,1
JENDERAK KG,2025-03-01,2025,3,34.2,33.752214459096926,0.44778554090307665,-1.370739285387918,False,0.5039946310166018,220131,1
JENDERAK KG,2025-04-01,2025,4,39.3,35.17676295317304,4.123237046826958,0.8485528909544239,False,0.509506779894493,212835,2
JENDERAK KG,2025-05-01,2025,5,36.0,33.146322946789915,2.8536770532100846,-0.58745969373768,False,0.48059364556901146,213164,1
JENDERAK KG,2025-06-01,2025,6,38.6,32.468172011815525,6.131827988184476,0.5439441608682216,False,0.5113316884891267,210657,1
JENDERAK KG,2025-07-01,2025,7,33.8,31.802079844725196,1.9979201552748016,-1.5448014168657513,False,0.4827763744501237,225245,1
JENDERAK KG,2025-08-01,2025,8,34.7,34.406990328914766,0.2930096710852368,-1.1531616210406292,False,0.468001057093742,209660,1
JENDERAK KG,2025-09-01,2025,9,35.9,32.81610845489824,3.083891545101757,-0.6309752266071383,False,0.4774860429091668,214870,1
JENDERAK KG,2025-10-01,2025,10,36.8,32.1878390948234,4.612160905176594,-0.23933543078201938,False,0.504895281788818,214619,1
JENDERAK KG,2025-11-01,2025,11,40.2,34.8376306963788,5.3623693036212,1.2401926867795459,False,0.4815212786068598,196447,2
JENDERAK KG,2025-12-01,2025,12,36.1,32.159805963768754,3.9401940362312473,-0.5439441608682216,False,0.4496197728851463,211170,1
JENDERAK UTARA,2023-01-01,2023,1,37.2,34.716549333720195,2.4834506662798077,1.5329335442649887,False,0.42139784543957876,602950,3
JENDERAK UTARA,2023-02-01,2023,2,37.7,36.26102060826944,1.4389793917305624,1.7373246835003207,False,0.4220430830115546,577453,3
JENDERAK UTARA,2023-03-01,2023,3,36.9,34.56589802707665,2.3341019729233494,1.410298860723788,False,0.41746509108852375,660305,2
JENDERAK UTARA,2023-04-01,2023,4,35.0,33.22469008832047,1.7753099116795283,0.6336125316295276,False,0.44208063124341523,653449,1
JENDERAK UTARA,2023-05-01,2023,5,34.3,33.98993600777001,0.3100639922299848,0.3474649367000618,False,0.45325494263150257,677015,3
JENDERAK UTARA,2023-06-01,2023,6,37.9,36.1251888459051,1.7748111540948983,1.8190811391944517,False,0.4206718508834213,664028,3
JENDERAK UTARA,2023-07-01,2023,7,32.8,35.05297438350936,-2.252974383509361,-0.26570848100593375,False,0.4085772520416511,658280,3
JENDERAK UTARA,2023-08-01,2023,8,32.2,33.37860961601739,-1.1786096160173898,-0.5109778480883296,False,0.4186573730821962,693600,2
JENDERAK UTARA,2023-09-01,2023,9,36.2,34.184432357490344,2.0155676425096587,1.1241512657943251,False,0.4312328779440082,645025,2
JENDERAK UTARA,2023-10-01,2023,10,37.8,33.48763621698087,4.31236378301913,1.7782029113473847,False,0.44199097513984925,640995,1
JENDERAK UTARA,2023-11-01,2023,11,38.2,33.23460287121913,4.965397128780872,1.9417158227356526,False,0.4106095732912567,612027,2
JENDERAK UTARA,2023-12-01,2023,12,38.1,35.81782928443464,2.282170715565364,1.9008375948885856,False,0.4558646271435605,609071,3
JENDERAK UTARA,2024-01-01,2024,1,32.3,35.72268441829862,-3.4226844182986227,-0.47009962024126556,False,0.4238032572826359,618719,3
JENDERAK UTARA,2024-02-01,2024,2,33.3,32.6214993328654,0.6785006671345997,-0.06131734177060188,False,0.43520097493162413,567669,1
JENDERAK UTARA,2024-03-01,2024,3,34.9,33.49051139845256,1.4094886015474373,0.5927343037824606,False,0.40331502956514087,674015,2
JENDERAK UTARA,2024-04-01,2024,4,30.9,31.55396567018333,-0.6539656701833323,-1.042394810100194,False,0.4396616576687562,662073,1
JENDERAK UTARA,2024-05-01,2024,5,31.3,30.752331311033004,0.547668688966997,-0.8788818987119278,False,0.4368837526479962,708108,1
JENDERAK UTARA,2024-06-01,2024,6,32.0,32.409780703234745,-0.4097807032347447,-0.5927343037824635,False,0.44206819472943676,690451,1
JENDERAK UTARA,2024-07-01,2024,7,34.4,31.370424800365072,3.0295751996349267,0.38834316454712875,False,0.42911436413347054,686003,2
JENDERAK UTARA,2024-08-01,2024,8,32.4,32.445565009194354,-0.045565009194355355,-0.4292213923941986,False,0.4135964332549094,711449,2
JENDERAK UTARA,2024-09-01,2024,9,33.4,33.909029725195225,-0.5090297251952265,-0.020439113923534927,False,0.4155237377726046,620848,2
JENDERAK UTARA,2024-10-01,2024,10,35.6,33.220009839434816,2.3799901605651854,0.8788818987119263,False,0.46683814616053043,640281,2
JENDERAK UTARA,2024-11-01,2024,11,32.8,35.31258959817482,-2.51258959817482,-0.26570848100593375,False,0.4241934023701978,615214,3
JENDERAK UTARA,2024-12-01,2024,12,32.6,33.68369371190019,-1.0836937119001888,-0.34746493670006473,False,0.4157413682225663,614026,2
JENDERAK UTARA,2025-01-01,2025,1,33.9,32.94835060594214,0.9516493940578599,0.1839520253117969,False,0.42617864115526205,616538,2
JENDERAK UTARA,2025-02-01,2025,2,31.7,32.9595603911248,-1.2595603911248041,-0.7153689873236629,False,0.4236481280184336,584947,2
JENDERAK UTARA,2025-03-01,2025,3,33.5,33.308920707950065,0.19107929204993468,0.020439113923532023,False,0.4268832466777003,689086,3
JENDERAK UTARA,2025-04-01,2025,4,34.5,33.09721718941021,1.402782810589791,0.4292213923941957,False,0.4097087435480522,694624,3
JENDERAK UTARA,2025-05-01,2025,5,29.5,33.39852808775972,-3.898528087759722,-1.6146899999591227,False,0.42883063234075103,749057,3
JENDERAK UTARA,2025-06-01,2025,6,31.6,32.159539442833285,-0.5595394428332838,-0.7562472151707285,False,0.4139515037262838,686980,2
JENDERAK UTARA,2025-07-01,2025,7,30.4,30.433921141649925,-0.03392114164992677,-1.246785949335526,False,0.4662393722966721,748302,2
JENDERAK UTARA,2025-08-01,2025,8,29.7,30.76613536570992,-1.066135365709922,-1.5329335442649903,False,0.447216781008676,702840,1
JENDERAK UTARA,2025-09-01,2025,9,29.9,31.517547235165836,-1.617547235165837,-1.451177088570858,False,0.4625941397724513,669565,2
JENDERAK UTARA,2025-10-01,2025,10,34.1,34.30905926650638,-0.20905926650637952,0.2657084810059308,False,0.4571812704602121,633007,2
JENDERAK UTARA,2025-11-01,2025,11,33.5,33.315367824111206,0.18463217588879388,0.020439113923532023,False,0.4238372419052877,618374,3
JENDERAK UTARA,2025-12-01,2025,12,31.4,33.68307014267824,-2.283070142678241,-0.8380036708648623,False,0.4453306967050092,662248,3
JENGKA 3-7,2023-01-01,2023,1,50.8,51.85888415015651,-1.0588841501565156,-0.024526936708240174,False,0.4097616576705793,87909,1
JENGKA 3-7,2023-02-01,2023,2,55.6,51.41547501687138,4.184524983128618,1.1527660252872725,False,0.42308481050735447,77631,1
JENGKA 3-7,2023-03-01,2023,3,55.0,51.62134929366324,3.3786507063367566,1.0056044050378332,False,0.4274348474948396,93500,1
JENGKA 3-7,2023-04-01,2023,4,56.1,51.95368827206583,4.146311727934169,1.2754007088284718,False,0.47956952665865965,92542,1
JENGKA 3-7,2023-05-01,2023,5,49.1,51.41008251152186,-2.3100825115218555,-0.44148486074831617,False,0.4176672021698172,93702,1
JENGKA 3-7,2023-06-01,2023,6,52.6,51.88632839797363,0.7136716020263734,0.41695792404007775,False,0.47078307509412903,90910,1
JENGKA 3-7,2023-07-01,2023,7,56.2,51.04820645886251,5.1517935411374935,1.299927645536712,False,0.4712332569505982,98700,1
JENGKA 3-7,2023-08-01,2023,8,53.1,52.56031170536137,0.5396882946386299,0.5395926075812769,False,0.45302660967567426,94582,1
JENGKA 3-7,2023-09-01,2023,9,50.9,52.50138306794432,-1.6013830679443188,0.0,False,0.4311788898681731,87366,1
JENGKA 3-7,2023-10-01,2023,10,54.6,51.72802620267868,2.871973797321324,0.9074966582048742,False,0.4539553257285033,88861,1
JENGKA 3-7,2023-11-01,2023,11,56.4,52.51687411228427,3.883125887715728,1.3489815189531904,False,0.4739091337417374,80996,1
JENGKA 3-7,2023-12-01,2023,12,50.3,52.02517095507829,-1.7251709550782905,-0.1471616202494393,False,0.44370476793692326,88422,1
JENGKA 3-7,2024-01-01,2024,1,47.6,51.50542407225556,-3.905424072255556,-0.8093889113719136,False,0.4076879220057651,91621,1
JENGKA 3-7,2024-02-01,2024,2,46.7,52.431107251256606,-5.731107251256603,-1.0301313417460716,False,0.4226279657550509,84317,1
JENGKA 3-7,2024-03-01,2024,3,49.6,49.80596315888003,-0.20596315888003147,-0.31885017720711706,False,0.42656113099518544,95007,1
JENGKA 3-7,2024-04-01,2024,4,55.4,52.616583276414445,2.783416723585553,1.1037121518707922,False,0.48910997903841624,89116,1
JENGKA 3-7,2024-05-01,2024,5,47.8,49.96702456235571,-2.1670245623557136,-0.760335037955435,False,0.44506838643875796,99977,1
JENGKA 3-7,2024-06-01,2024,6,47.3,50.075188090438175,-2.775188090438178,-0.8829697214966341,False,0.46303154724931145,98790,1
JENGKA 3-7,2024-07-01,2024,7,53.8,50.004845258062986,3.7951547419370115,0.7112811645389546,False,0.43884274495543935,98847,1
JENGKA 3-7,2024-08-01,2024,8,52.2,51.594602752705,0.6053972472950022,0.3188501772071188,False,0.4245585969648909,95272,1
JENGKA 3-7,2024-09-01,2024,9,53.9,51.79616773424087,2.103832265759131,0.7358081012471948,False,0.4530677480173214,93466,1
JENGKA 3-7,2024-10-01,2024,10,48.4,51.79204896869098,-3.392048968690979,-0.6131734177059956,False,0.44247577920605263,92518,1
JENGKA 3-7,2024-11-01,2024,11,55.6,50.60500686675146,4.994993133248542,1.1527660252872725,False,0.4620363894252136,90772,1
JENGKA 3-7,2024-12-01,2024,12,46.9,51.17397606783254,-4.2739760678325425,-0.9810774683295931,False,0.40742754021216304,90955,1
JENGKA 3-7,2025-01-01,2025,1,49.4,50.62755453070604,-1.227554530706044,-0.3679040506235974,False,0.4153699352484983,91546,1
JENGKA 3-7,2025-02-01,2025,2,51.0,51.72438416525612,-0.7243841652561187,0.024526936708240174,False,0.44546846126371437,79705,1
JENGKA 3-7,2025-03-01,2025,3,46.5,51.02712278206714,-4.5271227820671385,-1.079185215162552,False,0.40857776276301566,93219,1
JENGKA 3-7,2025-04-01,2025,4,48.3,50.928862112129515,-2.628862112129518,-0.6377003544142359,False,0.4759186492822197,95466,1
JENGKA 3-7,2025-05-01,2025,5,50.0,50.959595826244666,-0.9595958262446658,-0.22074243037415808,False,0.49365251430592155,96314,1
JENGKA 3-7,2025-06-01,2025,6,54.6,49.515046374243184,5.0849536257568175,0.9074966582048742,False,0.4598328083244123,97938,1
JENGKA 3-7,2025-07-01,2025,7,48.8,49.2681300897819,-0.4681300897819014,-0.5150656708730367,False,0.45892999850140426,97615,1
JENGKA 3-7,2025-08-01,2025,8,47.7,50.077857828589075,-2.3778578285890717,-0.7848619746636734,False,0.41886567916402107,96542,1
JENGKA 3-7,2025-09-01,2025,9,51.1,51.32027112447879,-0.22027112447879205,0.04905387341648035,False,0.4370779267409785,88586,1
JENGKA 3-7,2025-10-01,2025,10,48.3,51.18465353873583,-2.884653538735833,-0.6377003544142359,False,0.42553336159818117,88954,1
JENGKA 3-7,2025-11-01,2025,11,51.3,50.77003412897356,0.5299658710264339,0.09810774683295896,False,0.431910711489092,90651,1
JENGKA 3-7,2025-12-01,2025,12,50.9,51.29746018784917,-0.3974601878491697,0.0,False,0.45160031504301895,90991,1
JENGKA 8,2023-01-01,2023,1,47.0,41.587434366912035,5.412565633087965,1.2110174999693426,False,0.469870752696828,68536,1
JENGKA 8,2023-02-01,2023,2,43.8,42.322442912076745,1.4775570879232518,0.22994003163974844,False,0.4045651741309572,60443,1
JENGKA 8,2023-03-01,2023,3,46.6,40.64701541316963,5.952984586830368,1.088382816428144,False,0.41104399081076537,69003,1
JENGKA 8,2023-04-01,2023,4,42.1,40.528870293448016,1.5711297065519858,-0.29125737341034674,False,0.41973218986410504,69241,1
JENGKA 8,2023-05-01,2023,5,41.5,37.17447013440655,4.325529865593452,-0.4752093987221459,False,0.5285696150885525,76944,0
JENGKA 8,2023-06-01,2023,6,43.8,40.39793246207567,3.4020675379243244,0.22994003163974844,False,0.4343359747761411,68505,1
JENGKA 8,2023-07-01,2023,7,41.5,40.3468060530106,1.153193946989397,-0.4752093987221459,False,0.4154755451985388,74027,1
JENGKA 8,2023-08-01,2023,8,43.3,41.657969486416185,1.642030513583812,0.07664667721324948,False,0.4185161208590866,69123,1
JENGKA 8,2023-09-01,2023,9,46.1,45.867175736768615,0.23282426323138594,0.935089462001645,False,0.5117604384625902,66244,2
JENGKA 8,2023-10-01,2023,10,40.1,41.61764273062761,-1.5176427306276068,-0.9044307911163426,False,0.39913212149660826,64703,1
JENGKA 8,2023-11-01,2023,11,42.7,41.87741966474355,0.822580335256454,-0.10730534809854754,False,0.4264320846836775,66549,1
JENGKA 8,2023-12-01,2023,12,45.4,41.95369036294079,3.4463096370592083,0.7204787658045456,False,0.43122004688421206,65320,1
JENGKA 8,2024-01-01,2024,1,45.3,41.97755290347952,3.3224470965204773,0.6898200949192453,False,0.40606769103600276,66013,1
JENGKA 8,2024-02-01,2024,2,43.9,42.4408291789222,1.459170821077798,0.2605987025250487,False,0.42282420427910145,62696,1
JENGKA 8,2024-03-01,2024,3,45.8,42.041809903594604,3.758190096405393,0.8431134493457443,False,0.46180088873648445,68490,1
JENGKA 8,2024-04-01,2024,4,42.4,40.26817565956725,2.1318243404327504,-0.19928136075444822,False,0.4260449751958188,73944,1
JENGKA 8,2024-05-01,2024,5,46.7,44.38871788812553,2.311282111874476,1.1190414873134442,False,0.5189379081896749,76554,2
JENGKA 8,2024-06-01,2024,6,45.5,39.0761129762914,6.423887023708602,0.7511374366898458,False,0.4402813051754028,75319,1
JENGKA 8,2024-07-01,2024,7,42.3,39.50540840849692,2.794591591503078,-0.22994003163974844,False,0.42628577613143687,77381,1
JENGKA 8,2024-08-01,2024,8,44.1,39.71168973739404,4.3883102626059625,0.32191604429564913,False,0.4362254302858473,76880,1
JENGKA 8,2024-09-01,2024,9,42.2,41.72407157091631,0.4759284290836945,-0.2605987025250465,False,0.3964648183210385,67227,1
JENGKA 8,2024-10-01,2024,10,44.0,40.65355946136842,3.346440538631583,0.2912573734103489,False,0.4074009028333616,68411,1
JENGKA 8,2024-11-01,2024,11,40.6,41.0922351261949,-0.49223512619489895,-0.7511374366898437,False,0.3927719832476628,65082,1
JENGKA 8,2024-12-01,2024,12,39.9,38.92502613646894,0.9749738635310621,-0.9657481328869431,False,0.4147578119171917,69690,1
JENGKA 8,2025-01-01,2025,1,45.4,40.51884271292597,4.881157287074032,0.7204787658045456,False,0.4298806954881878,72126,1
JENGKA 8,2025-02-01,2025,2,39.6,40.43079912337953,-0.8307991233795278,-1.0577241455428417,False,0.4293759847490393,64829,1
JENGKA 8,2025-03-01,2025,3,40.9,40.65382519156967,0.24617480843032524,-0.6591614240339452,False,0.40207523794520805,69013,1
JENGKA 8,2025-04-01,2025,4,43.0,38.9864882004311,4.013511799568903,-0.015329335442649025,False,0.4183398029035325,73149,1
JENGKA 8,2025-05-01,2025,5,43.1,39.790160304001695,3.3098396959983063,0.015329335442651203,False,0.4104584174020304,74172,1
JENGKA 8,2025-06-01,2025,6,39.2,35.077778780264204,4.122221219735799,-1.1803588290840403,False,0.5381486245055,75829,0
JENGKA 8,2025-07-01,2025,7,44.1,39.91385111970718,4.186148880292819,0.32191604429564913,False,0.5040089420313194,76426,1
JENGKA 8,2025-08-01,2025,8,40.3,39.83448526327191,0.46551473672808896,-0.8431134493457443,False,0.43043366325970167,73958,1
JENGKA 8,2025-09-01,2025,9,38.4,39.92787083263937,-1.5278708326393726,-1.4256281961664399,False,0.4139055222059815,71200,1
JENGKA 8,2025-10-01,2025,10,45.5,40.72309331162807,4.77690668837193,0.7511374366898458,False,0.4056475441808912,67543,1
JENGKA 8,2025-11-01,2025,11,40.8,40.11650343466397,0.6834965653360285,-0.6898200949192453,False,0.48405055807690606,64494,1
JENGKA 8,2025-12-01,2025,12,42.4,39.055647295743576,3.3443527042564227,-0.19928136075444822,False,0.43394371295312234,72603,1
JENGKA UTAMA,2023-01-01,2023,1,36.1,33.42074658694621,2.679253413053793,1.825092643289608,False,0.5172594956238162,5157763,14
JENGKA UTAMA,2023-02-01,2023,2,31.3,34.80390181419194,-3.503901814191938,-0.0793518540560696,False,0.5604543812886537,4561668,9
JENGKA UTAMA,2023-03-01,2023,3,33.1,35.65106482719846,-2.5510648271984593,0.6348148324485597,False,0.5352128604840435,5197512,10
JENGKA UTAMA,2023-04-01,2023,4,36.2,33.58862259884131,2.611377401158691,1.8647685703176435,False,0.5287191674605155,5650344,7
JENGKA UTAMA,2023-05-01,2023,5,31.7,34.25857134154442,-2.5585713415444182,0.0793518540560696,False,0.5723775547727379,5682483,19
JENGKA UTAMA,2023-06-01,2023,6,33.2,33.61127545663807,-0.41127545663806586,0.6744907594765952,False,0.564066057085424,5591733,15
JENGKA UTAMA,2023-07-01,2023,7,36.0,34.0630480339729,1.9369519660271024,1.7854167162615726,False,0.5059059769149586,5440763,7
JENGKA UTAMA,2023-08-01,2023,8,35.5,33.31023589321498,2.18976410678502,1.5870370811213979,False,0.5207704290431889,5849260,7
JENGKA UTAMA,2023-09-01,2023,9,36.5,35.57728319349238,0.9227168065076228,1.9837963514017474,False,0.5767649079077706,5397266,21
JENGKA UTAMA,2023-10-01,2023,10,30.9,35.13798339668253,-4.23798339668253,-0.23805556216821025,False,0.5523902602498152,5254303,9
JENGKA UTAMA,2023-11-01,2023,11,35.4,35.50986458433989,-0.10986458433988844,1.5473611540933623,False,0.5124983241311466,4749528,9
JENGKA UTAMA,2023-12-01,2023,12,34.1,32.413702207855195,1.6862977921448064,1.0315741027289091,False,0.616547641099996,5234865,18
JENGKA UTAMA,2024-01-01,2024,1,33.5,33.18627246048126,0.31372753951873733,0.7935185405606989,False,0.5445196233552881,5282712,7
JENGKA UTAMA,2024-02-01,2024,2,35.1,34.455615342171,0.6443846578290007,1.4283333730092587,False,0.5329111835423092,4938918,16
JENGKA UTAMA,2024-03-01,2024,3,31.7,32.4584531678769,-0.7584531678768975,0.0793518540560696,False,0.576436968259014,5688615,17
JENGKA UTAMA,2024-04-01,2024,4,30.2,32.5307988858075,-2.3307988858075,-0.5157870513644546,False,0.5650755564500001,5491184,13
JENGKA UTAMA,2024-05-01,2024,5,34.7,35.11451647285382,-0.4145164728538191,1.2696296648971195,False,0.5601891721037473,5544902,13
JENGKA UTAMA,2024-06-01,2024,6,30.5,33.218407520131706,-2.7184075201317057,-0.39675927028034946,False,0.5232695596538949,5420831,16
JENGKA UTAMA,2024-07-01,2024,7,31.6,32.55551737976309,-0.9555173797630871,0.03967592702803551,False,0.597898472825275,6027972,20
JENGKA UTAMA,2024-08-01,2024,8,29.6,33.09978585500743,-3.4997858550074312,-0.7538426135326634,False,0.5845240677973481,5599003,20
JENGKA UTAMA,2024-09-01,2024,9,31.1,31.223085810560445,-0.12308581056044332,-0.1587037081121392,False,0.5546068719850418,5402743,15
JENGKA UTAMA,2024-10-01,2024,10,33.4,32.76848563420296,0.6315143657970381,0.7538426135326634,False,0.588692058222048,5401541,19
JENGKA UTAMA,2024-11-01,2024,11,31.4,32.48006307170236,-1.0800630717023623,-0.03967592702803551,False,0.4922477237699928,5252014,13
JENGKA UTAMA,2024-12-01,2024,12,34.7,34.53453196903561,0.16546803096439078,1.2696296648971195,False,0.5813149146422918,5275229,15
JENGKA UTAMA,2025-01-01,2025,1,30.1,33.66443414337392,-3.5644341433739157,-0.5554629783924887,False,0.5734886943603595,5179766,18
JENGKA UTAMA,2025-02-01,2025,2,30.4,32.04025231312214,-1.64025231312214,-0.436435197308385,False,0.6034948146501836,4719386,19
JENGKA UTAMA,2025-03-01,2025,3,30.8,32.76740103501041,-1.9674010350104076,-0.27773148919624435,False,0.5443746504040692,5906149,6
JENGKA UTAMA,2025-04-01,2025,4,29.0,33.28223462958775,-4.282234629587748,-0.9918981757008737,False,0.5139849943506561,5362497,7
JENGKA UTAMA,2025-05-01,2025,5,28.9,32.99709212767918,-4.097092127679183,-1.0315741027289091,False,0.5675097079451493,5985531,12
JENGKA UTAMA,2025-06-01,2025,6,28.9,31.06088435211667,-2.160884352116671,-1.0315741027289091,False,0.5419048182576568,5922087,7
JENGKA UTAMA,2025-07-01,2025,7,30.3,34.75789271906247,-4.4578927190624675,-0.47611112433641906,False,0.6084315413444191,5671499,19
JENGKA UTAMA,2025-08-01,2025,8,29.6,32.358634750457206,-2.7586347504572046,-0.7538426135326634,False,0.5053368787689497,5536896,8
JENGKA UTAMA,2025-09-01,2025,9,29.9,32.73468858264308,-2.834688582643082,-0.6348148324485597,False,0.5731868480338821,5252630,15
JENGKA UTAMA,2025-10-01,2025,10,33.2,33.06227749663157,0.13772250336842973,0.6744907594765952,False,0.5987401237967607,5493205,17
JENGKA UTAMA,2025-11-01,2025,11,30.4,30.906227206756306,-0.5062272067563072,-0.436435197308385,False,0.5557659502464004,5319953,12
JENGKA UTAMA,2025-12-01,2025,12,30.0,31.85339267521522,-1.8533926752152183,-0.5951389054205242,False,0.5833837768813134,5651630,15
KARAK,2023-01-01,2023,1,45.7,56.15230594571183,-10.452305945711828,0.20234722784298217,False,0.47882425382881716,170054,2
KARAK,2023-02-01,2023,2,48.4,52.620699653911515,-4.220699653911517,1.1129097531363876,False,0.40983523031360075,163911,1
KARAK,2023-03-01,2023,3,42.0,53.797249403593426,-11.797249403593426,-1.0454606771887245,False,0.42720719851350625,182452,1
KARAK,2023-04-01,2023,4,45.4,52.609585547165345,-7.2095855471653465,0.10117361392149109,False,0.4239709658507732,186223,1
KARAK,2023-05-01,2023,5,47.0,52.67521743263588,-5.675217432635883,0.6407662215027696,False,0.4242023412473586,192023,1
KARAK,2023-06-01,2023,6,42.5,53.07029124822297,-10.570291248222972,-0.876837987319575,False,0.4501319822892359,190408,1
KARAK,2023-07-01,2023,7,43.0,55.627602293471085,-12.627602293471085,-0.7082152974504256,False,0.4604769700612246,187422,2
KARAK,2023-08-01,2023,8,48.8,52.689512223338795,-3.889512223338798,1.2478079050317066,False,0.43049496421460426,193916,1
KARAK,2023-09-01,2023,9,46.9,53.0402344984633,-6.1402344984633,0.6070416835289393,False,0.4633921238239626,182115,1
KARAK,2023-10-01,2023,10,48.8,55.5929383404023,-6.792938340402301,1.2478079050317066,False,0.45498678073104726,180517,2
KARAK,2023-11-01,2023,11,49.0,53.96185473647108,-4.961854736471082,1.3152569809793673,False,0.40600983197371926,167313,1
KARAK,2023-12-01,2023,12,46.2,52.99665519081586,-6.796655190815855,0.37096991771213156,False,0.41452319484872135,168576,1
KARAK,2024-01-01,2024,1,43.1,51.4157753606971,-8.315775360697096,-0.6744907594765952,False,0.412630795716938,175702,1
KARAK,2024-02-01,2024,2,45.3,56.276538131261354,-10.976538131261357,0.06744907594766072,False,0.48135944469843234,161686,2
KARAK,2024-03-01,2024,3,42.0,52.80810417568521,-10.808104175685209,-1.0454606771887245,False,0.4066281603369018,183046,1
KARAK,2024-04-01,2024,4,47.5,50.206685621391436,-2.7066856213914363,0.809388911371919,False,0.4326708753089808,191433,1
KARAK,2024-05-01,2024,5,43.7,52.123081377522766,-8.423081377522763,-0.47214353163361544,False,0.4285566871536283,183433,1
KARAK,2024-06-01,2024,6,42.9,51.280207882759925,-8.380207882759926,-0.741939835424256,False,0.4349188538736916,190703,1
KARAK,2024-07-01,2024,7,47.7,52.87510275096459,-5.175102750964584,0.8768379873195798,False,0.44175235516803146,190207,1
KARAK,2024-08-01,2024,8,43.1,55.20389556230224,-12.103895562302242,-0.6744907594765952,False,0.45796100441524035,183380,2
KARAK,2024-09-01,2024,9,43.7,53.849071208738934,-10.149071208738931,-0.47214353163361544,False,0.43842753568860215,172518,1
KARAK,2024-10-01,2024,10,45.3,53.256350874048564,-7.956350874048567,0.06744907594766072,False,0.4296128848795059,169704,1
KARAK,2024-11-01,2024,11,44.9,56.52013576092997,-11.62013576092997,-0.06744907594765832,False,0.47018226781105693,169077,2
KARAK,2024-12-01,2024,12,47.3,56.08498288830519,-8.784982888305194,0.7419398354242583,False,0.4811700776278527,171612,2
KARAK,2025-01-01,2025,1,42.1,55.59434104477657,-13.494341044776569,-1.011736139214894,False,0.45431741173052065,171058,2
KARAK,2025-02-01,2025,2,47.0,53.979891243821015,-6.979891243821015,0.6407662215027696,False,0.4612536727894508,173149,2
KARAK,2025-03-01,2025,3,41.3,50.88322956444527,-9.583229564445276,-1.2815324430055346,False,0.44973236115353077,194743,1
KARAK,2025-04-01,2025,4,46.0,51.221850627693904,-5.221850627693904,0.30352084176447086,False,0.4363847081974544,186401,1
KARAK,2025-05-01,2025,5,43.0,51.89569664367162,-8.89569664367162,-0.7082152974504256,False,0.43207399408090663,192325,1
KARAK,2025-06-01,2025,6,42.3,52.40407973163852,-10.104079731638521,-0.9442870632672358,False,0.41982112576332425,189543,1
KARAK,2025-07-01,2025,7,44.9,51.041833627063134,-6.141833627063136,-0.06744907594765832,False,0.45172100467504334,204217,1
KARAK,2025-08-01,2025,8,44.1,52.680281673896374,-8.580281673896373,-0.33724537973829644,False,0.442164324959618,197837,1
KARAK,2025-09-01,2025,9,44.4,55.13326582563223,-10.73326582563223,-0.23607176581680772,False,0.45292697063667553,173595,2
KARAK,2025-10-01,2025,10,41.3,54.93094495423118,-13.630944954231182,-1.2815324430055346,False,0.4680528221305921,190556,2
KARAK,2025-11-01,2025,11,45.8,52.40751775100706,-6.607517751007066,0.23607176581681014,False,0.40161560635090554,171391,1
KARAK,2025-12-01,2025,12,46.3,51.55565243718858,-5.25565243718858,0.4046944556859595,False,0.40585210426121504,185677,1
KARAK INDAH,2023-01-01,2023,1,56.2,45.23467040951947,10.965329590480536,-0.5641195442895153,False,0.5468679662185199,41107,1
KARAK INDAH,2023-02-01,2023,2,62.9,44.39541567143087,18.50458432856913,1.079185215162552,False,0.656104314760398,36610,2
KARAK INDAH,2023-03-01,2023,3,65.4,43.8205652476926,21.579434752307407,1.6923586328685494,False,0.5637052909257362,39681,1
KARAK INDAH,2023-04-01,2023,4,57.2,40.71423835657871,16.48576164342129,-0.31885017720711706,False,0.5607647391842889,42619,0
KARAK INDAH,2023-05-01,2023,5,60.4,40.849282456920996,19.550717543079003,0.46601179745655635,False,0.5022374570570329,45555,1
KARAK INDAH,2023-06-01,2023,6,64.3,40.83264849652195,23.46735150347805,1.4225623290779092,False,0.5631383980806802,44346,1
KARAK INDAH,2023-07-01,2023,7,61.6,40.37266412356885,21.227335876431148,0.760335037955435,False,0.6405807996248277,43891,2
KARAK INDAH,2023-08-01,2023,8,62.6,46.07899817196472,16.52100182803528,1.0056044050378332,False,0.6621512126051085,43215,2
KARAK INDAH,2023-09-01,2023,9,55.7,41.85303138159418,13.846968618405825,-0.6867542278307145,False,0.5436723225426346,42564,1
KARAK INDAH,2023-10-01,2023,10,65.1,40.89692913873769,24.203070861262304,1.6187778227438272,False,0.5584722707963978,39515,1
KARAK INDAH,2023-11-01,2023,11,58.7,42.24887290369104,16.451127096308966,0.04905387341648035,False,0.5266339970188679,39952,1
KARAK INDAH,2023-12-01,2023,12,58.3,43.24355714726036,15.056442852739636,-0.04905387341648035,False,0.5160666267294636,41040,1
KARAK INDAH,2024-01-01,2024,1,64.5,41.773616976301625,22.726383023698375,1.4716162024943895,False,0.5866169761569646,40087,1
KARAK INDAH,2024-02-01,2024,2,56.3,43.57607032085275,12.723929679147247,-0.5395926075812769,False,0.5645531835117933,36639,1
KARAK INDAH,2024-03-01,2024,3,64.5,42.44507307249139,22.05492692750861,1.4716162024943895,False,0.5456913245919606,42624,1
KARAK INDAH,2024-04-01,2024,4,62.1,43.30973698120349,18.79026301879651,0.8829697214966341,False,0.5947683281448589,40811,1
KARAK INDAH,2024-05-01,2024,5,54.6,43.37910408522944,11.220895914770558,-0.9565505316213528,False,0.47027724492683864,43784,1
KARAK INDAH,2024-06-01,2024,6,54.5,41.79711217451302,12.702887825486982,-0.9810774683295931,False,0.5486711115920164,42169,1
KARAK INDAH,2024-07-01,2024,7,59.8,43.16374082816371,16.636259171836286,0.31885017720711706,False,0.587142068937652,46057,1
KARAK INDAH,2024-08-01,2024,8,61.6,41.22987459506386,20.37012540493614,0.760335037955435,False,0.5617143038199124,41894,1
KARAK INDAH,2024-09-01,2024,9,55.8,41.58531873195247,14.214681268047528,-0.662227291122476,False,0.4860722396527483,39669,1
KARAK INDAH,2024-10-01,2024,10,56.6,43.784463320729586,12.815536679270416,-0.46601179745655635,False,0.5008876828489421,39703,1
KARAK INDAH,2024-11-01,2024,11,61.3,41.246664887483405,20.053335112516592,0.6867542278307145,False,0.5636713160494379,37916,1
KARAK INDAH,2024-12-01,2024,12,55.8,42.24985210158915,13.550147898410849,-0.662227291122476,False,0.5460794302277806,40724,1
KARAK INDAH,2025-01-01,2025,1,54.6,43.93028725867812,10.66971274132188,-0.9565505316213528,False,0.4932461284894196,40096,1
KARAK INDAH,2025-02-01,2025,2,56.4,38.95994591688122,17.44005408311878,-0.5150656708730367,False,0.4948636535199433,38346,1
KARAK INDAH,2025-03-01,2025,3,59.8,41.92443434255004,17.875565657449954,0.31885017720711706,False,0.6545564599767781,42296,2
KARAK INDAH,2025-04-01,2025,4,57.0,41.720360725349174,15.279639274650826,-0.3679040506235974,False,0.47136866929886506,44903,1
KARAK INDAH,2025-05-01,2025,5,63.2,42.492607055759024,20.70739294424098,1.1527660252872725,False,0.5278364866016261,45693,1
KARAK INDAH,2025-06-01,2025,6,55.2,41.9031796544775,13.296820345522505,-0.8093889113719136,False,0.484992186327862,42581,1
KARAK INDAH,2025-07-01,2025,7,55.6,43.45927755565393,12.140722444346075,-0.7112811645389546,False,0.44598925071056655,45711,1
KARAK INDAH,2025-08-01,2025,8,59.8,40.612314518071486,19.18768548192851,0.31885017720711706,False,0.5112774860035454,47118,1
KARAK INDAH,2025-09-01,2025,9,58.8,42.2717249155543,16.528275084445696,0.07358081012471879,False,0.6573254205959305,42123,2
KARAK INDAH,2025-10-01,2025,10,58.2,44.25637469578473,13.943625304215274,-0.07358081012471879,False,0.6365409699271338,41683,2
KARAK INDAH,2025-11-01,2025,11,58.1,45.32195061683425,12.778049383165751,-0.09810774683295896,False,0.6151573850623624,40064,2
KARAK INDAH,2025-12-01,2025,12,56.7,40.73400148801716,15.965998511982846,-0.44148486074831617,False,0.493601045755906,40102,1
KECHAU,2023-01-01,2023,1,43.0,35.423363244200026,7.576636755799974,-0.08431134493457765,False,0.43521488578035816,526009,2
KECHAU,2023-02-01,2023,2,47.4,38.93444144346905,8.46555855653095,2.3888214398129386,False,0.4651061129936566,447904,3
KECHAU,2023-03-01,2023,3,43.4,33.557634782634246,9.842365217365753,0.14051890822428675,False,0.46390634458929725,524174,1
KECHAU,2023-04-01,2023,4,42.0,32.795358492653754,9.204641507346246,-0.6463869778317406,False,0.47736679504454294,544903,1
KECHAU,2023-05-01,2023,5,47.3,35.75861755600444,11.541382443995559,2.3326138765232214,False,0.5012007345885852,581361,3
KECHAU,2023-06-01,2023,6,42.7,34.91665882802808,7.783341171971919,-0.25293403480372495,False,0.41074239492085673,542935,2
KECHAU,2023-07-01,2023,7,47.3,35.123630325233535,12.176369674766462,2.3326138765232214,False,0.43564091208870004,570189,2
KECHAU,2023-08-01,2023,8,47.4,35.020978357419125,12.379021642580874,2.3888214398129386,False,0.5055015321586607,578091,3
KECHAU,2023-09-01,2023,9,43.2,36.45038886715842,6.749611132841579,0.02810378164485655,False,0.41106669030025067,500535,2
KECHAU,2023-10-01,2023,10,43.9,32.51280594973466,11.387194050265336,0.42155672467286825,False,0.48930059337517046,522222,1
KECHAU,2023-11-01,2023,11,43.7,37.93020141732624,5.769798582673765,0.30914159809343805,False,0.4866380904905575,471152,3
KECHAU,2023-12-01,2023,12,44.9,35.01785171142623,9.882148288573767,0.9836323575700312,False,0.46089185277087596,521993,1
KECHAU,2024-01-01,2024,1,43.2,34.62766437209815,8.57233562790185,0.02810378164485655,False,0.47286598648510586,496447,1
KECHAU,2024-02-01,2024,2,42.4,36.641239516953696,5.758760483046302,-0.42155672467287625,False,0.44871160605189786,505140,3
KECHAU,2024-03-01,2024,3,44.3,34.508839002533136,9.79116099746686,0.6463869778317326,False,0.4651022526147544,534402,2
KECHAU,2024-04-01,2024,4,39.8,34.28245160555017,5.517548394449825,-1.8829533702055008,False,0.4376687512468257,548640,2
KECHAU,2024-05-01,2024,5,41.1,32.81648724648613,8.283512753513868,-1.1522550474391866,False,0.4287742089034126,558386,1
KECHAU,2024-06-01,2024,6,41.7,36.590193959699135,5.109806040300867,-0.8150096677008879,False,0.4799641325010148,531419,3
KECHAU,2024-07-01,2024,7,43.1,31.321205210520574,11.778794789479427,-0.028103781644860545,False,0.46726254903720815,605367,1
KECHAU,2024-08-01,2024,8,41.1,33.67551333923944,7.424486660760564,-1.1522550474391866,False,0.4308966627566825,561948,2
KECHAU,2024-09-01,2024,9,44.7,32.13839739275803,12.561602607241973,0.871217230990601,False,0.4818037084783465,528966,1
KECHAU,2024-10-01,2024,10,44.4,33.447016232327115,10.952983767672883,0.7025945411214497,False,0.4455495993836455,545250,1
KECHAU,2024-11-01,2024,11,42.2,36.92232590436635,5.27767409563365,-0.5339718512523064,False,0.4442357604267109,513948,3
KECHAU,2024-12-01,2024,12,42.2,33.09724869078244,9.10275130921756,-0.5339718512523064,False,0.43569523162049134,517207,1
KECHAU,2025-01-01,2025,1,40.9,35.069831573280716,5.830168426719283,-1.2646701740186208,False,0.434907291392859,509675,2
KECHAU,2025-02-01,2025,2,42.3,33.081239523820884,9.218760476179114,-0.47776428796259335,False,0.48099370992289436,482501,1
KECHAU,2025-03-01,2025,3,43.8,35.46274062861301,8.337259371386985,0.36534916138315116,False,0.4782485560839635,534206,2
KECHAU,2025-04-01,2025,4,39.2,35.72597049099163,3.474029509008375,-2.2201987499437954,False,0.4621616076867999,531300,3
KECHAU,2025-05-01,2025,5,45.5,35.90945833030404,9.59054166969596,1.3208777373083298,False,0.4623025612579925,567167,3
KECHAU,2025-06-01,2025,6,46.1,32.333237930787355,13.766762069212646,1.6581231170466284,False,0.4440807419426433,591695,2
KECHAU,2025-07-01,2025,7,41.0,33.07157266951475,7.928427330485249,-1.2084626107289036,False,0.4139409208732453,589983,2
KECHAU,2025-08-01,2025,8,43.5,34.63186198904105,8.868138010958951,0.19672647151400385,False,0.4627599242577548,591026,3
KECHAU,2025-09-01,2025,9,42.5,35.14961375368907,7.350386246310933,-0.36534916138315915,False,0.4615730903980212,557139,3
KECHAU,2025-10-01,2025,10,42.1,33.919013327257574,8.180986672742428,-0.5901794145420235,False,0.4958144013046857,525542,1
KECHAU,2025-11-01,2025,11,40.2,34.6369535910452,5.563046408954804,-1.6581231170466324,False,0.43276698335558206,519618,2
KECHAU,2025-12-01,2025,12,45.6,35.3063001627919,10.293699837208102,1.377085300598047,False,0.47264099625790457,508261,2
KERTAU,2023-01-01,2023,1,38.3,37.06089050188796,1.239109498112036,0.12760635990097555,False,0.40988493094902806,429152,2
KERTAU,2023-02-01,2023,2,35.7,32.91823225810408,2.7817677418959263,-0.8203265993634274,False,0.4178575873986246,419862,1
KERTAU,2023-03-01,2023,3,38.1,35.84368721503636,2.25631278496364,0.05468843995756131,False,0.4237482651837664,477225,2
KERTAU,2023-04-01,2023,4,36.3,36.763094862393274,-0.4630948623932767,-0.6015728395331822,False,0.4701374737705395,450624,3
KERTAU,2023-05-01,2023,5,36.9,34.7785524732182,2.1214475267818003,-0.3828190797029344,False,0.43690574057764753,490596,2
KERTAU,2023-06-01,2023,6,39.3,34.9839796723232,4.316020327676796,0.4921959596180544,False,0.4205219745702273,485439,2
KERTAU,2023-07-01,2023,7,39.8,35.147377956948084,4.652622043051913,0.6744907594765939,False,0.41388060471089766,501253,2
KERTAU,2023-08-01,2023,8,39.8,36.976704395959835,2.8232956040401618,0.6744907594765939,False,0.4704936979563267,491891,3
KERTAU,2023-09-01,2023,9,41.8,35.60293831836777,6.197061681632228,1.4036699589107517,False,0.4226762394151156,445913,2
KERTAU,2023-10-01,2023,10,38.0,35.56578794191125,2.4342120580887467,0.01822947998585291,False,0.41511522040281423,461760,2
KERTAU,2023-11-01,2023,11,35.6,34.9204138760864,0.6795861239136016,-0.8567855593351359,False,0.41152729478092864,438791,1
KERTAU,2023-12-01,2023,12,35.9,33.6789762329209,2.221023767079096,-0.7474086794200133,False,0.4161142103882919,443384,1
KERTAU,2024-01-01,2024,1,38.9,32.98866583460766,5.91133416539234,0.3463601197312234,False,0.4386091535930337,474524,1
KERTAU,2024-02-01,2024,2,35.0,36.07398992660178,-1.073989926601783,-1.0755393191653837,False,0.4077442697240637,431139,2
KERTAU,2024-03-01,2024,3,34.6,33.96920122628191,0.6307987737180909,-1.2213751590522148,False,0.4333603992575832,501233,1
KERTAU,2024-04-01,2024,4,39.8,35.97516742643878,3.824832573561217,0.6744907594765939,False,0.43961638278252163,482852,2
KERTAU,2024-05-01,2024,5,38.0,34.98080710276838,3.019192897231619,0.01822947998585291,False,0.43644206182547474,520695,2
KERTAU,2024-06-01,2024,6,37.9,33.1433711375092,4.7566288624908,-0.018229479985855498,False,0.4526379424582748,515306,2
KERTAU,2024-07-01,2024,7,40.3,33.14250855426098,7.157491445739019,0.8567855593351333,False,0.4234704854796045,490027,1
KERTAU,2024-08-01,2024,8,41.0,33.47666126709649,7.523338732903511,1.1119982791370895,False,0.4504768130549311,514346,1
KERTAU,2024-09-01,2024,9,34.9,33.30014645481074,1.599853545189255,-1.1119982791370921,False,0.4487542022485932,477965,1
KERTAU,2024-10-01,2024,10,38.4,35.208824340464425,3.191175659535574,0.16406531987268394,False,0.41216458547389334,460697,2
KERTAU,2024-11-01,2024,11,40.0,35.079107154899646,4.920892845100354,0.7474086794200107,False,0.4238282026484885,422747,1
KERTAU,2024-12-01,2024,12,39.8,36.20173150095666,3.5982684990433356,0.6744907594765939,False,0.4158525562038062,453231,2
KERTAU,2025-01-01,2025,1,35.2,35.375202746504655,-0.1752027465046524,-1.002621399221967,False,0.4202237611881472,488826,2
KERTAU,2025-02-01,2025,2,39.9,36.36729475866002,3.5327052413399755,0.7109497194483023,False,0.42083658071094515,414758,2
KERTAU,2025-03-01,2025,3,34.3,34.81338535828309,-0.5133853582830952,-1.33075203896734,False,0.4088914954354703,475586,2
KERTAU,2025-04-01,2025,4,36.1,34.361832544909916,1.7381674550900854,-0.6744907594765964,False,0.41595075257490305,488689,2
KERTAU,2025-05-01,2025,5,33.7,32.3705396706905,1.329460329309505,-1.5495057987975853,False,0.4367295823904271,514567,1
KERTAU,2025-06-01,2025,6,38.1,31.092155692798997,7.007844307201005,0.05468843995756131,False,0.5059115584723693,485341,1
KERTAU,2025-07-01,2025,7,36.5,31.62251804892184,4.87748195107816,-0.5286549195897654,False,0.4443064894654427,533660,1
KERTAU,2025-08-01,2025,8,37.7,33.78290775083283,3.917092249167176,-0.09114739992926972,False,0.4152342449304494,496163,2
KERTAU,2025-09-01,2025,9,34.9,31.549157634251337,3.3508423657486617,-1.1119982791370921,False,0.44640918978801436,473919,1
KERTAU,2025-10-01,2025,10,40.0,33.498477901675905,6.501522098324095,0.7474086794200107,False,0.4546818174599472,492984,2
KERTAU,2025-11-01,2025,11,33.6,35.008016725829954,-1.4080167258299525,-1.5859647587692938,False,0.4050347987017576,450844,2
KERTAU,2025-12-01,2025,12,37.6,33.81024935796333,3.7897506420366724,-0.12760635990097813,False,0.4179742659933185,472693,1
KG BANTAL,2023-01-01,2023,1,38.8,44.33718925869211,-5.537189258692116,0.5833433595473231,False,0.4731142175443816,218449,2
KG BANTAL,2023-02-01,2023,2,39.7,40.77829962085811,-1.078299620858104,0.9114739992926956,False,0.4376655211205568,200241,1
KG BANTAL,2023-03-01,2023,3,41.8,45.23819532146067,-3.4381953214606753,1.6771121586985578,False,0.44805216806620574,205853,2
KG BANTAL,2023-04-01,2023,4,36.2,40.812702331260695,-4.612702331260692,-0.3645895997170782,False,0.423825111715516,224465,1
KG BANTAL,2023-05-01,2023,5,36.2,41.26366364345478,-5.063663643454774,-0.3645895997170782,False,0.46595057957843883,235657,1
KG BANTAL,2023-06-01,2023,6,41.9,40.06049221486091,1.8395077851390909,1.7135711186702662,False,0.44370814244997275,233398,1
KG BANTAL,2023-07-01,2023,7,39.3,43.262020875862845,-3.962020875862848,0.7656381594058622,False,0.4856817930915155,235667,2
KG BANTAL,2023-08-01,2023,8,41.6,41.43170557891743,0.16829442108257098,1.6041942387551438,False,0.41391157680520846,220763,1
KG BANTAL,2023-09-01,2023,9,37.3,41.043179423523554,-3.743179423523557,0.03645895997170575,False,0.44815013046171387,204719,1
KG BANTAL,2023-10-01,2023,10,41.6,45.79210031828655,-4.192100318286549,1.6041942387551438,False,0.4852926213279102,206002,2
KG BANTAL,2023-11-01,2023,11,36.2,43.068811878773474,-6.868811878773471,-0.3645895997170782,False,0.44551163556563333,197238,1
KG BANTAL,2023-12-01,2023,12,40.5,40.32624614449416,0.17375385550584355,1.203145679066357,False,0.44278395021265526,207901,1
KG BANTAL,2024-01-01,2024,1,37.1,40.79589253271305,-3.695892532713046,-0.036458959971708345,False,0.5014218928838569,212511,1
KG BANTAL,2024-02-01,2024,2,35.9,42.45331335281722,-6.55331335281722,-0.4739664796322033,False,0.4233301815377797,194703,1
KG BANTAL,2024-03-01,2024,3,36.7,40.92733002806829,-4.2273300280682875,-0.1822947998585391,False,0.4152431932624009,232452,1
KG BANTAL,2024-04-01,2024,4,34.8,39.673791389147,-4.8737913891470015,-0.8750150393209899,False,0.4574984059305364,214579,1
KG BANTAL,2024-05-01,2024,5,39.2,44.109303194002266,-4.909303194002263,0.7291791994341564,False,0.4919631163992772,237657,2
KG BANTAL,2024-06-01,2024,6,35.0,40.3515543077521,-5.351554307752103,-0.8020971193775731,False,0.4825222393246969,236283,1
KG BANTAL,2024-07-01,2024,7,37.8,38.02524890869941,-0.22524890869941316,0.21875375983024486,False,0.4289973575550743,238049,1
KG BANTAL,2024-08-01,2024,8,38.5,43.870798263682246,-5.370798263682246,0.4739664796322007,False,0.5100423415795168,238130,2
KG BANTAL,2024-09-01,2024,9,35.8,37.74397421957366,-1.9439742195736613,-0.5104254396039116,False,0.5293129402810496,211462,0
KG BANTAL,2024-10-01,2024,10,38.3,41.1039479399149,-2.803947939914906,0.401048559688784,False,0.41094090863901916,205460,1
KG BANTAL,2024-11-01,2024,11,34.9,44.57408767702756,-9.674087677027565,-0.8385560793492816,False,0.4684207724186382,197403,2
KG BANTAL,2024-12-01,2024,12,40.4,41.898162403793975,-1.4981624037939767,1.1666867190946488,False,0.4506468646880535,211962,1
KG BANTAL,2025-01-01,2025,1,35.5,39.90070566738444,-4.400705667384443,-0.6198023195190341,False,0.46344258368187885,221914,1
KG BANTAL,2025-02-01,2025,2,37.7,39.57817248402534,-1.8781724840253347,0.1822947998585391,False,0.4145578458421852,206569,1
KG BANTAL,2025-03-01,2025,3,38.8,42.58524069270221,-3.78524069270221,0.5833433595473231,False,0.4504256587175442,234444,2
KG BANTAL,2025-04-01,2025,4,33.7,39.01053569231814,-5.31053569231814,-1.2760635990097737,False,0.40963511378176154,226273,1
KG BANTAL,2025-05-01,2025,5,33.3,39.251483842240425,-5.951483842240428,-1.4218994388966073,False,0.42956798190586454,236989,1
KG BANTAL,2025-06-01,2025,6,37.3,40.268767009581204,-2.9687670095812067,0.03645895997170575,False,0.4629198046712623,234781,1
KG BANTAL,2025-07-01,2025,7,36.7,39.3797647156927,-2.6797647156926985,-0.1822947998585391,False,0.43966100823529286,245052,1
KG BANTAL,2025-08-01,2025,8,34.0,39.916354306821795,-5.916354306821795,-1.1666867190946515,False,0.43630597220523226,227863,1
KG BANTAL,2025-09-01,2025,9,33.8,41.19637269788293,-7.396372697882931,-1.2396046390380682,False,0.42195624715891145,218392,1
KG BANTAL,2025-10-01,2025,10,33.4,41.44551727519098,-8.045517275190981,-1.3854404789248989,False,0.4492530399517939,210129,1
KG BANTAL,2025-11-01,2025,11,38.1,41.30927775332135,-3.209277753321352,0.3281306397453699,False,0.41225405270449383,198402,1
KG BANTAL,2025-12-01,2025,12,33.5,41.20214667565455,-7.7021466756545465,-1.3489815189531906,False,0.4717494736111176,222576,1
KOTA GELANGGI,2023-01-01,2023,1,34.1,34.92680209544331,-0.8268020954433055,-0.4351553286945773,False,0.41379786515333217,728671,2
KOTA GELANGGI,2023-02-01,2023,2,38.8,34.708731740922794,4.091268259077204,1.6100747161699343,False,0.4712873610947993,633542,1
KOTA GELANGGI,2023-03-01,2023,3,39.2,35.45666992928603,3.7433300707139736,1.7841368476477677,False,0.45298798352667674,714032,1
KOTA GELANGGI,2023-04-01,2023,4,38.5,36.49553758929997,2.004462410700029,1.4795281175615622,False,0.42623199354624863,728101,3
KOTA GELANGGI,2023-05-01,2023,5,38.5,35.626130573669045,2.8738694263309554,1.4795281175615622,False,0.4350878664997157,774418,2
KOTA GELANGGI,2023-06-01,2023,6,37.0,34.676963514555155,2.3230364854448453,0.8267951245196963,False,0.43790821175298755,772160,2
KOTA GELANGGI,2023-07-01,2023,7,35.4,35.17361390614056,0.22638609385943909,0.13054659860837195,False,0.47962443313906605,786672,3
KOTA GELANGGI,2023-08-01,2023,8,34.6,34.2507776127167,0.349222387283298,-0.21757766434728865,False,0.45837264374979136,749644,1
KOTA GELANGGI,2023-09-01,2023,9,39.6,33.89363176985441,5.706368230145593,1.9581989791255978,False,0.4800069814582786,702731,1
KOTA GELANGGI,2023-10-01,2023,10,33.3,36.07934306142073,-2.7793430614207324,-0.783279591650241,False,0.4210072518276501,724923,2
KOTA GELANGGI,2023-11-01,2023,11,37.1,35.06936942573048,2.030630574269523,0.8703106573891546,False,0.42051668906876355,705585,2
KOTA GELANGGI,2023-12-01,2023,12,38.8,35.49418264325618,3.305817356743816,1.6100747161699343,False,0.4435273608910994,685050,1
KOTA GELANGGI,2024-01-01,2024,1,33.5,36.660050623818115,-3.1600506238181154,-0.6962485259113244,False,0.4241674833182599,689191,3
KOTA GELANGGI,2024-02-01,2024,2,35.2,34.33452647174637,0.8654735282536308,0.04351553286945835,False,0.45160555442156597,634077,1
KOTA GELANGGI,2024-03-01,2024,3,33.0,36.27648567108194,-3.276485671081943,-0.913826190258613,False,0.4387184393250791,740805,3
KOTA GELANGGI,2024-04-01,2024,4,35.5,35.16939960337954,0.33060039662046137,0.1740621314778303,False,0.4412595813822204,742273,2
KOTA GELANGGI,2024-05-01,2024,5,35.6,32.68797830069474,2.9120216993052637,0.21757766434728865,False,0.4691807604088699,822326,2
KOTA GELANGGI,2024-06-01,2024,6,35.7,33.68134713959544,2.018652860404565,0.261093197216747,False,0.43872477928473647,770924,2
KOTA GELANGGI,2024-07-01,2024,7,34.1,34.5751967966557,-0.4751967966557018,-0.4351553286945773,False,0.4593418451078619,803930,2
KOTA GELANGGI,2024-08-01,2024,8,33.9,32.39004044274532,1.5099595572546818,-0.522186394433494,False,0.4619577689637113,787322,2
KOTA GELANGGI,2024-09-01,2024,9,35.4,34.10397192747894,1.296028072521061,0.13054659860837195,False,0.4461974531104875,737094,1
KOTA GELANGGI,2024-10-01,2024,10,33.6,34.49925963065826,-0.899259630658257,-0.6527329930418659,False,0.4477334575087117,700070,2
KOTA GELANGGI,2024-11-01,2024,11,35.0,35.03451187804217,-0.034511878042167154,-0.04351553286945835,False,0.40827635776501375,696430,2
KOTA GELANGGI,2024-12-01,2024,12,36.0,35.567591513792884,0.432408486207116,0.391639795825119,False,0.4064407159599159,678186,2
KOTA GELANGGI,2025-01-01,2025,1,33.5,32.00177795654147,1.498222043458533,-0.6962485259113244,False,0.4673240447101297,757955,1
KOTA GELANGGI,2025-02-01,2025,2,31.5,34.623388604510474,-3.123388604510474,-1.566559183300479,False,0.4519470027072509,652592,3
KOTA GELANGGI,2025-03-01,2025,3,32.9,33.95380007989005,-1.0538000798900526,-0.9573417231280713,False,0.438862354105847,785710,2
KOTA GELANGGI,2025-04-01,2025,4,31.2,33.465062627652486,-2.265062627652487,-1.6971057819088524,False,0.4593285770993889,731510,1
KOTA GELANGGI,2025-05-01,2025,5,36.3,32.47053648434151,3.829463515658489,0.5221863944334909,False,0.49614356224371353,845482,2
KOTA GELANGGI,2025-06-01,2025,6,34.2,33.244940156950975,0.9550598430490282,-0.391639795825119,False,0.4580984212086653,743882,2
KOTA GELANGGI,2025-07-01,2025,7,33.7,34.292838302396355,-0.5928383023963519,-0.6092174601724076,False,0.44408991751566873,795298,3
KOTA GELANGGI,2025-08-01,2025,8,32.2,33.77547178446753,-1.5754717844675241,-1.2619504532142736,False,0.45626846051611825,754870,2
KOTA GELANGGI,2025-09-01,2025,9,35.8,35.01145688194167,0.7885431180583282,0.30460873008620226,False,0.4145915621861609,712919,2
KOTA GELANGGI,2025-10-01,2025,10,35.2,34.50910162987723,0.690898370122774,0.04351553286945835,False,0.41584262175228043,715111,2
KOTA GELANGGI,2025-11-01,2025,11,32.6,34.413296119292816,-1.813296119292815,-1.0878883217364432,False,0.47476209367346184,746499,3
KOTA GELANGGI,2025-12-01,2025,12,31.3,33.177192543863214,-1.877192543863213,-1.6535902490393941,False,0.4504679559317972,737650,1
KUALA MEDANG,2023-01-01,2023,1,62.1,53.03925306650843,9.060746933491572,1.904444497345679,False,0.5071610943261284,187164,1
KUALA MEDANG,2023-02-01,2023,2,57.0,54.798867822709596,2.201132177290404,-0.11902778108410371,False,0.5076156949878964,172758,2
KUALA MEDANG,2023-03-01,2023,3,58.6,52.97269879484559,5.62730120515441,0.515787051364456,False,0.46788085408939495,192939,1
KUALA MEDANG,2023-04-01,2023,4,56.4,53.04721158468413,3.352788415315871,-0.35708334325231395,False,0.48424086688461854,199285,1
KUALA MEDANG,2023-05-01,2023,5,65.0,54.43038735489532,10.569612645104677,3.055046381158692,False,0.5751848321737966,206630,2
KUALA MEDANG,2023-06-01,2023,6,66.1,54.730351603789366,11.369648396210629,3.491481578467074,False,0.5244624872786504,198661,2
KUALA MEDANG,2023-07-01,2023,7,56.8,52.707866836874814,4.092133163125183,-0.19837963514017473,False,0.4746062165265022,196233,1
KUALA MEDANG,2023-08-01,2023,8,63.0,52.65118397146477,10.348816028535232,2.261527840597993,False,0.5186283390893079,200754,1
KUALA MEDANG,2023-09-01,2023,9,64.3,52.519329109515326,11.780670890484672,2.777314891962446,False,0.5093355870389685,187515,1
KUALA MEDANG,2023-10-01,2023,10,63.3,51.64466726706542,11.655332732934575,2.3805556216820967,False,0.492912051057706,185733,1
KUALA MEDANG,2023-11-01,2023,11,56.5,54.321935633347834,2.1780643666521655,-0.3174074162242784,False,0.5021602162071391,183904,2
KUALA MEDANG,2023-12-01,2023,12,57.0,51.72151154660729,5.278488453392711,-0.11902778108410371,False,0.47811538448689933,184387,1
KUALA MEDANG,2024-01-01,2024,1,62.0,51.908776816077754,10.091223183922246,1.8647685703176435,False,0.503833299147881,196208,1
KUALA MEDANG,2024-02-01,2024,2,56.4,51.41816540919671,4.981834590803288,-0.35708334325231395,False,0.44723554748966104,177441,1
KUALA MEDANG,2024-03-01,2024,3,64.0,51.63342637105238,12.36657362894762,2.6582871108783426,False,0.48471829808163974,208570,1
KUALA MEDANG,2024-04-01,2024,4,58.8,54.52151623727785,4.278483762722146,0.5951389054205242,False,0.5088342174136781,198452,2
KUALA MEDANG,2024-05-01,2024,5,62.9,52.685835578982946,10.214164421017053,2.2218519135699575,False,0.5194695915243311,200340,1
KUALA MEDANG,2024-06-01,2024,6,59.2,50.57368897730738,8.626311022692626,0.7538426135326662,False,0.4686855153007809,216968,1
KUALA MEDANG,2024-07-01,2024,7,54.0,50.9770433979409,3.0229566020590966,-1.3093055919251522,False,0.43575189900959926,219949,1
KUALA MEDANG,2024-08-01,2024,8,56.1,51.05569330617412,5.044306693825881,-0.47611112433641767,False,0.4381684752454479,217747,1
KUALA MEDANG,2024-09-01,2024,9,56.2,51.57212611058231,4.6278738894176925,-0.43643519730838215,False,0.4511151957060153,200280,1
KUALA MEDANG,2024-10-01,2024,10,63.9,53.72052473929707,10.17947526070293,2.618611183850307,False,0.5604609992934526,201439,2
KUALA MEDANG,2024-11-01,2024,11,57.6,50.82925639935476,6.77074360064524,0.11902778108410653,False,0.45460461823749077,186451,1
KUALA MEDANG,2024-12-01,2024,12,59.9,52.60948973391015,7.290510266089846,1.0315741027289091,False,0.48551568089107255,201062,1
KUALA MEDANG,2025-01-01,2025,1,53.1,52.05115976819924,1.0488402318007601,-1.6663889351774661,False,0.43213706295267246,196881,1
KUALA MEDANG,2025-02-01,2025,2,61.0,52.40479847430781,8.59520152569219,1.468009300037294,False,0.5108671420794205,189088,2
KUALA MEDANG,2025-03-01,2025,3,56.4,51.95294256366036,4.447057436339641,-0.35708334325231395,False,0.4859737214061023,216991,2
KUALA MEDANG,2025-04-01,2025,4,54.6,53.9338766739852,0.6661233260147981,-1.0712500297569418,False,0.4816585540940626,196215,2
KUALA MEDANG,2025-05-01,2025,5,56.1,52.77777398065148,3.32222601934852,-0.47611112433641767,False,0.4872268996179136,220883,2
KUALA MEDANG,2025-06-01,2025,6,56.1,52.86535155809804,3.2346484419019603,-0.47611112433641767,False,0.5025239770175786,211680,2
KUALA MEDANG,2025-07-01,2025,7,57.8,50.29820027255494,7.501799727445054,0.19837963514017473,False,0.45733955303808416,222415,1
KUALA MEDANG,2025-08-01,2025,8,54.3,51.43546490031126,2.8645350996887373,-1.1902778108410483,False,0.4448455184557693,218955,1
KUALA MEDANG,2025-09-01,2025,9,56.3,51.15113964458631,5.148860355413689,-0.39675927028034946,False,0.434923348596976,192046,1
KUALA MEDANG,2025-10-01,2025,10,52.7,53.47679367074151,-0.7767936707415046,-1.8250926432896053,False,0.48939615535404585,208152,2
KUALA MEDANG,2025-11-01,2025,11,57.9,50.15198404591615,7.748015954083847,0.23805556216821025,False,0.4628789916893643,194867,1
KUALA MEDANG,2025-12-01,2025,12,56.9,52.90516839935101,3.994831600648986,-0.1587037081121392,False,0.4978727583881337,189560,2
KUALA TAHAN,2023-01-01,2023,1,39.8,47.224562771974924,-7.4245627719749265,1.1803588290840417,False,0.43806926241289446,112723,1
KUALA TAHAN,2023-02-01,2023,2,34.1,45.523506638412684,-11.423506638412682,-0.7419398354242532,False,0.43580933657971177,102023,1
KUALA TAHAN,2023-03-01,2023,3,36.2,45.96290329519442,-9.76290329519442,-0.033724537973827844,False,0.40414663903904174,118173,1
KUALA TAHAN,2023-04-01,2023,4,35.4,44.3256238191463,-8.925623819146303,-0.30352084176446736,False,0.42770300444523457,125422,1
KUALA TAHAN,2023-05-01,2023,5,36.7,43.66878737428526,-6.968787374285256,0.13489815189532095,False,0.41361832430739276,122478,1
KUALA TAHAN,2023-06-01,2023,6,34.7,42.48671217080195,-7.786712170801948,-0.5395926075812743,False,0.4414672761523391,130138,1
KUALA TAHAN,2023-07-01,2023,7,39.0,44.74433521756993,-5.744335217569933,0.9105625252934045,False,0.4368904392112813,128816,1
KUALA TAHAN,2023-08-01,2023,8,39.0,42.95584629973193,-3.955846299731931,0.9105625252934045,False,0.4318422914421646,131139,1
KUALA TAHAN,2023-09-01,2023,9,35.6,44.29430990749992,-8.694309907499921,-0.2360717658168069,False,0.4247598844194624,116948,1
KUALA TAHAN,2023-10-01,2023,10,40.0,46.58067802989228,-6.580678029892283,1.2478079050317021,False,0.4123746810273046,114216,1
KUALA TAHAN,2023-11-01,2023,11,36.5,46.89028403373687,-10.390284033736869,0.06744907594766048,False,0.4147341661213071,106970,1
KUALA TAHAN,2023-12-01,2023,12,38.1,48.3983993826685,-10.2983993826685,0.6070416835289372,False,0.47607876265636745,119447,2
KUALA TAHAN,2024-01-01,2024,1,34.3,44.4229492447055,-10.122949244705502,-0.6744907594765952,False,0.4205742797258997,119626,1
KUALA TAHAN,2024-02-01,2024,2,36.2,44.6669409995544,-8.466940999554396,-0.033724537973827844,False,0.4116702600298277,110471,1
KUALA TAHAN,2024-03-01,2024,3,39.1,44.506280111626594,-5.406280111626593,0.9442870632672348,False,0.44073051038353456,131081,1
KUALA TAHAN,2024-04-01,2024,4,33.7,43.14178970335568,-9.441789703355674,-0.8768379873195719,False,0.4140427471543016,119636,1
KUALA TAHAN,2024-05-01,2024,5,38.6,42.57301830294316,-3.97301830294316,0.7756643733980859,False,0.4203599809097565,130842,1
KUALA TAHAN,2024-06-01,2024,6,33.2,44.285490339153824,-11.085490339153822,-1.0454606771887207,False,0.45123489534835304,130196,1
KUALA TAHAN,2024-07-01,2024,7,34.3,42.75563833968961,-8.455638339689614,-0.6744907594765952,False,0.41840935700438925,130103,1
KUALA TAHAN,2024-08-01,2024,8,39.0,45.75119842317247,-6.751198423172468,0.9105625252934045,False,0.5185007072890272,134885,2
KUALA TAHAN,2024-09-01,2024,9,38.6,46.76161994659233,-8.161619946592332,0.7756643733980859,False,0.4784403913828989,125261,2
KUALA TAHAN,2024-10-01,2024,10,38.9,43.82877320007317,-4.928773200073174,0.8768379873195743,False,0.4153465084211404,128287,1
KUALA TAHAN,2024-11-01,2024,11,35.4,49.49031842973123,-14.090318429731234,-0.30352084176446736,False,0.48580408263194474,109313,2
KUALA TAHAN,2024-12-01,2024,12,34.7,48.58528781618426,-13.88528781618426,-0.5395926075812743,False,0.5000706240803542,114703,2
KUALA TAHAN,2025-01-01,2025,1,34.6,43.95916946676617,-9.359169466766168,-0.5733171455551045,False,0.4182279137213283,115456,1
KUALA TAHAN,2025-02-01,2025,2,37.6,44.794027565405166,-7.194027565405165,0.4384189936597883,False,0.38993549017242884,106623,1
KUALA TAHAN,2025-03-01,2025,3,32.4,43.18045051198276,-10.780450511982764,-1.3152569809793602,False,0.4167214531778091,122779,1
KUALA TAHAN,2025-04-01,2025,4,35.7,43.15435867999165,-7.45435867999165,-0.20234722784297665,False,0.40951205570385457,125189,1
KUALA TAHAN,2025-05-01,2025,5,36.4,45.49748415659826,-9.097484156598263,0.03372453797383024,False,0.5174699579551536,135373,2
KUALA TAHAN,2025-06-01,2025,6,38.5,42.31820238608874,-3.8182023860887426,0.7419398354242557,False,0.4606582690061371,135045,1
KUALA TAHAN,2025-07-01,2025,7,38.4,44.159997564867936,-5.759997564867938,0.7082152974504254,False,0.4140484582130304,130123,1
KUALA TAHAN,2025-08-01,2025,8,33.5,41.76594021492749,-8.26594021492749,-0.9442870632672323,False,0.45799732013823036,137497,1
KUALA TAHAN,2025-09-01,2025,9,37.3,42.85162775082201,-5.551627750822014,0.3372453797382976,False,0.40662319160927846,122093,1
KUALA TAHAN,2025-10-01,2025,10,36.1,43.98281962192173,-7.882819621921726,-0.06744907594765809,False,0.42035596940807485,120744,1
KUALA TAHAN,2025-11-01,2025,11,34.9,42.9794304463587,-8.0794304463587,-0.47214353163361616,False,0.4026576220139436,115325,1
KUALA TAHAN,2025-12-01,2025,12,38.5,47.858035199575696,-9.358035199575696,0.7419398354242557,False,0.5039892462413249,122005,2
LEPAR,2023-01-01,2023,1,34.1,29.72576493781731,4.3742350621826915,0.0,False,0.44903864615169176,273288,1
LEPAR,2023-02-01,2023,2,34.5,33.52426618545533,0.9757338145446681,0.22483025315886374,False,0.4440856553744086,253660,2
LEPAR,2023-03-01,2023,3,34.1,29.95684170740087,4.143158292599132,0.0,False,0.42172175399694445,269565,1
LEPAR,2023-04-01,2023,4,38.0,31.94954629034727,6.050453709652729,2.1920949682989286,False,0.4164248606449278,277975,2
LEPAR,2023-05-01,2023,5,35.2,32.43157865856969,2.7684213414303116,0.6182831961868783,False,0.42065768187132696,299367,2
LEPAR,2023-06-01,2023,6,34.0,30.293309778252652,3.7066902217473476,-0.05620756328971693,False,0.4172891860166328,289509,1
LEPAR,2023-07-01,2023,7,32.8,30.72928244843184,2.0707175515681584,-0.7306983227663122,False,0.4376608583395194,287384,1
LEPAR,2023-08-01,2023,8,33.2,32.915392584617834,0.28460741538216894,-0.5058680696074445,False,0.42547869761772183,297616,2
LEPAR,2023-09-01,2023,9,36.5,32.281097214408476,4.218902785591524,1.3489815189531864,False,0.4435394092302764,290440,2
LEPAR,2023-10-01,2023,10,33.5,32.36637390386514,1.1336260961348614,-0.3372453797382976,False,0.4347405123311897,269376,2
LEPAR,2023-11-01,2023,11,32.5,30.834015670614654,1.6659843293853456,-0.8993210126354589,False,0.42231145974190004,267289,1
LEPAR,2023-12-01,2023,12,38.4,31.03980765183147,7.360192348168528,2.416925221457792,False,0.4190168993469279,257183,1
LEPAR,2024-01-01,2024,1,32.3,31.77070627857271,0.5292937214272868,-1.011736139214893,False,0.42341383484623757,286493,2
LEPAR,2024-02-01,2024,2,32.5,31.086831059751766,1.4131689402482337,-0.8993210126354589,False,0.4256371803060666,267774,2
LEPAR,2024-03-01,2024,3,37.3,32.20472958786478,5.095270412135214,1.7986420252709139,False,0.44147461429612267,303888,2
LEPAR,2024-04-01,2024,4,35.2,32.3650358347357,2.834964165264303,0.6182831961868783,False,0.44332192780259877,291699,2
LEPAR,2024-05-01,2024,5,33.6,29.537242175618292,4.062757824381709,-0.28103781644858067,False,0.43298613048029727,305070,1
LEPAR,2024-06-01,2024,6,35.5,29.75277768303655,5.747222316963452,0.7869058860560251,False,0.4491007036951176,299262,2
LEPAR,2024-07-01,2024,7,34.0,30.57192579878484,3.4280742012151606,-0.05620756328971693,False,0.4453422201457355,319336,2
LEPAR,2024-08-01,2024,8,34.9,28.7390484316269,6.160951568373097,0.44966050631772747,False,0.41915441509576085,314217,1
LEPAR,2024-09-01,2024,9,36.6,28.775061328500605,7.824938671499396,1.4051890822429034,False,0.4185092804986879,285706,1
LEPAR,2024-10-01,2024,10,32.6,33.404420149836135,-0.8044201498361332,-0.8431134493457421,False,0.4268099995334534,284108,2
LEPAR,2024-11-01,2024,11,35.2,31.32459425556939,3.875405744430612,0.6182831961868783,False,0.4248777468118144,272682,2
LEPAR,2024-12-01,2024,12,33.5,29.82036554434466,3.6796344556553393,-0.3372453797382976,False,0.4189477877360444,266526,1
LEPAR,2025-01-01,2025,1,35.2,29.503489947543436,5.696510052456567,0.6182831961868783,False,0.416604054969691,297563,1
LEPAR,2025-02-01,2025,2,31.1,29.411493072189593,1.6885069278104083,-1.6862268986914841,False,0.4387799336543368,258685,1
LEPAR,2025-03-01,2025,3,34.5,30.510946813584027,3.9890531864159726,0.22483025315886374,False,0.44306636561117363,313951,2
LEPAR,2025-04-01,2025,4,32.3,31.857181297995492,0.4428187020045051,-1.011736139214893,False,0.4523426104241009,302886,2
LEPAR,2025-05-01,2025,5,31.1,31.965042112485563,-0.8650421124855612,-1.6862268986914841,False,0.4781874136088626,322656,2
LEPAR,2025-06-01,2025,6,35.1,28.76580301632666,6.3341969836733405,0.5620756328971613,False,0.40987293789686285,297742,1
LEPAR,2025-07-01,2025,7,32.6,28.38777230720872,4.212227692791281,-0.8431134493457421,False,0.4344561544021614,306704,1
LEPAR,2025-08-01,2025,8,35.5,31.250469244586842,4.249530755413158,0.7869058860560251,False,0.4487176576336063,313545,2
LEPAR,2025-09-01,2025,9,31.1,29.337069237214536,1.7629307627854658,-1.6862268986914841,False,0.4147846237531671,277921,1
LEPAR,2025-10-01,2025,10,33.3,32.51316589513972,0.7868341048602758,-0.44966050631773147,False,0.4283298222091439,275630,2
LEPAR,2025-11-01,2025,11,35.6,29.1659481432262,6.434051856773802,0.8431134493457421,False,0.41769367936760454,275701,1
LEPAR,2025-12-01,2025,12,34.9,28.006675306422554,6.893324693577444,0.44966050631772747,False,0.4347116475037038,279207,1
LEPAR HILIR,2023-01-01,2023,1,55.6,52.66131989760876,2.9386801023912383,0.46288581532707757,False,0.4651326180555355,135254,1
LEPAR HILIR,2023-02-01,2023,2,57.2,56.11145790755035,1.08854209244965,0.8860957036261186,False,0.5128461091135086,124825,2
LEPAR HILIR,2023-03-01,2023,3,56.9,51.63967774266252,5.260322257337478,0.8067438495700473,False,0.4514328226330139,146733,1
LEPAR HILIR,2023-04-01,2023,4,51.1,54.5457086055621,-3.4457086055620962,-0.7273919955139742,False,0.49839620429729875,139814,2
LEPAR HILIR,2023-05-01,2023,5,54.4,51.723671998229015,2.676328001770983,0.14547839910279634,False,0.428728026326671,154247,1
LEPAR HILIR,2023-06-01,2023,6,53.8,52.078513744744725,1.7214862552552717,-0.013225309009344268,False,0.4219721386116983,147020,1
LEPAR HILIR,2023-07-01,2023,7,51.3,52.026184584430666,-0.7261845844306691,-0.6744907594765952,False,0.4352299258148423,147903,1
LEPAR HILIR,2023-08-01,2023,8,54.6,52.325003285584344,2.274996714415657,0.19837963514017717,False,0.4371115432741616,144567,1
LEPAR HILIR,2023-09-01,2023,9,57.7,52.537237227999384,5.162762772000619,1.0183487937195688,False,0.45400385394830256,138610,1
LEPAR HILIR,2023-10-01,2023,10,50.6,53.59742435805428,-2.997424358054282,-0.8596450856074244,False,0.4437055360481793,139917,1
LEPAR HILIR,2023-11-01,2023,11,56.9,54.01737362603164,2.882626373968357,0.8067438495700473,False,0.47258212800561483,127128,1
LEPAR HILIR,2023-12-01,2023,12,50.4,51.22117260576776,-0.8211726057677637,-0.9125463216448052,False,0.42794873615887474,138684,1
LEPAR HILIR,2024-01-01,2024,1,54.1,57.76675496294361,-3.6667549629436067,0.06612654504672698,False,0.5596320615165601,136030,2
LEPAR HILIR,2024-02-01,2024,2,53.9,52.10942638839233,1.7905736116076696,0.013225309009346146,False,0.4364209676921716,128966,1
LEPAR HILIR,2024-03-01,2024,3,56.5,52.00731186563075,4.492688134369253,0.7009413774952875,False,0.427905335692506,146783,1
LEPAR HILIR,2024-04-01,2024,4,55.8,55.97315879025757,-0.17315879025757397,0.5157870513644565,False,0.5111553756018541,144312,2
LEPAR HILIR,2024-05-01,2024,5,56.4,52.211635417150596,4.1883645828494025,0.6744907594765971,False,0.45004026747814496,151040,1
LEPAR HILIR,2024-06-01,2024,6,55.0,52.490668554807414,2.5093314451925863,0.30418210721493694,False,0.45917450446391445,150725,1
LEPAR HILIR,2024-07-01,2024,7,54.6,55.188149841248574,-0.5881498412485726,0.19837963514017717,False,0.4817786025432997,146989,2
LEPAR HILIR,2024-08-01,2024,8,48.1,52.86798863321261,-4.76798863321261,-1.5209105360746753,False,0.42496744712022555,150025,1
LEPAR HILIR,2024-09-01,2024,9,52.8,52.301422948129144,0.49857705187085344,-0.27773148919624463,False,0.4168051404503965,146495,1
LEPAR HILIR,2024-10-01,2024,10,51.3,52.329400847932476,-1.0294008479324788,-0.6744907594765952,False,0.42241416189847,142013,1
LEPAR HILIR,2024-11-01,2024,11,55.4,57.357268096208294,-1.9572680962082956,0.4099845792896967,False,0.526087962309169,127083,2
LEPAR HILIR,2024-12-01,2024,12,51.4,52.409973288381366,-1.0099732883813672,-0.6480401414579048,False,0.4158480772268434,140681,1
LEPAR HILIR,2025-01-01,2025,1,54.5,54.841049749152006,-0.34104974915200614,0.17192901712148675,False,0.5183702708854766,132334,2
LEPAR HILIR,2025-02-01,2025,2,47.0,50.60748479236564,-3.6074847923656392,-1.811867334280266,False,0.4157740596655834,129481,1
LEPAR HILIR,2025-03-01,2025,3,54.1,54.241313405256165,-0.1413134052561631,0.06612654504672698,False,0.4774688488459995,143734,1
LEPAR HILIR,2025-04-01,2025,4,49.5,51.26257004340996,-1.7625700434099585,-1.1506018838130152,False,0.43659654300120593,143307,1
LEPAR HILIR,2025-05-01,2025,5,51.4,52.68611298486005,-1.286112984860054,-0.6480401414579048,False,0.4299929940659137,145837,1
LEPAR HILIR,2025-06-01,2025,6,54.4,55.89492460255926,-1.4949246025592586,0.14547839910279634,False,0.4986029645135541,144468,2
LEPAR HILIR,2025-07-01,2025,7,47.1,52.66051988451923,-5.5605198845192305,-1.7854167162615757,False,0.4192980828727121,146221,1
LEPAR HILIR,2025-08-01,2025,8,47.2,52.113023966906326,-4.913023966906323,-1.7589660982428852,False,0.41935608486635473,144712,1
LEPAR HILIR,2025-09-01,2025,9,49.7,50.552696620944275,-0.8526966209442719,-1.0977006477756344,False,0.40624190185731707,145030,1
LEPAR HILIR,2025-10-01,2025,10,53.4,53.033144418121374,0.36685558187862455,-0.11902778108410404,False,0.44378085644875326,139035,1
LEPAR HILIR,2025-11-01,2025,11,48.2,53.343432360428224,-5.143432360428221,-1.494459918055985,False,0.44983328057283145,140409,1
LEPAR HILIR,2025-12-01,2025,12,49.7,52.56968936740171,-2.8696893674017048,-1.0977006477756344,False,0.45559951815750416,133457,1
LEPAR UTARA,2023-01-01,2023,1,38.0,47.78773746280398,-9.787737462803982,-1.8829533702054928,False,0.42055771248469775,167511,1
LEPAR UTARA,2023-02-01,2023,2,44.7,47.56460010312179,-2.864600103121788,1.8829533702055008,False,0.4856249565391544,166311,2
LEPAR UTARA,2023-03-01,2023,3,42.2,45.595318944431746,-3.395318944431743,0.47776428796259335,False,0.42621934248677856,175975,1
LEPAR UTARA,2023-04-01,2023,4,38.1,45.04900166632331,-6.949001666323312,-1.8267458069157756,False,0.4311043594669359,175508,1
LEPAR UTARA,2023-05-01,2023,5,38.5,45.74924103559422,-7.249241035594217,-1.6019155537569114,False,0.43011223402237386,198263,1
LEPAR UTARA,2023-06-01,2023,6,42.3,46.86731943148464,-4.567319431484641,0.5339718512523064,False,0.5029440150029565,189574,2
LEPAR UTARA,2023-07-01,2023,7,40.6,43.435628228829266,-2.8356282288292647,-0.42155672467286825,False,0.4416544025663823,195625,1
LEPAR UTARA,2023-08-01,2023,8,43.3,47.7352614830876,-4.435261483087601,1.0960474841494694,False,0.47369363987055363,179296,2
LEPAR UTARA,2023-09-01,2023,9,42.5,45.27363546580509,-2.773635465805093,0.6463869778317406,False,0.43087988936960253,176446,1
LEPAR UTARA,2023-10-01,2023,10,44.9,49.40067757626853,-4.500677576268529,1.995368496784931,False,0.4864102376291423,169991,2
LEPAR UTARA,2023-11-01,2023,11,44.3,48.52199493561157,-4.221994935611576,1.6581231170466324,False,0.4691565899845266,167860,2
LEPAR UTARA,2023-12-01,2023,12,38.2,48.77342836101833,-10.57342836101833,-1.7705382436260586,False,0.41329339831975054,161399,1
LEPAR UTARA,2024-01-01,2024,1,42.1,44.992621312746365,-2.892621312746364,0.42155672467287625,False,0.4073296811906882,183640,1
LEPAR UTARA,2024-02-01,2024,2,42.3,48.925971152747216,-6.625971152747219,0.5339718512523064,False,0.4898219307540091,158163,2
LEPAR UTARA,2024-03-01,2024,3,41.3,44.99563885627467,-3.6956388562746696,-0.02810378164485655,False,0.4258506333909382,189107,1
LEPAR UTARA,2024-04-01,2024,4,37.5,46.81289763374686,-9.312897633746857,-2.163991186654074,False,0.429224603694831,177644,1
LEPAR UTARA,2024-05-01,2024,5,42.6,46.36400289244802,-3.764002892448019,0.7025945411214577,False,0.4420561120354043,190013,1
LEPAR UTARA,2024-06-01,2024,6,39.6,44.20254934486853,-4.602549344868528,-0.9836323575700312,False,0.4364722139336485,186396,1
LEPAR UTARA,2024-07-01,2024,7,36.9,42.83954042629113,-5.939540426291131,-2.501236566392373,False,0.4659907856248825,200952,1
LEPAR UTARA,2024-08-01,2024,8,37.4,46.73644823515725,-9.336448235157249,-2.2201987499437914,False,0.419861885660628,181790,1
LEPAR UTARA,2024-09-01,2024,9,38.2,46.028365334341174,-7.828365334341171,-1.7705382436260586,False,0.4141814538070318,172425,1
LEPAR UTARA,2024-10-01,2024,10,42.9,47.400749381578265,-4.500749381578267,0.871217230990605,False,0.39991061809749084,170914,1
LEPAR UTARA,2024-11-01,2024,11,40.7,45.8290629167052,-5.129062916705195,-0.36534916138315116,False,0.4118442531124995,166486,1
LEPAR UTARA,2024-12-01,2024,12,40.6,45.04386045321577,-4.44386045321577,-0.42155672467286825,False,0.41274999132381746,179847,1
LEPAR UTARA,2025-01-01,2025,1,42.5,46.98421765666157,-4.484217656661571,0.6463869778317406,False,0.495308487380072,187085,2
LEPAR UTARA,2025-02-01,2025,2,40.1,45.28624955293942,-5.186249552939415,-0.7025945411214497,False,0.4497913684881835,173327,1
LEPAR UTARA,2025-03-01,2025,3,40.4,45.11894122676105,-4.7189412267610535,-0.5339718512523024,False,0.4229742915132249,187176,1
LEPAR UTARA,2025-04-01,2025,4,42.0,47.40836299441939,-5.408362994419392,0.36534916138315915,False,0.4618335363580414,180795,2
LEPAR UTARA,2025-05-01,2025,5,40.6,44.19280019316935,-3.592800193169346,-0.42155672467286825,False,0.44340180006892665,196812,1
LEPAR UTARA,2025-06-01,2025,6,36.1,46.13362109719114,-10.033621097191137,-2.950897072710102,False,0.4443522060243035,185946,1
LEPAR UTARA,2025-07-01,2025,7,38.2,43.35988344012751,-5.159883440127508,-1.7705382436260586,False,0.44524466158201614,200956,1
LEPAR UTARA,2025-08-01,2025,8,42.4,46.48865175450172,-4.0886517545017185,0.5901794145420235,False,0.4011010247581272,184080,1
LEPAR UTARA,2025-09-01,2025,9,42.2,44.610139718798756,-2.410139718798753,0.47776428796259335,False,0.41266389817684546,179349,1
LEPAR UTARA,2025-10-01,2025,10,41.4,48.86513539885769,-7.46513539885769,0.028103781644860545,False,0.463164516423827,173696,2
LEPAR UTARA,2025-11-01,2025,11,42.4,44.39772107649038,-1.9977210764903788,0.5901794145420235,False,0.41992919348987295,180719,1
LEPAR UTARA,2025-12-01,2025,12,41.4,45.35293613807908,-3.9529361380790817,0.028103781644860545,False,0.41583720981478145,182150,1
LUBUK KAWAH,2023-01-01,2023,1,54.8,49.33118710335797,5.468812896642028,-0.6418541098245022,False,0.5030789743126234,66441,1
LUBUK KAWAH,2023-02-01,2023,2,62.3,46.16476008179655,16.135239918203446,0.9899783727801628,False,0.5033276135372418,64154,1
LUBUK KAWAH,2023-03-01,2023,3,56.7,49.312426733204425,7.387573266795577,-0.22845654756465247,False,0.4636826204955462,77811,1
LUBUK KAWAH,2023-04-01,2023,4,62.6,49.12873071917069,13.471269280829311,1.0552516720843503,False,0.4918476000054154,75118,1
LUBUK KAWAH,2023-05-01,2023,5,64.0,48.191994859695356,15.808005140304644,1.359860402170554,False,0.5386447002826898,73871,1
LUBUK KAWAH,2023-06-01,2023,6,59.1,50.059423845240815,9.040576154759187,0.29372984686884,False,0.5577968417594491,71368,1
LUBUK KAWAH,2023-07-01,2023,7,56.3,48.17562943095746,8.12437056904254,-0.31548761330356917,False,0.45675279659773255,76747,1
LUBUK KAWAH,2023-08-01,2023,8,65.1,47.37092542632452,17.729074573675476,1.5991958329525704,False,0.5204156294149886,77204,1
LUBUK KAWAH,2023-09-01,2023,9,55.6,48.636311794978425,6.963688205021576,-0.4677919783466703,False,0.5047928131010005,70119,1
LUBUK KAWAH,2023-10-01,2023,10,55.1,46.953648774633635,8.146351225366367,-0.5765808105203146,False,0.560267549426281,68142,0
LUBUK KAWAH,2023-11-01,2023,11,55.7,47.79694632499402,7.903053675005985,-0.44603421191194115,False,0.4720962051825006,66388,1
LUBUK KAWAH,2023-12-01,2023,12,59.1,47.3058354191063,11.7941645808937,0.29372984686884,False,0.503552031820698,68388,1
LUBUK KAWAH,2024-01-01,2024,1,57.6,47.676439027649955,9.923560972350046,-0.03263664965209299,False,0.46503431452615585,70693,1
LUBUK KAWAH,2024-02-01,2024,2,54.2,48.91095939135488,5.289040608645124,-0.7724007084328741,False,0.5090572081769499,65598,1
LUBUK KAWAH,2024-03-01,2024,3,61.8,47.6921175350398,14.107882464960198,0.8811895406065184,False,0.49648848309580546,78616,1
LUBUK KAWAH,2024-04-01,2024,4,63.0,49.18753694786227,13.81246305213773,1.1422827378232654,False,0.5235575672852665,72737,1
LUBUK KAWAH,2024-05-01,2024,5,53.8,48.8637777978703,4.936222202129699,-0.8594317741717908,False,0.4357588745080726,79682,1
LUBUK KAWAH,2024-06-01,2024,6,63.4,48.66188099023333,14.73811900976667,1.2293138035621807,False,0.5144297536961323,73469,1
LUBUK KAWAH,2024-07-01,2024,7,60.0,46.92206545231313,13.077934547686873,0.48954974478139945,False,0.46369359796365434,82660,1
LUBUK KAWAH,2024-08-01,2024,8,62.5,47.62171644280211,14.87828355719789,1.033493905649621,False,0.5437978757641606,74131,1
LUBUK KAWAH,2024-09-01,2024,9,62.7,48.65125559308833,14.048744406911673,1.0770094385190794,False,0.5274844254534926,73606,1
LUBUK KAWAH,2024-10-01,2024,10,61.6,48.2749454555502,13.325054544449799,0.8376740077370617,False,0.5190175227749246,69877,1
LUBUK KAWAH,2024-11-01,2024,11,54.3,48.76971164490729,5.530288355092708,-0.7506429419981465,False,0.4829979954114129,71764,1
LUBUK KAWAH,2024-12-01,2024,12,57.6,47.71272932431212,9.88727067568788,-0.03263664965209299,False,0.580408148529242,74858,2
LUBUK KAWAH,2025-01-01,2025,1,57.9,46.246741667116325,11.653258332883674,0.03263664965209299,False,0.4712461471072778,70376,1
LUBUK KAWAH,2025-02-01,2025,2,62.4,45.56298354984747,16.837016450152525,1.011736139214892,False,0.4705869215284416,69241,1
LUBUK KAWAH,2025-03-01,2025,3,54.5,48.67398989421741,5.8260101057825935,-0.7071274091286881,False,0.43341873038454315,79386,1
LUBUK KAWAH,2025-04-01,2025,4,60.4,47.3565690463522,13.0434309536478,0.5765808105203146,False,0.46999623382430916,74595,1
LUBUK KAWAH,2025-05-01,2025,5,52.8,47.62747145813518,5.172528541864814,-1.0770094385190794,False,0.42563487501094294,79773,1
LUBUK KAWAH,2025-06-01,2025,6,55.8,46.78087458354724,9.01912541645276,-0.4242764454772135,False,0.4385944043184725,82568,1
LUBUK KAWAH,2025-07-01,2025,7,56.2,47.8336863602844,8.3663136397156,-0.3372453797382968,False,0.4379407517600342,79411,1
LUBUK KAWAH,2025-08-01,2025,8,61.5,46.6001087791547,14.899891220845298,0.8159162413023324,False,0.4920952809968164,78576,1
LUBUK KAWAH,2025-09-01,2025,9,56.2,46.70600118625208,9.493998813747922,-0.3372453797382968,False,0.4595940952955469,78075,1
LUBUK KAWAH,2025-10-01,2025,10,55.7,47.41215030463872,8.287849695361281,-0.44603421191194115,False,0.45289650728053055,71317,1
LUBUK KAWAH,2025-11-01,2025,11,55.8,47.00994976759196,8.790050232408035,-0.4242764454772135,False,0.4534037891433673,73154,1
LUBUK KAWAH,2025-12-01,2025,12,61.9,46.42545197508069,15.474548024919308,0.9029473070412476,False,0.5810353607194554,72055,0
LURAH BILUT,2023-01-01,2023,1,45.6,52.53630693823316,-6.936306938233159,-0.6744907594765952,False,0.4833485960561573,111435,2
LURAH BILUT,2023-02-01,2023,2,49.4,48.618270301264346,0.7817296987356528,0.7494341771962181,False,0.41921080130071664,102112,1
LURAH BILUT,2023-03-01,2023,3,49.0,47.42050894884884,1.5794910511511588,0.599547341756975,False,0.4240728057354336,120689,1
LURAH BILUT,2023-04-01,2023,4,46.0,47.40177955935587,-1.401779559355873,-0.5246039240373521,False,0.42528044274851845,114566,1
LURAH BILUT,2023-05-01,2023,5,51.8,51.29159389692049,0.5084061030795084,1.6487551898316792,False,0.5247731291999491,123507,2
LURAH BILUT,2023-06-01,2023,6,47.9,47.597422974052506,0.3025770259474925,0.18735854429905452,False,0.43476792272679193,121473,1
LURAH BILUT,2023-07-01,2023,7,51.2,52.242406621135224,-1.0424066211352212,1.423924936672816,False,0.48988143792739997,119574,2
LURAH BILUT,2023-08-01,2023,8,45.1,47.1837220883025,-2.083722088302501,-0.8618493037756497,False,0.4353701048209171,126244,1
LURAH BILUT,2023-09-01,2023,9,46.1,49.24198217419529,-3.1419821741952916,-0.4871322151775407,False,0.40205606150124995,109162,1
LURAH BILUT,2023-10-01,2023,10,45.3,47.413528006665054,-2.1135280066650566,-0.7869058860560295,False,0.3972232433671251,118019,1
LURAH BILUT,2023-11-01,2023,11,46.4,47.607576245875094,-1.2075762458750958,-0.37471708859810904,False,0.42405897834289097,111692,1
LURAH BILUT,2023-12-01,2023,12,49.0,48.0409681816285,0.9590318183714999,0.599547341756975,False,0.4216255633758957,117569,1
LURAH BILUT,2024-01-01,2024,1,45.6,48.767714850800175,-3.1677148508001736,-0.6744907594765952,False,0.40851246479852704,110596,1
LURAH BILUT,2024-02-01,2024,2,48.6,48.692300148197816,-0.09230014819781474,0.4496605063177319,False,0.4078544763447728,107641,1
LURAH BILUT,2024-03-01,2024,3,44.4,48.36597473754662,-3.965974737546624,-1.1241512657943271,False,0.4384821686645085,123567,1
LURAH BILUT,2024-04-01,2024,4,50.0,47.51644312933115,2.483556870668849,0.974264430355084,False,0.429682457104725,119185,1
LURAH BILUT,2024-05-01,2024,5,49.6,49.63712630739527,-0.03712630739526901,0.824377594915841,False,0.5312717494024154,133983,2
LURAH BILUT,2024-06-01,2024,6,49.6,50.48144278552955,-0.8814427855295506,0.824377594915841,False,0.4904324833860658,126674,2
LURAH BILUT,2024-07-01,2024,7,46.9,46.984971772248144,-0.08497177224814578,-0.18735854429905452,False,0.42883403289252686,128115,1
LURAH BILUT,2024-08-01,2024,8,50.4,50.60736198987291,-0.20736198987291488,1.1241512657943271,False,0.526411192212124,121434,2
LURAH BILUT,2024-09-01,2024,9,48.9,48.118484642412824,0.7815153575871747,0.5620756328971636,False,0.4122849804489707,116355,1
LURAH BILUT,2024-10-01,2024,10,45.7,49.64519736476439,-3.9451973647643896,-0.6370190506167838,False,0.44185506408938474,112462,1
LURAH BILUT,2024-11-01,2024,11,47.3,49.31822803508754,-2.018228035087546,-0.03747170885981144,False,0.40227695698206273,106538,1
LURAH BILUT,2024-12-01,2024,12,44.0,47.87222137529701,-3.872221375297009,-1.2740381012335702,False,0.4001751702552862,120381,1
LURAH BILUT,2025-01-01,2025,1,47.5,49.07308322447285,-1.5730832244728532,0.03747170885981144,False,0.4219849024381259,113288,1
LURAH BILUT,2025-02-01,2025,2,45.0,48.09468750366562,-3.094687503665618,-0.8993210126354612,False,0.40186829897583576,105608,1
LURAH BILUT,2025-03-01,2025,3,47.8,51.31124339701458,-3.5112433970145815,0.14988683543924308,False,0.5315224007550766,129629,2
LURAH BILUT,2025-04-01,2025,4,45.9,47.046239463763335,-1.1462394637633366,-0.5620756328971636,False,0.4178476338754709,118238,1
LURAH BILUT,2025-05-01,2025,5,43.2,46.49931972699793,-3.299319726997929,-1.5738117721120564,False,0.42295396130433377,125925,1
LURAH BILUT,2025-06-01,2025,6,43.1,45.74221652636965,-2.6422165263696513,-1.6112834809718677,False,0.40704055967925035,126547,1
LURAH BILUT,2025-07-01,2025,7,49.0,46.177461441732255,2.8225385582677447,0.599547341756975,False,0.43790744587944613,135550,1
LURAH BILUT,2025-08-01,2025,8,50.9,50.9223751408986,-0.022375140898603263,1.3115098100933815,False,0.509532374177227,127648,2
LURAH BILUT,2025-09-01,2025,9,47.8,47.77762440294754,0.022375597052459284,0.14988683543924308,False,0.41358476472317557,114828,1
LURAH BILUT,2025-10-01,2025,10,42.7,47.43012477129303,-4.730124771293028,-1.7611703164111108,False,0.40382707574749405,115850,1
LURAH BILUT,2025-11-01,2025,11,50.6,50.697550647278284,-0.09755064727828255,1.19909468351395,False,0.5167116207492986,116144,2
LURAH BILUT,2025-12-01,2025,12,47.2,48.42999183449788,-1.2299918344978806,-0.07494341771962021,False,0.416055476549732,114245,1
MELA,2023-01-01,2023,1,33.2,36.05504159276263,-2.8550415927626247,-0.2890674683471122,False,0.4162066672754567,507610,1
MELA,2023-02-01,2023,2,33.5,38.841212875738485,-5.341212875738485,-0.17344048100826842,False,0.4313057652445293,462415,2
MELA,2023-03-01,2023,3,37.2,36.48188578319811,0.7181142168018937,1.2526256961708195,False,0.41309971800533246,513053,1
MELA,2023-04-01,2023,4,38.6,36.09361249037133,2.5063875096286736,1.7922183037520953,False,0.42492876486767206,523322,1
MELA,2023-05-01,2023,5,38.5,35.40520261366361,3.0947973863363885,1.7536759746391464,False,0.42607064474103756,542227,1
MELA,2023-06-01,2023,6,33.0,37.15051323662227,-4.150513236622267,-0.36615212657300994,False,0.4348612217020187,542641,2
MELA,2023-07-01,2023,7,38.9,35.61457182196355,3.2854281780364474,1.9078452910909391,False,0.45734280390075854,513165,1
MELA,2023-08-01,2023,8,36.0,34.62667550864836,1.3733244913516387,0.790117746815439,False,0.4327042856507924,532203,1
MELA,2023-09-01,2023,9,39.0,37.801207422605366,1.1987925773946344,1.946387620203888,False,0.4203812279368003,493215,2
MELA,2023-10-01,2023,10,37.1,38.796572072455874,-1.6965720724558722,1.2140833670578708,False,0.4392494875169188,511311,2
MELA,2023-11-01,2023,11,37.5,38.4811519660442,-0.9811519660442016,1.3682526835096633,False,0.4067034582045878,457950,2
MELA,2023-12-01,2023,12,33.4,34.08101820935612,-0.6810182093561181,-0.21198281012121728,False,0.45685666934672226,502003,1
MELA,2024-01-01,2024,1,34.4,39.140914210683334,-4.740914210683336,0.1734404810082657,False,0.4297611756230037,494648,2
MELA,2024-02-01,2024,2,35.7,36.08580817873143,-0.3858081787314305,0.6744907594765952,False,0.42677930251689544,443496,1
MELA,2024-03-01,2024,3,36.4,37.68679306083055,-1.2867930608305542,0.9442870632672317,False,0.44413715238964296,527652,2
MELA,2024-04-01,2024,4,32.7,37.29585542187564,-4.5958554218756404,-0.4817791139118537,False,0.43924268310540376,500042,2
MELA,2024-05-01,2024,5,37.6,34.638804200801005,2.961195799198997,1.4067950126226123,False,0.42905371391438296,532881,1
MELA,2024-06-01,2024,6,35.1,36.8118574955452,-1.7118574955451962,0.4432367847989049,False,0.44753563940605895,521433,2
MELA,2024-07-01,2024,7,32.0,35.717709143458855,-3.7177091434588547,-0.7515754177024929,False,0.4567025170885383,568685,2
MELA,2024-08-01,2024,8,34.0,35.3013956628374,-1.3013956628374004,0.019271164556473052,False,0.43696259712793745,560437,1
MELA,2024-09-01,2024,9,32.6,36.849129683849746,-4.249129683849745,-0.5203214430248025,False,0.4406311304321722,514063,1
MELA,2024-10-01,2024,10,33.9,37.43116848412605,-3.5311684841260487,-0.019271164556475793,False,0.41192676817558593,526342,2
MELA,2024-11-01,2024,11,35.7,37.56329394302543,-1.8632939430254254,0.6744907594765952,False,0.4284379891869358,469287,2
MELA,2024-12-01,2024,12,31.9,38.28060244219377,-6.380602442193769,-0.7901177468154418,False,0.4163227836734838,484606,2
MELA,2025-01-01,2025,1,31.6,34.96122547267462,-3.3612254726746187,-0.9057447341542855,False,0.4257946350694724,519909,1
MELA,2025-02-01,2025,2,31.6,35.04394755390457,-3.4439475539045716,-0.9057447341542855,False,0.46114639473184726,461133,1
MELA,2025-03-01,2025,3,33.3,34.99692701759475,-1.6969270175947528,-0.25052513923416614,False,0.4530635931347938,528506,1
MELA,2025-04-01,2025,4,36.0,37.839607673805844,-1.839607673805844,0.790117746815439,False,0.40675992152514806,512822,2
MELA,2025-05-01,2025,5,33.0,33.68426992459117,-0.6842699245911703,-0.36615212657300994,False,0.48834157173108855,571057,1
MELA,2025-06-01,2025,6,32.4,33.19895151844869,-0.7989515184486891,-0.5974061012507003,False,0.4953984812012795,548304,1
MELA,2025-07-01,2025,7,32.2,37.357336138327454,-5.157336138327452,-0.6744907594765952,False,0.44613759495914573,547157,2
MELA,2025-08-01,2025,8,34.3,35.97498744619961,-1.6749874461996157,0.13489815189531684,False,0.4633333458355813,557734,2
MELA,2025-09-01,2025,9,31.6,33.498159223221215,-1.8981592232212137,-0.9057447341542855,False,0.4637058375723803,521375,1
MELA,2025-10-01,2025,10,35.4,35.562797000971585,-0.16279700097158667,0.5588637721377486,False,0.4160437918018622,510271,1
MELA,2025-11-01,2025,11,33.2,33.905045715571255,-0.7050457155712522,-0.2890674683471122,False,0.4365951830650475,520957,1
MELA,2025-12-01,2025,12,31.8,36.1658849022704,-4.365884902270398,-0.8286600759283892,False,0.4252492899728879,493249,1
MEMPAGA,2023-01-01,2023,1,47.7,44.47642787176527,3.2235721282347356,0.5166312200246258,False,0.43347810616169435,126233,1
MEMPAGA,2023-02-01,2023,2,46.2,46.60654373573497,-0.4065437357349637,0.08610520333743694,False,0.4141694079799963,112797,1
MEMPAGA,2023-03-01,2023,3,46.7,46.75244440072812,-0.0524444007281204,0.2296138755664999,False,0.4438250620647057,129244,1
MEMPAGA,2023-04-01,2023,4,46.9,47.81178117255054,-0.9117811725505405,0.2870173444581238,False,0.4206844749566538,121391,1
MEMPAGA,2023-05-01,2023,5,46.7,45.49138019027331,1.2086198097266916,0.2296138755664999,False,0.45338327450661875,138039,1
MEMPAGA,2023-06-01,2023,6,47.4,46.73684448070577,0.6631555192942287,0.43052601668718676,False,0.43644076928620823,124753,1
MEMPAGA,2023-07-01,2023,7,51.1,48.77088064713833,2.3291193528616745,1.4924901911822532,False,0.5487199266443341,129885,2
MEMPAGA,2023-08-01,2023,8,44.5,45.90746647387195,-1.4074664738719491,-0.40182428224137784,False,0.42066381528424307,129798,1
MEMPAGA,2023-09-01,2023,9,49.6,47.72518278471951,1.874817215280494,1.0619641744950645,False,0.41102726384463867,115647,1
MEMPAGA,2023-10-01,2023,10,49.7,46.89264920368864,2.8073507963113613,1.0906659089408774,False,0.41415830346897314,120158,1
MEMPAGA,2023-11-01,2023,11,49.1,46.37236762181155,2.727632378188453,0.9184555022660016,False,0.43495795350445826,119514,1
MEMPAGA,2023-12-01,2023,12,45.6,45.48452323469781,0.11547676530219064,-0.08610520333743898,False,0.4304147919373129,119329,1
MEMPAGA,2024-01-01,2024,1,44.3,44.40103980613939,-0.10103980613939001,-0.45922775113300385,False,0.5231579445083324,122965,0
MEMPAGA,2024-02-01,2024,2,48.8,50.795886122296935,-1.9958861222969375,0.8323502989285626,False,0.5523837457335979,112508,2
MEMPAGA,2024-03-01,2024,3,48.0,48.43524175821852,-0.43524175821851685,0.6027364233620627,False,0.4595204953125953,123962,1
MEMPAGA,2024-04-01,2024,4,46.2,46.10172433016975,0.09827566983025093,0.08610520333743694,False,0.47340407760005565,130959,1
MEMPAGA,2024-05-01,2024,5,42.7,45.75848881583648,-3.0584888158364762,-0.9184555022660036,False,0.43381759435752665,134545,1
MEMPAGA,2024-06-01,2024,6,41.8,45.50939133430876,-3.709391334308762,-1.1767711122783184,False,0.45638259563393746,133753,1
MEMPAGA,2024-07-01,2024,7,43.2,43.84832347833213,-0.6483234783321237,-0.7749468300369406,False,0.45075750100188205,139598,1
MEMPAGA,2024-08-01,2024,8,46.3,46.24190708386408,0.05809291613591938,0.11480693778324791,False,0.41523883530024763,125408,1
MEMPAGA,2024-09-01,2024,9,45.5,46.50817133246855,-1.0081713324685495,-0.11480693778325197,False,0.42371783759137127,118909,1
MEMPAGA,2024-10-01,2024,10,48.4,45.44898269789434,2.9510173021056616,0.7175433611453127,False,0.4174925730506074,123707,1
MEMPAGA,2024-11-01,2024,11,42.1,44.87439027089555,-2.7743902708955517,-1.0906659089408794,False,0.4286029306883003,117824,1
MEMPAGA,2024-12-01,2024,12,50.0,45.168463627293704,4.831536372706296,1.1767711122783144,False,0.4270901834554362,126978,1
MEMPAGA,2025-01-01,2025,1,42.7,46.32670389715504,-3.626703897155039,-0.9184555022660036,False,0.3993227903565475,119134,1
MEMPAGA,2025-02-01,2025,2,43.6,47.07115899220223,-3.471158992202227,-0.6601398922536907,False,0.40550006040743325,110037,1
MEMPAGA,2025-03-01,2025,3,46.3,44.52583666706825,1.7741633329317494,0.11480693778324791,False,0.43835587153060124,129702,1
MEMPAGA,2025-04-01,2025,4,41.1,46.114095468431074,-5.014095468431073,-1.3776832533990053,False,0.41704486202799257,125639,1
MEMPAGA,2025-05-01,2025,5,40.6,45.5012776779847,-4.901277677984702,-1.5211919256280684,False,0.4333429420802873,133946,1
MEMPAGA,2025-06-01,2025,6,41.9,45.95963796091038,-4.059637960910379,-1.1480693778325055,False,0.4264756213373275,131023,1
MEMPAGA,2025-07-01,2025,7,48.3,44.87795265410807,3.422047345891926,0.6888416266994997,False,0.46600977314199177,138217,1
MEMPAGA,2025-08-01,2025,8,44.0,43.52738497354344,0.47261502645655895,-0.5453329544704408,False,0.47183381203787417,142730,1
MEMPAGA,2025-09-01,2025,9,45.0,45.655675616043844,-0.655675616043844,-0.2583156100123149,False,0.4458440042937245,126073,1
MEMPAGA,2025-10-01,2025,10,42.8,48.01026314936379,-5.21026314936379,-0.8897537678201927,False,0.432139052748239,123425,1
MEMPAGA,2025-11-01,2025,11,44.3,48.25647631000044,-3.95647631000044,-0.45922775113300385,False,0.5184511807335662,124636,2
MEMPAGA,2025-12-01,2025,12,41.5,45.7017180169364,-4.201718016936397,-1.2628763156157554,False,0.41292228519036744,123312,1
MEMPATEH,2023-01-01,2023,1,41.1,48.847477315692146,-7.747477315692144,-0.904804677346651,False,0.44567130452717724,43311,1
MEMPATEH,2023-02-01,2023,2,43.2,48.20569593729647,-5.005695937296466,-0.2138629237364789,False,0.45079910922418776,40169,1
MEMPATEH,2023-03-01,2023,3,47.0,49.25156087482368,-2.2515608748236815,1.0364126304152594,False,0.48091896409586227,45783,1
MEMPATEH,2023-04-01,2023,4,47.6,47.47833646955266,0.1216635304473428,1.233824560018166,False,0.4841197870391637,48654,1
MEMPATEH,2023-05-01,2023,5,45.6,46.94156289314593,-1.3415628931459267,0.5757847946751454,False,0.46039004813388856,50499,1
MEMPATEH,2023-06-01,2023,6,43.8,48.61578607911122,-4.81578607911122,-0.016450994133574582,False,0.49108416198504584,48751,1
MEMPATEH,2023-07-01,2023,7,47.8,47.54635053977821,0.25364946022178714,1.2996285365524667,False,0.46163283709393166,48818,1
MEMPATEH,2023-08-01,2023,8,43.0,48.471991911055284,-5.471991911055284,-0.2796669002707819,False,0.4681257649792649,48207,1
MEMPATEH,2023-09-01,2023,9,45.6,44.33799895962713,1.2620010403728728,0.5757847946751454,False,0.553252970527044,43711,0
MEMPATEH,2023-10-01,2023,10,44.5,47.88970529276591,-3.3897052927659104,0.21386292373648358,False,0.46546020428986884,48535,1
MEMPATEH,2023-11-01,2023,11,46.6,49.752422590586136,-3.1524225905861343,0.9048046773466557,False,0.4558300881228247,41661,1
MEMPATEH,2023-12-01,2023,12,40.5,49.485552025604974,-8.985552025604974,-1.1022166069495576,False,0.477530198584327,43344,1
MEMPATEH,2024-01-01,2024,1,46.7,46.72518952438912,-0.02518952438911981,0.9377066656138072,False,0.4584362497542133,47072,1
MEMPATEH,2024-02-01,2024,2,42.3,48.09790994942256,-5.797909949422561,-0.5099808181408401,False,0.4460596331791973,42713,1
MEMPATEH,2024-03-01,2024,3,46.9,48.64540380545828,-1.745403805458281,1.003510642148108,False,0.47808970833444997,46357,1
MEMPATEH,2024-04-01,2024,4,40.8,45.96812505575299,-5.168125055752995,-1.0035106421481055,False,0.4539243029625778,50221,1
MEMPATEH,2024-05-01,2024,5,42.1,46.38843812483994,-4.288438124839935,-0.5757847946751407,False,0.46096139845601514,49020,1
MEMPATEH,2024-06-01,2024,6,45.9,45.78891567566479,0.11108432433520932,0.6744907594765975,False,0.46309644856004445,51961,1
MEMPATEH,2024-07-01,2024,7,43.9,45.7403607585233,-1.8403607585233033,0.016450994133576917,False,0.44923751128649947,52636,1
MEMPATEH,2024-08-01,2024,8,46.5,46.32237762412125,0.17762237587874807,0.8719026890795042,False,0.4940773471758159,51090,1
MEMPATEH,2024-09-01,2024,9,42.2,46.932729720970585,-4.732729720970582,-0.5428828064079892,False,0.40961973730502954,47204,1
MEMPATEH,2024-10-01,2024,10,40.9,49.03826653542771,-8.13826653542771,-0.970608653880954,False,0.45327205768797424,44927,1
MEMPATEH,2024-11-01,2024,11,45.4,46.690862216739866,-1.2908622167398676,0.5099808181408424,False,0.41068988975519694,43492,1
MEMPATEH,2024-12-01,2024,12,43.7,47.10309913100597,-3.403099131005966,-0.04935298240072374,False,0.42476057432941344,48318,1
MEMPATEH,2025-01-01,2025,1,44.8,45.81000897192685,-1.010008971926851,0.31256888853793574,False,0.4208897134738146,48903,1
MEMPATEH,2025-02-01,2025,2,44.0,46.982322651546944,-2.9823226515469443,0.04935298240072842,False,0.45106534885834204,45875,1
MEMPATEH,2025-03-01,2025,3,41.8,46.67784929910357,-4.877849299103573,-0.6744907594765952,False,0.46056513132807386,51486,1
MEMPATEH,2025-04-01,2025,4,41.8,46.77446794125842,-4.974467941258425,-0.6744907594765952,False,0.42309396558270385,47579,1
MEMPATEH,2025-05-01,2025,5,41.5,46.19660208344166,-4.696602083441661,-0.7731967242780473,False,0.5062740337188772,54735,1
MEMPATEH,2025-06-01,2025,6,41.4,46.92231455530151,-5.522314555301513,-0.8060987125451988,False,0.5265998633283532,53670,1
MEMPATEH,2025-07-01,2025,7,42.3,46.9199590917666,-4.619959091766603,-0.5099808181408401,False,0.43878232191493866,50031,1
MEMPATEH,2025-08-01,2025,8,46.4,42.089589987658364,4.3104100123416345,0.8390007008123527,False,0.5605142143056043,53191,0
MEMPATEH,2025-09-01,2025,9,40.1,46.49139260445547,-6.3913926044554685,-1.2338245600181614,False,0.4379828571728603,46501,1
MEMPATEH,2025-10-01,2025,10,41.8,47.98148870580871,-6.181488705808711,-0.6744907594765952,False,0.4643008136300042,46390,1
MEMPATEH,2025-11-01,2025,11,44.9,47.71410305063047,-2.8141030506304716,0.3454708768050872,False,0.49503603682151787,45709,1
MEMPATEH,2025-12-01,2025,12,46.6,43.076520985661354,3.5234790143386476,0.9048046773466557,False,0.5149661343496027,48048,0
MERAPOH,2023-01-01,2023,1,28.9,37.29413625809777,-8.394136258097774,-0.1605930379706178,False,0.4727855281459162,357346,1
MERAPOH,2023-02-01,2023,2,33.0,37.98068677984561,-4.9806867798456125,2.473132784747515,False,0.4158400832467706,297220,1
MERAPOH,2023-03-01,2023,3,31.1,37.48038226904213,-6.38038226904213,1.2526256961708206,False,0.44293574942672187,376081,1
MERAPOH,2023-04-01,2023,4,30.4,37.62768153531089,-7.227681535310893,0.802965189853089,False,0.4479856922160043,371899,1
MERAPOH,2023-05-01,2023,5,29.6,36.336442080213644,-6.736442080213642,0.28906746834711383,False,0.4362188134543369,391390,1
MERAPOH,2023-06-01,2023,6,30.1,37.866977962327184,-7.766977962327182,0.6102535442883494,False,0.46471026682192607,369010,2
MERAPOH,2023-07-01,2023,7,32.6,36.584026941696784,-3.984026941696783,2.216183923994527,False,0.41501791300667057,382544,1
MERAPOH,2023-08-01,2023,8,28.7,36.825504934425496,-8.125504934425496,-0.28906746834711156,False,0.4539978580154486,375068,1
MERAPOH,2023-09-01,2023,9,32.9,36.919421595213095,-4.019421595213096,2.4088955695592666,False,0.4460564706738438,352978,1
MERAPOH,2023-10-01,2023,10,31.5,39.78713405208548,-8.287134052085477,1.5095745569238082,False,0.43253665578558403,355008,2
MERAPOH,2023-11-01,2023,11,28.4,37.547670792103276,-9.147670792103277,-0.48177911391185335,False,0.4597635693432909,338718,1
MERAPOH,2023-12-01,2023,12,32.7,38.729532933382245,-6.029532933382242,2.2804211391827756,False,0.42989698688860084,345066,1
MERAPOH,2024-01-01,2024,1,27.3,36.494918704252605,-9.194918704252604,-1.1883884809825702,False,0.42678261444952,340264,1
MERAPOH,2024-02-01,2024,2,28.2,37.13409915176692,-8.934099151766919,-0.6102535442883471,False,0.42288227994104405,318557,1
MERAPOH,2024-03-01,2024,3,29.9,36.76883103302503,-6.868831033025032,0.48177911391185335,False,0.4157711563512452,362068,1
MERAPOH,2024-04-01,2024,4,29.3,39.10060053135683,-9.800600531356832,0.09635582278237204,False,0.4328531958011421,350856,2
MERAPOH,2024-05-01,2024,5,29.4,36.99268719680424,-7.592687196804242,0.1605930379706178,False,0.4523764153997141,386845,1
MERAPOH,2024-06-01,2024,6,30.6,37.809975383411704,-7.209975383411702,0.931439620229585,False,0.438545869280958,362387,1
MERAPOH,2024-07-01,2024,7,30.0,35.31855006672694,-5.318550066726942,0.5460163291001014,False,0.43304692884421514,397770,1
MERAPOH,2024-08-01,2024,8,30.3,38.245268180709736,-7.945268180709736,0.7387279746648432,False,0.4411420949314272,363524,2
MERAPOH,2024-09-01,2024,9,29.0,38.79922468014229,-9.799224680142288,-0.09635582278236976,False,0.4516684522149227,352935,2
MERAPOH,2024-10-01,2024,10,28.0,38.97771280719457,-10.977712807194571,-0.738727974664841,False,0.4732893426912946,368102,2
MERAPOH,2024-11-01,2024,11,29.9,37.625475635536816,-7.725475635536817,0.48177911391185335,False,0.43431885132140263,318385,1
MERAPOH,2024-12-01,2024,12,29.6,36.78275346424598,-7.182753464245977,0.28906746834711383,False,0.41932666246749783,334025,1
MERAPOH,2025-01-01,2025,1,27.1,36.31909500223721,-9.21909500223721,-1.316862911359064,False,0.44094925052197786,338891,1
MERAPOH,2025-02-01,2025,2,25.6,37.25262048296957,-11.652620482969567,-2.2804211391827707,False,0.43896518556293884,312493,1
MERAPOH,2025-03-01,2025,3,28.7,37.92292618440628,-9.22292618440628,-0.28906746834711156,False,0.4626959405015392,381047,2
MERAPOH,2025-04-01,2025,4,28.8,37.49742843334676,-8.697428433346762,-0.22483025315886354,False,0.4402929747427253,357697,1
MERAPOH,2025-05-01,2025,5,26.3,35.86686368853884,-9.566863688538842,-1.8307606328650414,False,0.5040761399026276,409360,1
MERAPOH,2025-06-01,2025,6,25.4,35.150820411225304,-9.750820411225305,-2.4088955695592666,False,0.4788192764909651,396769,1
MERAPOH,2025-07-01,2025,7,25.4,37.759243252405085,-12.359243252405086,-2.4088955695592666,False,0.5145209742653555,398662,2
MERAPOH,2025-08-01,2025,8,27.7,35.95727226369062,-8.25727226369062,-0.9314396202295827,False,0.467300749011364,392433,1
MERAPOH,2025-09-01,2025,9,27.0,37.57346532388975,-10.57346532388975,-1.3811001265473122,False,0.4738530000623672,374674,2
MERAPOH,2025-10-01,2025,10,28.4,36.64435900304754,-8.244359003047542,-0.48177911391185335,False,0.42203754113076963,355663,1
MERAPOH,2025-11-01,2025,11,29.5,38.049301081411116,-8.549301081411116,0.22483025315886582,False,0.437351610929414,340711,2
MERAPOH,2025-12-01,2025,12,28.7,38.9677641999099,-10.267764199909902,-0.28906746834711156,False,0.47582088617731005,355391,2
MUADZAM SHAH,2023-01-01,2023,1,29.3,39.082250958904154,-9.782250958904154,0.0,False,0.4661435128640754,324671,2
MUADZAM SHAH,2023-02-01,2023,2,32.3,35.2190487036244,-2.919048703624405,1.686226898691487,False,0.4425730048137042,303506,1
MUADZAM SHAH,2023-03-01,2023,3,32.3,35.1207020137322,-2.820702013732202,1.686226898691487,False,0.4363124216862552,335696,1
MUADZAM SHAH,2023-04-01,2023,4,28.6,34.87326568126118,-6.273265681261179,-0.3934529430280137,False,0.4521541156606124,324573,1
MUADZAM SHAH,2023-05-01,2023,5,30.5,35.46910289062026,-4.969102890620263,0.6744907594765952,False,0.47587747191337826,336858,1
MUADZAM SHAH,2023-06-01,2023,6,33.9,34.46753440546658,-0.5675344054665814,2.5855479113269486,False,0.40438927454935686,352684,1
MUADZAM SHAH,2023-07-01,2023,7,30.7,36.186980942041,-5.486980942040997,0.7869058860560274,False,0.4367649575293082,335100,1
MUADZAM SHAH,2023-08-01,2023,8,29.6,35.1338060645998,-5.533806064599801,0.1686226898691493,False,0.45090427789136356,338221,1
MUADZAM SHAH,2023-09-01,2023,9,29.9,34.68016320603925,-4.780163206039255,0.3372453797382966,False,0.4614429780830387,313966,1
MUADZAM SHAH,2023-10-01,2023,10,31.2,36.02374413987851,-4.82374413987851,1.0679437025046088,False,0.43361525327629796,331295,1
MUADZAM SHAH,2023-11-01,2023,11,33.1,38.29042269207297,-5.190422692072971,2.13588740500922,False,0.48004532197188593,306565,2
MUADZAM SHAH,2023-12-01,2023,12,29.0,39.05533952155637,-10.05533952155637,-0.1686226898691493,False,0.5166548389741719,301334,2
MUADZAM SHAH,2024-01-01,2024,1,30.5,35.08186114269235,-4.581861142692347,0.6744907594765952,False,0.4427146259842657,331737,1
MUADZAM SHAH,2024-02-01,2024,2,28.2,35.75255714784741,-7.552557147847413,-0.6182831961868801,False,0.47073335169286146,304855,1
MUADZAM SHAH,2024-03-01,2024,3,28.4,37.98571113465453,-9.585711134654531,-0.5058680696074479,False,0.4706755116019938,325879,2
MUADZAM SHAH,2024-04-01,2024,4,30.4,34.36360499621968,-3.9636049962196793,0.6182831961868781,False,0.44547551952588577,334487,1
MUADZAM SHAH,2024-05-01,2024,5,30.4,37.43154267908118,-7.031542679081184,0.6182831961868781,False,0.4354359870402854,364209,2
MUADZAM SHAH,2024-06-01,2024,6,28.1,36.465941430781164,-8.365941430781163,-0.6744907594765952,False,0.45877683916065853,338942,2
MUADZAM SHAH,2024-07-01,2024,7,27.6,33.330643235499544,-5.730643235499542,-0.9555285759251767,False,0.49579882638030154,354530,1
MUADZAM SHAH,2024-08-01,2024,8,31.9,36.16356871263461,-4.2635687126346085,1.4613966455326226,False,0.44193609677004014,330739,1
MUADZAM SHAH,2024-09-01,2024,9,32.0,35.33340055067942,-3.3334005506794213,1.5176042088223396,False,0.42094757813269085,335758,1
MUADZAM SHAH,2024-10-01,2024,10,30.4,35.00137104089001,-4.601371040890008,0.6182831961868781,False,0.45150954545458616,334876,1
MUADZAM SHAH,2024-11-01,2024,11,28.4,36.65613834481595,-8.256138344815952,-0.5058680696074479,False,0.46892834205244305,323319,2
MUADZAM SHAH,2024-12-01,2024,12,29.3,35.70101227406653,-6.401012274066527,0.0,False,0.4746424632644018,307056,1
MUADZAM SHAH,2025-01-01,2025,1,29.5,35.62403831909042,-6.124038319090417,0.1124151265794322,False,0.4557161862501069,314910,1
MUADZAM SHAH,2025-02-01,2025,2,28.3,35.08270008764492,-6.782700087644923,-0.562075632897163,False,0.45251981218045184,307837,1
MUADZAM SHAH,2025-03-01,2025,3,26.7,33.82398554090687,-7.123985540906869,-1.4613966455326246,False,0.4420185121170624,350601,1
MUADZAM SHAH,2025-04-01,2025,4,28.1,32.498386372956986,-4.398386372956985,-0.6744907594765952,False,0.4242099899637152,359575,1
MUADZAM SHAH,2025-05-01,2025,5,29.9,33.18776254012636,-3.2877625401263586,0.3372453797382966,False,0.41797826826931817,371624,1
MUADZAM SHAH,2025-06-01,2025,6,28.1,34.19358788246913,-6.09358788246913,-0.6744907594765952,False,0.44858728315748475,338808,1
MUADZAM SHAH,2025-07-01,2025,7,26.7,36.44306536618279,-9.743065366182794,-1.4613966455326246,False,0.45407496400653713,352153,2
MUADZAM SHAH,2025-08-01,2025,8,27.5,34.47662547128604,-6.976625471286042,-1.0117361392148938,False,0.43705520475009857,359710,1
MUADZAM SHAH,2025-09-01,2025,9,28.7,32.940397835060004,-4.240397835060005,-0.3372453797382986,False,0.4395759644082385,353505,1
MUADZAM SHAH,2025-10-01,2025,10,28.0,33.74121403881958,-5.741214038819578,-0.7306983227663123,False,0.4901662321089813,331674,1
MUADZAM SHAH,2025-11-01,2025,11,27.7,35.341178847601086,-7.641178847601086,-0.8993210126354616,False,0.4612113977248644,327249,1
MUADZAM SHAH,2025-12-01,2025,12,26.6,34.801682202967875,-8.201682202967874,-1.5176042088223396,False,0.5077434244546406,317897,1
NENASI,2023-01-01,2023,1,45.7,44.92350367338867,0.7764963266113298,0.2248302531588646,False,0.41230509875473453,178306,1
NENASI,2023-02-01,2023,2,45.4,46.04168524659203,-0.6416852465920329,0.10219556961766335,False,0.46043653333402207,158292,1
NENASI,2023-03-01,2023,3,43.8,46.01282562949372,-2.2128256294937216,-0.5518560759354013,False,0.3976218052301408,183330,1
NENASI,2023-04-01,2023,4,48.2,45.333977607178106,2.866022392821897,1.246785949335527,False,0.4433278492160825,175663,1
NENASI,2023-05-01,2023,5,49.6,44.729672359576426,4.870327640423575,1.8190811391944577,False,0.42127673004007943,192649,1
NENASI,2023-06-01,2023,6,45.7,47.82483490390918,-2.124834903909175,0.2248302531588646,False,0.4874245200573482,180985,2
NENASI,2023-07-01,2023,7,44.4,44.35030206466806,0.04969793533194178,-0.30658670885300165,False,0.4203494188313495,194677,1
NENASI,2023-08-01,2023,8,48.4,46.30618570594614,2.093814294053857,1.3285424050296584,False,0.4095295817835924,184164,1
NENASI,2023-09-01,2023,9,43.9,45.755844896977635,-1.8558448969776364,-0.5109778480883342,False,0.40795751516009116,179627,1
NENASI,2023-10-01,2023,10,48.2,45.54417411835213,2.6558258816478713,1.246785949335527,False,0.42188301209584705,180492,1
NENASI,2023-11-01,2023,11,44.9,48.669199557979766,-3.7691995579797677,-0.10219556961766917,False,0.46598112092236216,175946,2
NENASI,2023-12-01,2023,12,47.9,48.58812998391713,-0.6881299839171291,1.124151265794326,False,0.49456696431989566,170021,2
NENASI,2024-01-01,2024,1,45.1,46.580394966998014,-1.4803949669980128,-0.020439113923534993,False,0.47095981749304244,170410,1
NENASI,2024-02-01,2024,2,43.0,45.885665448109656,-2.8856654481096555,-0.8788818987119321,False,0.4329710183941841,158846,1
NENASI,2024-03-01,2024,3,47.2,44.645006141480984,2.554993858519019,0.8380036708648622,False,0.42393248654125587,176678,1
NENASI,2024-04-01,2024,4,48.8,48.76519407888052,0.034805921119478,1.4920553164179238,False,0.4731596722791255,182523,2
NENASI,2024-05-01,2024,5,44.9,44.3898012805945,0.5101987194055013,-0.10219556961766917,False,0.4016582050469046,197075,1
NENASI,2024-06-01,2024,6,46.7,43.78468629436671,2.915313705633295,0.6336125316295296,False,0.4108428378458799,192099,1
NENASI,2024-07-01,2024,7,43.8,44.2291321135163,-0.4291321135163031,-0.5518560759354013,False,0.4159905712212317,204304,1
NENASI,2024-08-01,2024,8,46.6,44.70748003402783,1.8925199659721699,0.5927343037824625,False,0.41428262268169674,187227,1
NENASI,2024-09-01,2024,9,48.5,47.62617046613889,0.8738295338611124,1.3694206328767256,False,0.47602477533746135,178273,2
NENASI,2024-10-01,2024,10,44.9,44.65439152334818,0.2456084766518174,-0.10219556961766917,False,0.4163370190313132,181269,1
NENASI,2024-11-01,2024,11,48.6,45.50863810191984,3.0913618980801587,1.4102988607237925,False,0.4248649349502788,164861,1
NENASI,2024-12-01,2024,12,42.9,42.8125240024243,0.08747599757570157,-0.9197601265589992,False,0.5370156998399748,185301,0
NENASI,2025-01-01,2025,1,44.8,48.528996527203276,-3.728996527203279,-0.14307379746473625,False,0.4744787986051151,187168,2
NENASI,2025-02-01,2025,2,41.6,43.81830581203351,-2.218305812033506,-1.4511770885708626,False,0.43579482798435226,171513,1
NENASI,2025-03-01,2025,3,42.9,44.16590991466728,-1.265909914667283,-0.9197601265589992,False,0.41730360349918594,185636,1
NENASI,2025-04-01,2025,4,45.2,45.29873670665687,-0.09873670665686518,0.02043911392353209,False,0.4113819931764688,179582,1
NENASI,2025-05-01,2025,5,40.4,44.68392226667532,-4.283922266675319,-1.9417158227356617,False,0.4024489461575746,188831,1
NENASI,2025-06-01,2025,6,44.8,48.272445620526,-3.4724456205260026,-0.14307379746473625,False,0.5079563820749807,192010,2
NENASI,2025-07-01,2025,7,47.7,44.799024447980024,2.900975552019979,1.0423948101001947,False,0.41818999787548716,195957,1
NENASI,2025-08-01,2025,8,40.2,44.26693660305766,-4.0669366030576555,-2.023472278429793,False,0.39656644731876156,205237,1
NENASI,2025-09-01,2025,9,44.7,45.51552611362668,-0.8155261136266745,-0.1839520253118004,False,0.4247117236720446,187468,1
NENASI,2025-10-01,2025,10,45.3,45.0433297148945,0.25667028510549983,0.06131734177059627,False,0.4084569808528659,193946,1
NENASI,2025-11-01,2025,11,43.4,44.412838510070635,-1.0128385100706367,-0.7153689873236667,False,0.41183745273929495,182548,1
NENASI,2025-12-01,2025,12,46.9,45.47364274251374,1.4263572574862593,0.7153689873236609,False,0.41212711458033346,175115,1
PADANG PIOL,2023-01-01,2023,1,41.8,33.147807376138786,8.652192623861211,0.14988683543924222,False,0.4375387408517605,637441,1
PADANG PIOL,2023-02-01,2023,2,41.2,35.711779237579286,5.488220762420717,-0.14988683543924222,False,0.4042260648438439,598630,2
PADANG PIOL,2023-03-01,2023,3,40.3,35.658895929092296,4.641104070907701,-0.5995473417569759,False,0.4081843207601248,631985,2
PADANG PIOL,2023-04-01,2023,4,40.6,34.897206766200675,5.702793233799326,-0.4496605063177302,False,0.412019101693864,642491,2
PADANG PIOL,2023-05-01,2023,5,47.0,35.149497098987325,11.850502901012675,2.7479253163861332,False,0.44447679016657243,726287,2
PADANG PIOL,2023-06-01,2023,6,39.7,34.43171586165376,5.268284138346246,-0.8993210126354604,False,0.473420684413688,683756,3
PADANG PIOL,2023-07-01,2023,7,45.5,33.97308076104568,11.52691923895432,1.998491139189915,False,0.45548044167688173,676099,1
PADANG PIOL,2023-08-01,2023,8,45.9,34.81797032587955,11.082029674120449,2.198340253108906,False,0.44358753963076714,708488,2
PADANG PIOL,2023-09-01,2023,9,40.7,32.93413592323642,7.7658640767635845,-0.3996982278379816,False,0.44493186874849516,632785,1
PADANG PIOL,2023-10-01,2023,10,45.7,37.07496605624157,8.625033943758432,2.098415696149412,False,0.4330961173079596,652376,3
PADANG PIOL,2023-11-01,2023,11,42.8,35.14055590331477,7.6594440966852275,0.649509620236721,False,0.43945595596327086,623876,2
PADANG PIOL,2023-12-01,2023,12,40.9,35.66978004528849,5.230219954711508,-0.29977367087848794,False,0.4404234219970743,592326,2
PADANG PIOL,2024-01-01,2024,1,42.2,37.23715873747182,4.96284126252818,0.34973594935823654,False,0.43664736397433196,628070,3
PADANG PIOL,2024-02-01,2024,2,42.3,34.14003806461903,8.15996193538097,0.3996982278379816,False,0.43739317381800835,594024,1
PADANG PIOL,2024-03-01,2024,3,42.2,36.08198768715319,6.118012312846815,0.34973594935823654,False,0.45024551581020184,668193,2
PADANG PIOL,2024-04-01,2024,4,45.6,32.935365442361984,12.664634557638017,2.0484534176696636,False,0.4613137946156869,700051,1
PADANG PIOL,2024-05-01,2024,5,39.9,32.46613560645082,7.433864393549179,-0.7993964556759667,False,0.4523986116816275,726466,2
PADANG PIOL,2024-06-01,2024,6,41.8,34.75105721918438,7.048942780815615,0.14988683543924222,False,0.5153617872127593,721338,3
PADANG PIOL,2024-07-01,2024,7,42.1,31.01769911938824,11.082300880611761,0.29977367087848794,False,0.5114477368032864,727983,1
PADANG PIOL,2024-08-01,2024,8,42.8,32.32779033624732,10.472209663752679,0.649509620236721,False,0.4588062413992807,702895,1
PADANG PIOL,2024-09-01,2024,9,41.1,36.215420649296185,4.884579350703817,-0.1998491139189908,False,0.45446869495436254,645841,3
PADANG PIOL,2024-10-01,2024,10,43.7,34.24703961011947,9.45296038988053,1.0991701265544547,False,0.43036909451868877,693306,2
PADANG PIOL,2024-11-01,2024,11,40.4,33.17757362404187,7.222426375958129,-0.5495850632772273,False,0.4346960495771083,645400,2
PADANG PIOL,2024-12-01,2024,12,44.2,33.057814706132476,11.142185293867527,1.3489815189531942,False,0.44855597519477447,644085,2
PADANG PIOL,2025-01-01,2025,1,40.5,33.12296054680526,7.37703945319474,-0.49962278479747874,False,0.4591524055028654,633139,1
PADANG PIOL,2025-02-01,2025,2,41.1,32.543287636852035,8.556712363147966,-0.1998491139189908,False,0.4472610301744484,631519,2
PADANG PIOL,2025-03-01,2025,3,43.1,33.938603887551665,9.161396112448337,0.7993964556759667,False,0.44390272434391825,651755,1
PADANG PIOL,2025-04-01,2025,4,38.9,36.21683205436191,2.6831679456380897,-1.2990192404734455,False,0.4828184350565726,678511,3
PADANG PIOL,2025-05-01,2025,5,44.7,33.672920193131716,11.027079806868286,1.5987929113519335,False,0.46247900796563607,735403,2
PADANG PIOL,2025-06-01,2025,6,40.5,36.50965169925468,3.9903483007453175,-0.49962278479747874,False,0.5006250060789073,693511,3
PADANG PIOL,2025-07-01,2025,7,44.0,32.15236219745506,11.847637802544938,1.2490569619936969,False,0.4831562335725846,742997,1
PADANG PIOL,2025-08-01,2025,8,40.1,33.783785259629,6.316214740371002,-0.6994718987164695,False,0.4978614169262299,730453,3
PADANG PIOL,2025-09-01,2025,9,38.8,33.21979284897601,5.580207151023984,-1.3489815189531942,False,0.46747567513181715,685560,1
PADANG PIOL,2025-10-01,2025,10,38.3,32.47347764495575,5.826522355044247,-1.5987929113519335,False,0.47615438024787154,659337,1
PADANG PIOL,2025-11-01,2025,11,38.9,33.440928555143905,5.459071444856093,-1.2990192404734455,False,0.43134447193980485,650607,1
PADANG PIOL,2025-12-01,2025,12,40.1,35.34402208822751,4.75597791177249,-0.6994718987164695,False,0.4280238844566161,666905,2
PANCHING,2023-01-01,2023,1,30.0,30.84805272390257,-0.848052723902569,0.7194568101083688,False,0.48308814492849433,4797020,12
PANCHING,2023-02-01,2023,2,26.9,30.697979075812192,-3.7979790758121936,-0.6744907594765952,False,0.5127690390326921,4215462,10
PANCHING,2023-03-01,2023,3,29.7,30.07015230711408,-0.3701523071140791,0.5845586582130494,False,0.4673623762658223,4863063,4
PANCHING,2023-04-01,2023,4,30.6,29.610885540534774,0.9891144594652275,0.9892531138990075,False,0.48252455662686006,4732795,6
PANCHING,2023-05-01,2023,5,29.9,30.560123069992343,-0.6601230699923448,0.6744907594765952,False,0.5252804733542751,5072982,11
PANCHING,2023-06-01,2023,6,28.7,28.88353732115776,-0.1835373211577611,0.13489815189531937,False,0.4946346928590719,5301878,8
PANCHING,2023-07-01,2023,7,26.9,30.08772837986644,-3.187728379866442,-0.6744907594765952,False,0.46906372091913723,5343558,6
PANCHING,2023-08-01,2023,8,30.1,30.57984439359775,-0.4798443935977481,0.7644228607401424,False,0.46365426391874426,5053314,8
PANCHING,2023-09-01,2023,9,29.1,29.48179088120416,-0.3817908812041573,0.31476235442241235,False,0.5009136096696969,5018482,10
PANCHING,2023-10-01,2023,10,32.1,29.23099498021807,2.8690050197819303,1.6637438733756027,False,0.4447510538144812,4958591,4
PANCHING,2023-11-01,2023,11,31.1,31.61080103452209,-0.510801034522089,1.2140833670578726,False,0.4970491571086127,4332002,11
PANCHING,2023-12-01,2023,12,28.3,29.92731252595125,-1.6273125259512504,-0.04496605063177205,False,0.4924209917222884,4735355,8
PANCHING,2024-01-01,2024,1,30.4,30.654876714319606,-0.25487671431960734,0.8993210126354603,False,0.49259056838476556,4541908,11
PANCHING,2024-02-01,2024,2,29.3,29.775790628762604,-0.4757906287626028,0.4046944556859581,False,0.4741259321695124,4457173,9
PANCHING,2024-03-01,2024,3,30.0,30.76843105384203,-0.7684310538420291,0.7194568101083688,False,0.46199391433036435,5062767,7
PANCHING,2024-04-01,2024,4,26.7,29.38095333773468,-2.6809533377346817,-0.7644228607401409,False,0.5023788797943733,4891059,4
PANCHING,2024-05-01,2024,5,27.4,27.891979177872535,-0.49197917787253687,-0.44966050631773014,False,0.503336029966583,5374099,9
PANCHING,2024-06-01,2024,6,26.5,28.56939464524259,-2.069394645242589,-0.8543549620036865,False,0.4944702835214403,5328793,8
PANCHING,2024-07-01,2024,7,30.0,29.278162900989848,0.7218370990101519,0.7194568101083688,False,0.4583318603001837,5451866,5
PANCHING,2024-08-01,2024,8,29.5,29.753094675400156,-0.2530946754001562,0.49462655694950375,False,0.46655911710587206,5064759,7
PANCHING,2024-09-01,2024,9,28.3,29.77114243852588,-1.471142438525881,-0.04496605063177205,False,0.49278489964088207,4740833,7
PANCHING,2024-10-01,2024,10,25.7,29.85137369687612,-4.151373696876121,-1.214083367057871,False,0.4998423216122111,4999324,8
PANCHING,2024-11-01,2024,11,28.5,29.200270192625663,-0.7002701926256627,0.04496605063177365,False,0.46008135517218735,4505754,5
PANCHING,2024-12-01,2024,12,28.5,28.973542159284275,-0.4735421592842748,0.04496605063177365,False,0.5298633919556889,4624442,12
PANCHING,2025-01-01,2025,1,25.2,28.64217139568064,-3.442171395680642,-1.438913620216736,False,0.4866326559349573,5053787,7
PANCHING,2025-02-01,2025,2,26.0,28.236971145913795,-2.2369711459137953,-1.0791852151625516,False,0.4575062680760874,4466773,6
PANCHING,2025-03-01,2025,3,27.2,28.889021214745966,-1.6890212147459671,-0.5395926075812758,False,0.5133956992429829,4929366,8
PANCHING,2025-04-01,2025,4,27.8,28.631726315937108,-0.8317263159371073,-0.2697963037906371,False,0.49150462682058527,5206072,8
PANCHING,2025-05-01,2025,5,26.2,29.26291264530481,-3.0629126453048094,-0.9892531138990059,False,0.5018797564139224,5279867,5
PANCHING,2025-06-01,2025,6,26.9,28.105450709531475,-1.2054507095314762,-0.6744907594765952,False,0.5055119653875906,5348470,5
PANCHING,2025-07-01,2025,7,29.0,27.262919666038698,1.737080333961302,0.26979630379063874,False,0.5247390351043472,5419479,9
PANCHING,2025-08-01,2025,8,29.1,28.52324454228164,0.5767554577183631,0.31476235442241235,False,0.5483367070555876,5439128,9
PANCHING,2025-09-01,2025,9,25.1,28.91441357987224,-3.8144135798722374,-1.483879670848508,False,0.4820515534655553,4814276,8
PANCHING,2025-10-01,2025,10,28.3,28.95117380600633,-0.6511738060063301,-0.04496605063177205,False,0.48271572585307476,4944649,4
PANCHING,2025-11-01,2025,11,27.4,27.712427915985938,-0.3124279159859391,-0.44966050631773014,False,0.5217102832697414,4814965,5
PANCHING,2025-12-01,2025,12,26.4,29.67284674869692,-3.272846748696921,-0.8993210126354603,False,0.4798743366668472,4689980,10
PEKAN TAJAU,2023-01-01,2023,1,35.6,34.09491885673185,1.50508114326815,-1.8159366601292715,False,0.4311782001852462,284509,1
PEKAN TAJAU,2023-02-01,2023,2,35.1,33.79542756740854,1.3045724325914634,-2.334775705880494,False,0.4063762862612121,276517,1
PEKAN TAJAU,2023-03-01,2023,3,40.4,36.25248168519267,4.1475183148073285,3.164918179082462,False,0.43208750752652897,306491,2
PEKAN TAJAU,2023-04-01,2023,4,37.1,34.22539385025737,2.8746061497426325,-0.2594195228756039,False,0.41266079773079156,300764,1
PEKAN TAJAU,2023-05-01,2023,5,38.7,33.84577327137467,4.854226728625335,1.4008654235283098,False,0.4123537926818317,325929,1
PEKAN TAJAU,2023-06-01,2023,6,35.0,36.96862069708674,-1.9686206970867417,-2.43854351503074,False,0.4335656892294929,293586,2
PEKAN TAJAU,2023-07-01,2023,7,37.8,36.828672248170676,0.9713277518293211,0.46695514117610326,False,0.4398371948534355,322161,2
PEKAN TAJAU,2023-08-01,2023,8,37.4,36.918124438868055,0.4818755611319432,0.05188390457512668,False,0.43699888948356064,312954,2
PEKAN TAJAU,2023-09-01,2023,9,36.2,36.496584799337064,-0.2965847993370616,-1.193329805227803,False,0.46703063326666233,305360,2
PEKAN TAJAU,2023-10-01,2023,10,38.2,34.9770904374938,3.222909562506203,0.8820263777770871,False,0.4003380180699447,302283,1
PEKAN TAJAU,2023-11-01,2023,11,36.1,36.98790073597426,-0.8879007359742559,-1.297097614378049,False,0.4223145923831662,266019,2
PEKAN TAJAU,2023-12-01,2023,12,37.9,34.53819663757236,3.3618033624276364,0.5707229503263492,False,0.42935349270899636,295323,1
PEKAN TAJAU,2024-01-01,2024,1,38.0,36.211943460085244,1.7880565399147557,0.6744907594765952,False,0.41275908420857155,286821,1
PEKAN TAJAU,2024-02-01,2024,2,39.8,34.344899632280125,5.455100367719872,2.5423113241809934,False,0.4127075907172107,264030,1
PEKAN TAJAU,2024-03-01,2024,3,37.8,34.073909201038376,3.7260907989616214,0.46695514117610326,False,0.4068851545385647,320548,1
PEKAN TAJAU,2024-04-01,2024,4,37.4,34.52036166189842,2.8796383381015787,0.05188390457512668,False,0.4138434132067003,292524,1
PEKAN TAJAU,2024-05-01,2024,5,40.3,34.25112742557251,6.0488725744274845,3.061150369932216,False,0.44289697678675904,329109,1
PEKAN TAJAU,2024-06-01,2024,6,39.7,36.83002176036486,2.869978239635145,2.4385435150307546,False,0.46001925073175215,317958,2
PEKAN TAJAU,2024-07-01,2024,7,37.2,35.719763120424915,1.480236879575088,-0.1556517137253579,False,0.4784916234785854,331058,2
PEKAN TAJAU,2024-08-01,2024,8,37.0,34.078702331331996,2.9212976686680037,-0.3631873320258499,False,0.41550408118482024,306703,1
PEKAN TAJAU,2024-09-01,2024,9,36.8,35.14752631542529,1.6524736845747086,-0.5707229503263419,False,0.4308451690180759,306757,2
PEKAN TAJAU,2024-10-01,2024,10,40.1,33.41539961937546,6.684600380624545,2.8536147516317314,False,0.4139363800871792,299291,1
PEKAN TAJAU,2024-11-01,2024,11,34.1,34.318695579728626,-0.21869557972862452,-3.3724537973829394,False,0.4121795082502931,294278,1
PEKAN TAJAU,2024-12-01,2024,12,36.7,33.625224998269054,3.0747750017309485,-0.6744907594765804,False,0.4102907287941348,287148,1
PEKAN TAJAU,2025-01-01,2025,1,36.7,33.74929964801251,2.950700351987493,-0.6744907594765804,False,0.39588428899831457,292561,1
PEKAN TAJAU,2025-02-01,2025,2,37.3,35.32465393990701,1.9753460600929884,-0.05188390457511931,False,0.42517193083817906,282775,2
PEKAN TAJAU,2025-03-01,2025,3,38.7,34.86494945594118,3.8350505440588236,1.4008654235283098,False,0.42032137352690824,310933,1
PEKAN TAJAU,2025-04-01,2025,4,34.5,32.61778801693939,1.882211983060607,-2.9573825607819626,False,0.4230570326583122,324846,1
PEKAN TAJAU,2025-05-01,2025,5,37.1,33.14767449234675,3.9523255076532493,-0.2594195228756039,False,0.4263223152054947,344270,1
PEKAN TAJAU,2025-06-01,2025,6,37.4,35.66171979151035,1.7382802084896483,0.05188390457512668,False,0.448026431894342,307471,2
PEKAN TAJAU,2025-07-01,2025,7,37.8,35.39337255977633,2.406627440223666,0.46695514117610326,False,0.44193585492807463,316301,2
PEKAN TAJAU,2025-08-01,2025,8,35.8,34.66532779355904,1.1346722064409605,-1.6084010418287868,False,0.42181524845044577,319688,1
PEKAN TAJAU,2025-09-01,2025,9,37.4,33.659181430980546,3.740818569019453,0.05188390457512668,False,0.40423419074550465,303941,1
PEKAN TAJAU,2025-10-01,2025,10,38.0,34.27893407877107,3.721065921228927,0.6744907594765952,False,0.3955213493136791,289811,1
PEKAN TAJAU,2025-11-01,2025,11,33.5,33.85710888999261,-0.3571088899926096,-3.995060652284408,True,0.42471626765200043,278418,1
PEKAN TAJAU,2025-12-01,2025,12,37.0,34.02827249485023,2.9717275051497722,-0.3631873320258499,False,0.3975960417784958,304717,1
RUNCHANG,2023-01-01,2023,1,42.2,39.68775866660507,2.5122413333949325,-0.14199805462665097,False,0.4337185051920322,296513,2
RUNCHANG,2023-02-01,2023,2,40.9,40.975940156998625,-0.07594015699862666,-0.6034917321632698,False,0.45182554910490036,254563,2
RUNCHANG,2023-03-01,2023,3,40.8,36.789044789068996,4.010955210931002,-0.6389912458199332,False,0.45017635921158494,292940,1
RUNCHANG,2023-04-01,2023,4,42.3,37.07211643235153,5.227883567648469,-0.10649854096999012,False,0.44287553370981697,298702,1
RUNCHANG,2023-05-01,2023,5,46.2,37.13627386081263,9.063726139187374,1.2779824916398637,False,0.4308957622520734,298842,1
RUNCHANG,2023-06-01,2023,6,44.6,36.41592740217226,8.184072597827743,0.7099902731332574,False,0.44982319833725287,312978,1
RUNCHANG,2023-07-01,2023,7,46.6,36.011210362550855,10.588789637449146,1.4199805462665147,False,0.42616325880614847,317651,1
RUNCHANG,2023-08-01,2023,8,47.4,38.886319190659435,8.513680809340563,1.7039766555198166,False,0.475093096552923,287446,1
RUNCHANG,2023-09-01,2023,9,43.4,37.27834911190062,6.121650888099381,0.28399610925330193,False,0.41241815074419486,270864,1
RUNCHANG,2023-10-01,2023,10,47.3,36.38644813441216,10.913551865587834,1.6684771418631532,False,0.4249481497519488,292839,1
RUNCHANG,2023-11-01,2023,11,42.0,37.514064958906275,4.485935041093725,-0.2129970819399777,False,0.43886338888350296,287192,1
RUNCHANG,2023-12-01,2023,12,41.4,36.81630354447066,4.583696455529342,-0.4259941638799554,False,0.4574063727739357,277200,1
RUNCHANG,2024-01-01,2024,1,40.5,40.83111949603166,-0.33111949603166124,-0.7454897867899207,False,0.4574779961674131,273433,2
RUNCHANG,2024-02-01,2024,2,39.8,37.3386315690677,2.4613684309322963,-0.9939863823865618,False,0.42399385350502,262444,1
RUNCHANG,2024-03-01,2024,3,42.6,36.57445580333798,6.025544196662018,0.0,False,0.4549137137015087,304833,1
RUNCHANG,2024-04-01,2024,4,45.0,35.60553040780906,9.394469592190937,0.8519883277599083,False,0.44320754353756414,308429,1
RUNCHANG,2024-05-01,2024,5,43.4,35.748664930430934,7.651335069569065,0.28399610925330193,False,0.4197820620801244,312338,1
RUNCHANG,2024-06-01,2024,6,44.0,36.202458439418244,7.797541560581756,0.4969931911932796,False,0.4247984876924815,296399,1
RUNCHANG,2024-07-01,2024,7,39.1,35.7979575262697,3.302042473730303,-1.2424829779832003,False,0.45353818711277183,321797,1
RUNCHANG,2024-08-01,2024,8,45.7,35.321800459405765,10.378199540594238,1.1004849233565495,False,0.43464131374544995,304600,1
RUNCHANG,2024-09-01,2024,9,45.8,38.86480482820094,6.935195171799059,1.1359844370132102,False,0.4374228131651858,295191,2
RUNCHANG,2024-10-01,2024,10,45.5,40.06388343400362,5.436116565996379,1.0294858960432227,False,0.4721177848414057,283471,2
RUNCHANG,2024-11-01,2024,11,42.3,36.7043079958345,5.5956920041655,-0.10649854096999012,False,0.42615222666173413,267799,1
RUNCHANG,2024-12-01,2024,12,42.4,35.56116794702085,6.83883205297915,-0.07099902731332675,False,0.4042051693424266,295072,1
RUNCHANG,2025-01-01,2025,1,43.2,34.436032446493364,8.763967553506639,0.2129970819399777,False,0.459092164899231,306350,1
RUNCHANG,2025-02-01,2025,2,39.1,38.19720040773805,0.9027995922619496,-1.2424829779832003,False,0.42487540462667184,278207,2
RUNCHANG,2025-03-01,2025,3,39.5,35.433673999010736,4.066326000989264,-1.1004849233565495,False,0.4405517367090914,322766,1
RUNCHANG,2025-04-01,2025,4,43.0,36.02415059645403,6.975849403545972,0.14199805462665097,False,0.4493207780302552,298649,1
RUNCHANG,2025-05-01,2025,5,43.7,34.610281164695635,9.089718835304367,0.39049465022329205,False,0.4719314256597084,313949,1
RUNCHANG,2025-06-01,2025,6,37.9,34.78823033970728,3.1117696602927154,-1.6684771418631559,False,0.43709277412423136,324147,1
RUNCHANG,2025-07-01,2025,7,41.6,33.70602176179072,7.893978238209279,-0.3549951365666287,False,0.44327564288864885,334407,1
RUNCHANG,2025-08-01,2025,8,37.8,37.673075421139714,0.12692457886028308,-1.7039766555198192,False,0.45939506673662267,315286,2
RUNCHANG,2025-09-01,2025,9,38.2,34.81020443032305,3.3897955696769557,-1.5619786008931658,False,0.4264550313657952,316932,1
RUNCHANG,2025-10-01,2025,10,42.6,36.40086498047643,6.199135019523574,0.0,False,0.47951399051448323,316837,2
RUNCHANG,2025-11-01,2025,11,44.2,37.39462308386527,6.805376916134733,0.5679922185066064,False,0.4485482586613871,279615,2
RUNCHANG,2025-12-01,2025,12,44.8,35.83003923216857,8.969960767831424,0.7809893004465815,False,0.443127321048781,302037,1
RUNCHANG AGRO,2023-01-01,2023,1,40.2,34.148633244484174,6.051366755515829,0.6380317995048881,False,0.4125385914462753,642482,2
RUNCHANG AGRO,2023-02-01,2023,2,42.5,38.6855278374606,3.8144721625394027,1.4765878788541684,False,0.45829050920392,573563,3
RUNCHANG AGRO,2023-03-01,2023,3,39.9,35.20162992951742,4.698370070482575,0.5286549195897629,False,0.4326061683807486,683579,3
RUNCHANG AGRO,2023-04-01,2023,4,43.4,34.04475202187213,9.35524797812787,1.804718518599539,False,0.40808204115798563,715666,2
RUNCHANG AGRO,2023-05-01,2023,5,38.2,34.76348476980223,3.43651523019777,-0.09114739992926972,False,0.4240867876583033,724975,3
RUNCHANG AGRO,2023-06-01,2023,6,38.9,32.47771951299356,6.422280487006439,0.16406531987268394,False,0.4282603730224938,726393,1
RUNCHANG AGRO,2023-07-01,2023,7,38.4,33.82855640206911,4.571443597930887,-0.018229479985855498,False,0.4316991390420448,716796,2
RUNCHANG AGRO,2023-08-01,2023,8,43.7,33.09789459096527,10.602105409034735,1.9140953985146643,False,0.4241901582022434,703527,1
RUNCHANG AGRO,2023-09-01,2023,9,39.6,35.9382115712272,3.6617884287728018,0.4192780396746402,False,0.42421281323325755,636734,2
RUNCHANG AGRO,2023-10-01,2023,10,41.2,35.29461271114124,5.905387288858762,1.002621399221967,False,0.41046866901453255,665557,2
RUNCHANG AGRO,2023-11-01,2023,11,36.7,32.668874083095446,4.031125916904557,-0.6380317995048881,False,0.4208333820460841,661209,1
RUNCHANG AGRO,2023-12-01,2023,12,43.2,35.99528517354352,7.204714826456481,1.7318005986561247,False,0.4234359450280942,650202,3
RUNCHANG AGRO,2024-01-01,2024,1,35.6,32.64479413874007,2.955205861259934,-1.0390803591936753,False,0.4246688833534939,701923,1
RUNCHANG AGRO,2024-02-01,2024,2,35.3,34.477407687008416,0.8225923129915813,-1.1484572391088006,False,0.4091096900783866,592990,2
RUNCHANG AGRO,2024-03-01,2024,3,40.4,33.9860403073276,6.4139596926724,0.7109497194483023,False,0.42118135008544266,725349,2
RUNCHANG AGRO,2024-04-01,2024,4,39.5,31.18770251371215,8.31229748628785,0.3828190797029318,False,0.4682713117084788,723604,1
RUNCHANG AGRO,2024-05-01,2024,5,38.8,32.399607618317674,6.400392381682323,0.12760635990097555,False,0.46255746888028004,716324,1
RUNCHANG AGRO,2024-06-01,2024,6,38.3,31.1662821516679,7.133717848332097,-0.05468843995756391,False,0.43731503319183485,721452,1
RUNCHANG AGRO,2024-07-01,2024,7,38.5,33.553550488180264,4.946449511819736,0.01822947998585291,False,0.40292071871945007,757364,2
RUNCHANG AGRO,2024-08-01,2024,8,41.7,34.13796387678802,7.562036123211982,1.1849161990805064,False,0.41443728640480915,745821,2
RUNCHANG AGRO,2024-09-01,2024,9,35.6,32.15889032368257,3.4411096763174314,-1.0390803591936753,False,0.4226923409085671,683826,1
RUNCHANG AGRO,2024-10-01,2024,10,35.6,35.06719598107598,0.5328040189240184,-1.0390803591936753,False,0.4212055969964279,686262,3
RUNCHANG AGRO,2024-11-01,2024,11,36.8,33.73664617266003,3.0633538273399665,-0.6015728395331822,False,0.41465878352445423,635336,2
RUNCHANG AGRO,2024-12-01,2024,12,38.0,34.896881382180204,3.1031186178197956,-0.16406531987268655,False,0.41629086356069367,700282,3
RUNCHANG AGRO,2025-01-01,2025,1,36.8,34.36646115523598,2.4335388447640156,-0.6015728395331822,False,0.44147715919328134,701952,3
RUNCHANG AGRO,2025-02-01,2025,2,37.2,35.74788095827377,1.4521190417262346,-0.4557369996463486,False,0.41592518871931,632414,3
RUNCHANG AGRO,2025-03-01,2025,3,40.6,35.1291386321612,5.4708613678388005,0.7838676393917191,False,0.40456080813006384,694115,2
RUNCHANG AGRO,2025-04-01,2025,4,39.7,32.18008762496264,7.519912375037364,0.4557369996463486,False,0.4519757280437997,698670,1
RUNCHANG AGRO,2025-05-01,2025,5,36.1,31.788456083336534,4.311543916663467,-0.8567855593351359,False,0.4290003460785556,780875,2
RUNCHANG AGRO,2025-06-01,2025,6,35.2,33.551345717014634,1.648654282985369,-1.1849161990805064,False,0.39299393513514513,709769,2
RUNCHANG AGRO,2025-07-01,2025,7,34.8,32.33160017573691,2.468399824263088,-1.33075203896734,False,0.466290684724182,725386,1
RUNCHANG AGRO,2025-08-01,2025,8,35.8,34.57507683719829,1.2249231628017085,-0.9661624392502611,False,0.4291607067447443,749067,3
RUNCHANG AGRO,2025-09-01,2025,9,37.4,34.70724337349926,2.6927566265007385,-0.3828190797029344,False,0.4633392114310346,661830,3
RUNCHANG AGRO,2025-10-01,2025,10,40.5,31.236105364356106,9.263894635643894,0.7474086794200107,False,0.42274873539868485,725256,1
RUNCHANG AGRO,2025-11-01,2025,11,39.4,33.38829747797818,6.011702522021821,0.3463601197312234,False,0.40922897484240733,625907,2
RUNCHANG AGRO,2025-12-01,2025,12,35.2,30.77612691666942,4.423873083330584,-1.1849161990805064,False,0.46479758535521803,713449,1
SBRG TEMERLOH,2023-01-01,2023,1,29.3,42.723283922921496,-13.423283922921495,-1.2711556620905053,False,0.4433325995592739,393378,2
SBRG TEMERLOH,2023-02-01,2023,2,31.1,39.19774690589781,-8.097746905897807,-0.33724537973829666,False,0.4433181102641389,377193,1
SBRG TEMERLOH,2023-03-01,2023,3,34.1,42.51004053656711,-8.41004053656711,1.2192717575153837,False,0.4306165099485004,393318,2
SBRG TEMERLOH,2023-04-01,2023,4,31.7,41.374649839683975,-9.674649839683976,-0.025941952287561708,False,0.4074172121023738,411330,2
SBRG TEMERLOH,2023-05-01,2023,5,30.6,42.71887702134409,-12.11887702134409,-0.59666490261391,False,0.41216153832676167,450399,2
SBRG TEMERLOH,2023-06-01,2023,6,33.6,40.3871153604345,-6.787115360434498,0.9598522346397703,False,0.41026303889922155,416879,1
SBRG TEMERLOH,2023-07-01,2023,7,32.7,40.08096012582532,-7.380960125825318,0.49289709346366695,False,0.4231272900449361,408022,1
SBRG TEMERLOH,2023-08-01,2023,8,33.2,42.217716748793826,-9.017716748793823,0.7523166163392804,False,0.403289488752151,414616,2
SBRG TEMERLOH,2023-09-01,2023,9,34.1,43.1287176110972,-9.0287176110972,1.2192717575153837,False,0.43912076588726523,390341,2
SBRG TEMERLOH,2023-10-01,2023,10,33.2,43.188135502398055,-9.988135502398052,0.7523166163392804,False,0.43232631446827163,393028,2
SBRG TEMERLOH,2023-11-01,2023,11,31.8,40.8947368053364,-9.0947368053364,0.025941952287561708,False,0.5110654454386423,359948,1
SBRG TEMERLOH,2023-12-01,2023,12,31.8,39.30969022392763,-7.509690223927631,0.025941952287561708,False,0.5069951263328124,373730,1
SBRG TEMERLOH,2024-01-01,2024,1,31.3,41.433147503004356,-10.133147503004356,-0.23347757058805169,False,0.4747893689844716,391733,2
SBRG TEMERLOH,2024-02-01,2024,2,33.2,40.37342790837273,-7.17342790837273,0.7523166163392804,False,0.4724871674582333,355148,1
SBRG TEMERLOH,2024-03-01,2024,3,32.2,40.08574264316193,-7.885742643161926,0.23347757058805352,False,0.4696850257807467,405957,1
SBRG TEMERLOH,2024-04-01,2024,4,29.3,42.13374718551397,-12.833747185513968,-1.2711556620905053,False,0.4396495295314229,401906,2
SBRG TEMERLOH,2024-05-01,2024,5,30.6,42.459626497229436,-11.859626497229435,-0.59666490261391,False,0.4249848594561492,437502,2
SBRG TEMERLOH,2024-06-01,2024,6,32.1,40.489912471873815,-8.389912471873814,0.18159366601293012,False,0.43467222082661383,414796,2
SBRG TEMERLOH,2024-07-01,2024,7,31.9,41.07623797785938,-9.17623797785938,0.07782585686268328,False,0.4195620168567467,434653,2
SBRG TEMERLOH,2024-08-01,2024,8,33.5,41.83720822293935,-8.337208222939353,0.9079683300646468,False,0.4189367657993576,418084,2
SBRG TEMERLOH,2024-09-01,2024,9,32.9,40.945777948126135,-8.045777948126137,0.59666490261391,False,0.4155162821075129,399845,2
SBRG TEMERLOH,2024-10-01,2024,10,29.2,42.34539589284174,-13.145395892841744,-1.3230395666656287,False,0.43513398173200735,418925,2
SBRG TEMERLOH,2024-11-01,2024,11,30.5,41.401204084856225,-10.901204084856225,-0.6485488071890335,False,0.4177062118764204,406931,2
SBRG TEMERLOH,2024-12-01,2024,12,30.3,40.508212765140655,-10.208212765140654,-0.7523166163392785,False,0.4256573490795296,401099,1
SBRG TEMERLOH,2025-01-01,2025,1,33.2,39.85730433840358,-6.657304338403577,0.7523166163392804,False,0.43543322838892007,414778,1
SBRG TEMERLOH,2025-02-01,2025,2,28.4,40.76957293499491,-12.369572934994913,-1.7381108032666104,False,0.4568897716309634,362769,1
SBRG TEMERLOH,2025-03-01,2025,3,30.5,39.21994066134603,-8.71994066134603,-0.6485488071890335,False,0.41817255104641826,427847,1
SBRG TEMERLOH,2025-04-01,2025,4,31.1,40.50269901263747,-9.40269901263747,-0.33724537973829666,False,0.4391966076197676,405238,1
SBRG TEMERLOH,2025-05-01,2025,5,30.6,39.70995442138969,-9.109954421389688,-0.59666490261391,False,0.43406212442602615,440027,1
SBRG TEMERLOH,2025-06-01,2025,6,33.3,40.390520478604486,-7.090520478604489,0.8042005209144001,False,0.41232040449748386,434787,2
SBRG TEMERLOH,2025-07-01,2025,7,29.7,37.47503465910188,-7.77503465910188,-1.0636200437900152,False,0.4619582179090979,472981,1
SBRG TEMERLOH,2025-08-01,2025,8,33.1,38.23126718831919,-5.131267188319185,0.7004327117641569,False,0.4135063358594559,460829,1
SBRG TEMERLOH,2025-09-01,2025,9,31.3,39.595995037863894,-8.295995037863893,-0.23347757058805169,False,0.45700169741442953,425549,2
SBRG TEMERLOH,2025-10-01,2025,10,29.2,38.8136426090115,-9.613642609011503,-1.3230395666656287,False,0.46798250489912085,417795,1
SBRG TEMERLOH,2025-11-01,2025,11,28.2,40.95527468279384,-12.755274682793843,-1.8418786124168556,False,0.4478105695433933,386611,2
SBRG TEMERLOH,2025-12-01,2025,12,32.3,39.895837018665034,-7.595837018665037,0.2853614751631733,False,0.4429490385382764,421377,2
SEBERANG TEMBELING,2023-01-01,2023,1,39.6,48.542966398949595,-8.942966398949594,0.8784065704811491,False,0.4012197812340704,140710,1
SEBERANG TEMBELING,2023-02-01,2023,2,35.9,48.97060133047698,-13.070601330476983,-0.28234496908322565,False,0.42119689692464224,127733,1
SEBERANG TEMBELING,2023-03-01,2023,3,39.8,49.738916794815026,-9.938916794815029,0.9411498969440869,False,0.41048667542949185,148106,1
SEBERANG TEMBELING,2023-04-01,2023,4,39.1,47.032940124144815,-7.932940124144814,0.7215482543238013,False,0.4103142935168007,158932,1
SEBERANG TEMBELING,2023-05-01,2023,5,35.9,48.019133920282634,-12.119133920282636,-0.28234496908322565,False,0.41426112901905365,155664,1
SEBERANG TEMBELING,2023-06-01,2023,6,41.2,47.30488835836192,-6.104888358361919,1.3803531821846626,False,0.40671470613491434,160874,1
SEBERANG TEMBELING,2023-07-01,2023,7,35.2,46.29565148713554,-11.095651487135534,-0.5019466117035112,False,0.5009573525337631,153652,0
SEBERANG TEMBELING,2023-08-01,2023,8,38.8,46.77971826320022,-7.979718263200226,0.6274332646293913,False,0.41972834609273174,162282,1
SEBERANG TEMBELING,2023-09-01,2023,9,37.8,51.061854050495796,-13.2618540504958,0.31371663231469565,False,0.4631774101374636,148956,2
SEBERANG TEMBELING,2023-10-01,2023,10,39.5,49.16838411257325,-9.66838411257325,0.8470349072496791,False,0.4077848626290513,151929,1
SEBERANG TEMBELING,2023-11-01,2023,11,40.2,50.720804469808414,-10.52080446980841,1.066636549869967,False,0.4299948641653053,137164,1
SEBERANG TEMBELING,2023-12-01,2023,12,39.5,48.883831124391975,-9.383831124391975,0.8470349072496791,False,0.41794535346415623,146453,1
SEBERANG TEMBELING,2024-01-01,2024,1,39.6,51.646505085069606,-12.046505085069604,0.8784065704811491,False,0.47251762334093755,151073,2
SEBERANG TEMBELING,2024-02-01,2024,2,37.3,48.51947622545848,-11.219476225458486,0.15685831615734783,False,0.4101341215826061,134338,1
SEBERANG TEMBELING,2024-03-01,2024,3,33.8,49.1786701329513,-15.3786701329513,-0.9411498969440869,False,0.4012273323106698,150538,1
SEBERANG TEMBELING,2024-04-01,2024,4,36.4,49.53195961659938,-13.131959616599381,-0.1254866529258778,False,0.4046095643039369,149673,1
SEBERANG TEMBELING,2024-05-01,2024,5,38.5,46.88058010144842,-8.380580101448423,0.5333182749349835,False,0.5267546745887137,154750,0
SEBERANG TEMBELING,2024-06-01,2024,6,34.5,47.30985783480426,-12.809857834804262,-0.7215482543237991,False,0.4089202075426537,159439,1
SEBERANG TEMBELING,2024-07-01,2024,7,37.1,45.94166503786874,-8.841665037868736,0.09411498969441003,False,0.513986519577766,159229,0
SEBERANG TEMBELING,2024-08-01,2024,8,34.0,49.79266305058271,-15.79266305058271,-0.8784065704811469,False,0.42472836930089414,152544,1
SEBERANG TEMBELING,2024-09-01,2024,9,39.9,48.57771327767244,-8.677713277672439,0.9725215601755569,False,0.3972818638213659,153787,1
SEBERANG TEMBELING,2024-10-01,2024,10,38.7,46.64732567809369,-7.947325678093684,0.5960616013979235,False,0.5039396496017718,145132,0
SEBERANG TEMBELING,2024-11-01,2024,11,34.3,48.680180231070494,-14.380180231070497,-0.7842915807867391,False,0.3935583422577018,142339,1
SEBERANG TEMBELING,2024-12-01,2024,12,34.9,49.420940318716276,-14.520940318716278,-0.5960616013979213,False,0.40241904976680115,148027,1
SEBERANG TEMBELING,2025-01-01,2025,1,35.7,47.2228885648595,-11.5228885648595,-0.34508829554616344,False,0.3916241311745203,160137,1
SEBERANG TEMBELING,2025-02-01,2025,2,32.3,47.77711416434558,-15.477114164345586,-1.4117248454161304,False,0.45016454033608505,141592,1
SEBERANG TEMBELING,2025-03-01,2025,3,36.4,46.268616494591136,-9.868616494591137,-0.1254866529258778,False,0.5239929532803103,158360,0
SEBERANG TEMBELING,2025-04-01,2025,4,33.6,48.20286038593542,-14.602860385935422,-1.0038932234070246,False,0.40206308660041196,153214,1
SEBERANG TEMBELING,2025-05-01,2025,5,33.9,47.03616411640148,-13.136164116401481,-0.9097782337126169,False,0.42078878000023967,171347,1
SEBERANG TEMBELING,2025-06-01,2025,6,38.4,46.12257356335514,-7.722573563355141,0.5019466117035135,False,0.4361636600433632,171133,1
SEBERANG TEMBELING,2025-07-01,2025,7,38.2,48.25839721640992,-10.058397216409915,0.43920328524057567,False,0.4023432125207969,159788,1
SEBERANG TEMBELING,2025-08-01,2025,8,38.2,46.65687040479527,-8.456870404795268,0.43920328524057567,False,0.41857687904951923,168568,1
SEBERANG TEMBELING,2025-09-01,2025,9,32.3,44.24078366050514,-11.94078366050514,-1.4117248454161304,False,0.5486876477760702,161061,0
SEBERANG TEMBELING,2025-10-01,2025,10,34.3,49.66226914434743,-15.36226914434743,-0.7842915807867391,False,0.4024040310849954,148157,1
SEBERANG TEMBELING,2025-11-01,2025,11,36.1,48.19293550138499,-12.092935501384986,-0.21960164262028561,False,0.40653247641335005,144702,1
SEBERANG TEMBELING,2025-12-01,2025,12,36.5,47.52269591589512,-11.02269591589512,-0.09411498969440779,False,0.4010657500152591,157283,1
SEKOR,2023-01-01,2023,1,49.2,44.38857024358403,4.811429756415976,-0.5230744665328696,False,0.40519035736930115,119193,1
SEKOR,2023-02-01,2023,2,54.2,45.77741823343652,8.422581766563482,0.8534372875009987,False,0.4572162866801011,110997,1
SEKOR,2023-03-01,2023,3,51.1,45.506488926088906,5.593511073911095,0.0,False,0.42035728384056353,120398,1
SEKOR,2023-04-01,2023,4,48.7,45.47700067628071,3.222999323719293,-0.6607256419362564,False,0.4119545973007348,125901,1
SEKOR,2023-05-01,2023,5,55.2,44.12826174411852,11.071738255881485,1.1287396383077724,False,0.42271944286733554,133119,1
SEKOR,2023-06-01,2023,6,48.5,45.258774661887436,3.2412253381125637,-0.7157861120976119,False,0.4320969813441223,118705,1
SEKOR,2023-07-01,2023,7,54.1,44.441039301619405,9.658960698380596,0.8259070524203209,False,0.4188387071908904,134383,1
SEKOR,2023-08-01,2023,8,47.7,44.64288482096795,3.0571151790320528,-0.9360279927430301,False,0.41370122962045025,125471,1
SEKOR,2023-09-01,2023,9,50.7,43.09762871361202,7.602371286387985,-0.11012094032270907,False,0.434166588018974,116304,1
SEKOR,2023-10-01,2023,10,53.0,44.881109864467966,8.118890135532034,0.5230744665328696,False,0.43367067001130405,121416,1
SEKOR,2023-11-01,2023,11,52.6,47.20585680361787,5.394143196382132,0.41295352621016046,False,0.49638767263784594,111179,2
SEKOR,2023-12-01,2023,12,49.5,47.00188759439128,2.4981124056087225,-0.4404837612908382,False,0.4847641425654427,116715,2
SEKOR,2024-01-01,2024,1,50.3,46.06952427227567,4.2304757277243255,-0.22024188064542008,False,0.48865024218586234,123193,2
SEKOR,2024-02-01,2024,2,48.0,45.272740187748326,2.727259812251674,-0.8534372875009987,False,0.4273495134908906,114680,1
SEKOR,2024-03-01,2024,3,48.0,43.66005668218901,4.339943317810992,-0.8534372875009987,False,0.43204636198404694,119670,1
SEKOR,2024-04-01,2024,4,47.9,45.581197618061495,2.3188023819385037,-0.8809675225816764,False,0.42687626802239875,121167,1
SEKOR,2024-05-01,2024,5,54.1,43.01349782751687,11.08650217248313,0.8259070524203209,False,0.43778167067294016,135984,1
SEKOR,2024-06-01,2024,6,52.9,46.13402694136618,6.7659730586338185,0.4955442314521918,False,0.5360064017552337,129695,2
SEKOR,2024-07-01,2024,7,55.2,45.7618529877438,9.438147012256202,1.1287396383077724,False,0.5309490874346207,128031,2
SEKOR,2024-08-01,2024,8,54.4,43.676790550368466,10.723209449631533,0.9084977576623523,False,0.43702790897703725,122434,1
SEKOR,2024-09-01,2024,9,54.6,44.988125678382104,9.611874321617897,0.9635582278237078,False,0.4286462850223134,125021,1
SEKOR,2024-10-01,2024,10,50.1,45.15450287008536,4.945497129914642,-0.2753023508067737,False,0.40844995567117026,126312,1
SEKOR,2024-11-01,2024,11,53.6,42.55452682278722,11.045473177212784,0.6882558770169341,False,0.42130371135193595,115201,1
SEKOR,2024-12-01,2024,12,50.4,45.34912046975246,5.050879530247542,-0.19271164556474232,False,0.44248616322548007,113673,1
SEKOR,2025-01-01,2025,1,52.3,43.55038249908782,8.74961750091218,0.3303628209681272,False,0.40682786845044944,122349,1
SEKOR,2025-02-01,2025,2,53.8,46.32139131770064,7.47860868229936,0.7433163471782877,False,0.5147437504853817,109872,2
SEKOR,2025-03-01,2025,3,45.6,43.777426653801996,1.8225733461980056,-1.5141629294372552,False,0.41251633871009613,122431,1
SEKOR,2025-04-01,2025,4,52.5,46.926516627550015,5.573483372449985,0.3854232911294827,False,0.48308994878583705,127995,2
SEKOR,2025-05-01,2025,5,52.1,44.05108332925722,8.048916670742784,0.2753023508067737,False,0.4113934072020109,131636,1
SEKOR,2025-06-01,2025,6,51.6,43.29774526769794,8.30225473230206,0.13765117540338684,False,0.42121676446995193,123454,1
SEKOR,2025-07-01,2025,7,49.3,44.06961044377288,5.2303895562271165,-0.49554423145219373,False,0.42196610793318995,135430,1
SEKOR,2025-08-01,2025,8,46.2,43.44111463244979,2.7588853675502136,-1.3489815189531904,False,0.41277533987458975,133080,1
SEKOR,2025-09-01,2025,9,54.3,45.106926342841454,9.193073657158543,0.8809675225816745,False,0.5017702896094307,128448,2
SEKOR,2025-10-01,2025,10,48.8,47.98636566724404,0.8136343327559601,-0.6331954068555806,False,0.5007520780853105,120557,2
SEKOR,2025-11-01,2025,11,51.1,45.09565721202188,6.004342787978125,0.0,False,0.49751758049918254,114959,2
SEKOR,2025-12-01,2025,12,48.3,43.25170787098204,5.048292129017959,-0.7708465822589674,False,0.4264019647276126,116323,1
SELENDANG,2023-01-01,2023,1,54.7,49.97178186169609,4.728218138303916,1.4051890822429054,False,0.4794302483914215,153523,1
SELENDANG,2023-02-01,2023,2,48.9,48.80426349690557,0.09573650309442883,-0.22483025315886607,False,0.4562764195370417,136948,1
SELENDANG,2023-03-01,2023,3,53.7,49.54264406206062,4.157355937939386,1.1241512657943242,False,0.46375245394223047,151808,1
SELENDANG,2023-04-01,2023,4,49.5,48.40113210555503,1.0988678944449717,-0.05620756328971701,False,0.46573325853858377,146558,1
SELENDANG,2023-05-01,2023,5,51.5,49.50966289451123,1.99033710548877,0.5058680696074451,False,0.4680588618120131,158993,1
SELENDANG,2023-06-01,2023,6,50.2,53.09993587089089,-2.899935870890886,0.14051890822429053,False,0.5106438580131792,156404,2
SELENDANG,2023-07-01,2023,7,47.4,49.375612932803385,-1.9756129328033865,-0.6463869778317377,False,0.48224166108038924,164098,1
SELENDANG,2023-08-01,2023,8,48.1,47.572353868744926,0.5276461312550751,-0.44966050631773014,False,0.4568598522409631,162530,1
SELENDANG,2023-09-01,2023,9,53.1,49.070135681453614,4.029864318546387,0.9555285759251753,False,0.46690459778907756,152470,1
SELENDANG,2023-10-01,2023,10,47.3,45.826452483368925,1.473547516631072,-0.6744907594765962,False,0.5800840425137328,140952,0
SELENDANG,2023-11-01,2023,11,48.8,48.71506439641779,0.08493560358220975,-0.25293403480372456,False,0.48534826301938555,141709,1
SELENDANG,2023-12-01,2023,12,52.0,49.13618735941245,2.863812640587547,0.6463869778317357,False,0.4504973572471175,147201,1
SELENDANG,2024-01-01,2024,1,53.7,49.38870704281466,4.311292957185344,1.1241512657943242,False,0.45896292247733705,154581,1
SELENDANG,2024-02-01,2024,2,50.5,52.03313097611442,-1.5331309761144212,0.22483025315886407,False,0.534365041211229,143619,2
SELENDANG,2024-03-01,2024,3,46.8,48.14519421014892,-1.3451942101489252,-0.8150096677008867,False,0.4331796232629207,159187,1
SELENDANG,2024-04-01,2024,4,54.0,51.70714856278284,2.292851437217159,1.2084626107288978,False,0.5384387654844878,147287,2
SELENDANG,2024-05-01,2024,5,50.0,50.48833598089949,-0.4883359808994925,0.08431134493457353,False,0.4895248189335226,170378,2
SELENDANG,2024-06-01,2024,6,47.3,48.03982893855466,-0.7398289385546661,-0.6744907594765962,False,0.43610475646660884,163231,1
SELENDANG,2024-07-01,2024,7,47.1,48.02269204859519,-0.9226920485951879,-0.7306983227663112,False,0.4515988809962249,172515,1
SELENDANG,2024-08-01,2024,8,52.4,50.17541564282804,2.224584357171956,0.7588021044111677,False,0.48318939376543224,154298,1
SELENDANG,2024-09-01,2024,9,49.4,47.661409576429755,1.738590423570244,-0.08431134493457552,False,0.46250281970099766,156797,1
SELENDANG,2024-10-01,2024,10,50.4,48.921001361563036,1.4789986384369627,0.19672647151400555,False,0.46629622130900683,159286,1
SELENDANG,2024-11-01,2024,11,49.9,53.10995159598609,-3.209951595986091,0.05620756328971502,False,0.555323677602293,140180,2
SELENDANG,2024-12-01,2024,12,55.1,49.29779479770446,5.802205202295539,1.5176042088223374,False,0.49215518088132976,140261,1
SELENDANG,2025-01-01,2025,1,49.5,49.32882237821153,0.1711776217884733,-0.05620756328971701,False,0.4514151164467691,144422,1
SELENDANG,2025-02-01,2025,2,53.1,48.812434468283044,4.287565531716957,0.9555285759251753,False,0.4530760938746261,145956,1
SELENDANG,2025-03-01,2025,3,47.1,48.7678058169717,-1.6678058169717005,-0.7306983227663112,False,0.4293815023233352,162221,1
SELENDANG,2025-04-01,2025,4,46.7,51.841537202147556,-5.141537202147553,-0.8431134493457432,False,0.48713923223445155,150877,2
SELENDANG,2025-05-01,2025,5,53.8,50.31424323706639,3.4857567629336046,1.1522550474391808,False,0.501151092634253,176281,2
SELENDANG,2025-06-01,2025,6,49.2,47.10848772609657,2.091512273903433,-0.14051890822429053,False,0.4228800024798659,159839,1
SELENDANG,2025-07-01,2025,7,46.6,47.674677695761545,-1.0746776957615438,-0.8712172309906017,False,0.43618493435214345,165145,1
SELENDANG,2025-08-01,2025,8,46.5,47.86959351492771,-1.3695935149277076,-0.8993210126354603,False,0.4415820301967607,158298,1
SELENDANG,2025-09-01,2025,9,53.0,49.70542671305398,3.2945732869460187,0.9274247942803168,False,0.5215612944034824,162225,2
SELENDANG,2025-10-01,2025,10,48.4,48.423678726681615,-0.023678726681616524,-0.3653491613831566,False,0.41521711350419493,158071,1
SELENDANG,2025-11-01,2025,11,47.9,48.03179731743016,-0.13179731743016276,-0.5058680696074471,False,0.4375724979218885,145511,1
SELENDANG,2025-12-01,2025,12,52.1,48.380443164369,3.7195568356310034,0.6744907594765942,False,0.45217627441972635,152922,1
SEMAMBU,2023-01-01,2023,1,29.4,29.538747572937403,-0.13874757293740458,1.1990946835139467,False,0.614132292992957,5807521,17
SEMAMBU,2023-02-01,2023,2,31.0,30.316910994259086,0.6830890057409142,1.9984911391899123,False,0.5387026141214718,5574113,20
SEMAMBU,2023-03-01,2023,3,28.9,32.79595880139638,-3.8959588013963824,0.9492832911152077,False,0.5368331804588906,5986163,10
SEMAMBU,2023-04-01,2023,4,29.4,31.966495801738258,-2.5664958017382595,1.1990946835139467,False,0.53067196935543,6159167,10
SEMAMBU,2023-05-01,2023,5,29.9,30.39421926789332,-0.49421926789332105,1.4489060759126857,False,0.5140941869792706,6279624,12
SEMAMBU,2023-06-01,2023,6,27.8,32.325162116174944,-4.525162116174943,0.3996982278379828,False,0.5350684229301031,6581193,17
SEMAMBU,2023-07-01,2023,7,29.2,30.925832947224087,-1.725832947224088,1.0991701265544516,False,0.5515834444397923,6434086,20
SEMAMBU,2023-08-01,2023,8,27.5,30.393983946191703,-2.893983946191703,0.24981139239873904,False,0.5615704755974953,6638370,18
SEMAMBU,2023-09-01,2023,9,26.5,31.643492236212374,-5.143492236212374,-0.24981139239873904,False,0.49067961132474686,6308476,16
SEMAMBU,2023-10-01,2023,10,27.7,28.100904105607235,-0.40090410560723555,0.3497359493582343,False,0.5947774974297637,6418196,22
SEMAMBU,2023-11-01,2023,11,28.0,31.480477913989642,-3.480477913989642,0.49962278479747807,False,0.5513754786349551,6055184,21
SEMAMBU,2023-12-01,2023,12,29.8,32.459029311896074,-2.6590293118960737,1.398943797432939,False,0.4998208941341437,5648538,16
SEMAMBU,2024-01-01,2024,1,26.9,29.376215736206877,-2.4762157362068784,-0.04996227847974852,False,0.5868720157588462,5946214,15
SEMAMBU,2024-02-01,2024,2,26.8,31.623477295522104,-4.823477295522103,-0.09992455695949526,False,0.5446348126983953,5782752,9
SEMAMBU,2024-03-01,2024,3,29.0,30.92720079132803,-1.9272007913280298,0.9992455695949561,False,0.5254712954357718,6738908,10
SEMAMBU,2024-04-01,2024,4,28.0,32.17965824988649,-4.1796582498864865,0.49962278479747807,False,0.4908682053720309,6088051,8
SEMAMBU,2024-05-01,2024,5,25.6,27.960889748851713,-2.3608897488517115,-0.6994718987164686,False,0.6075851961594035,6790179,20
SEMAMBU,2024-06-01,2024,6,25.7,29.186353184024178,-3.4863531840241784,-0.6495096202367219,False,0.5605440300376124,6782397,19
SEMAMBU,2024-07-01,2024,7,28.3,30.963331607268408,-2.6633316072684075,0.6495096202367219,False,0.5276432424068936,6973373,7
SEMAMBU,2024-08-01,2024,8,29.1,29.632358471903647,-0.5323584719036454,1.0492078480747047,False,0.5589136042259972,6933869,12
SEMAMBU,2024-09-01,2024,9,28.6,29.089025382500285,-0.4890253825002837,0.7993964556759656,False,0.5892728048864433,6165140,19
SEMAMBU,2024-10-01,2024,10,24.7,30.830869921145844,-6.130869921145845,-1.1491324050342,False,0.5694266232098274,6269579,17
SEMAMBU,2024-11-01,2024,11,27.1,31.29738720484758,-4.19738720484758,0.04996227847974852,False,0.5227983513062889,5893902,10
SEMAMBU,2024-12-01,2024,12,29.2,31.07673060930184,-1.8767306093018412,1.0991701265544516,False,0.487044594123786,6367244,18
SEMAMBU,2025-01-01,2025,1,26.3,30.286870219357333,-3.986870219357332,-0.3497359493582343,False,0.5292173400866245,6355683,8
SEMAMBU,2025-02-01,2025,2,24.7,30.589774739783483,-5.889774739783483,-1.1491324050342,False,0.4951829158177623,5469813,8
SEMAMBU,2025-03-01,2025,3,26.9,29.829771811870064,-2.929771811870065,-0.04996227847974852,False,0.5470354230442125,6463351,15
SEMAMBU,2025-04-01,2025,4,24.2,28.17264233682748,-3.97264233682748,-1.398943797432939,False,0.5645435531614916,6687850,12
SEMAMBU,2025-05-01,2025,5,24.8,29.286460960201353,-4.486460960201352,-1.0991701265544516,False,0.5403451646333549,7151742,8
SEMAMBU,2025-06-01,2025,6,26.3,30.53545676504107,-4.235456765041068,-0.3497359493582343,False,0.5528382731648572,6333864,14
SEMAMBU,2025-07-01,2025,7,23.6,29.98813286397089,-6.388132863970888,-1.6987174683114248,False,0.560375632382987,7246302,10
SEMAMBU,2025-08-01,2025,8,26.9,29.83934642951412,-2.9393464295141207,-0.04996227847974852,False,0.5287582381231757,6650428,17
SEMAMBU,2025-09-01,2025,9,24.2,31.162425412125142,-6.9624254121251425,-1.398943797432939,False,0.5398284021769514,6116328,8
SEMAMBU,2025-10-01,2025,10,26.5,29.138388369204243,-2.638388369204243,-0.24981139239873904,False,0.542645540478575,6326758,14
SEMAMBU,2025-11-01,2025,11,26.7,28.74711457400172,-2.0471145740017214,-0.14988683543924378,False,0.5640224429088293,6368872,14
SEMAMBU,2025-12-01,2025,12,26.6,30.384381104477168,-3.7843811044771662,-0.19984911391899052,False,0.5084703670054593,6465338,8
SEPAYANG,2023-01-01,2023,1,35.6,41.946423893759444,-6.346423893759443,-0.9197601265589923,False,0.4264263028407057,125218,1
SEPAYANG,2023-02-01,2023,2,39.4,42.00716455763501,-2.6071645576350093,1.4102988607237865,False,0.45024063044675783,114681,1
SEPAYANG,2023-03-01,2023,3,39.8,41.4947210620884,-1.694721062088405,1.6555682278061836,False,0.44283609494375226,132148,1
SEPAYANG,2023-04-01,2023,4,36.2,41.01508684009096,-4.815086840090956,-0.5518560759353945,False,0.46107766946620404,126005,1
SEPAYANG,2023-05-01,2023,5,36.0,43.7001950291914,-7.7001950291913985,-0.6744907594765952,False,0.5375285310401612,135920,2
SEPAYANG,2023-06-01,2023,6,36.5,43.11313018587032,-6.613130185870318,-0.36790405062359777,False,0.5115126036528611,136206,2
SEPAYANG,2023-07-01,2023,7,41.7,40.60684556673021,1.0931544332697953,2.8205977214475775,False,0.45877534605301845,127459,1
SEPAYANG,2023-08-01,2023,8,42.5,44.22959798368208,-1.7295979836820834,3.3111364556123712,False,0.5059901961613736,133746,2
SEPAYANG,2023-09-01,2023,9,42.1,42.85344287904192,-0.7534428790419199,3.0658670885299744,False,0.41527853233164624,120868,1
SEPAYANG,2023-10-01,2023,10,38.8,43.498430179472024,-4.698430179472027,1.0423948101001888,False,0.4478706769898987,121979,1
SEPAYANG,2023-11-01,2023,11,36.4,40.96222856741979,-4.562228567419794,-0.42922139239419815,False,0.4356728468001979,117836,1
SEPAYANG,2023-12-01,2023,12,40.0,39.668603799103366,0.33139620089663424,1.7782029113473843,False,0.44614818622160196,126180,1
SEPAYANG,2024-01-01,2024,1,38.8,40.119933190202055,-1.3199331902020575,1.0423948101001888,False,0.45077180568770264,129460,1
SEPAYANG,2024-02-01,2024,2,35.6,42.12459262718827,-6.5245926271882695,-0.9197601265589923,False,0.4154118039479638,114901,1
SEPAYANG,2024-03-01,2024,3,36.9,42.57992272937289,-5.6799227293728904,-0.12263468354120072,False,0.441057488693193,126419,1
SEPAYANG,2024-04-01,2024,4,41.2,40.226184353509595,0.973815646490408,2.51401101259458,False,0.4434438170787548,126637,1
SEPAYANG,2024-05-01,2024,5,37.2,41.79679332258251,-4.596793322582506,0.06131734177060036,False,0.40656894431541785,131201,1
SEPAYANG,2024-06-01,2024,6,36.6,40.16176839117311,-3.5617683911731106,-0.30658670885299744,False,0.43888879275292175,137370,1
SEPAYANG,2024-07-01,2024,7,36.0,40.386380631412074,-4.386380631412074,-0.6744907594765952,False,0.4520348736878822,133536,1
SEPAYANG,2024-08-01,2024,8,35.0,40.17087509687701,-5.170875096877012,-1.28766417718259,False,0.4576416046934917,132895,1
SEPAYANG,2024-09-01,2024,9,36.0,40.86421614824375,-4.864216148243749,-0.6744907594765952,False,0.45183485366389436,129935,1
SEPAYANG,2024-10-01,2024,10,35.5,41.34084497555937,-5.840844975559371,-0.9810774683295926,False,0.42154072374770996,120667,1
SEPAYANG,2024-11-01,2024,11,37.6,40.98512593250385,-3.385125932503847,0.30658670885299744,False,0.4452009894898054,121184,1
SEPAYANG,2024-12-01,2024,12,41.1,41.45901693493165,-0.35901693493164544,2.4526936708239795,False,0.4180688711116896,125647,1
SEPAYANG,2025-01-01,2025,1,37.1,40.62088991624407,-3.520889916244066,0.0,False,0.44094907747817597,134763,1
SEPAYANG,2025-02-01,2025,2,39.4,38.80197324741641,0.5980267525835856,1.4102988607237865,False,0.45411741701658814,124210,1
SEPAYANG,2025-03-01,2025,3,36.4,40.96819275376107,-4.568192753761075,-0.42922139239419815,False,0.4302039956491532,135806,1
SEPAYANG,2025-04-01,2025,4,37.4,41.16825906028951,-3.768259060289509,0.18395202531179672,False,0.4720285193493701,131463,1
SEPAYANG,2025-05-01,2025,5,37.3,40.126701002864,-2.826701002864006,0.12263468354119636,False,0.44502459640955266,139261,1
SEPAYANG,2025-06-01,2025,6,36.5,39.16763278256392,-2.6676327825639206,-0.36790405062359777,False,0.4675933113430066,139293,1
SEPAYANG,2025-07-01,2025,7,34.6,38.042557084377385,-3.442557084377384,-1.5329335442649872,False,0.5546145106759278,143718,0
SEPAYANG,2025-08-01,2025,8,37.1,39.9809346249531,-2.880934624953099,0.0,False,0.43689646171069646,140032,1
SEPAYANG,2025-09-01,2025,9,36.1,39.295669325147514,-3.195669325147513,-0.6131734177059949,False,0.4407151417752868,130069,1
SEPAYANG,2025-10-01,2025,10,37.9,39.239783805579926,-1.339783805579927,0.49053873416479415,False,0.43102395765686113,137630,1
SEPAYANG,2025-11-01,2025,11,37.4,41.021891728182844,-3.6218917281828453,0.18395202531179672,False,0.43815931826934307,127127,1
SEPAYANG,2025-12-01,2025,12,34.3,41.63781402262286,-7.337814022622865,-1.7168855695767882,False,0.4229258092635495,124914,1
SG AUR,2023-01-01,2023,1,38.4,44.149034950361404,-5.7490349503614055,0.4432367847989049,False,0.5008074889633661,32907,1
SG AUR,2023-02-01,2023,2,38.1,42.148576161840396,-4.048576161840394,0.3276097974600611,False,0.4948466314442041,32189,1
SG AUR,2023-03-01,2023,3,37.9,44.055062344618435,-6.155062344618436,0.25052513923416336,False,0.5531988345169159,35308,1
SG AUR,2023-04-01,2023,4,38.0,44.217483543253955,-6.217483543253955,0.2890674683471122,False,0.5239314157763469,36817,1
SG AUR,2023-05-01,2023,5,40.4,43.001893781991825,-2.6018937819918264,1.2140833670578708,False,0.4732812186253648,38995,1
SG AUR,2023-06-01,2023,6,37.5,42.81601977745012,-5.316019777450123,0.09635582278237075,False,0.46347056058019814,35946,1
SG AUR,2023-07-01,2023,7,37.4,37.02373521518864,0.3762647848113616,0.0578134936694219,False,0.5096139290260676,39920,0
SG AUR,2023-08-01,2023,8,34.3,41.79298544619664,-7.492985446196641,-1.136998708831976,False,0.4563179602642969,39055,1
SG AUR,2023-09-01,2023,9,37.1,44.238607568765254,-7.138607568765252,-0.0578134936694219,False,0.5179711843636061,34952,1
SG AUR,2023-10-01,2023,10,39.2,42.50526821237951,-3.3052682123795094,0.7515754177024929,False,0.498927761287509,35210,1
SG AUR,2023-11-01,2023,11,40.1,41.651552788204995,-1.5515527882049938,1.098456379719027,False,0.5207248273486873,32357,1
SG AUR,2023-12-01,2023,12,36.3,42.497083206428975,-6.197083206428978,-0.36615212657300994,False,0.4995736041686649,32863,1
SG AUR,2024-01-01,2024,1,39.6,37.917819190699724,1.6821808093002772,0.9057447341542855,False,0.5178113972089592,35739,0
SG AUR,2024-02-01,2024,2,39.6,43.48502724170398,-3.8850272417039804,0.9057447341542855,False,0.534904270316771,31584,1
SG AUR,2024-03-01,2024,3,34.0,37.14965481669523,-3.1496548166952323,-1.2526256961708195,False,0.5224563971715822,38967,0
SG AUR,2024-04-01,2024,4,36.1,36.23153254684661,-0.1315325468466071,-0.4432367847989049,False,0.5031300252074546,37695,0
SG AUR,2024-05-01,2024,5,35.4,41.836462397892916,-6.436462397892917,-0.7130330885895441,False,0.510446264637225,37282,1
SG AUR,2024-06-01,2024,6,38.4,41.93741887036593,-3.537418870365933,0.4432367847989049,False,0.46722929967501753,36129,1
SG AUR,2024-07-01,2024,7,37.4,42.21576855117913,-4.815768551179133,0.0578134936694219,False,0.4693596998581251,37611,1
SG AUR,2024-08-01,2024,8,35.5,42.81330932316171,-7.313309323161711,-0.6744907594765952,False,0.5123988601191275,39594,1
SG AUR,2024-09-01,2024,9,36.5,43.186459884041646,-6.686459884041646,-0.2890674683471122,False,0.4812258397236938,34446,1
SG AUR,2024-10-01,2024,10,34.7,42.938600543553484,-8.238600543553481,-0.9828293923801805,False,0.5075261438340822,36626,1
SG AUR,2024-11-01,2024,11,33.6,42.293272585864365,-8.693272585864364,-1.4067950126226123,False,0.4970015241563447,33091,1
SG AUR,2024-12-01,2024,12,39.5,40.43242333312591,-0.9324233331259109,0.8672024050413367,False,0.46119518967572876,36076,1
SG AUR,2025-01-01,2025,1,39.1,42.21593876615643,-3.1159387661564253,0.7130330885895441,False,0.47123864791249503,36737,1
SG AUR,2025-02-01,2025,2,38.7,42.2667307700083,-3.5667307700082986,0.5588637721377514,False,0.45986780451192605,32916,1
SG AUR,2025-03-01,2025,3,36.9,37.758086619677655,-0.8580866196776569,-0.1348981518953196,False,0.5003812166720025,38797,0
SG AUR,2025-04-01,2025,4,38.9,41.095361057684826,-2.1953610576848277,0.6359484303636463,False,0.479670165562202,39781,1
SG AUR,2025-05-01,2025,5,33.5,40.65066531412641,-7.150665314126407,-1.445337341735561,False,0.4694615769754809,41226,1
SG AUR,2025-06-01,2025,6,34.6,41.57643363654573,-6.976433636545728,-1.0213717214931293,False,0.4637228615275706,38285,1
SG AUR,2025-07-01,2025,7,37.5,43.42889736123574,-5.928897361235741,0.09635582278237075,False,0.5188869484671581,39128,1
SG AUR,2025-08-01,2025,8,33.0,41.66477700500624,-8.664777005006243,-1.6380489873003026,False,0.45759144479822494,37905,1
SG AUR,2025-09-01,2025,9,32.9,41.323936652703225,-8.423936652703226,-1.6765913164132515,False,0.46036916481319196,36491,1
SG AUR,2025-10-01,2025,10,35.5,42.67764273971002,-7.1776427397100235,-0.6744907594765952,False,0.46648312316512813,36171,1
SG AUR,2025-11-01,2025,11,34.1,37.2643210826546,-3.1643210826545953,-1.2140833670578708,False,0.5374082525631898,35102,0
SG AUR,2025-12-01,2025,12,36.5,41.855688826700415,-5.3556888267004155,-0.2890674683471122,False,0.4961249133470822,34158,1
SG BERA (KEPAYANG),2023-01-01,2023,1,60.7,47.04995819489036,13.650041805109645,0.3578930560488069,False,0.5223673244111768,183047,2
SG BERA (KEPAYANG),2023-02-01,2023,2,62.6,43.16271919168833,19.43728080831167,0.8809675225816764,False,0.5170795344434279,164094,1
SG BERA (KEPAYANG),2023-03-01,2023,3,61.2,44.01497197767886,17.18502802232114,0.49554423145219373,False,0.4714197773699914,202726,1
SG BERA (KEPAYANG),2023-04-01,2023,4,58.3,46.738579154092164,11.561420845907833,-0.30283258588745143,False,0.5213646170427534,198505,2
SG BERA (KEPAYANG),2023-05-01,2023,5,61.5,43.79785312615555,17.70214687384445,0.5781349366942251,False,0.4701027540874091,198209,1
SG BERA (KEPAYANG),2023-06-01,2023,6,55.7,44.19618245726639,11.503817542733614,-1.0186186979850613,False,0.4282730285217987,200010,1
SG BERA (KEPAYANG),2023-07-01,2023,7,60.3,43.96367898098711,16.336321019012885,0.2477721157260959,False,0.4683434154125805,198541,1
SG BERA (KEPAYANG),2023-08-01,2023,8,61.3,45.4994759621354,15.800524037864598,0.5230744665328696,False,0.5145599396398312,209001,2
SG BERA (KEPAYANG),2023-09-01,2023,9,57.4,45.78459399709527,11.615406002904727,-0.5506047016135474,False,0.4903758304826531,181226,2
SG BERA (KEPAYANG),2023-10-01,2023,10,57.0,44.04718332732581,12.952816672674189,-0.6607256419362564,False,0.4422537151296702,193394,1
SG BERA (KEPAYANG),2023-11-01,2023,11,62.8,43.91363581124027,18.886364188759728,0.9360279927430301,False,0.5203772067154819,179802,1
SG BERA (KEPAYANG),2023-12-01,2023,12,64.1,44.213689747945814,19.88631025205418,1.293921048791835,False,0.5487133590013057,183181,1
SG BERA (KEPAYANG),2024-01-01,2024,1,62.5,42.48061146757405,20.01938853242595,0.8534372875009987,False,0.48491454710986853,192771,1
SG BERA (KEPAYANG),2024-02-01,2024,2,59.0,44.19675625709394,14.803243742906062,-0.11012094032270907,False,0.501932171612522,179181,2
SG BERA (KEPAYANG),2024-03-01,2024,3,53.1,46.41859606831087,6.6814039316891325,-1.7344048100826732,False,0.4903470588955813,193193,2
SG BERA (KEPAYANG),2024-04-01,2024,4,60.1,44.724432096238885,15.375567903761116,0.19271164556474232,False,0.4972703050526211,205147,2
SG BERA (KEPAYANG),2024-05-01,2024,5,53.9,45.94824617273453,7.95175382726547,-1.5141629294372552,False,0.47859730036727227,204515,2
SG BERA (KEPAYANG),2024-06-01,2024,6,61.2,45.09399585472625,16.10600414527375,0.49554423145219373,False,0.5242409475434049,211432,2
SG BERA (KEPAYANG),2024-07-01,2024,7,57.6,45.04248140272072,12.557518597279284,-0.4955442314521918,False,0.48709697834865084,213818,2
SG BERA (KEPAYANG),2024-08-01,2024,8,59.8,43.19220022420954,16.607799775790454,0.11012094032270907,False,0.46824651592367056,201326,1
SG BERA (KEPAYANG),2024-09-01,2024,9,61.5,45.6246031830636,15.875396816936401,0.5781349366942251,False,0.529770301635635,183544,2
SG BERA (KEPAYANG),2024-10-01,2024,10,56.0,44.74516911176467,11.254830888235333,-0.9360279927430301,False,0.4749101044509772,200095,2
SG BERA (KEPAYANG),2024-11-01,2024,11,60.0,44.77579392120616,15.224206078793841,0.1651814104840646,False,0.5254725525531989,186006,2
SG BERA (KEPAYANG),2024-12-01,2024,12,62.1,42.747508624627265,19.352491375372736,0.7433163471782896,False,0.4807659943618579,195879,1
SG BERA (KEPAYANG),2025-01-01,2025,1,55.1,43.446719601507134,11.653280398492868,-1.1838001084691259,False,0.5002891213617304,188458,2
SG BERA (KEPAYANG),2025-02-01,2025,2,58.0,45.13253119645721,12.867468803542792,-0.3854232911294827,False,0.5011619690359521,177714,2
SG BERA (KEPAYANG),2025-03-01,2025,3,55.3,42.12395283204032,13.17604716795968,-1.1287396383077724,False,0.4532991834473056,208728,1
SG BERA (KEPAYANG),2025-04-01,2025,4,53.1,41.78532211459092,11.314677885409083,-1.7344048100826732,False,0.41409319932469807,209305,1
SG BERA (KEPAYANG),2025-05-01,2025,5,61.9,43.77386919804803,18.126130801951966,0.6882558770169341,False,0.5352033997132711,216127,2
SG BERA (KEPAYANG),2025-06-01,2025,6,61.9,41.79922066973381,20.100779330266185,0.6882558770169341,False,0.4645028080186709,207109,1
SG BERA (KEPAYANG),2025-07-01,2025,7,57.6,41.99267929855596,15.607320701444038,-0.4955442314521918,False,0.4464325921395708,213705,1
SG BERA (KEPAYANG),2025-08-01,2025,8,54.7,44.3871895568661,10.312810443133905,-1.293921048791835,False,0.48914405974609876,200192,2
SG BERA (KEPAYANG),2025-09-01,2025,9,58.6,44.81631474004125,13.783685259958752,-0.22024188064541814,False,0.49603473311345964,195478,2
SG BERA (KEPAYANG),2025-10-01,2025,10,56.5,45.13621098908776,11.363789010912242,-0.7983768173396432,False,0.49700651905173576,199372,2
SG BERA (KEPAYANG),2025-11-01,2025,11,55.5,42.66436506936107,12.835634930638932,-1.0736791681464168,False,0.46537013044223313,176208,1
SG BERA (KEPAYANG),2025-12-01,2025,12,62.7,43.89227762468269,18.80772237531731,0.9084977576623542,False,0.5129499959702859,195512,2
SG BERA (TEMBANGAU),2023-01-01,2023,1,40.8,36.16412492353819,4.635875076461808,1.3835707886699395,False,0.40999425100978965,281927,2
SG BERA (TEMBANGAU),2023-02-01,2023,2,39.5,33.55590541099351,5.94409458900649,0.9339102823522101,False,0.4255682805419993,270215,1
SG BERA (TEMBANGAU),2023-03-01,2023,3,34.9,31.83660082396924,3.06339917603076,-0.6571961246182207,False,0.42823088163088024,314630,1
SG BERA (TEMBANGAU),2023-04-01,2023,4,37.5,35.08947357800913,2.4105264219908733,0.24212488801724039,False,0.4210801109745602,294571,2
SG BERA (TEMBANGAU),2023-05-01,2023,5,37.0,36.22751672792082,0.7724832720791781,0.06917853943349796,False,0.43240807296109546,307462,2
SG BERA (TEMBANGAU),2023-06-01,2023,6,37.2,34.97536273323206,2.2246372667679424,0.13835707886699591,False,0.4474862032837603,303368,2
SG BERA (TEMBANGAU),2023-07-01,2023,7,37.2,36.528203091570845,0.6717969084291582,0.13835707886699591,False,0.42553461041311313,299011,2
SG BERA (TEMBANGAU),2023-08-01,2023,8,38.1,36.88866260449633,1.2113373955036693,0.4496605063177318,False,0.4277177170539309,293308,2
SG BERA (TEMBANGAU),2023-09-01,2023,9,36.1,32.382772302478045,3.717227697521956,-0.24212488801723792,False,0.41457603073016736,298060,1
SG BERA (TEMBANGAU),2023-10-01,2023,10,40.5,36.573563463607634,3.926436536392366,1.279802979519695,False,0.4390340436558905,302490,2
SG BERA (TEMBANGAU),2023-11-01,2023,11,39.5,36.24946546211758,3.250534537882423,0.9339102823522101,False,0.4176338695875209,267746,2
SG BERA (TEMBANGAU),2023-12-01,2023,12,41.2,33.138790449566535,8.061209550433468,1.5219278675369354,False,0.41236417623694377,288768,1
SG BERA (TEMBANGAU),2024-01-01,2024,1,37.7,35.86733356623922,1.8326664337607852,0.31130342745073836,False,0.4355870277774111,289416,2
SG BERA (TEMBANGAU),2024-02-01,2024,2,36.9,36.13701114940039,0.7629888505996121,0.03458926971674898,False,0.41106632785608727,256914,2
SG BERA (TEMBANGAU),2024-03-01,2024,3,38.8,32.41442516494058,6.3855748350594155,0.6917853943349698,False,0.42707846734311533,302533,1
SG BERA (TEMBANGAU),2024-04-01,2024,4,35.1,30.158285128729823,4.941714871270179,-0.5880175851847228,False,0.4859991026511607,322643,1
SG BERA (TEMBANGAU),2024-05-01,2024,5,36.5,29.662128589970827,6.837871410029173,-0.10376780915024447,False,0.4588424042713431,337233,1
SG BERA (TEMBANGAU),2024-06-01,2024,6,34.3,33.21925518526306,1.0807448147369385,-0.8647317429187121,False,0.42844599809766987,301826,1
SG BERA (TEMBANGAU),2024-07-01,2024,7,39.3,32.139945272627656,7.160054727372341,0.8647317429187121,False,0.4120012564378684,307713,1
SG BERA (TEMBANGAU),2024-08-01,2024,8,33.6,31.402977689431157,2.197022310568844,-1.10685663093595,False,0.4814503785043238,318636,1
SG BERA (TEMBANGAU),2024-09-01,2024,9,39.1,34.33910317578725,4.76089682421275,0.7955532034852166,False,0.4352582731495675,302230,2
SG BERA (TEMBANGAU),2024-10-01,2024,10,34.0,35.92161781329044,-1.921617813290439,-0.9684995520689567,False,0.44930119823398346,287439,2
SG BERA (TEMBANGAU),2024-11-01,2024,11,35.6,35.08281272885117,0.5171872711488348,-0.41507123660098033,False,0.43487522823401226,289256,2
SG BERA (TEMBANGAU),2024-12-01,2024,12,33.5,31.343424173823017,2.156575826176983,-1.1414459006526991,False,0.43646504741671677,295279,1
SG BERA (TEMBANGAU),2025-01-01,2025,1,34.0,30.797575000946203,3.2024249990537967,-0.9684995520689567,False,0.428227479106365,310967,1
SG BERA (TEMBANGAU),2025-02-01,2025,2,36.5,32.55269630161979,3.9473036983802103,-0.10376780915024447,False,0.4116959030801192,266400,1
SG BERA (TEMBANGAU),2025-03-01,2025,3,34.5,30.69865536116716,3.801344638832841,-0.7955532034852142,False,0.43610089017944825,326609,1
SG BERA (TEMBANGAU),2025-04-01,2025,4,34.2,30.828285978159386,3.371714021840617,-0.8993210126354587,False,0.47169617312035816,328920,1
SG BERA (TEMBANGAU),2025-05-01,2025,5,36.7,30.954240259720706,5.745759740279297,-0.03458926971674652,False,0.4525616243464194,332562,1
SG BERA (TEMBANGAU),2025-06-01,2025,6,38.3,31.538523877152013,6.761476122847984,0.5188390457512273,False,0.48920921825254887,330375,1
SG BERA (TEMBANGAU),2025-07-01,2025,7,34.4,33.00423087040014,1.3957691295998558,-0.8301424732019632,False,0.44050165487003595,313363,1
SG BERA (TEMBANGAU),2025-08-01,2025,8,37.2,31.577593732646,5.622406267354002,0.13835707886699591,False,0.4542646952059532,326199,1
SG BERA (TEMBANGAU),2025-09-01,2025,9,37.8,35.20520690075198,2.5947930992480153,0.3458926971674849,False,0.4245018296983339,292064,2
SG BERA (TEMBANGAU),2025-10-01,2025,10,32.6,32.656154768536894,-0.05615476853689216,-1.452749328103435,False,0.4888316304910477,323707,2
SG BERA (TEMBANGAU),2025-11-01,2025,11,33.0,33.99429781797646,-0.9942978179764594,-1.3143922492364415,False,0.4570325956964934,295876,2
SG BERA (TEMBANGAU),2025-12-01,2025,12,34.9,33.47827616537155,1.4217238346284518,-0.6571961246182207,False,0.4323457965800002,284850,1
SG BILUT,2023-01-01,2023,1,35.9,37.537815540005745,-1.6378155400057466,-1.5835870005102657,False,0.41158167468313145,438428,2
SG BILUT,2023-02-01,2023,2,38.0,36.10761358795038,1.8923864120496177,-0.3519082223356151,False,0.41548430277625914,417676,2
SG BILUT,2023-03-01,2023,3,38.1,37.422325841347444,0.6776741586525574,-0.2932568519463452,False,0.4306466395864222,464410,2
SG BILUT,2023-04-01,2023,4,41.1,35.35385055219656,5.74614944780344,1.466284259731726,False,0.4509690968135938,477511,2
SG BILUT,2023-05-01,2023,5,41.0,33.868446194426404,7.131553805573596,1.4076328893424561,False,0.4916159899649541,522499,2
SG BILUT,2023-06-01,2023,6,36.5,35.19690764191668,1.303092358083319,-1.2316787781746505,False,0.4701602854620392,459992,1
SG BILUT,2023-07-01,2023,7,35.2,33.236016371064494,1.9639836289355088,-1.9941465932351465,False,0.49408182923951305,520468,1
SG BILUT,2023-08-01,2023,8,39.7,34.92008690535089,4.77991309464911,0.6451650742819602,False,0.4566719752810984,507826,2
SG BILUT,2023-09-01,2023,9,36.3,36.65162756473377,-0.351627564733775,-1.3489815189531904,False,0.40331071033786375,441018,2
SG BILUT,2023-10-01,2023,10,38.6,34.93732735430019,3.662672645699814,0.0,False,0.4528205045390409,471710,1
SG BILUT,2023-11-01,2023,11,37.2,37.19755714781958,0.0024428521804225056,-0.8211191854497657,False,0.4202855401038638,426017,2
SG BILUT,2023-12-01,2023,12,36.7,35.421851135787904,1.278148864212099,-1.114376037396111,False,0.427540402128055,435660,1
SG BILUT,2024-01-01,2024,1,38.9,35.464201201497794,3.435798798502205,0.17595411116780546,False,0.4823350909196711,456658,1
SG BILUT,2024-02-01,2024,2,39.0,37.44460193733625,1.5553980626637482,0.2346054815570753,False,0.4038097289902244,408615,2
SG BILUT,2024-03-01,2024,3,38.0,35.52952477115087,2.470475228849132,-0.3519082223356151,False,0.4377980562684804,483621,2
SG BILUT,2024-04-01,2024,4,38.8,34.84755937603927,3.952440623960726,0.11730274077853557,False,0.4313025215639932,457535,1
SG BILUT,2024-05-01,2024,5,40.7,35.17396098406079,5.526039015939212,1.2316787781746505,False,0.45897708598476206,526028,2
SG BILUT,2024-06-01,2024,6,37.0,34.823680505117096,2.176319494882904,-0.9384219262283054,False,0.4654722047085602,472737,1
SG BILUT,2024-07-01,2024,7,41.0,36.35574116071283,4.644258839287168,1.4076328893424561,False,0.43108557948978893,490817,2
SG BILUT,2024-08-01,2024,8,37.4,32.36311300412718,5.03688699587282,-0.7038164446712302,False,0.4812364893667033,525978,1
SG BILUT,2024-09-01,2024,9,39.3,33.65515309291969,5.644846907080307,0.41055959272488074,False,0.4694344698130856,492877,1
SG BILUT,2024-10-01,2024,10,39.1,37.77366315018111,1.3263368498188939,0.2932568519463452,False,0.49863614006861257,493544,3
SG BILUT,2024-11-01,2024,11,39.2,37.434437688310375,1.765562311689628,0.3519082223356151,False,0.45410932541397464,446863,3
SG BILUT,2024-12-01,2024,12,36.5,35.000894935972305,1.4991050640276953,-1.2316787781746505,False,0.42951375283993126,454100,1
SG BILUT,2025-01-01,2025,1,38.3,34.286583294729205,4.013416705270792,-0.17595411116780962,False,0.43218826767057617,478136,2
SG BILUT,2025-02-01,2025,2,34.5,35.756275196397326,-1.2562751963973255,-2.4047061859600314,False,0.4698521946489413,454198,2
SG BILUT,2025-03-01,2025,3,38.7,33.01760759116796,5.682392408832044,0.058651370389269875,False,0.49180466881867124,493086,1
SG BILUT,2025-04-01,2025,4,39.1,35.778983994335455,3.3210160056645464,0.2932568519463452,False,0.46099506527315914,506101,2
SG BILUT,2025-05-01,2025,5,34.5,34.0841121535517,0.41588784644829957,-2.4047061859600314,False,0.4828670166638116,495548,1
SG BILUT,2025-06-01,2025,6,37.7,35.83906296957754,1.8609370304224626,-0.5278623335034205,False,0.5565121249682048,523334,3
SG BILUT,2025-07-01,2025,7,39.4,36.070904248366084,3.329095751633915,0.4692109631141506,False,0.46776354796367664,518752,2
SG BILUT,2025-08-01,2025,8,38.6,36.38407107004303,2.2159289299569735,0.0,False,0.4174710897054504,490098,2
SG BILUT,2025-09-01,2025,9,34.4,34.88257658152665,-0.4825765815266507,-2.463357556349301,False,0.4467493820103329,493015,2
SG BILUT,2025-10-01,2025,10,40.4,37.644632137664146,2.755367862335852,1.055724667006841,False,0.5009124089931803,469053,3
SG BILUT,2025-11-01,2025,11,39.6,36.56535770896766,3.034642291032341,0.5865137038926904,False,0.46121838586203256,440452,2
SG BILUT,2025-12-01,2025,12,40.7,36.67032353771554,4.029676462284463,1.2316787781746505,False,0.43983418603760815,462206,2
SG GAPOI,2023-01-01,2023,1,35.3,34.387058143663026,0.9129418563369711,0.8190244936501502,False,0.42902278461232984,749509,2
SG GAPOI,2023-02-01,2023,2,35.1,34.437959360071076,0.6620406399289251,0.7226686708677813,False,0.4624000532497779,654842,2
SG GAPOI,2023-03-01,2023,3,31.2,37.37140741000373,-6.171407410003727,-1.156269873388451,False,0.47837980263279745,752551,3
SG GAPOI,2023-04-01,2023,4,35.4,34.41546578577801,0.9845342142219877,0.8672024050413363,False,0.4420913033950418,770891,1
SG GAPOI,2023-05-01,2023,5,31.6,35.759421561479954,-4.159421561479952,-0.9635582278237085,False,0.42047414476593803,829845,2
SG GAPOI,2023-06-01,2023,6,35.0,33.73922174703319,1.2607782529668086,0.6744907594765952,False,0.43188410994809595,805407,1
SG GAPOI,2023-07-01,2023,7,33.6,34.06693246876594,-0.46693246876593975,0.0,False,0.39706306521415935,837603,2
SG GAPOI,2023-08-01,2023,8,33.7,36.542090444298445,-2.8420904442984423,0.04817791139118611,False,0.4224422059709013,798509,3
SG GAPOI,2023-09-01,2023,9,36.4,33.632429268875725,2.767570731124273,1.3489815189531904,False,0.42945004008393856,751040,1
SG GAPOI,2023-10-01,2023,10,36.2,37.92243740134591,-1.722437401345907,1.2526256961708218,False,0.5227568945374531,745181,3
SG GAPOI,2023-11-01,2023,11,35.6,32.72225763193874,2.877742368061263,0.9635582278237085,False,0.46646013158803834,711538,1
SG GAPOI,2023-12-01,2023,12,31.4,36.18629681615488,-4.786296816154881,-1.0599140506060807,False,0.46795501420451774,739864,3
SG GAPOI,2024-01-01,2024,1,32.5,34.11100161194807,-1.611001611948069,-0.5299570253030403,False,0.4765215439172547,754020,1
SG GAPOI,2024-02-01,2024,2,33.9,33.710269244308144,0.18973075569185482,0.1445337341735549,False,0.4926815065229166,670531,1
SG GAPOI,2024-03-01,2024,3,30.5,35.99452204534189,-5.494522045341888,-1.4935152531267488,False,0.4747957070857423,775811,3
SG GAPOI,2024-04-01,2024,4,30.3,34.30027475544823,-4.000274755448228,-1.5898710759091192,False,0.41596556149519426,775913,2
SG GAPOI,2024-05-01,2024,5,33.6,34.06656532685716,-0.46656532685715746,0.0,False,0.4042601491882994,856669,2
SG GAPOI,2024-06-01,2024,6,33.4,36.40435605839869,-3.0043560583986917,-0.09635582278237222,False,0.4647638833223902,774773,3
SG GAPOI,2024-07-01,2024,7,31.5,34.234201360162025,-2.734201360162025,-1.0117361392148945,False,0.4093767818364675,845105,2
SG GAPOI,2024-08-01,2024,8,32.6,37.57400006787764,-4.97400006787764,-0.48177911391185424,False,0.4454493995632274,779141,3
SG GAPOI,2024-09-01,2024,9,35.4,35.72033464227939,-0.32033464227939135,0.8672024050413363,False,0.43176296738554115,797688,3
SG GAPOI,2024-10-01,2024,10,31.6,33.24931850413199,-1.6493185041319904,-0.9635582278237085,False,0.4581276242981251,741480,1
SG GAPOI,2024-11-01,2024,11,33.5,35.73883141253409,-2.23883141253409,-0.04817791139118611,False,0.46767350178182976,687501,2
SG GAPOI,2024-12-01,2024,12,31.5,35.023787702645414,-3.5237877026454143,-1.0117361392148945,False,0.49637060506057473,752062,3
SG GAPOI,2025-01-01,2025,1,34.7,34.20500643038162,0.49499356961838004,0.5299570253030403,False,0.44187566673326834,790975,2
SG GAPOI,2025-02-01,2025,2,32.6,36.09462530077893,-3.494625300778928,-0.48177911391185424,False,0.44048956362509617,705523,3
SG GAPOI,2025-03-01,2025,3,30.4,32.96825721864117,-2.568257218641172,-1.5416931645179348,False,0.47487969313144124,783216,1
SG GAPOI,2025-04-01,2025,4,34.8,34.77049718689655,0.02950281310344849,0.578134936694223,False,0.41403559582968613,784003,2
SG GAPOI,2025-05-01,2025,5,34.7,31.87202109435923,2.827978905640773,0.5299570253030403,False,0.42156392499969625,851910,1
SG GAPOI,2025-06-01,2025,6,34.1,33.116069753452365,0.9839302465476365,0.24088955695592712,False,0.4455142650124761,793911,2
SG GAPOI,2025-07-01,2025,7,34.0,33.47314287336854,0.5268571266314623,0.19271164556474102,False,0.44815391176209224,868910,3
SG GAPOI,2025-08-01,2025,8,32.6,36.140783318786006,-3.540783318786005,-0.48177911391185424,False,0.46202065706213924,794018,3
SG GAPOI,2025-09-01,2025,9,35.0,36.16969086110274,-1.1696908611027368,0.6744907594765952,False,0.47062927260835136,743620,3
SG GAPOI,2025-10-01,2025,10,30.7,35.26596947300414,-4.565969473004142,-1.3971594303443782,False,0.4577296305198106,752377,2
SG GAPOI,2025-11-01,2025,11,33.2,32.03535866364065,1.1646413363593524,-0.19271164556474102,False,0.42152492447842294,782494,2
SG GAPOI,2025-12-01,2025,12,34.1,35.463499254903546,-1.3634992549035445,0.24088955695592712,False,0.49390212977878106,719169,3
SG JELAI,2023-01-01,2023,1,32.9,30.30383174709209,2.5961682529079084,1.228536740475227,False,0.5439501715732294,5421214,10
SG JELAI,2023-02-01,2023,2,31.9,30.62360390928186,1.276396090718137,0.7467576265633726,False,0.5299755642256877,4910253,9
SG JELAI,2023-03-01,2023,3,32.8,30.470620253672422,2.329379746327575,1.1803588290840408,False,0.5085464124818492,6039433,17
SG JELAI,2023-04-01,2023,4,33.3,31.690415525190172,1.6095844748098251,1.4212483860399678,False,0.4778923107178448,5617224,6
SG JELAI,2023-05-01,2023,5,33.6,31.31480994098544,2.2851900590145604,1.5657821202135263,False,0.47872386822353546,5939136,11
SG JELAI,2023-06-01,2023,6,29.9,29.610526041170495,0.2894739588295039,-0.21680060126033576,False,0.5389732574890163,6006907,9
SG JELAI,2023-07-01,2023,7,29.5,31.331979051777274,-1.8319790517772745,-0.40951224682507675,False,0.5294899965366341,6304726,14
SG JELAI,2023-08-01,2023,8,31.3,30.991328742838117,0.30867125716188326,0.4576901582162612,False,0.5903065309546882,5753615,17
SG JELAI,2023-09-01,2023,9,33.4,31.824857353205385,1.575142646794614,1.469426297431154,False,0.5611690749807653,5414272,15
SG JELAI,2023-10-01,2023,10,31.7,31.7279583677711,-0.027958367771102388,0.6504018037810022,False,0.4708518649694453,5566039,8
SG JELAI,2023-11-01,2023,11,29.4,31.12178082018741,-1.721780820187412,-0.4576901582162629,False,0.574934086785833,5132948,6
SG JELAI,2023-12-01,2023,12,34.5,31.28976475764628,3.2102352423537184,1.9993833227341944,False,0.4866397023709115,5311484,10
SG JELAI,2024-01-01,2024,1,30.3,29.725795940565384,0.5742040594346172,-0.024088955695593054,False,0.511238865882816,5752073,10
SG JELAI,2024-02-01,2024,2,29.5,30.774156272688913,-1.2741562726889128,-0.40951224682507675,False,0.5653079451057272,4994863,7
SG JELAI,2024-03-01,2024,3,30.4,30.25791827615434,0.14208172384565998,0.024088955695591344,False,0.5667035608222235,5647721,17
SG JELAI,2024-04-01,2024,4,30.1,30.646569203526717,-0.5465692035267153,-0.12044477847796356,False,0.568208315793618,5660859,17
SG JELAI,2024-05-01,2024,5,33.4,30.94393415470823,2.456065845291768,1.469426297431154,False,0.5298082379098921,6246028,13
SG JELAI,2024-06-01,2024,6,30.0,29.940687950170343,0.0593120498296571,-0.16862268986914966,False,0.5390382989617408,6032119,9
SG JELAI,2024-07-01,2024,7,30.5,30.328618533715414,0.17138146628458628,0.07226686708677744,False,0.5363415675292492,6016775,12
SG JELAI,2024-08-01,2024,8,30.5,30.110449217145685,0.38955078285431455,0.07226686708677744,False,0.5128982603597485,6227455,11
SG JELAI,2024-09-01,2024,9,28.6,30.062718913345503,-1.4627189133455012,-0.843113449345745,False,0.5139081095283332,5863380,8
SG JELAI,2024-10-01,2024,10,29.4,30.10104171194333,-0.7010417119433328,-0.4576901582162629,False,0.4824262245751954,6004146,14
SG JELAI,2024-11-01,2024,11,28.9,28.945804946571123,-0.045804946571124106,-0.69857971517219,False,0.6012578536658546,5589291,17
SG JELAI,2024-12-01,2024,12,29.9,30.346265043292206,-0.4462650432922075,-0.21680060126033576,False,0.5821566942204424,5713201,16
SG JELAI,2025-01-01,2025,1,31.8,29.610228120925928,2.1897718790740726,0.6985797151721883,False,0.5628903348902308,5707352,15
SG JELAI,2025-02-01,2025,2,32.1,28.552845819066157,3.5471541809338447,0.843113449345745,False,0.5501267348588373,5305285,16
SG JELAI,2025-03-01,2025,3,31.3,30.369737302228337,0.9302626977716635,0.4576901582162612,False,0.5043724444084098,6217530,7
SG JELAI,2025-04-01,2025,4,32.7,29.74908435570643,2.9509156442935733,1.1321809176928581,False,0.4832090951007132,6076087,10
SG JELAI,2025-05-01,2025,5,29.7,30.085270877152844,-0.3852708771528448,-0.31315642404270627,False,0.494523939924342,6439321,13
SG JELAI,2025-06-01,2025,6,32.0,29.78886207675538,2.211137923244621,0.7949355379545587,False,0.5285841418640921,6370512,16
SG JELAI,2025-07-01,2025,7,27.8,29.518713080293512,-1.7187130802935116,-1.2285367404752285,False,0.4983469644585353,6511668,10
SG JELAI,2025-08-01,2025,8,27.7,30.596913124276377,-2.8969131242763773,-1.2767146518664148,False,0.506976330939286,6231273,11
SG JELAI,2025-09-01,2025,9,29.8,29.865515440800785,-0.06551544080078386,-0.26497851265152017,False,0.5620297010756276,6040425,8
SG JELAI,2025-10-01,2025,10,28.1,29.5937808397282,-1.493780839728199,-1.084003006301672,False,0.4936865470980984,6221981,7
SG JELAI,2025-11-01,2025,11,29.8,30.95433612074967,-1.1543361207496687,-0.26497851265152017,False,0.512420448541573,5312480,16
SG JELAI,2025-12-01,2025,12,28.0,28.8196147106854,-0.8196147106853999,-1.1321809176928581,False,0.6143239569853958,5588836,17
SG KERATONG,2023-01-01,2023,1,42.3,45.24983720169371,-2.949837201693711,2.658287110878337,False,0.4636797986241158,89282,1
SG KERATONG,2023-02-01,2023,2,39.1,45.5194524455498,-6.419452445549801,0.11902778108410371,False,0.4260837283691061,82092,1
SG KERATONG,2023-03-01,2023,3,38.5,46.060349863782996,-7.560349863782996,-0.3570833432523168,False,0.4492707649143631,95285,1
SG KERATONG,2023-04-01,2023,4,38.9,43.39370383031761,-4.493703830317614,-0.03967592702803833,False,0.46414435812490445,87915,1
SG KERATONG,2023-05-01,2023,5,41.3,46.479915328825015,-5.179915328825018,1.864768570317638,False,0.44808288636886096,93742,1
SG KERATONG,2023-06-01,2023,6,40.6,44.53744675263631,-3.937446752636312,1.3093055919251522,False,0.4276024958842649,89474,1
SG KERATONG,2023-07-01,2023,7,40.6,45.04299171675384,-4.442991716753838,1.3093055919251522,False,0.4852575937493786,95069,1
SG KERATONG,2023-08-01,2023,8,41.8,43.25807085284578,-1.4580708528457862,2.2615278405979873,False,0.4161665965437646,93994,1
SG KERATONG,2023-09-01,2023,9,37.9,44.377145696693745,-6.477145696693746,-0.8331944675887373,False,0.42711450680438223,91256,1
SG KERATONG,2023-10-01,2023,10,38.5,44.15455817736149,-5.654558177361487,-0.3570833432523168,False,0.47894603981481587,90140,1
SG KERATONG,2023-11-01,2023,11,39.0,44.89024143205368,-5.890241432053678,0.03967592702803269,False,0.46385985915820926,82491,1
SG KERATONG,2023-12-01,2023,12,41.0,42.9622524253016,-1.9622524253015996,1.6267130081494305,False,0.47169139480132743,90181,1
SG KERATONG,2024-01-01,2024,1,35.8,44.811459510331204,-9.011459510331207,-2.499583402766206,False,0.48988578758205,86027,1
SG KERATONG,2024-02-01,2024,2,37.3,44.660402174289054,-7.360402174289057,-1.3093055919251577,False,0.5046610271585197,77592,1
SG KERATONG,2024-03-01,2024,3,39.3,43.08519957918382,-3.785199579183825,0.27773148919624013,False,0.44927538922588467,89447,1
SG KERATONG,2024-04-01,2024,4,38.1,43.393244478168356,-5.293244478168354,-0.6744907594765952,False,0.4229764921759584,97068,1
SG KERATONG,2024-05-01,2024,5,39.8,44.29376729547183,-4.493767295471834,0.6744907594765895,False,0.41020879678172395,102495,1
SG KERATONG,2024-06-01,2024,6,38.7,43.793600853921085,-5.093600853921082,-0.19837963514017473,False,0.4551666808805474,92689,1
SG KERATONG,2024-07-01,2024,7,38.6,44.89252820214366,-6.292528202143657,-0.27773148919624574,False,0.4366817605169483,101881,1
SG KERATONG,2024-08-01,2024,8,40.7,44.08216523212893,-3.3821652321289264,1.388657445981223,False,0.4190466109698729,101051,1
SG KERATONG,2024-09-01,2024,9,36.4,44.59840044603088,-8.198400446030881,-2.0234722784297854,False,0.4110574894007892,92812,1
SG KERATONG,2024-10-01,2024,10,36.1,43.43820507176027,-7.338205071760271,-2.261527840597993,False,0.5580657391612467,87307,0
SG KERATONG,2024-11-01,2024,11,38.1,45.143878223497495,-7.043878223497494,-0.6744907594765952,False,0.4877856473237431,82602,1
SG KERATONG,2024-12-01,2024,12,40.2,42.95840156036963,-2.7584015603696272,0.9918981757008737,False,0.4501632554272585,91287,1
SG KERATONG,2025-01-01,2025,1,36.3,45.06472896114337,-8.764728961143376,-2.1028241324858565,False,0.4430066800472841,88065,1
SG KERATONG,2025-02-01,2025,2,39.3,41.85417401459077,-2.554174014590771,0.27773148919624013,False,0.47625354914305695,79999,1
SG KERATONG,2025-03-01,2025,3,39.0,40.50702203712166,-1.5070220371216578,0.03967592702803269,False,0.5054340132872284,100549,0
SG KERATONG,2025-04-01,2025,4,35.2,42.7491059764624,-7.5491059764624,-2.975694527102621,False,0.48083409142405703,92235,1
SG KERATONG,2025-05-01,2025,5,37.7,44.307303402499095,-6.607303402499092,-0.9918981757008737,False,0.4237464960857671,95963,1
SG KERATONG,2025-06-01,2025,6,39.0,43.51301870620921,-4.513018706209209,0.03967592702803269,False,0.40793880759796336,97720,1
SG KERATONG,2025-07-01,2025,7,38.1,44.28963167843692,-6.189631678436918,-0.6744907594765952,False,0.39960035915545,103730,1
SG KERATONG,2025-08-01,2025,8,39.0,43.364017614704395,-4.3640176147043945,0.03967592702803269,False,0.4221515711107214,97556,1
SG KERATONG,2025-09-01,2025,9,39.7,43.984625366607574,-4.284625366607571,0.5951389054205242,False,0.42646894859856427,96838,1
SG KERATONG,2025-10-01,2025,10,38.7,43.54171978187701,-4.841719781877011,-0.19837963514017473,False,0.41422440375256364,95929,1
SG KERATONG,2025-11-01,2025,11,38.0,43.245164070802566,-5.245164070802566,-0.7538426135326662,False,0.4468431239927192,88680,1
SG KERATONG,2025-12-01,2025,12,39.4,43.46731969449641,-4.067319694496412,0.3570833432523111,False,0.43139941016549666,89332,1
SG KLAU,2023-01-01,2023,1,46.6,48.20829721440901,-1.6082972144090064,-0.22024188064541944,False,0.4976478845871584,43012,1
SG KLAU,2023-02-01,2023,2,47.6,49.03405618562655,-1.4340561856265452,0.055060470161353396,False,0.5142940314476571,39211,1
SG KLAU,2023-03-01,2023,3,51.5,48.94358806690347,2.556411933096527,1.128739638307767,False,0.4691928106345204,43091,1
SG KLAU,2023-04-01,2023,4,51.5,46.715167074891795,4.784832925108205,1.128739638307767,False,0.5011418882563391,42798,1
SG KLAU,2023-05-01,2023,5,53.3,46.367140915072525,6.932859084927472,1.6242838697599573,False,0.4671175453120613,43198,1
SG KLAU,2023-06-01,2023,6,53.3,42.154556081287275,11.145443918712722,1.6242838697599573,False,0.5589640275284513,45977,0
SG KLAU,2023-07-01,2023,7,45.3,47.21344024360104,-1.9134402436010447,-0.5781349366942253,False,0.48037222632258436,43743,1
SG KLAU,2023-08-01,2023,8,51.6,47.130800322476055,4.469199677523946,1.1562698733884447,False,0.5140196284091685,45073,1
SG KLAU,2023-09-01,2023,9,51.7,45.2454047742565,6.454595225743503,1.1838001084691225,False,0.4653196305091648,43773,1
SG KLAU,2023-10-01,2023,10,53.2,44.69946972903388,8.500530270966124,1.5967536346792817,False,0.5169085656008243,40956,0
SG KLAU,2023-11-01,2023,11,53.0,49.03914714796463,3.960852852035373,1.5416931645179264,False,0.4973352781585317,38482,1
SG KLAU,2023-12-01,2023,12,48.1,46.68708307491069,1.4129169250893128,0.19271164556473983,False,0.5043434278638135,41662,1
SG KLAU,2024-01-01,2024,1,46.1,46.771438631207246,-0.6714386312072449,-0.3578930560488059,False,0.4526030003891632,43004,1
SG KLAU,2024-02-01,2024,2,45.8,44.98522846317965,0.814771536820345,-0.4404837612908389,False,0.5328317707424743,36972,0
SG KLAU,2024-03-01,2024,3,44.2,47.03893724468033,-2.8389372446803307,-0.8809675225816739,False,0.48327547095022333,45984,1
SG KLAU,2024-04-01,2024,4,45.8,46.86641959306007,-1.0664195930600755,-0.4404837612908389,False,0.49110831018931284,41657,1
SG KLAU,2024-05-01,2024,5,49.1,46.165979996502756,2.9340200034972455,0.46801399637151264,False,0.4660187794776257,47731,1
SG KLAU,2024-06-01,2024,6,47.2,46.12885425635753,1.0711457436424752,-0.05506047016135535,False,0.539195290140045,46909,1
SG KLAU,2024-07-01,2024,7,48.7,46.25411862951606,2.4458813704839457,0.3578930560488039,False,0.509340521444241,44497,1
SG KLAU,2024-08-01,2024,8,48.2,47.269173910524835,0.9308260894751683,0.2202418806454175,False,0.48980532692810047,44168,1
SG KLAU,2024-09-01,2024,9,45.1,46.67309190934763,-1.5730919093476317,-0.6331954068555787,False,0.4417362948695535,43458,1
SG KLAU,2024-10-01,2024,10,46.0,44.176601009537904,1.8233989904620955,-0.38542329112948354,False,0.5471371709383402,41625,0
SG KLAU,2024-11-01,2024,11,48.4,47.48542459690668,0.9145754030933162,0.2753023508067709,False,0.4431661034984699,38492,1
SG KLAU,2024-12-01,2024,12,50.8,48.46872106567116,2.331278934328836,0.9360279927430253,False,0.4649576400290873,40213,1
SG KLAU,2025-01-01,2025,1,43.2,47.00332354675418,-3.8033235467541786,-1.1562698733884467,False,0.4386669974961388,44052,1
SG KLAU,2025-02-01,2025,2,50.5,47.846914462763166,2.6530855372368336,0.8534372875009942,False,0.4806311495659766,37814,1
SG KLAU,2025-03-01,2025,3,43.5,41.525734714241494,1.9742652857585057,-1.0736791681464157,False,0.5500968545324685,47007,0
SG KLAU,2025-04-01,2025,4,44.0,45.58150175815456,-1.581501758154559,-0.9360279927430293,False,0.4731296410512595,44000,1
SG KLAU,2025-05-01,2025,5,46.4,45.49370043264896,0.9062995673510414,-0.2753023508067748,False,0.45427362106917807,47970,1
SG KLAU,2025-06-01,2025,6,44.2,41.384422793790684,2.815577206209319,-0.8809675225816739,False,0.5429411886968076,44025,0
SG KLAU,2025-07-01,2025,7,45.0,46.05521228242117,-1.0552122824211665,-0.6607256419362564,False,0.4955450293014276,44925,1
SG KLAU,2025-08-01,2025,8,44.1,46.96820301799787,-2.868203017997871,-0.9084977576623515,False,0.5387361068661591,47683,1
SG KLAU,2025-09-01,2025,9,46.8,47.33072972847033,-0.5307297284703338,-0.16518141048406607,False,0.43229867771680536,43185,1
SG KLAU,2025-10-01,2025,10,44.9,45.59056173049413,-0.6905617304941316,-0.688255877016934,False,0.4899596100963893,44207,1
SG KLAU,2025-11-01,2025,11,50.8,47.647092328636774,3.1529076713632236,0.9360279927430253,False,0.4695066588142559,39550,1
SG KLAU,2025-12-01,2025,12,47.8,45.61915866145429,2.1808413385457044,0.11012094032270679,False,0.4858897565432743,44168,1
SG KLOI,2023-01-01,2023,1,52.9,51.84200408011124,1.0579959198887607,-0.019271164556475793,False,0.48141863421527326,149346,1
SG KLOI,2023-02-01,2023,2,52.6,52.139943727743656,0.46005627225634527,-0.1348981518953196,False,0.43928150657174475,133679,1
SG KLOI,2023-03-01,2023,3,58.7,51.18143674496353,7.518563255036476,2.216183923994527,False,0.4512008585001423,146829,1
SG KLOI,2023-04-01,2023,4,51.3,50.36255633662107,0.9374436633789287,-0.6359484303636491,False,0.43999906384783777,150619,1
SG KLOI,2023-05-01,2023,5,51.8,51.457592806863715,0.34240719313628176,-0.4432367847989076,False,0.4725918362426268,157277,1
SG KLOI,2023-06-01,2023,6,54.3,49.96204635703064,4.33795364296936,0.5203214430247998,False,0.4619025237690785,160487,1
SG KLOI,2023-07-01,2023,7,53.8,49.67736110917116,4.1226388908288385,0.3276097974600583,False,0.4526324993834806,161925,1
SG KLOI,2023-08-01,2023,8,56.6,50.16612976402681,6.433870235973188,1.4067950126226123,False,0.4804828891548304,167342,1
SG KLOI,2023-09-01,2023,9,56.3,50.86698274797803,5.433017252021969,1.2911680252837658,False,0.47886750026203523,156098,1
SG KLOI,2023-10-01,2023,10,57.0,53.064087930910674,3.9359120690893263,1.5609643290744049,False,0.4882279188069261,148627,1
SG KLOI,2023-11-01,2023,11,54.0,54.51134549565042,-0.5113454956504171,0.404694455685956,False,0.49522436603277975,136945,2
SG KLOI,2023-12-01,2023,12,56.4,52.7127679834605,3.6872320165394967,1.3297103543967146,False,0.46189499357965724,147223,1
SG KLOI,2024-01-01,2024,1,50.0,50.411100020243964,-0.4111000202439641,-1.136998708831976,False,0.41799580749413306,151164,1
SG KLOI,2024-02-01,2024,2,54.3,50.312735117137606,3.987264882862391,0.5203214430247998,False,0.4449467701636546,139923,1
SG KLOI,2024-03-01,2024,3,57.2,50.38140125629774,6.81859874370226,1.6380489873003026,False,0.48729474593555405,157927,1
SG KLOI,2024-04-01,2024,4,52.2,53.90707935758911,-1.7070793575891088,-0.2890674683471122,False,0.5193000473959566,156467,2
SG KLOI,2024-05-01,2024,5,54.8,49.738034343515935,5.0619656564840625,0.7130330885895413,False,0.4745399857709949,156958,1
SG KLOI,2024-06-01,2024,6,49.6,50.45943380731938,-0.8594338073193768,-1.2911680252837685,False,0.47394859584988963,163674,1
SG KLOI,2024-07-01,2024,7,56.0,52.89364269157628,3.1063573084237177,1.175541037944922,False,0.5649129651205183,172168,2
SG KLOI,2024-08-01,2024,8,51.7,52.88442055281672,-1.184420552816718,-0.4817791139118537,False,0.5298062084980594,166141,2
SG KLOI,2024-09-01,2024,9,58.0,54.40334794389531,3.5966520561046877,1.946387620203888,False,0.6023683678440444,156770,2
SG KLOI,2024-10-01,2024,10,53.0,50.314412399484084,2.685587600515916,0.019271164556473052,False,0.4453116283548804,158500,1
SG KLOI,2024-11-01,2024,11,49.6,50.66142141532443,-1.061421415324432,-1.2911680252837685,False,0.4501817844170546,146567,1
SG KLOI,2024-12-01,2024,12,58.0,54.82466752127368,3.175332478726318,1.946387620203888,False,0.5379892237729167,148806,2
SG KLOI,2025-01-01,2025,1,51.8,49.168154213309286,2.631845786690711,-0.4432367847989076,False,0.4563034199257902,155051,1
SG KLOI,2025-02-01,2025,2,51.5,49.473309489700696,2.0266905102993036,-0.5588637721377514,False,0.4267928742125024,139637,1
SG KLOI,2025-03-01,2025,3,51.3,50.36401106896905,0.9359889310309484,-0.6359484303636491,False,0.429757237704077,155179,1
SG KLOI,2025-04-01,2025,4,52.2,49.13312648372592,3.066873516274086,-0.2890674683471122,False,0.47566861067641,165083,1
SG KLOI,2025-05-01,2025,5,48.4,49.52304235305393,-1.1230423530539326,-1.753675974639149,False,0.49672380294030233,173573,1
SG KLOI,2025-06-01,2025,6,53.4,49.69918384601311,3.700816153986885,0.1734404810082657,False,0.4937290194065386,161444,1
SG KLOI,2025-07-01,2025,7,51.3,48.94347222140601,2.3565277785939855,-0.6359484303636491,False,0.4718016401620384,162440,1
SG KLOI,2025-08-01,2025,8,56.5,48.78299748203743,7.71700251796257,1.3682526835096633,False,0.4906849707028515,172070,1
SG KLOI,2025-09-01,2025,9,51.9,50.68566270006131,1.2143372999386912,-0.40469445568595874,False,0.49372296082095685,160776,1
SG KLOI,2025-10-01,2025,10,50.0,51.8702560720862,-1.8702560720861996,-1.136998708831976,False,0.4565038591822698,151542,1
SG KLOI,2025-11-01,2025,11,50.9,49.59526949977324,1.3047305002267606,-0.7901177468154418,False,0.46371845656189675,150048,1
SG KLOI,2025-12-01,2025,12,55.0,50.087044422714214,4.912955577285786,0.790117746815439,False,0.44956581584505445,148556,1
SG SEMANTAN,2023-01-01,2023,1,42.5,41.336104248364734,1.1638957516352662,-0.6438320885912961,False,0.4678299428625398,571699,2
SG SEMANTAN,2023-02-01,2023,2,48.2,41.88320743950748,6.316792560492523,1.103712151870793,False,0.46444710018427054,505869,2
SG SEMANTAN,2023-03-01,2023,3,41.5,42.835400971331545,-1.335400971331545,-0.950418797444294,False,0.4177520829259234,591923,2
SG SEMANTAN,2023-04-01,2023,4,42.3,41.570260677705996,0.7297393222940016,-0.7051494303618966,False,0.4173480074859313,593300,2
SG SEMANTAN,2023-05-01,2023,5,47.1,44.24774210896692,2.8522578910330836,0.7664667721324948,False,0.468700871421619,578387,3
SG SEMANTAN,2023-06-01,2023,6,44.6,44.31249002912892,0.2875099708710849,0.0,False,0.4698222194897551,568132,3
SG SEMANTAN,2023-07-01,2023,7,48.5,41.21933643482012,7.280663565179879,1.1956881645266915,False,0.44920150176749185,589334,2
SG SEMANTAN,2023-08-01,2023,8,45.9,41.87157340044066,4.028426599559339,0.39856272150889643,False,0.4560603654190535,622968,3
SG SEMANTAN,2023-09-01,2023,9,44.3,44.58058586633126,-0.2805858663312648,-0.09197601265590069,False,0.5102919838842597,526789,3
SG SEMANTAN,2023-10-01,2023,10,41.5,39.57975717807614,1.920242821923857,-0.950418797444294,False,0.4689820222520756,556691,1
SG SEMANTAN,2023-11-01,2023,11,45.8,43.18269106345247,2.6173089365475306,0.3679040506235962,False,0.46708731720132585,550050,3
SG SEMANTAN,2023-12-01,2023,12,41.2,41.381942064765965,-0.18194206476596264,-1.0423948101001925,False,0.48369167996846946,539098,1
SG SEMANTAN,2024-01-01,2024,1,43.5,40.14253651757171,3.3574634824282867,-0.33724537973829816,False,0.4686869399483672,585054,2
SG SEMANTAN,2024-02-01,2024,2,41.6,42.154310240465264,-0.5543102404652629,-0.9197601265589938,False,0.4873033021642387,494846,2
SG SEMANTAN,2024-03-01,2024,3,45.5,41.58746092486905,3.912539075130951,0.2759280379676977,False,0.4581030168684132,592851,1
SG SEMANTAN,2024-04-01,2024,4,42.5,40.23972044345737,2.2602795565426277,-0.6438320885912961,False,0.44343039109477966,585072,1
SG SEMANTAN,2024-05-01,2024,5,44.5,40.857709817927926,3.642290182072074,-0.030658670885300228,False,0.44104254737240955,619286,2
SG SEMANTAN,2024-06-01,2024,6,44.8,40.44094356228898,4.359056437711018,0.06131734177059828,False,0.4179281523309036,624947,2
SG SEMANTAN,2024-07-01,2024,7,45.2,41.482828380545065,3.7171716194549376,0.1839520253117992,False,0.423480919654186,647950,2
SG SEMANTAN,2024-08-01,2024,8,41.3,39.914159342522105,1.3858406574778925,-1.0117361392148945,False,0.4390019830979375,632428,1
SG SEMANTAN,2024-09-01,2024,9,45.8,41.071261905225505,4.728738094774492,0.3679040506235962,False,0.4430411679122953,551581,2
SG SEMANTAN,2024-10-01,2024,10,47.1,43.16632504659649,3.9336749534035107,0.7664667721324948,False,0.4806625401881127,569527,3
SG SEMANTAN,2024-11-01,2024,11,44.7,41.77434448019369,2.9256555198063126,0.030658670885300228,False,0.4834095837886826,543472,1
SG SEMANTAN,2024-12-01,2024,12,46.0,42.16168716308034,3.8383128369196626,0.42922139239419665,False,0.46123139968916443,587480,3
SG SEMANTAN,2025-01-01,2025,1,46.9,42.47080975172656,4.429190248273436,0.7051494303618944,False,0.49804421745880634,551182,3
SG SEMANTAN,2025-02-01,2025,2,42.8,40.082049369867306,2.717950630132691,-0.5518560759353975,False,0.4569681643948747,514166,2
SG SEMANTAN,2025-03-01,2025,3,40.1,41.80412021258984,-1.7041202125898351,-1.3796401898384907,False,0.4208376168711521,583276,2
SG SEMANTAN,2025-04-01,2025,4,45.1,41.90435388354274,3.1956461164572616,0.15329335442649897,False,0.4397313865374099,609314,3
SG SEMANTAN,2025-05-01,2025,5,40.6,39.86687908949132,0.7331209105086813,-1.2263468354119917,False,0.44972185289607275,650256,1
SG SEMANTAN,2025-06-01,2025,6,47.3,39.59154712371699,7.708452876283005,0.8277841139030931,False,0.4429360872686156,628319,2
SG SEMANTAN,2025-07-01,2025,7,41.8,41.06049843399337,0.7395015660066306,-0.8584427847883955,False,0.3980529976993772,627790,2
SG SEMANTAN,2025-08-01,2025,8,44.6,42.01841087398472,2.581589126015281,0.0,False,0.42574380365542275,609261,2
SG SEMANTAN,2025-09-01,2025,9,41.1,42.70326046271104,-1.6032604627110416,-1.0730534809854928,False,0.45743894372802457,601378,3
SG SEMANTAN,2025-10-01,2025,10,47.4,40.97543183155051,6.42456816844949,0.8584427847883933,False,0.4238960024946237,595101,2
SG SEMANTAN,2025-11-01,2025,11,42.0,42.04000401058086,-0.04000401058085856,-0.7971254430177951,False,0.48705639864957034,524660,3
SG SEMANTAN,2025-12-01,2025,12,46.4,41.14342170962593,5.256578290374065,0.5518560759353954,False,0.4843209207723836,582132,3
SG TEKAM UTARA,2023-01-01,2023,1,43.7,46.007084089368,-2.307084089367997,0.05951389054205467,False,0.4134199756644076,102165,1
SG TEKAM UTARA,2023-02-01,2023,2,42.8,47.762055086438615,-4.9620550864386175,-0.2975694527102621,False,0.4070598048222335,90915,1
SG TEKAM UTARA,2023-03-01,2023,3,42.4,46.85621164517205,-4.456211645172054,-0.4562731608224013,False,0.39441708720651963,105579,1
SG TEKAM UTARA,2023-04-01,2023,4,43.1,47.766943994410724,-4.6669439944107225,-0.17854167162615556,False,0.4243941615362783,103484,1
SG TEKAM UTARA,2023-05-01,2023,5,45.2,47.17246475907729,-1.9724647590772904,0.6546527959625789,False,0.4043622150003664,101904,1
SG TEKAM UTARA,2023-06-01,2023,6,44.7,47.627775110091996,-2.927775110091993,0.45627316082240416,False,0.40602814855501296,101452,1
SG TEKAM UTARA,2023-07-01,2023,7,46.7,46.33706480379565,0.3629351962043543,1.249791701383103,False,0.42432535105353975,102629,1
SG TEKAM UTARA,2023-08-01,2023,8,40.5,47.20221250003219,-6.702212500032189,-1.2101157743550648,False,0.40189055931502016,103567,1
SG TEKAM UTARA,2023-09-01,2023,9,43.6,48.598140407357114,-4.998140407357113,0.019837963514019164,False,0.4112900981852664,95139,1
SG TEKAM UTARA,2023-10-01,2023,10,42.6,48.52965374225943,-5.9296537422594255,-0.3769213067663303,False,0.40905830264187515,96142,1
SG TEKAM UTARA,2023-11-01,2023,11,46.2,51.55449535947978,-5.3544953594797775,1.0514120662429283,False,0.5724723126423422,94621,2
SG TEKAM UTARA,2023-12-01,2023,12,42.7,51.880492703060085,-9.180492703060082,-0.33724537973829477,False,0.5356884466097818,92574,2
SG TEKAM UTARA,2024-01-01,2024,1,39.6,46.403153346884814,-6.803153346884812,-1.5671991176073787,False,0.39307047377231025,104866,1
SG TEKAM UTARA,2024-02-01,2024,2,46.7,48.469396442512505,-1.7693964425125017,1.249791701383103,False,0.4186072716569742,88303,1
SG TEKAM UTARA,2024-03-01,2024,3,39.8,46.76843185477291,-6.968431854772916,-1.4878472635513105,False,0.4046458021436755,105633,1
SG TEKAM UTARA,2024-04-01,2024,4,43.5,45.27651429934941,-1.776514299349408,-0.019837963514016344,False,0.415313417762086,109623,1
SG TEKAM UTARA,2024-05-01,2024,5,42.8,46.31467293819991,-3.514672938199915,-0.2975694527102621,False,0.415267209482067,113691,1
SG TEKAM UTARA,2024-06-01,2024,6,41.8,47.818975620546766,-6.018975620546769,-0.6943287229906115,False,0.4101922712877133,101885,1
SG TEKAM UTARA,2024-07-01,2024,7,47.2,45.98276412215101,1.2172358778489922,1.4481713365232778,False,0.4280402384003564,107765,1
SG TEKAM UTARA,2024-08-01,2024,8,46.3,46.76380622930539,-0.4638062293053906,1.091087993270961,False,0.4198855688361679,112004,1
SG TEKAM UTARA,2024-09-01,2024,9,44.4,51.37845958811223,-6.97845958811223,0.3372453797382976,False,0.5671389877556771,100833,2
SG TEKAM UTARA,2024-10-01,2024,10,41.2,45.72554574412378,-4.525545744123775,-0.932384285158819,False,0.41967507828482764,106663,1
SG TEKAM UTARA,2024-11-01,2024,11,45.3,47.992405402373365,-2.6924054023733675,0.6943287229906115,False,0.4258068251334461,92620,1
SG TEKAM UTARA,2024-12-01,2024,12,40.5,47.07007057714462,-6.5700705771446195,-1.2101157743550648,False,0.39990259864012406,96956,1
SG TEKAM UTARA,2025-01-01,2025,1,46.3,49.60207437606207,-3.302074376062073,1.091087993270961,False,0.48953975414098116,97879,2
SG TEKAM UTARA,2025-02-01,2025,2,45.3,46.16680908558461,-0.8668090855846131,0.6943287229906115,False,0.4362365630834569,97952,1
SG TEKAM UTARA,2025-03-01,2025,3,44.2,45.39665912629414,-1.1966591262941364,0.2578935256822294,False,0.41463602020203216,113150,1
SG TEKAM UTARA,2025-04-01,2025,4,43.2,49.01555468325559,-5.815554683255584,-0.13886574459812007,False,0.5163335248226326,103430,2
SG TEKAM UTARA,2025-05-01,2025,5,41.5,46.37192041286536,-4.871920412865357,-0.8133565040747153,False,0.4184335441191586,113174,1
SG TEKAM UTARA,2025-06-01,2025,6,44.1,47.560654675396876,-3.4606546753968743,0.21821759865419388,False,0.48808098371273356,114659,2
SG TEKAM UTARA,2025-07-01,2025,7,45.2,49.56297880301983,-4.362978803019828,0.6546527959625789,False,0.5205724432323326,114483,2
SG TEKAM UTARA,2025-08-01,2025,8,40.2,45.976216329973425,-5.776216329973423,-1.3291435554391684,False,0.42662598629594733,106668,1
SG TEKAM UTARA,2025-09-01,2025,9,42.2,46.28232903500768,-4.082329035007675,-0.5356250148784695,False,0.4023839315936479,108466,1
SG TEKAM UTARA,2025-10-01,2025,10,45.7,43.66979483065627,2.0302051693437306,0.8530324311027536,False,0.5585011121017962,108012,0
SG TEKAM UTARA,2025-11-01,2025,11,43.2,45.42618255135783,-2.22618255135783,-0.13886574459812007,False,0.4011494625866653,103664,1
SG TEKAM UTARA,2025-12-01,2025,12,45.6,46.29703057673035,-0.6970305767303486,0.813356504074718,False,0.4147520137754496,106402,1
SG TEMAU,2023-01-01,2023,1,30.9,44.29565223663791,-13.395652236637915,-0.6423721518824722,False,0.4714251069642068,382670,2
SG TEMAU,2023-02-01,2023,2,32.2,40.193615990454745,-7.993615990454742,0.1927116455647444,False,0.4461688706582425,365503,1
SG TEMAU,2023-03-01,2023,3,34.4,42.31072052706443,-7.910720527064434,1.6059303797061806,False,0.4587317442944331,384377,1
SG TEMAU,2023-04-01,2023,4,33.6,42.783051259961375,-9.183051259961374,1.0920326582002047,False,0.42702197406080306,408951,2
SG TEMAU,2023-05-01,2023,5,30.3,41.10679988984282,-10.806799889842818,-1.0277954430119542,False,0.45878186114095465,409269,1
SG TEMAU,2023-06-01,2023,6,34.5,40.61426948749165,-6.114269487491647,1.6701675948944288,False,0.4543410837163444,421445,1
SG TEMAU,2023-07-01,2023,7,33.9,41.17129199553998,-7.271291995539983,1.2847443037649444,False,0.4158424390127133,425114,1
SG TEMAU,2023-08-01,2023,8,32.9,42.392335113520716,-9.492335113520717,0.6423721518824722,False,0.449819860205238,415250,2
SG TEMAU,2023-09-01,2023,9,32.4,43.25971783488631,-10.859717834886311,0.3211860759412361,False,0.43354331777430594,399485,2
SG TEMAU,2023-10-01,2023,10,32.1,43.24918751753673,-11.149187517536731,0.12847443037649628,False,0.43556180361306707,385160,1
SG TEMAU,2023-11-01,2023,11,32.4,43.75510211321605,-11.355102113216049,0.3211860759412361,False,0.4583434593246841,347872,2
SG TEMAU,2023-12-01,2023,12,31.1,42.10200849273915,-11.00200849273915,-0.513897721505976,False,0.4563294736034121,389421,1
SG TEMAU,2024-01-01,2024,1,33.6,42.60360723664088,-9.003607236640882,1.0920326582002047,False,0.4248787147785147,400953,2
SG TEMAU,2024-02-01,2024,2,31.3,44.31350210125211,-13.013502101252111,-0.385423291129482,False,0.47629488108358103,356640,2
SG TEMAU,2024-03-01,2024,3,29.6,41.905951811707325,-12.305951811707324,-1.4774559493296844,False,0.4348688119603924,408820,1
SG TEMAU,2024-04-01,2024,4,31.1,40.07920813209158,-8.979208132091578,-0.513897721505976,False,0.44367950314955745,420298,1
SG TEMAU,2024-05-01,2024,5,33.3,40.6016027550228,-7.301602755022806,0.8993210126354603,False,0.41472382762382975,423098,1
SG TEMAU,2024-06-01,2024,6,32.3,41.5878763642528,-9.287876364252803,0.256948860752988,False,0.4249762530114253,394564,1
SG TEMAU,2024-07-01,2024,7,32.6,41.42076511505087,-8.820765115050868,0.4496605063177324,False,0.41749663150896976,406636,1
SG TEMAU,2024-08-01,2024,8,33.7,42.01506222735917,-8.315062227359164,1.1562698733884529,False,0.4415451239650878,415997,2
SG TEMAU,2024-09-01,2024,9,31.0,42.17608704474236,-11.17608704474236,-0.5781349366942241,False,0.4450550225506346,390476,2
SG TEMAU,2024-10-01,2024,10,32.6,41.96300224647052,-9.363002246470522,0.4496605063177324,False,0.4184541535560108,399208,1
SG TEMAU,2024-11-01,2024,11,32.6,43.266171697123795,-10.666171697123794,0.4496605063177324,False,0.4329768309251728,373529,2
SG TEMAU,2024-12-01,2024,12,32.9,42.32855844795852,-9.428558447958522,0.6423721518824722,False,0.4455643706157513,383151,1
SG TEMAU,2025-01-01,2025,1,28.4,41.9999724889641,-13.599972488964099,-2.248302531588653,False,0.44576502402123763,392465,2
SG TEMAU,2025-02-01,2025,2,30.1,41.3576185733781,-11.257618573378096,-1.1562698733884482,False,0.4393515079404177,347780,1
SG TEMAU,2025-03-01,2025,3,30.4,40.707776112198765,-10.307776112198766,-0.9635582278237084,False,0.44133314921880545,420108,1
SG TEMAU,2025-04-01,2025,4,28.2,39.97899958366236,-11.778999583662358,-2.376776961965147,False,0.48488648280085866,399843,1
SG TEMAU,2025-05-01,2025,5,31.3,41.57764605521794,-10.27764605521794,-0.385423291129482,False,0.42149877978404837,455282,2
SG TEMAU,2025-06-01,2025,6,32.4,41.966635079963915,-9.566635079963916,0.3211860759412361,False,0.445615064481441,434288,2
SG TEMAU,2025-07-01,2025,7,29.5,40.596125757980516,-11.096125757980516,-1.5416931645179326,False,0.44812273525890267,444698,2
SG TEMAU,2025-08-01,2025,8,27.4,39.95048194971098,-12.550481949710985,-2.890674683471125,False,0.46155248282168104,410588,1
SG TEMAU,2025-09-01,2025,9,30.7,42.586687553708934,-11.886687553708935,-0.7708465822589663,False,0.44449657930217074,377970,2
SG TEMAU,2025-10-01,2025,10,30.8,42.26528749352925,-11.46528749352925,-0.7066093670707181,False,0.44716154021311044,411974,2
SG TEMAU,2025-11-01,2025,11,27.2,40.12892951555826,-12.928929515558263,-3.019149113847619,False,0.45857353513008,398905,1
SG TEMAU,2025-12-01,2025,12,31.7,41.13039412313652,-9.43039412313652,-0.128474430376494,False,0.4561602353393202,396939,1
SG. LEMBING,2023-01-01,2023,1,31.4,35.90262927945797,-4.50262927945797,-0.022483025315886824,False,0.4624150437009193,658064,3
SG. LEMBING,2023-02-01,2023,2,33.4,31.875140720461296,1.5248592795387026,0.8768379873195734,False,0.4457739691666251,654409,1
SG. LEMBING,2023-03-01,2023,3,30.8,32.83254058166011,-2.032540581660111,-0.29227932910652393,False,0.47296124512839327,708008,1
SG. LEMBING,2023-04-01,2023,4,33.2,32.10107140368744,1.098928596312561,0.7869058860560293,False,0.4604297102906432,712282,1
SG. LEMBING,2023-05-01,2023,5,31.2,32.429448242915285,-1.2294482429152858,-0.11241512657943253,False,0.4456027250350597,742734,2
SG. LEMBING,2023-06-01,2023,6,31.7,33.56091524536809,-1.8609152453680942,0.11241512657943253,False,0.5017333702589254,750539,3
SG. LEMBING,2023-07-01,2023,7,34.4,33.40810828009921,0.9918917199007851,1.3264984936373034,False,0.4300357381780991,716704,2
SG. LEMBING,2023-08-01,2023,8,31.9,33.6067140316636,-1.7067140316636014,0.20234722784297823,False,0.4420553914679244,757377,2
SG. LEMBING,2023-09-01,2023,9,34.6,31.331552104346855,3.2684478956531464,1.4164305949008509,False,0.43641020160080884,697016,1
SG. LEMBING,2023-10-01,2023,10,34.9,31.80990631739332,3.0900936826066783,1.5513287467961685,False,0.4485706367671138,715962,1
SG. LEMBING,2023-11-01,2023,11,35.6,32.140077309251986,3.459922690748016,1.866091101218581,False,0.4982799946364778,669629,1
SG. LEMBING,2023-12-01,2023,12,33.9,34.08481761617896,-0.18481761617896098,1.1016682404784384,False,0.40667261671839633,661221,2
SG. LEMBING,2024-01-01,2024,1,31.5,33.19505261578524,-1.6950526157852366,0.022483025315886824,False,0.483285610096923,667311,2
SG. LEMBING,2024-02-01,2024,2,31.2,35.30561359095089,-4.105613590950892,-0.11241512657943253,False,0.4906836425705523,661449,3
SG. LEMBING,2024-03-01,2024,3,33.5,30.73614341279283,2.7638565872071688,0.921804037951347,False,0.456118040076464,735014,1
SG. LEMBING,2024-04-01,2024,4,29.7,30.33126056123807,-0.6312605612380722,-0.7869058860560277,False,0.4968036551371109,686116,1
SG. LEMBING,2024-05-01,2024,5,33.2,31.139438446573536,2.060561553426467,0.7869058860560293,False,0.44281345778076986,742777,1
SG. LEMBING,2024-06-01,2024,6,30.0,33.227221248877484,-3.227221248877484,-0.6520077341607083,False,0.43324664984702776,725123,2
SG. LEMBING,2024-07-01,2024,7,30.8,30.10969150116439,0.6903084988356092,-0.29227932910652393,False,0.48302062054579165,776996,1
SG. LEMBING,2024-08-01,2024,8,31.9,32.37608181410926,-0.4760818141092642,0.20234722784297823,False,0.435466258933864,754619,2
SG. LEMBING,2024-09-01,2024,9,34.4,32.794462236247625,1.6055377637523733,1.3264984936373034,False,0.4165221881680209,676693,2
SG. LEMBING,2024-10-01,2024,10,34.3,33.17589701446977,1.1241029855302287,1.28153244300553,False,0.442373199750333,728936,2
SG. LEMBING,2024-11-01,2024,11,30.3,34.37820497320331,-4.078204973203309,-0.517109582265389,False,0.4943944923728699,692764,3
SG. LEMBING,2024-12-01,2024,12,30.6,34.216146769573335,-3.6161467695733336,-0.38221143037006966,False,0.48256235904924444,703090,3
SG. LEMBING,2025-01-01,2025,1,33.0,29.28495880522479,3.7150411947752104,0.696973784792482,False,0.4432797792127608,731881,1
SG. LEMBING,2025-02-01,2025,2,28.0,29.606385849227717,-1.606385849227717,-1.5513287467961685,False,0.47377771048703543,679447,1
SG. LEMBING,2025-03-01,2025,3,30.4,32.35869453896284,-1.9586945389628383,-0.47214353163361694,False,0.42276713486374223,705485,2
SG. LEMBING,2025-04-01,2025,4,27.9,31.135204927946045,-3.2352049279460466,-1.5962947974279422,False,0.4771907730393751,716247,1
SG. LEMBING,2025-05-01,2025,5,28.8,30.643936190614873,-1.8439361906148726,-1.1916003417419843,False,0.4539401405937207,779753,2
SG. LEMBING,2025-06-01,2025,6,30.9,32.31750420719208,-1.4175042071920814,-0.24731327847475187,False,0.4948698144832259,792726,3
SG. LEMBING,2025-07-01,2025,7,32.0,28.822744840692277,3.177255159307723,0.24731327847475187,False,0.5021813466924904,806028,1
SG. LEMBING,2025-08-01,2025,8,29.6,33.23436202711402,-3.6343620271140153,-0.8318719366877998,False,0.4824160846066487,786104,3
SG. LEMBING,2025-09-01,2025,9,29.6,32.76819578677495,-3.1681957867749517,-0.8318719366877998,False,0.4861493840093065,730440,3
SG. LEMBING,2025-10-01,2025,10,31.0,33.84772633289209,-2.847726332892087,-0.20234722784297823,False,0.44780882951866213,714920,3
SG. LEMBING,2025-11-01,2025,11,31.9,31.714141373944408,0.185858626055591,0.20234722784297823,False,0.47403741658282617,659703,2
SG. LEMBING,2025-12-01,2025,12,30.6,30.582695793276905,0.017304206723096627,-0.38221143037006966,False,0.4748115875679448,730867,1
SIMPANG JENGKA,2023-01-01,2023,1,40.1,32.20161759123287,7.898382408767134,0.017294634858375717,False,0.4235976854964197,322700,1
SIMPANG JENGKA,2023-02-01,2023,2,40.1,33.91504957532711,6.184950424672891,0.017294634858375717,False,0.4514713239196526,301597,1
SIMPANG JENGKA,2023-03-01,2023,3,42.7,33.90223977422274,8.79776022577726,0.9166156474938368,False,0.4343861313602985,343636,2
SIMPANG JENGKA,2023-04-01,2023,4,44.3,34.26234824996528,10.037651750034719,1.4700439629618107,False,0.40424006611006413,354736,2
SIMPANG JENGKA,2023-05-01,2023,5,42.7,36.710459052551485,5.989540947448518,0.9166156474938368,False,0.4775936379649961,359012,3
SIMPANG JENGKA,2023-06-01,2023,6,38.1,35.78581240926728,2.314187590732722,-0.674490759476594,False,0.4592786471233112,361265,3
SIMPANG JENGKA,2023-07-01,2023,7,42.8,33.94888346557614,8.85111653442386,0.9512049172105833,False,0.4252251260025834,362392,2
SIMPANG JENGKA,2023-08-01,2023,8,43.1,32.05164737000228,11.048352629997723,1.0549727263608304,False,0.4259744680501299,344572,1
SIMPANG JENGKA,2023-09-01,2023,9,38.8,36.90514180339319,1.8948581966068048,-0.43236587145935607,False,0.47181666869823013,312162,3
SIMPANG JENGKA,2023-10-01,2023,10,38.9,35.23795621881429,3.6620437811857087,-0.3977766017426071,False,0.4080089846499768,337656,2
SIMPANG JENGKA,2023-11-01,2023,11,39.3,37.127421760123816,2.172578239876181,-0.25941952287561365,False,0.4628414915006156,311924,3
SIMPANG JENGKA,2023-12-01,2023,12,44.3,37.26231037245676,7.037689627543237,1.4700439629618107,False,0.47310319719211613,314650,3
SIMPANG JENGKA,2024-01-01,2024,1,44.1,34.945616213179676,9.154383786820325,1.4008654235283151,False,0.41396936336436435,325013,2
SIMPANG JENGKA,2024-02-01,2024,2,42.9,33.84326093938162,9.056739060618376,0.9857941869273323,False,0.43554874047042286,305909,2
SIMPANG JENGKA,2024-03-01,2024,3,39.8,33.77852822040529,6.021471779594705,-0.08647317429187122,False,0.4026181392124781,364396,2
SIMPANG JENGKA,2024-04-01,2024,4,41.2,33.69956016977879,7.500439830221211,0.39777660174260954,False,0.4130153182507837,358098,2
SIMPANG JENGKA,2024-05-01,2024,5,37.9,34.969565538672526,2.930434461327472,-0.7436692989100919,False,0.4150889624666757,350988,2
SIMPANG JENGKA,2024-06-01,2024,6,39.1,33.32677864232233,5.77322135767767,-0.32859806230910915,False,0.4165106575040992,361231,2
SIMPANG JENGKA,2024-07-01,2024,7,39.7,31.017360852939262,8.68263914706074,-0.12106244400861774,False,0.4203031109974302,373052,1
SIMPANG JENGKA,2024-08-01,2024,8,42.0,34.329000175095736,7.670999824904264,0.6744907594765964,False,0.41036029702360993,341150,2
SIMPANG JENGKA,2024-09-01,2024,9,40.0,33.76750813126414,6.232491868735863,-0.01729463485837326,False,0.413988391525917,342850,2
SIMPANG JENGKA,2024-10-01,2024,10,40.9,32.87499370785708,8.025006292142919,0.2940087925923626,False,0.4166281177094279,339971,1
SIMPANG JENGKA,2024-11-01,2024,11,41.8,35.03867099370203,6.76132900629797,0.6053122200430985,False,0.4465423860738111,318638,2
SIMPANG JENGKA,2024-12-01,2024,12,39.9,36.68010426464763,3.2198957353523667,-0.051883904575122236,False,0.49769563516257276,311841,3
SIMPANG JENGKA,2025-01-01,2025,1,42.8,34.152293223758065,8.647706776241932,0.9512049172105833,False,0.3979254757546574,347896,2
SIMPANG JENGKA,2025-02-01,2025,2,38.3,33.57783422976198,4.722165770238014,-0.6053122200430985,False,0.4181215167045469,304652,2
SIMPANG JENGKA,2025-03-01,2025,3,42.0,30.543271571419766,11.456728428580234,0.6744907594765964,False,0.43156678602088666,371764,1
SIMPANG JENGKA,2025-04-01,2025,4,36.1,32.323038787225094,3.776961212774907,-1.3662761538115638,False,0.43716564495272253,362350,1
SIMPANG JENGKA,2025-05-01,2025,5,35.8,30.474765269481765,5.325234730518233,-1.4700439629618107,False,0.41508720496893403,393007,1
SIMPANG JENGKA,2025-06-01,2025,6,42.7,31.256957602564892,11.44304239743511,0.9166156474938368,False,0.41984835975113277,361906,1
SIMPANG JENGKA,2025-07-01,2025,7,36.8,31.52520483366235,5.274795166337647,-1.1241512657943258,False,0.41647909914012493,373668,1
SIMPANG JENGKA,2025-08-01,2025,8,40.0,31.140834011792236,8.859165988207764,-0.01729463485837326,False,0.42629730857005926,351923,1
SIMPANG JENGKA,2025-09-01,2025,9,36.0,33.19581397226328,2.804186027736719,-1.4008654235283127,False,0.42187323139518623,361296,2
SIMPANG JENGKA,2025-10-01,2025,10,39.2,33.21211506919726,5.987884930802743,-0.2940087925923602,False,0.4148935310976371,337189,1
SIMPANG JENGKA,2025-11-01,2025,11,37.4,34.06718469266233,3.3328153073376683,-0.9166156474938344,False,0.4060213640482816,332284,2
SIMPANG JENGKA,2025-12-01,2025,12,40.2,31.735606988334432,8.464393011665571,0.05188390457512469,False,0.4126949073679571,344025,1
TERLA,2023-01-01,2023,1,47.3,46.47182431019317,0.8281756898068267,-1.2478079050317021,False,0.4536554191887674,136217,1
TERLA,2023-02-01,2023,2,53.8,45.15129599236467,8.648704007635324,0.9442870632672323,False,0.43903909266898583,128057,1
TERLA,2023-03-01,2023,3,49.5,42.588587664632335,6.911412335367665,-0.5058680696074465,False,0.4194541391779329,155638,1
TERLA,2023-04-01,2023,4,51.7,44.26839367715473,7.431606322845276,0.23607176581680928,False,0.4381354733679794,152034,1
TERLA,2023-05-01,2023,5,48.8,45.5849617377404,3.215038262259597,-0.7419398354242557,False,0.4134901529374355,148925,1
TERLA,2023-06-01,2023,6,50.3,45.32443848429797,4.975561515702026,-0.23607176581680928,False,0.4567996229169653,151635,1
TERLA,2023-07-01,2023,7,53.7,42.95729528872706,10.742704711272943,0.9105625252934045,False,0.43519246468090006,158286,1
TERLA,2023-08-01,2023,8,56.1,43.750568089191134,12.349431910808867,1.7199514366653184,False,0.42671242945715204,151668,1
TERLA,2023-09-01,2023,9,50.3,45.34167725946071,4.958322740539288,-0.23607176581680928,False,0.447839765325489,147837,1
TERLA,2023-10-01,2023,10,53.0,44.08395687753898,8.91604312246102,0.6744907594765952,False,0.4340948740067167,146804,1
TERLA,2023-11-01,2023,11,53.1,45.90511709385389,7.194882906146113,0.7082152974504254,False,0.4428720449235044,132659,1
TERLA,2023-12-01,2023,12,55.7,43.244896826549045,12.455103173450958,1.5850532847699996,False,0.4515314897718995,148932,1
TERLA,2024-01-01,2024,1,52.4,41.827230647996814,10.572769352003185,0.47214353163361616,False,0.446413672139227,150574,1
TERLA,2024-02-01,2024,2,46.6,45.38055197991075,1.2194480200892528,-1.483879670848509,False,0.41593430992732333,135946,1
TERLA,2024-03-01,2024,3,48.3,45.21179902763903,3.0882009723609656,-0.9105625252934045,False,0.43592257914354354,148602,1
TERLA,2024-04-01,2024,4,50.3,46.352794147161134,3.947205852838863,-0.23607176581680928,False,0.49254206105035075,152685,2
TERLA,2024-05-01,2024,5,46.9,43.57998722525839,3.320012774741606,-1.3827060569270206,False,0.4384599733784132,156515,1
TERLA,2024-06-01,2024,6,46.3,42.02526259822772,4.274737401772278,-1.5850532847699996,False,0.42303213323320454,157352,1
TERLA,2024-07-01,2024,7,52.6,45.4994434327913,7.100556567208699,0.5395926075812767,False,0.5127212646283932,168181,2
TERLA,2024-08-01,2024,8,49.0,44.660454482608095,4.339545517391905,-0.6744907594765952,False,0.43941797225296186,159560,1
TERLA,2024-09-01,2024,9,51.0,44.070203617456215,6.929796382543785,0.0,False,0.4493611614083568,151253,1
TERLA,2024-10-01,2024,10,47.5,43.11027032137379,4.38972967862621,-1.1803588290840417,False,0.41707677469543897,153995,1
TERLA,2024-11-01,2024,11,48.3,44.241355962275684,4.058644037724314,-0.9105625252934045,False,0.43101630828172255,138569,1
TERLA,2024-12-01,2024,12,51.3,42.33936135744519,8.960638642554805,0.10117361392148833,False,0.42185512706377654,144359,1
TERLA,2025-01-01,2025,1,52.2,41.686311311301374,10.513688688698629,0.4046944556859581,False,0.4434225075676287,156301,1
TERLA,2025-02-01,2025,2,51.4,43.23212293446477,8.16787706553523,0.13489815189531856,False,0.43584689187753006,140012,1
TERLA,2025-03-01,2025,3,51.6,45.78683459136766,5.813165408632344,0.20234722784297904,False,0.5092255784116504,162189,2
TERLA,2025-04-01,2025,4,51.7,44.47616327317449,7.22383672682551,0.23607176581680928,False,0.5021135249174183,161561,2
TERLA,2025-05-01,2025,5,51.0,42.60160491735338,8.398395082646623,0.0,False,0.44629394383790755,161202,1
TERLA,2025-06-01,2025,6,48.8,41.71427755960989,7.085722440390107,-0.7419398354242557,False,0.45051499419351204,163434,1
TERLA,2025-07-01,2025,7,52.9,43.098114955837126,9.801885044162873,0.640766221502765,False,0.45458813202174525,162911,1
TERLA,2025-08-01,2025,8,45.9,42.90519852667162,2.99480147332838,-1.7199514366653184,False,0.45541642758851336,168400,1
TERLA,2025-09-01,2025,9,51.8,43.28159610671886,8.518403893281139,0.2697963037906371,False,0.4437534395257758,159699,1
TERLA,2025-10-01,2025,10,52.8,44.56768086810334,8.23231913189666,0.6070416835289347,False,0.4375846099505323,149753,1
TERLA,2025-11-01,2025,11,46.4,41.65411212619708,4.745887873802921,-1.5513287467961694,False,0.43055055320861363,152055,1
TERLA,2025-12-01,2025,12,48.4,45.22028633746379,3.1797136625362086,-0.8768379873195743,False,0.4715409544899409,153499,2
TRAS,2023-01-01,2023,1,42.6,46.29258585855203,-3.692585858552029,1.4700439629618134,False,0.4148714980414919,154197,1
TRAS,2023-02-01,2023,2,43.0,47.33573195615776,-4.335731956157758,1.608401041828807,False,0.4414002546102708,146938,1
TRAS,2023-03-01,2023,3,42.7,46.39686493277482,-3.6968649327748153,1.5046332326785623,False,0.4245175902941992,165288,1
TRAS,2023-04-01,2023,4,42.8,45.678485600520666,-2.878485600520669,1.539222502395309,False,0.42075374788835057,166765,1
TRAS,2023-05-01,2023,5,40.3,45.22562102597388,-4.925621025973882,0.6744907594765952,False,0.4192355124668974,172617,1
TRAS,2023-06-01,2023,6,38.8,44.67313394226484,-5.873133942264843,0.15565171372536699,False,0.4489380447193035,177283,1
TRAS,2023-07-01,2023,7,38.0,47.4299434983557,-9.429943498355698,-0.12106244400862042,False,0.5205844735727455,184277,2
TRAS,2023-08-01,2023,8,40.5,47.16614164268701,-6.666141642687009,0.7436692989100934,False,0.4470923048907338,171229,1
TRAS,2023-09-01,2023,9,39.3,46.068804839770046,-6.768804839770048,0.32859806230910976,False,0.41308607135166947,168253,1
TRAS,2023-10-01,2023,10,42.2,47.454657581291826,-5.2546575812918235,1.3316868840948197,False,0.41021532387547716,161733,1
TRAS,2023-11-01,2023,11,36.5,47.05027159787669,-10.550271597876687,-0.6399014897598486,False,0.40681354300121503,147967,1
TRAS,2023-12-01,2023,12,38.6,48.28108911093662,-9.681089110936618,0.08647317429187137,False,0.4452998443320452,150692,1
TRAS,2024-01-01,2024,1,35.7,45.01068059289192,-9.31068059289192,-0.9166156474938361,False,0.4313626763111567,171762,1
TRAS,2024-02-01,2024,2,35.8,45.067630044303115,-9.267630044303118,-0.8820263777770895,False,0.4204615067330164,155403,1
TRAS,2024-03-01,2024,3,38.6,48.558878571149435,-9.958878571149434,0.08647317429187137,False,0.5132890035307632,180164,2
TRAS,2024-04-01,2024,4,40.3,46.842613071375936,-6.542613071375939,0.6744907594765952,False,0.4141812756445548,165707,1
TRAS,2024-05-01,2024,5,35.8,45.19039304512158,-9.390393045121584,-0.8820263777770895,False,0.46040522296616015,185377,1
TRAS,2024-06-01,2024,6,40.1,45.10718609857098,-5.007186098570976,0.6053122200430996,False,0.4380277309758935,167013,1
TRAS,2024-07-01,2024,7,35.2,45.06958689617481,-9.869586896174809,-1.0895619960775789,False,0.47654609728407277,185211,1
TRAS,2024-08-01,2024,8,36.6,45.701581995767256,-9.101581995767255,-0.6053122200430996,False,0.43192154442420755,175749,1
TRAS,2024-09-01,2024,9,40.5,46.11674007992595,-5.616740079925947,0.7436692989100934,False,0.4522329280393905,168019,1
TRAS,2024-10-01,2024,10,37.2,47.0382894461175,-9.8382894461175,-0.3977766017426078,False,0.41928309605414593,159630,1
TRAS,2024-11-01,2024,11,41.5,45.79840410344581,-4.298404103445812,1.0895619960775789,False,0.4075000325241254,157132,1
TRAS,2024-12-01,2024,12,36.9,46.60154725379465,-9.70154725379465,-0.501544410892855,False,0.39952251762592556,156795,1
TRAS,2025-01-01,2025,1,35.8,42.543506540141344,-6.743506540141347,-0.8820263777770895,False,0.5170198552116821,170151,0
TRAS,2025-02-01,2025,2,38.0,45.3040998226583,-7.304099822658301,-0.12106244400862042,False,0.414295269382274,146652,1
TRAS,2025-03-01,2025,3,38.6,43.96220341104945,-5.36220341104945,0.08647317429187137,False,0.46042044030250107,179777,1
TRAS,2025-04-01,2025,4,38.0,44.947217671282964,-6.947217671282964,-0.12106244400862042,False,0.4949223864668732,183103,1
TRAS,2025-05-01,2025,5,34.8,45.886688711902735,-11.086688711902738,-1.227919074944575,False,0.4374628318326769,176775,1
TRAS,2025-06-01,2025,6,39.3,46.57349211129962,-7.273492111299625,0.32859806230910976,False,0.4648703675502965,171210,1
TRAS,2025-07-01,2025,7,36.9,45.54945464759734,-8.649454647597338,-0.501544410892855,False,0.45552122038684706,178250,1
TRAS,2025-08-01,2025,8,39.3,45.40919784841387,-6.109197848413871,0.32859806230910976,False,0.4295436981751054,174961,1
TRAS,2025-09-01,2025,9,36.2,46.88191863765886,-10.68191863765886,-0.7436692989100934,False,0.4297446537067479,168078,1
TRAS,2025-10-01,2025,10,35.1,45.29312149191688,-10.193121491916877,-1.1241512657943278,False,0.4110560268467768,168801,1
TRAS,2025-11-01,2025,11,38.1,46.05150994867654,-7.951509948676538,-0.08647317429187137,False,0.4260405282045461,159614,1
TRAS,2025-12-01,2025,12,33.9,45.40972798817386,-11.509727988173864,-1.5392225023953114,False,0.4567469016349952,171036,1
TRIANG,2023-01-01,2023,1,37.4,33.59553366980576,3.804466330194238,1.5870370811213916,False,0.506540237272227,5401386,14
TRIANG,2023-02-01,2023,2,32.9,31.7980820236959,1.1019179763040974,-0.19837963514017712,False,0.45020095953307254,5196232,6
TRIANG,2023-03-01,2023,3,34.7,32.08755185908287,2.612448140917131,0.515787051364452,False,0.5049964277191984,5905021,10
TRIANG,2023-04-01,2023,4,35.0,31.373747693007893,3.6262523069921073,0.6348148324485555,False,0.5042181336895025,6021681,9
TRIANG,2023-05-01,2023,5,33.6,33.07845489097307,0.5215451090269312,0.07935185405606804,False,0.5124210457325475,6441757,14
TRIANG,2023-06-01,2023,6,33.2,32.00752216890203,1.1924778310979747,-0.07935185405607086,False,0.46652978684993246,5822567,11
TRIANG,2023-07-01,2023,7,37.6,31.167645305301594,6.432354694698407,1.6663889351774626,False,0.5056110950085752,5951833,6
TRIANG,2023-08-01,2023,8,36.1,31.272946466840423,4.827053533159578,1.0712500297569396,False,0.5383611417852124,5866300,14
TRIANG,2023-09-01,2023,9,36.2,31.979815754001386,4.220184245998617,1.110925956784975,False,0.4805949491223243,5530299,8
TRIANG,2023-10-01,2023,10,34.7,30.369100320190924,4.330899679809079,0.515787051364452,False,0.48016691132436545,5982289,9
TRIANG,2023-11-01,2023,11,32.8,32.63750077883918,0.1624992211608145,-0.23805556216821255,False,0.4840244371159192,5540704,9
TRIANG,2023-12-01,2023,12,34.2,31.772402244489214,2.4275977555107886,0.31740741622427776,False,0.4637805614651163,5442821,6
TRIANG,2024-01-01,2024,1,36.8,32.093267104035725,4.706732895964272,1.348981518953182,False,0.5852517704015291,5805539,14
TRIANG,2024-02-01,2024,2,33.1,32.18678382215498,0.9132161778450225,-0.11902778108410628,False,0.5548594094809336,5083540,13
TRIANG,2024-03-01,2024,3,37.4,32.260534025357366,5.139465974642633,1.5870370811213916,False,0.5120852996152844,5880028,11
TRIANG,2024-04-01,2024,4,35.4,32.83819463192044,2.561805368079561,0.7935185405606944,False,0.5034698128731169,5848765,11
TRIANG,2024-05-01,2024,5,31.7,32.39112678723346,-0.6911267872334612,-0.6744907594765952,False,0.5339202711985724,6152658,10
TRIANG,2024-06-01,2024,6,37.1,29.76916005877417,7.3308399412258325,1.4680093000372882,False,0.548713933985264,6423136,11
TRIANG,2024-07-01,2024,7,33.1,30.67167784753825,2.428322152461753,-0.11902778108410628,False,0.49646377668766334,6496654,8
TRIANG,2024-08-01,2024,8,33.0,30.36799004596363,2.63200995403637,-0.1587037081121417,False,0.49259873964892636,6300956,6
TRIANG,2024-09-01,2024,9,37.3,31.57853736126502,5.721462638734977,1.5473611540933563,False,0.5041727805477437,5672067,11
TRIANG,2024-10-01,2024,10,35.8,31.28189635470833,4.518103645291667,0.9522222486728333,False,0.5024105898916748,6037010,14
TRIANG,2024-11-01,2024,11,31.8,31.52904578540425,0.27095421459575064,-0.6348148324485597,False,0.4913154469808693,5722679,13
TRIANG,2024-12-01,2024,12,31.7,32.93520315302603,-1.2352031530260312,-0.6744907594765952,False,0.47865019539939746,5418255,13
TRIANG,2025-01-01,2025,1,35.2,31.541969820005882,3.658030179994121,0.7141666865046263,False,0.49439340846639984,6015038,14
TRIANG,2025-02-01,2025,2,31.4,30.395987427780994,1.004012572219004,-0.7935185405607,False,0.4775863056172145,5423801,5
TRIANG,2025-03-01,2025,3,31.6,31.4409985855416,0.15900141445840177,-0.7141666865046292,False,0.4878668497772345,6072845,14
TRIANG,2025-04-01,2025,4,32.3,31.208807125619906,1.0911928743800914,-0.43643519730838687,False,0.5053963416901621,6205923,6
TRIANG,2025-05-01,2025,5,31.9,30.73203068142213,1.1679693185778675,-0.5951389054205257,False,0.5154025660505273,6492158,12
TRIANG,2025-06-01,2025,6,31.6,29.0915540594362,2.508445940563803,-0.7141666865046292,False,0.49843638389219735,6415731,7
TRIANG,2025-07-01,2025,7,36.0,30.39149843151585,5.608501568484151,1.031574102728904,False,0.5217974059980071,6173181,8
TRIANG,2025-08-01,2025,8,35.6,29.715924754984478,5.884075245015524,0.8728703946167653,False,0.4713843430747828,6186497,10
TRIANG,2025-09-01,2025,9,32.8,29.46975356818082,3.3302464318191767,-0.23805556216821255,False,0.4680366823104646,6001248,7
TRIANG,2025-10-01,2025,10,31.4,30.354250683949843,1.0457493160501556,-0.7935185405607,False,0.48948489819750013,6121855,6
TRIANG,2025-11-01,2025,11,32.8,31.082474908785642,1.7175250912143554,-0.23805556216821255,False,0.4985978445200271,5740444,8
TRIANG,2025-12-01,2025,12,32.0,29.652816438489605,2.347183561510395,-0.5554629783924904,False,0.5473074776189375,6037177,15
ULU JEMPOL,2023-01-01,2023,1,36.4,48.72779137177662,-12.32779137177662,0.195247325111648,False,0.4240830297640819,192637,1
ULU JEMPOL,2023-02-01,2023,2,34.6,51.95350114662746,-17.35350114662746,-0.44374392070828494,False,0.4485513792261232,182366,2
ULU JEMPOL,2023-03-01,2023,3,38.3,52.27027431658988,-13.97027431658988,0.8697380845882444,False,0.4472489869950403,191465,2
ULU JEMPOL,2023-04-01,2023,4,35.0,47.713305703315015,-12.713305703315015,-0.30174586608163345,False,0.41003252598764056,198693,1
ULU JEMPOL,2023-05-01,2023,5,38.8,49.19075417247384,-10.39075417247384,1.0472356528715594,False,0.4300357077100131,203878,1
ULU JEMPOL,2023-06-01,2023,6,34.4,51.63064833070965,-17.23064833070965,-0.5147429480216119,False,0.44737416424913007,192568,2
ULU JEMPOL,2023-07-01,2023,7,38.7,51.146967814466024,-12.44696781446602,1.0117361392148985,False,0.4328207047324637,215877,2
ULU JEMPOL,2023-08-01,2023,8,38.4,51.14667583362381,-12.746675833623812,0.9052375982449079,False,0.4625022211310569,193224,2
ULU JEMPOL,2023-09-01,2023,9,39.0,53.146823524294966,-14.146823524294966,1.1182346801848864,False,0.44414959616944377,184172,2
ULU JEMPOL,2023-10-01,2023,10,39.9,47.49278388550363,-7.5927838855036285,1.437730303094853,False,0.3941453795547107,202013,1
ULU JEMPOL,2023-11-01,2023,11,35.5,51.250392013243506,-15.750392013243506,-0.12424829779831847,False,0.43551759484648384,176275,1
ULU JEMPOL,2023-12-01,2023,12,37.2,53.16579812684888,-15.965798126848874,0.4792434343649535,False,0.46520463025261544,178695,2
ULU JEMPOL,2024-01-01,2024,1,35.8,49.01849144629149,-13.218491446291495,-0.01774975682833049,False,0.4272122539621084,193212,1
ULU JEMPOL,2024-02-01,2024,2,38.7,49.03107532741902,-10.331075327419015,1.0117361392148985,False,0.41558380897130115,172614,1
ULU JEMPOL,2024-03-01,2024,3,33.0,50.227500027381055,-17.227500027381055,-1.0117361392148934,False,0.44846419519322694,208741,2
ULU JEMPOL,2024-04-01,2024,4,34.1,49.17551379904363,-15.075513799043627,-0.6212414889915999,False,0.4338629675093347,201463,1
ULU JEMPOL,2024-05-01,2024,5,38.1,48.073565978043916,-9.973565978043915,0.7987390572749199,False,0.40837520619127066,208889,1
ULU JEMPOL,2024-06-01,2024,6,39.1,48.75617932079935,-9.656179320799346,1.15373419384155,False,0.4315349323425774,201422,1
ULU JEMPOL,2024-07-01,2024,7,36.2,50.990250926695964,-14.790250926695961,0.12424829779832351,False,0.4236049867991707,219271,2
ULU JEMPOL,2024-08-01,2024,8,36.7,47.68579148033746,-10.985791480337454,0.3017458660816385,False,0.43868812788071104,198913,1
ULU JEMPOL,2024-09-01,2024,9,36.6,51.45099056993424,-14.85099056993424,0.266246352424975,False,0.44786134588372506,202221,2
ULU JEMPOL,2024-10-01,2024,10,34.9,51.426714697203735,-16.526714697203737,-0.33724537973829694,False,0.43347906791670165,197516,2
ULU JEMPOL,2024-11-01,2024,11,35.3,49.214340741584174,-13.914340741584176,-0.19524732511164547,False,0.41201816512254164,194189,1
ULU JEMPOL,2024-12-01,2024,12,37.4,51.329426650920034,-13.929426650920036,0.550242461678278,False,0.4383870471151278,183117,2
ULU JEMPOL,2025-01-01,2025,1,34.0,48.56397215149717,-14.563972151497168,-0.6567410026482634,False,0.4121830141780847,187324,1
ULU JEMPOL,2025-02-01,2025,2,32.5,48.42177167238253,-15.921771672382533,-1.1892337074982084,False,0.4198765059493387,173188,1
ULU JEMPOL,2025-03-01,2025,3,33.5,52.133840705293125,-18.633840705293125,-0.8342385709315784,False,0.443169358932904,202329,2
ULU JEMPOL,2025-04-01,2025,4,32.3,45.95477033262417,-13.654770332624175,-1.2602327348115354,False,0.4023238681660097,211197,1
ULU JEMPOL,2025-05-01,2025,5,35.9,46.50419850601894,-10.604198506018939,0.017749756828333012,False,0.42120339647020155,224106,1
ULU JEMPOL,2025-06-01,2025,6,33.8,50.00888082540699,-16.208880825406993,-0.7277400299615904,False,0.479484280590618,211493,2
ULU JEMPOL,2025-07-01,2025,7,33.4,45.82842388350784,-12.42842388350784,-0.8697380845882419,False,0.41594751915719724,227317,1
ULU JEMPOL,2025-08-01,2025,8,36.0,47.14130537252569,-11.141305372525693,0.05324927048499651,False,0.44598687824811095,221476,1
ULU JEMPOL,2025-09-01,2025,9,38.2,50.83362653756946,-12.633626537569455,0.8342385709315835,False,0.41883127659661057,200861,2
ULU JEMPOL,2025-10-01,2025,10,33.9,47.87802776333822,-13.978027763338218,-0.6922405163049269,False,0.4199514217924814,207950,1
ULU JEMPOL,2025-11-01,2025,11,32.3,47.24713569372218,-14.947135693722181,-1.2602327348115354,False,0.40465773292200574,194954,1
ULU JEMPOL,2025-12-01,2025,12,34.8,50.62550425584921,-15.82550425584921,-0.3727448933949605,False,0.4492003800330715,196909,2
ULU SUNGAI,2023-01-01,2023,1,63.9,48.90846889616871,14.991531103831285,1.1544168767964784,False,0.5276260938458098,152713,1
ULU SUNGAI,2023-02-01,2023,2,60.9,49.27856864794025,11.621431352059751,0.3761583081696383,False,0.5108087846627716,133658,1
ULU SUNGAI,2023-03-01,2023,3,60.6,50.58868697575519,10.011313024244814,0.298332451306955,False,0.5357537009421092,160039,2
ULU SUNGAI,2023-04-01,2023,4,55.5,47.473862045387094,8.026137954612906,-1.0247071153586735,False,0.45703080253184775,158442,1
ULU SUNGAI,2023-05-01,2023,5,62.2,48.631621135398134,13.568378864601868,0.7134036879079368,False,0.538837613661006,176410,1
ULU SUNGAI,2023-06-01,2023,6,59.9,52.8579586072192,7.042041392780796,0.11673878529402493,False,0.5462854168729506,155409,2
ULU SUNGAI,2023-07-01,2023,7,63.6,51.91527688192058,11.684723118079418,1.0765910199337951,False,0.5668149340215711,170657,2
ULU SUNGAI,2023-08-01,2023,8,59.3,51.69627068322411,7.60372931677589,-0.03891292843134348,False,0.5446588260123717,158462,2
ULU SUNGAI,2023-09-01,2023,9,63.8,52.41143521857991,11.388564781420087,1.1284749245089167,False,0.5952435199972244,162067,2
ULU SUNGAI,2023-10-01,2023,10,56.0,48.64781415042399,7.35218584957601,-0.894997353920867,False,0.45600660337780113,152860,1
ULU SUNGAI,2023-11-01,2023,11,57.4,51.51174547659462,5.888254523405379,-0.5318100218950086,False,0.5436655818740943,150473,2
ULU SUNGAI,2023-12-01,2023,12,57.2,47.96192343279547,9.23807656720453,-0.5836939264701302,False,0.4462680113982237,150314,1
ULU SUNGAI,2024-01-01,2024,1,59.6,48.98588068035832,10.61411931964168,0.03891292843134164,False,0.5057426651784277,162535,1
ULU SUNGAI,2024-02-01,2024,2,61.2,51.07830989287339,10.12169010712661,0.4539841650323234,False,0.5699660599360974,140630,2
ULU SUNGAI,2024-03-01,2024,3,59.6,49.10988179316803,10.490118206831973,0.03891292843134164,False,0.5103088249053541,164757,1
ULU SUNGAI,2024-04-01,2024,4,56.9,47.37973202126942,9.52026797873058,-0.6615197833328152,False,0.4890743221292728,162524,1
ULU SUNGAI,2024-05-01,2024,5,63.4,48.51884296329007,14.88115703670993,1.0247071153586718,False,0.5654510360075411,178195,1
ULU SUNGAI,2024-06-01,2024,6,60.4,50.2778035933715,10.122196406628497,0.2464485467318316,False,0.5436323168130924,164311,2
ULU SUNGAI,2024-07-01,2024,7,64.6,50.71017600227432,13.88982399772567,1.3360105428094067,False,0.5785338325592195,176438,2
ULU SUNGAI,2024-08-01,2024,8,60.5,45.954157344470204,14.545842655529796,0.27239049901939333,False,0.47269576228606547,178663,1
ULU SUNGAI,2024-09-01,2024,9,54.3,48.359228046748555,5.940771953251442,-1.3360105428094105,False,0.4811111451822991,162033,1
ULU SUNGAI,2024-10-01,2024,10,58.3,48.32959694690663,9.970403053093364,-0.2983324513069569,False,0.4736380023893161,164260,1
ULU SUNGAI,2024-11-01,2024,11,58.0,47.31145943336507,10.688540566634927,-0.3761583081696402,False,0.45019663071333105,158236,1
ULU SUNGAI,2024-12-01,2024,12,63.6,50.415589401358595,13.184410598641406,1.0765910199337951,False,0.554415908864784,148452,2
ULU SUNGAI,2025-01-01,2025,1,62.1,48.22428670310415,13.875713296895853,0.6874617356203752,False,0.5065446634346853,156833,1
ULU SUNGAI,2025-02-01,2025,2,53.6,47.46463472384888,6.13536527615112,-1.5176042088223387,False,0.46320267140347243,149517,1
ULU SUNGAI,2025-03-01,2025,3,57.9,51.40972455067369,6.490275449326312,-0.4021002604572019,False,0.5355696805104606,161306,2
ULU SUNGAI,2025-04-01,2025,4,54.6,47.43457064814413,7.16542935185587,-1.2581846859467254,False,0.45732476814217554,171514,1
ULU SUNGAI,2025-05-01,2025,5,60.9,51.75557352150851,9.14442647849149,0.3761583081696383,False,0.5630919528379893,168151,2
ULU SUNGAI,2025-06-01,2025,6,61.3,46.362666153581635,14.937333846418362,0.4799261173198833,False,0.4735913226837882,165596,1
ULU SUNGAI,2025-07-01,2025,7,57.1,46.43816017610851,10.66183982389149,-0.6096358787576919,False,0.46527815948812123,179144,1
ULU SUNGAI,2025-08-01,2025,8,54.5,51.53538371188462,2.96461628811538,-1.284126638234287,False,0.5236787826176869,179067,2
ULU SUNGAI,2025-09-01,2025,9,54.4,46.726288385193726,7.6737116148062725,-1.3100685905218488,False,0.48801086083261824,161883,1
ULU SUNGAI,2025-10-01,2025,10,56.6,50.43182848788394,6.168171512116061,-0.7393456401954985,False,0.5472590442974905,163854,2
ULU SUNGAI,2025-11-01,2025,11,53.8,46.141344274223954,7.658655725776043,-1.465720304247217,False,0.4410902404871006,159181,1
ULU SUNGAI,2025-12-01,2025,12,53.5,52.29934302649383,1.2006569735061703,-1.5435461611099004,False,0.5235750118730845,159504,2
