year,plant,district,region,area_type,months,days_observed,production_m3,billed_m3,nrw_m3,physical_loss_m3,commercial_loss_m3,nrw_value_rm,physical_loss_value_rm,nrw_sunk_cost_rm,billed_revenue_rm,opex_rm,energy_cost_rm,energy_kwh,pipe_bursts,complaints,supply_interruption_hr,pipe_length_km,plant_age_yr,meter_age_yr,capacity_m3_day,capacity_utilisation_pct,customer_accounts,population_served,tariff_rm_m3,cost_per_m3_rm,pressure_bar,water_quality_compliance_pct,nrw_pct_monthly_sd,nrw_pct,physical_share_pct,nrw_per_km_m3,physical_loss_per_km_m3,bursts_per_100km,account_density,nrw_per_account_m3,loss_per_connection_l_day,operating_margin_pct,asset_age_index,complete_year,annualise,nrw_m3_annualised,production_m3_annualised,billed_m3_annualised,physical_loss_m3_annualised,commercial_loss_m3_annualised,nrw_value_rm_annualised,nrw_sunk_cost_rm_annualised,billed_revenue_rm_annualised,opex_rm_annualised,pipe_bursts_annualised,pr_nrw_per_km_m3,pr_bursts_per_100km,pr_plant_age_yr,pr_account_density,lips,lips_rank,volume_rank,rate_rank,rank_gap
2023,BENTONG (FASA 2),BENTONG,BARAT,Bandar,12,365,38889413,24685748,14203665,8607421,5596244,18535782.825,11232684.405,3004694.681,32214901.17,8222688.97,5772752.97,15300867,101,1334,313.0,193.0,38.0,6.599999999999999,159300.0,66.85833333333333,88904.41666666667,377737.0,1.305,0.21141666666666667,2.8354545454545454,98.19166666666666,1.670601415930532,36.523217771376494,60.600000070404356,73594.11917098446,44598.03626943005,52.331606217616574,460.6446459412781,159.76332259458425,265.2508865884888,74.4755107997744,73.49999999999999,True,1.0,14203665.0,38889413.0,24685748.0,8607421.0,5596244.0,18535782.825,3004694.681,32214901.17,8222688.97,101.0,97.2972972972973,62.16216216216216,100.0,94.5945945945946,88.65,1,7,53,46
2023,BATU 9,LIPIS,BARAT,Pinggir Bandar,12,365,8341305,5508523,2832782,1739328,1093454,3458826.822,2123719.4880000004,857942.216,6725906.59,2526742.72,1687259.72,4491420,26,295,95.7,48.0,36.0,6.5,33000.0,69.21666666666667,19551.583333333332,81833.0,1.221,0.30316666666666664,2.6775,98.64166666666667,1.7410158998804002,33.96089700592413,61.39999477545395,59016.291666666664,36236.0,54.166666666666664,407.32465277777777,144.88760074844748,243.7287103830886,62.4326819561138,70.25,True,1.0,2832782.0,8341305.0,5508523.0,1739328.0,1093454.0,3458826.822,857942.216,6725906.59,2526742.72,26.0,87.83783783783784,71.62162162162163,92.56756756756756,90.54054054054053,85.14,2,13,62,49
2023,SG GAPOI,BENTONG,BARAT,Pinggir Bandar,12,365,9146780,6020601,3126179,2010134,1116045,3820190.738,2456383.7479999997,900343.481,7357174.42,2634940.03,1756650.03,4650099,24,385,72.0,51.0,33.0,4.1,38700.0,64.73333333333333,21148.333333333332,89605.0,1.222,0.2881666666666667,2.4616666666666664,98.40833333333335,1.8855712099729336,34.17791834940821,64.30002888510224,61297.62745098039,39414.39215686275,47.05882352941176,414.6732026143791,147.82153045945307,260.40900488720143,64.18543479359296,59.74999999999999,True,1.0,3126179.0,9146780.0,6020601.0,2010134.0,1116045.0,3820190.738,900343.481,7357174.42,2634940.03,24.0,90.54054054054053,36.486486486486484,85.13513513513513,93.24324324324324,76.35,3,11,61,50
2023,BUKIT UBI,KUANTAN,PANTAI TIMUR,Bandar,12,365,50244026,34938755,15305271,9565796,5739478,20876389.644,13047745.744,4114987.2440000004,47656461.82,13511999.81,9756443.81,26062783,105,1701,338.2,238.0,35.0,13.9,178300.0,77.16666666666667,117714.25,497203.0,1.364,0.2688333333333333,2.5954545454545457,97.74166666666667,1.3097246992703415,30.461872223376368,62.50001061725728,64307.861344537814,40192.42016806723,44.11764705882353,494.5976890756302,130.02054551594222,222.63795822487594,71.64707723994437,87.25,True,1.0,15305271.0,50244026.0,34938755.0,9565796.0,5739478.0,20876389.644,4114987.2440000004,47656461.82,13511999.81,105.0,93.24324324324324,18.91891891891892,89.86486486486487,95.94594594594594,74.39,4,6,72,66
2023,PEKAN TAJAU,MARAN,TENGAH,Pinggir Bandar,12,365,3591896,2256554,1335342,1066938,268404,1506265.7759999998,1203506.0639999998,340638.752,2545392.94,916009.5,614691.5,1631889,18,152,60.6,31.0,33.0,9.8,12700.0,77.475,8300.916666666666,34919.0,1.128,0.2549166666666667,2.7841666666666662,98.5,1.6051762859857193,37.176521814662784,79.89998067910693,43075.54838709677,34417.354838709674,58.06451612903226,267.77150537634407,160.86681189828434,352.1439770570533,64.01304153849033,74.0,True,1.0,1335342.0,3591896.0,2256554.0,1066938.0,268404.0,1506265.7759999998,340638.752,2545392.94,916009.5,18.0,62.16216216216216,87.83783783783784,85.13513513513513,63.51351351351351,73.38,5,34,50,16
2023,SG JELAI,LIPIS,BARAT,Bandar,12,365,67417251,45847537,21569714,17967573,3602141,29464229.324,24543704.718000002,4164483.537,62627735.57,13012744.48,8576115.48,22858310,132,2166,430.8,298.0,29.0,8.8,268300.0,68.825,159063.16666666666,678485.0,1.3660000000000003,0.19308333333333336,2.495833333333333,98.35000000000001,1.7033834423039202,31.994354086018728,83.30000573952904,72381.59060402685,60293.86912751678,44.29530201342282,533.7690156599552,135.6047063064045,309.47596749673,79.2220741153008,65.5,True,1.0,21569714.0,67417251.0,45847537.0,17967573.0,3602141.0,29464229.324,4164483.537,62627735.57,13012744.48,132.0,95.94594594594594,21.62162162162162,73.64864864864865,97.2972972972973,73.11,6,3,66,63
2023,PANCHING,KUANTAN,PANTAI TIMUR,Bandar,12,365,58424502,41225551,17198951,13174398,4024553,23579761.821,18062099.658,3964873.439,56520230.44,13471599.34,8951918.34,23908897,98,2039,317.2,224.0,28.0,3.2999999999999994,213700.0,74.89166666666667,137900.5,575775.0,1.3709999999999998,0.23066666666666666,2.3425,97.96666666666665,1.568728494963068,29.437907746308216,76.6000089191486,76781.03125,58814.27678571428,43.75,615.6272321428571,124.7200046410274,261.74119090134127,76.16499572785534,50.24999999999999,True,1.0,17198951.0,58424502.0,41225551.0,13174398.0,4024553.0,23579761.821,3964873.439,56520230.44,13471599.34,98.0,98.64864864864865,17.56756756756757,66.8918918918919,100.0,72.23,7,5,73,68
2023,SG BERA (KEPAYANG),BERA,TENGAH,Luar Bandar,12,365,2291736,912422,1379314,1080001,299313,1313106.9279999998,1028160.9519999999,413319.26499999996,868625.74,686658.28,424839.27999999997,1125151,16,100,53.4,28.0,28.0,5.7,9600.0,65.35833333333333,5363.333333333333,22560.0,0.952,0.29975,2.079090909090909,98.02499999999999,2.590352146412576,60.18642635975523,78.29986500535774,49261.21428571428,38571.46428571428,57.14285714285714,191.54761904761904,257.1747669359851,551.6917680512869,20.948891060953358,56.25,True,1.0,1379314.0,2291736.0,912422.0,1080001.0,299313.0,1313106.9279999998,413319.26499999996,868625.74,686658.28,16.0,77.02702702702703,83.1081081081081,66.8918918918919,45.94594594594595,71.86,8,32,4,-28
2023,ULU SUNGAI,RAUB,BARAT,Luar Bandar,12,365,1881504,750664,1130840,650234,480606,1119531.6,643731.66,365336.957,743157.36,607926.54,410825.54,1101146,18,94,62.3,26.0,30.0,10.2,7400.0,69.63333333333334,4434.833333333333,18793.0,0.9899999999999999,0.32316666666666666,2.3000000000000003,98.55833333333334,3.0145480589965716,60.10298144463153,57.50008842983977,43493.846153846156,25009.0,69.23076923076923,170.57051282051282,254.99041677627872,401.6978496821294,18.19679482148975,70.5,True,1.0,1130840.0,1881504.0,750664.0,650234.0,480606.0,1119531.6,365336.957,743157.36,607926.54,18.0,63.51351351351351,98.64864864864865,78.37837837837837,37.83783783783784,71.42,9,39,5,-34
2023,SG. LEMBING,KUANTAN,PANTAI TIMUR,Pinggir Bandar,12,365,8443945,5653016,2790929,1973187,817743,3234686.711,2286923.733,770749.2880000001,6551845.55,2333138.3,1758176.3,4687170,20,344,58.699999999999996,48.0,37.0,12.1,31600.0,73.23333333333333,19544.916666666668,82688.0,1.159,0.276,2.5399999999999996,98.83333333333333,1.6336425186643129,33.05242987726708,70.70000705858158,58144.354166666664,41108.0625,41.66666666666667,407.1857638888889,142.7956459266902,276.59323766990997,64.38960164437943,85.75,True,1.0,2790929.0,8443945.0,5653016.0,1973187.0,817743.0,3234686.711,770749.2880000001,6551845.55,2333138.3,20.0,86.48648648648648,11.486486486486488,96.62162162162163,89.1891891891892,70.17,10,15,63,48
2023,SIMPANG JENGKA,MARAN,TENGAH,Pinggir Bandar,12,365,4026302,2363073,1663229,1122680,540549,1979242.5099999998,1335989.2,428160.107,2812056.87,1036156.3300000001,601942.33,1618918,26,205,75.2,40.0,28.0,7.8,15700.0,70.25833333333334,9516.083333333334,39807.0,1.19,0.25708333333333333,2.5658333333333334,98.325,2.2668894721154533,41.309097032463036,67.50002555270501,41580.725,28067.0,65.0,237.90208333333334,174.78083595316699,323.2249559715593,63.153080542073106,61.5,True,1.0,1663229.0,4026302.0,2363073.0,1122680.0,540549.0,1979242.5099999998,428160.107,2812056.87,1036156.3300000001,26.0,60.810810810810814,95.94594594594594,66.8918918918919,55.4054054054054,70.0,11,25,33,8
2023,RUNCHANG AGRO,PEKAN,PANTAI TIMUR,Pinggir Bandar,12,365,8100683,4823647,3277036,2549533,727503,3703050.6799999997,2880972.2899999996,827390.007,5450721.11,2045108.58,1391861.58,3712454,25,339,77.1,53.0,21.0,12.1,31500.0,70.43333333333334,18976.833333333332,80206.0,1.13,0.2528333333333333,2.53,98.71666666666668,2.3039327378649883,40.45382346155256,77.7999692404966,61830.8679245283,48104.3962264151,47.16981132075472,358.05345911949684,172.68613484863124,368.0815336844865,62.48003633412827,61.74999999999999,True,1.0,3277036.0,8100683.0,4823647.0,2549533.0,727503.0,3703050.6799999997,827390.007,5450721.11,2045108.58,25.0,91.8918918918919,37.83783783783784,48.64864864864865,83.78378378378379,68.51,12,9,34,25
2023,PADANG PIOL,JERANTUT,TENGAH,Pinggir Bandar,12,365,7806540,4466192,3340348,2765809,574539,4068543.864,3368755.362,794701.047,5439821.84,1858432.03,1173210.03,3129064,23,304,73.5,49.0,14.0,7.8,26900.0,79.50833333333334,18646.916666666668,77012.0,1.218,0.2383333333333333,2.6083333333333334,97.94166666666666,2.611904564593709,42.78909734658376,82.8000256260725,68170.36734693877,56445.08163265306,46.93877551020408,380.5493197278912,179.1367473621644,406.370610196123,65.8365276536336,40.5,True,1.0,3340348.0,7806540.0,4466192.0,2765809.0,574539.0,4068543.864,794701.047,5439821.84,1858432.03,23.0,94.5945945945946,35.13513513513514,27.027027027027028,86.48648648648648,65.0,13,8,30,22
2023,BUKIT BETONG,LIPIS,BARAT,Pinggir Bandar,12,365,6811279,4712249,2099030,1221636,877394,2415983.53,1406103.036,525354.397,5423798.59,1702666.78,1126447.78,2998950,23,278,73.1,48.0,31.0,9.6,30300.0,61.583333333333336,16257.916666666666,67816.0,1.151,0.25033333333333335,2.734166666666667,98.375,1.6364225578617493,30.81697284753715,58.20002572616876,43729.791666666664,25450.75,47.91666666666667,338.70659722222223,129.1081780670955,205.86573383462292,68.60748510943507,70.5,True,1.0,2099030.0,6811279.0,4712249.0,1221636.0,877394.0,2415983.53,525354.397,5423798.59,1702666.78,23.0,66.21621621621621,39.189189189189186,80.4054054054054,79.72972972972973,64.32,14,23,70,47
2023,KECHAU,LIPIS,BARAT,Pinggir Bandar,12,365,6331468,3501041,2830427,1675615,1154812,3407834.108,2017440.46,646413.848,4215253.36,1447076.22,813127.22,2159191,24,258,81.4,49.0,20.0,12.9,24500.0,70.75,14793.75,62704.0,1.204,0.22858333333333333,2.558333333333333,98.04166666666667,2.0866821569760967,44.70411917109903,59.200078292073954,57763.816326530614,34196.22448979592,48.97959183673469,301.91326530612247,191.32586396282213,310.31523632596605,65.67048059953389,62.25000000000001,True,1.0,2830427.0,6331468.0,3501041.0,1675615.0,1154812.0,3407834.108,646413.848,4215253.36,1447076.22,24.0,83.78378378378379,40.54054054054054,45.27027027027027,75.67567567567568,64.05,15,14,25,11
2023,KERTAU,MARAN,TENGAH,Pinggir Bandar,12,365,5535890,3431724,2104166,1552875,551291,2579707.516,1903824.75,438935.753,4207293.63,1154529.02,769313.02,2045200,23,213,87.6,44.0,19.0,8.2,19700.0,76.96666666666665,13101.5,54676.0,1.226,0.20875,2.5025,98.88333333333333,1.9598044120098628,38.00953414898056,73.80002338218563,47821.954545454544,35292.61363636364,52.27272727272727,297.7613636363636,160.60496889669122,324.73014958550704,72.55886749221257,49.0,True,1.0,2104166.0,5535890.0,3431724.0,1552875.0,551291.0,2579707.516,438935.753,4207293.63,1154529.02,23.0,72.97297297297297,60.810810810810814,41.891891891891895,74.32432432432432,63.92,16,22,45,23
2023,SG BERA (TEMBANGAU),BERA,TENGAH,Pinggir Bandar,12,365,3521556,2175378,1346178,918093,428085,1541373.81,1051216.485,373157.705,2490807.84,975792.72,647249.72,1720306,20,149,64.1,35.0,27.0,10.1,12200.0,79.10000000000001,8340.333333333334,35177.0,1.145,0.2771666666666667,2.395,97.96666666666665,1.9901842460770633,38.22679520075785,68.19997058338497,38462.22857142857,26231.22857142857,57.14285714285714,238.29523809523812,161.40577914551776,301.58546273185317,60.82424728516994,65.75,True,1.0,1346178.0,3521556.0,2175378.0,918093.0,428085.0,1541373.81,373157.705,2490807.84,975792.72,20.0,52.702702702702695,83.1081081081081,62.83783783783784,56.75675675675676,62.94,17,33,44,11
2023,BRINCHANG,CAMERON HIGHLANDS,BARAT,Pinggir Bandar,12,365,7264060,4956937,2307123,1626522,680601,2699333.9099999997,1903030.74,538353.617,5799616.29,1696386.42,940480.42,2497329,25,307,88.0,56.0,37.0,14.0,30000.0,66.31666666666666,17235.5,72978.0,1.17,0.23366666666666666,2.611666666666667,98.25,1.9397555297386098,31.760792174073455,70.5000123530475,41198.625,29045.035714285714,44.642857142857146,307.7767857142857,133.85877984392678,258.549195412622,70.750023188172,90.5,True,1.0,2307123.0,7264060.0,4956937.0,1626522.0,680601.0,2699333.9099999997,538353.617,5799616.29,1696386.42,25.0,58.108108108108105,27.027027027027028,96.62162162162163,78.37837837837837,61.08,18,18,67,49
2023,SG SEMANTAN,RAUB,BARAT,Pinggir Bandar,12,365,6794240,3775115,3019125,2454547,564578,3559548.375,2893910.913,746397.414,4450860.57,1678010.6400000001,1050922.64,2785601,27,264,91.6,52.0,10.0,8.0,29800.0,62.449999999999996,15948.25,67187.0,1.179,0.24691666666666667,2.421818181818182,98.425,2.6603144038389015,44.43653741993218,81.29994617645842,58060.096153846156,47202.82692307692,51.92307692307693,306.69711538461536,189.30760428260155,421.6629599717752,62.299186559330934,35.0,True,1.0,3019125.0,6794240.0,3775115.0,2454547.0,564578.0,3559548.375,746397.414,4450860.57,1678010.6400000001,27.0,85.13513513513513,52.702702702702695,10.81081081081081,77.02702702702703,60.95,19,12,26,14
2023,KUALA MEDANG,LIPIS,BARAT,Luar Bandar,12,365,2295963,905261,1390702,852502,538200,1424078.848,872962.048,388269.049,926987.28,641439.27,394269.27,1049894,16,108,54.6,28.0,9.0,5.5,9600.0,65.53333333333333,5506.25,23097.0,1.024,0.2796666666666667,2.1983333333333333,97.91666666666667,3.7816442631920477,60.57162070991562,61.30012037086306,49667.92857142857,30446.5,57.14285714285714,196.65178571428572,252.5679001135074,424.17651174723613,30.803875755447258,27.250000000000004,True,1.0,1390702.0,2295963.0,905261.0,852502.0,538200.0,1424078.848,388269.049,926987.28,641439.27,16.0,78.37837837837837,83.1081081081081,4.72972972972973,50.0,60.57,20,30,2,-28
2023,JENGKA UTAMA,MARAN,TENGAH,Bandar,12,365,63767488,41960009,21807479,12364841,9442638,28371530.178999998,16086658.140999999,6704701.728,54589971.71,19597722.63,13549982.629999999,36454840,145,2558,489.8,365.0,20.0,9.7,241900.0,72.20833333333333,150580.66666666666,633089.0,1.301,0.3075833333333333,2.6036363636363635,98.39166666666667,2.0676439527035395,34.19842882943735,56.70000186633219,59746.51780821918,33876.27671232877,39.726027397260275,412.5497716894977,144.82256907703956,224.97095717685386,64.10014144335962,54.25,True,1.0,21807479.0,63767488.0,41960009.0,12364841.0,9442638.0,28371530.178999998,6704701.728,54589971.71,19597722.63,145.0,89.1891891891892,6.756756756756757,45.27027027027027,91.8918918918919,60.2,21,2,60,58
2023,JAWI-JAWI,BENTONG,BARAT,Pinggir Bandar,12,365,4681203,2733605,1947598,1164664,782934,2296218.042,1373138.8560000001,552655.263,3222920.28,1327383.79,869324.79,2321426,18,208,61.6,40.0,26.0,3.7999999999999994,19800.0,64.75833333333334,10980.916666666666,46043.0,1.179,0.28341666666666665,2.6975,98.14166666666667,2.3065125189341598,41.604647352400654,59.80002033273807,48689.95,29116.6,45.0,274.5229166666667,177.3620599373155,290.5823230276103,58.814253078577536,48.5,True,1.0,1947598.0,4681203.0,2733605.0,1164664.0,782934.0,2296218.042,552655.263,3222920.28,1327383.79,18.0,75.67567567567568,29.72972972972973,60.13513513513513,66.21621621621621,59.66,22,24,31,7
2023,LEPAR UTARA,JERANTUT,TENGAH,Luar Bandar,12,365,2123759,1243819,879940,666115,213825,868500.78,657455.505,204672.846,1227649.36,493525.1,281077.1,746230,17,92,56.7,27.0,29.0,9.9,7500.0,77.60000000000001,5095.75,20966.0,0.987,0.23258333333333334,2.617272727272727,98.28333333333335,2.6884714593759003,41.433138129138,75.70004773052709,32590.37037037037,24670.925925925927,62.96296296296296,188.7314814814815,172.68115586518178,358.1362120864889,59.79918076933629,68.25,True,1.0,879940.0,2123759.0,1243819.0,666115.0,213825.0,868500.78,204672.846,1227649.36,493525.1,17.0,36.486486486486484,94.5945945945946,73.64864864864865,44.5945945945946,59.66,23,48,32,-16
2023,NENASI,PEKAN,PANTAI TIMUR,Luar Bandar,12,365,2154152,1155578,998574,658060,340514,998574.0,658060.0,244870.732,1155578.0,528388.35,305198.35,820437,15,86,50.4,26.0,22.0,7.599999999999999,8600.0,68.60833333333333,5047.75,21250.0,1.0,0.24558333333333335,2.464166666666667,97.99166666666667,2.003841008632869,46.35578176470369,65.89997336201424,38406.692307692305,25310.0,57.692307692307686,194.14423076923077,197.8255658461691,357.1698498517243,54.274973216866364,52.0,True,1.0,998574.0,2154152.0,1155578.0,658060.0,340514.0,998574.0,244870.732,1155578.0,528388.35,15.0,51.35135135135135,86.48648648648648,50.67567567567568,48.64864864864865,59.59,24,41,20,-21
2023,BATU MALIM,RAUB,BARAT,Pinggir Bandar,12,365,4425600,3042280,1383320,1163370,219950,1683500.4400000002,1415821.29,318587.145,3702454.75,1017509.72,698553.72,1856160,20,210,68.7,39.0,33.0,11.4,14600.0,82.98333333333333,10308.666666666666,43825.0,1.217,0.23016666666666666,2.6091666666666664,98.93333333333334,1.7490040455971356,31.257230657989876,84.0998467455108,35469.743589743586,29830.0,51.28205128205128,264.3247863247863,134.1900019401151,309.18790679297206,72.51797013859522,78.0,True,1.0,1383320.0,4425600.0,3042280.0,1163370.0,219950.0,1683500.4400000002,318587.145,3702454.75,1017509.72,20.0,48.64864864864865,48.64864864864865,85.13513513513513,62.16216216216216,57.97,25,31,68,37
2023,JENDERAK UTARA,TEMERLOH,TENGAH,Pinggir Bandar,12,365,7694198,4913992,2780206,1709827,1070379,3205577.518,1971430.5310000002,758393.561,5665832.78,2099310.39,1402871.39,3735730,28,312,95.5,61.0,23.0,9.8,29800.0,70.75833333333334,18104.916666666668,75570.0,1.153,0.2728333333333333,2.3591666666666664,98.425,2.1193731205812787,36.133798480361435,61.500011150252895,45577.147540983606,28029.950819672133,45.90163934426229,296.801912568306,153.5608283201156,258.73952476518303,62.94789360161809,59.0,True,1.0,2780206.0,7694198.0,4913992.0,1709827.0,1070379.0,3205577.518,758393.561,5665832.78,2099310.39,28.0,70.27027027027027,32.432432432432435,53.37837837837838,72.97297297297297,57.84,26,16,55,39
2023,ULU JEMPOL,MARAN,TENGAH,Luar Bandar,12,365,2311863,1451298,860565,647144,213421,826142.4,621258.24,257897.675,1393246.08,692257.55,441697.55,1166600,19,113,68.3,31.0,35.0,8.5,9200.0,68.85833333333333,5556.916666666667,23026.0,0.96,0.29941666666666666,2.5472727272727274,98.58333333333333,1.9295940851208393,37.22387529018804,75.1998977416,27760.16129032258,20875.612903225807,61.29032258064516,179.25537634408605,154.8637583791971,319.0613368217937,50.31333230092419,73.75,True,1.0,860565.0,2311863.0,1451298.0,647144.0,213421.0,826142.4,257897.675,1393246.08,692257.55,19.0,25.675675675675674,93.24324324324324,89.86486486486487,41.891891891891895,57.84,27,49,49,0
2023,BATU EMBUN,JERANTUT,TENGAH,Luar Bandar,12,365,1545256,761802,783454,655750,127704,764651.1039999999,640012.0,225499.72100000002,743518.76,444636.06,287490.06,767402,13,74,47.8,24.0,37.0,10.5,6200.0,68.3,3612.3333333333335,15174.0,0.976,0.2881666666666667,2.5124999999999997,97.89166666666667,2.8146128427450665,50.70059588831883,83.69987261536733,32643.916666666668,27322.916666666668,54.166666666666664,150.51388888888889,216.88308572483157,497.34483966016984,40.19840736769036,81.75000000000001,True,1.0,783454.0,1545256.0,761802.0,655750.0,127704.0,764651.1039999999,225499.72100000002,743518.76,444636.06,13.0,37.83783783783784,71.62162162162163,96.62162162162163,28.37837837837838,56.62,28,54,14,-40
2023,TRIANG,BERA,TENGAH,Bandar,12,365,69102890,45007030,24095860,15276775,8819085,30336687.74,19233459.724999998,5701911.608,56663850.77,16353984.17,9727726.17,25819897,116,2799,389.1,294.0,8.0,4.2,249600.0,75.85000000000001,165509.75,687620.0,1.259,0.23683333333333334,2.379166666666667,98.19166666666666,1.6576727022783442,34.86954018855072,63.39999900397828,81958.7074829932,51961.819727891154,39.455782312925166,562.9583333333334,145.5857434380754,252.88043805390186,71.13859374580589,22.5,True,1.0,24095860.0,69102890.0,45007030.0,15276775.0,8819085.0,30336687.74,5701911.608,56663850.77,16353984.17,116.0,100.0,5.405405405405405,2.027027027027027,98.64864864864865,56.55,29,1,58,57
2023,SEMAMBU,KUANTAN,PANTAI TIMUR,Bandar,12,365,73890631,52679482,21211149,13044857,8166292,27150270.72,16697416.959999999,5648970.084000001,67429736.96,19671364.56,12909490.559999999,34129253,199,2940,622.3,437.0,14.0,8.6,286400.0,70.7,170465.16666666666,733316.0,1.28,0.26625000000000004,2.6133333333333333,98.425,1.2702600545008909,28.706141378059147,61.50000172079315,48538.098398169335,29850.931350114417,45.53775743707094,390.080472921434,124.43098736692052,209.65769690919458,70.82687038855089,42.5,True,1.0,21211149.0,73890631.0,52679482.0,13044857.0,8166292.0,27150270.72,5648970.084000001,67429736.96,19671364.56,199.0,74.32432432432432,31.08108108108108,27.027027027027028,87.83783783783784,56.08,30,4,74,70
2023,MELA,LIPIS,BARAT,Pinggir Bandar,12,365,6101115,3883515,2217600,1725291,492309,2592374.4,2016865.179,488890.257,4539829.0600000005,1346478.42,855738.42,2270819,17,244,62.1,40.0,15.0,5.400000000000001,21500.0,77.75,14287.166666666666,60170.0,1.169,0.221,2.494,98.78333333333335,2.4102527215663887,36.347454522656925,77.79991883116884,55440.0,43132.275,42.5,357.1791666666667,155.2162196843321,330.8440902115591,70.34076829315684,36.0,True,1.0,2217600.0,6101115.0,3883515.0,1725291.0,492309.0,2592374.4,488890.257,4539829.0600000005,1346478.42,17.0,82.43243243243244,14.864864864864865,33.108108108108105,82.43243243243244,55.68,31,19,54,35
2023,LEPAR,PEKAN,PANTAI TIMUR,Pinggir Bandar,12,365,3332652,2175766,1156886,836427,320459,1411400.92,1020440.94,323266.18,2654434.52,931688.21,599363.21,1596735,18,156,61.0,35.0,37.0,7.2,12300.0,74.25,7912.75,33231.0,1.22,0.2794166666666667,2.4458333333333333,98.5,1.9411024671250066,34.713675475267145,72.29986359935205,33053.885714285716,23897.914285714287,51.42857142857142,226.07857142857142,146.20530157025055,289.6061194803081,64.90068965799918,73.50000000000001,True,1.0,1156886.0,3332652.0,2175766.0,836427.0,320459.0,1411400.92,323266.18,2654434.52,931688.21,18.0,39.189189189189186,50.0,96.62162162162163,54.054054054054056,55.61,32,38,59,21
2023,BUKIT FRASER,RAUB,BARAT,Luar Bandar,12,365,1469905,653156,816749,668099,148650,809398.259,662086.1089999999,221702.722,647277.58,399314.52,199530.52,531727,17,79,54.6,26.0,28.0,12.1,5300.0,76.00833333333334,3484.0833333333335,14568.0,0.991,0.27225,2.1,98.34166666666665,2.6588189449111006,55.56474738163351,81.79979406157828,31413.423076923078,25696.115384615383,65.38461538461539,134.00320512820514,234.42292329402758,525.3629273634142,38.30861251211574,72.24999999999999,True,1.0,816749.0,1469905.0,653156.0,668099.0,148650.0,809398.259,221702.722,647277.58,399314.52,17.0,33.78378378378378,97.2972972972973,66.8918918918919,21.62162162162162,54.46,33,51,7,-44
2023,LURAH BILUT,BENTONG,BARAT,Luar Bandar,12,365,1396042,729352,666690,538018,128672,628021.98,506812.95599999995,211874.212,687049.57,442792.43,276562.43,732910,15,73,49.7,25.0,36.0,10.4,5200.0,73.51666666666667,3231.8333333333335,13931.0,0.9419999999999998,0.3174166666666667,2.6916666666666664,98.50833333333333,2.324311563113741,47.75572654690905,80.69987550435734,26667.6,21520.72,60.0,129.27333333333334,206.28848434840904,456.0946576684707,35.55160364920976,80.0,True,1.0,666690.0,1396042.0,729352.0,538018.0,128672.0,628021.98,211874.212,687049.57,442792.43,15.0,24.324324324324326,91.21621621621621,92.56756756756756,20.27027027027027,54.09,34,58,17,-41
2023,BELIMBING,PEKAN,PANTAI TIMUR,Luar Bandar,12,365,1688904,896691,792213,564055,228158,801719.556,570823.66,234980.654,907451.3,501277.94,318140.94,844169,14,74,47.7,25.0,29.0,8.6,7200.0,64.22500000000001,3968.0833333333335,16676.0,1.012,0.2970833333333333,2.455833333333333,98.27499999999999,2.4209314510966844,46.90692899063535,71.19991719398698,31688.52,22562.2,56.00000000000001,158.72333333333333,199.64626078921393,389.4464996241413,44.759797027124215,65.0,True,1.0,792213.0,1688904.0,896691.0,564055.0,228158.0,801719.556,234980.654,907451.3,501277.94,14.0,35.13513513513514,79.05405405405406,73.64864864864865,33.78378378378378,53.61,35,53,19,-34
2023,MERAPOH,LIPIS,BARAT,Pinggir Bandar,12,365,4312328,2984488,1327840,1019784,308056,1497803.5199999998,1150316.352,364440.85,3366502.46,1182656.56,827955.56,2204063,14,186,47.6,34.0,32.0,11.5,15200.0,77.66666666666667,10020.833333333334,41626.0,1.128,0.2745,2.5845454545454545,97.71666666666665,1.7200026427041015,30.791720852402694,76.80021689360163,39054.117647058825,29993.647058823528,41.17647058823529,294.73039215686276,132.50794178794177,278.81201834078547,64.86987388091794,76.75,True,1.0,1327840.0,4312328.0,2984488.0,1019784.0,308056.0,1497803.5199999998,364440.85,3366502.46,1182656.56,14.0,54.054054054054056,8.783783783783784,82.43243243243244,71.62162162162163,51.05,36,35,71,36
2023,KOTA GELANGGI,JERANTUT,TENGAH,Pinggir Bandar,12,365,8705529,5482226,3223303,1895301,1328002,3655225.6019999995,2149271.334,763032.5,6216844.28,2061413.5,1206990.5,3208518,21,370,74.7,60.0,14.0,5.7,29700.0,80.28333333333333,20330.083333333332,85673.0,1.134,0.23675000000000002,2.311818181818182,98.35833333333333,2.1938446949259074,37.02592915375964,58.799963887974535,53721.71666666667,31588.35,35.0,338.8347222222222,158.5484401195273,255.41486448007942,66.84148086784634,35.25,True,1.0,3223303.0,8705529.0,5482226.0,1895301.0,1328002.0,3655225.6019999995,763032.5,6216844.28,2061413.5,21.0,79.72972972972973,1.3513513513513513,27.027027027027028,81.08108108108108,49.8,37,10,52,42
2023,BERA KOMPLEKS,BERA,TENGAH,Luar Bandar,12,365,2059000,814164,1244836,965993,278843,1160187.152,900305.476,312330.714,758800.85,516661.48,294805.48,787235,16,98,51.0,30.0,11.0,4.2,8600.0,65.55,4839.916666666667,20309.0,0.932,0.2515,2.4991666666666665,98.74166666666667,2.9223278392404897,60.458280718795535,77.60002120761288,41494.53333333333,32199.766666666666,53.333333333333336,161.33055555555558,257.20194906937104,546.818539792399,31.91079319428807,27.0,True,1.0,1244836.0,2059000.0,814164.0,965993.0,278843.0,1160187.152,312330.714,758800.85,516661.48,16.0,59.45945945945946,66.8918918918919,16.216216216216218,36.486486486486484,49.22,38,36,3,-33
2023,BUKIT SAGU,KUANTAN,PANTAI TIMUR,Pinggir Bandar,12,365,5476155,3362504,2113651,1667670,445981,2472971.67,1951173.9,546374.165,3934129.68,1416168.53,891394.53,2390401,20,242,61.4,45.0,12.0,3.7999999999999994,22600.0,66.40833333333333,12510.916666666666,53460.0,1.17,0.2588333333333333,2.6658333333333335,98.075,1.7251262580056608,38.59735526112756,78.89996976795129,46970.02222222222,37059.333333333336,44.44444444444444,278.02037037037036,168.94453510600744,365.1977729403992,64.00300332753648,27.499999999999996,True,1.0,2113651.0,5476155.0,3362504.0,1667670.0,445981.0,2472971.67,546374.165,3934129.68,1416168.53,20.0,71.62162162162163,24.324324324324326,18.91891891891892,68.91891891891892,48.85,39,21,42,21
2023,SG BILUT,RAUB,BARAT,Pinggir Bandar,12,365,5583215,3466430,2116785,1670144,446641,2489339.1599999997,1964089.3439999998,466095.529,4076521.68,1230320.76,752134.76,1996981,20,223,65.4,48.0,17.0,10.6,18600.0,82.2,13240.583333333334,55447.0,1.176,0.22075,2.5366666666666666,98.33333333333333,1.9388179779224113,37.91337070128949,78.90002999832294,44099.6875,34794.666666666664,41.66666666666667,275.84548611111114,159.87097748714496,345.5842443725191,69.81934951956393,52.0,True,1.0,2116785.0,5583215.0,3466430.0,1670144.0,446641.0,2489339.1599999997,466095.529,4076521.68,1230320.76,20.0,67.56756756756756,11.486486486486488,39.189189189189186,67.56756756756756,47.87,40,20,46,26
2023,JANDA BAIK,BENTONG,BARAT,Pinggir Bandar,12,365,7320652,4715846,2604806,1893694,711112,3037203.7959999996,2208047.204,527582.163,5498676.43,1483866.81,901281.81,2403120,18,284,59.5,47.0,9.0,13.300000000000002,24100.0,83.18333333333334,17155.916666666668,72616.0,1.166,0.20283333333333334,2.5090909090909093,98.15833333333335,2.4072334176960752,35.58161212962999,72.70000145884184,55421.40425531915,40291.36170212766,38.297872340425535,365.0195035460993,151.83135070019574,302.41477855896323,73.01410932448702,46.75000000000001,True,1.0,2604806.0,7320652.0,4715846.0,1893694.0,711112.0,3037203.7959999996,527582.163,5498676.43,1483866.81,18.0,81.08108108108108,2.7027027027027026,4.72972972972973,85.13513513513513,46.82,41,17,57,40
2023,SG TEMAU,LIPIS,BARAT,Pinggir Bandar,12,365,4734517,3192160,1542357,1025668,516689,1850828.4,1230801.5999999999,323350.134,3830592.0,992323.0900000001,638340.09,1699422,17,158,57.699999999999996,38.0,14.0,13.0,19100.0,67.91666666666667,11045.916666666666,46226.0,1.2,0.21,2.5745454545454547,98.01666666666667,1.3661214729254043,32.576860532975175,66.5000385773203,40588.34210526316,26991.263157894737,44.73684210526316,290.6820175438596,139.6314173412498,254.39711341915125,74.09478508804905,53.5,True,1.0,1542357.0,4734517.0,3192160.0,1025668.0,516689.0,1850828.4,323350.134,3830592.0,992323.0900000001,17.0,56.75675675675676,28.37837837837838,27.027027027027028,70.27027027027027,45.74,42,27,64,37
2023,KG BANTAL,JERANTUT,TENGAH,Pinggir Bandar,12,365,2590353,1573624,1016729,747297,269432,1159071.0599999998,851918.58,332749.722,1793931.36,847339.5700000001,546086.57,1453240,16,127,60.8,30.0,13.0,4.9,9500.0,74.71666666666667,6022.583333333333,25415.0,1.14,0.32708333333333334,2.4516666666666667,98.36666666666667,2.3011690046319466,39.250596347293204,73.50011655023118,33890.96666666667,24909.9,53.333333333333336,200.75277777777777,168.8194158099376,339.9519654239001,52.76633270963054,31.75,True,1.0,1016729.0,2590353.0,1573624.0,747297.0,269432.0,1159071.0599999998,332749.722,1793931.36,847339.5700000001,16.0,41.891891891891895,66.8918918918919,21.62162162162162,52.702702702702695,45.71,43,40,37,-3
2023,SEKOR,PEKAN,PANTAI TIMUR,Luar Bandar,12,365,1453781,709085,744696,575650,169046,726823.296,561834.4,229102.566,692066.95,447485.39,253943.39,678402,14,72,46.8,25.0,22.0,7.400000000000001,5700.0,69.85833333333333,3437.8333333333335,14249.0,0.976,0.30824999999999997,2.3763636363636365,98.70833333333333,2.550386185849056,51.22477181913919,77.29999892573613,29787.84,23026.0,56.00000000000001,137.51333333333335,216.61783099820622,458.75501653305844,35.340736904139106,51.500000000000014,True,1.0,744696.0,1453781.0,709085.0,575650.0,169046.0,726823.296,229102.566,692066.95,447485.39,14.0,28.37837837837838,79.05405405405406,50.67567567567568,25.675675675675674,45.1,44,55,13,-42
2023,MEMPAGA,BENTONG,BARAT,Luar Bandar,12,365,1486788,779117,707671,407617,300054,702717.303,404763.681,199743.151,773663.1900000001,419388.72,220090.72,585326,13,78,37.1,24.0,24.0,4.6,5000.0,81.45,3506.0833333333335,14705.0,0.993,0.2823333333333333,2.7016666666666667,97.98333333333333,1.922120041658547,47.59730371781317,57.59978860233075,29486.291666666668,16984.041666666668,54.166666666666664,146.08680555555557,201.84089558624294,318.5203538924029,45.79182189086701,47.5,True,1.0,707671.0,1486788.0,779117.0,407617.0,300054.0,702717.303,199743.151,773663.1900000001,419388.72,13.0,27.027027027027028,71.62162162162163,56.08108108108109,27.027027027027028,43.99,45,56,18,-38
2023,KARAK INDAH,BENTONG,BARAT,Luar Bandar,12,365,500095,196719,303376,191733,111643,298825.36,188857.005,97759.367,193768.24,160709.46,63802.46,169626,14,44,51.2,20.0,29.0,9.7,2100.0,65.24166666666666,1157.6666666666667,4893.0,0.985,0.3213333333333333,2.4533333333333336,98.19166666666666,3.4512184936496104,60.663673901958624,63.199791677654126,15168.8,9586.65,70.0,57.88333333333334,262.05816297149437,453.75400841718306,17.060989974414795,67.75,True,1.0,303376.0,500095.0,196719.0,191733.0,111643.0,298825.36,97759.367,193768.24,160709.46,14.0,9.45945945945946,100.0,73.64864864864865,2.7027027027027026,43.92,46,69,1,-68
2023,SG KLOI,RAUB,BARAT,Luar Bandar,12,365,1816397,823500,992897,815169,177728,1007790.455,827396.5349999999,300766.154,835852.53,550420.76,369992.76,987202,13,82,49.7,25.0,10.0,7.0,6200.0,80.24166666666666,4310.916666666667,18039.0,1.015,0.3036666666666667,2.2575,98.18333333333334,2.323578092407302,54.66299492897203,82.1000567027597,39715.88,32606.76,52.0,172.43666666666667,230.32154800796425,518.0660863375687,34.148580013271,32.5,True,1.0,992897.0,1816397.0,823500.0,815169.0,177728.0,1007790.455,300766.154,835852.53,550420.76,13.0,55.4054054054054,54.729729729729726,10.81081081081081,39.189189189189186,43.89,47,43,8,-35
2023,SG TEKAM UTARA,JERANTUT,TENGAH,Luar Bandar,12,365,1190171,670361,519810,439760,80050,529686.3899999999,448115.43999999994,151643.30299999999,683097.87,347001.21,173459.21,461104,14,65,50.3,24.0,25.0,10.699999999999998,4600.0,70.88333333333334,2875.0,11982.0,1.019,0.29191666666666666,2.3675,98.64166666666667,1.7533517685400235,43.67523658365059,84.60014235970836,21658.75,18323.333333333332,58.333333333333336,119.79166666666667,180.80347826086955,419.06849315068496,49.201831064119695,64.25,True,1.0,519810.0,1190171.0,670361.0,439760.0,80050.0,529686.3899999999,151643.30299999999,683097.87,347001.21,14.0,17.56756756756757,89.1891891891892,58.108108108108105,18.91891891891892,43.78,48,62,28,-34
2023,KARAK,BENTONG,BARAT,Luar Bandar,12,365,2164930,1167186,997744,772253,225491,1007721.4400000001,779975.53,314335.2,1178857.8599999999,682220.69,416274.69,1106188,15,103,51.1,29.0,16.0,13.9,7800.0,76.05833333333334,5093.0,21037.0,1.01,0.315,2.2241666666666666,98.2,2.5181011364385912,46.08666331013012,77.39991420644975,34404.96551724138,26629.41379310345,51.724137931034484,175.6206896551724,195.9049676025918,415.42541602898416,42.12867274770514,58.75,True,1.0,997744.0,2164930.0,1167186.0,772253.0,225491.0,1007721.4400000001,314335.2,1178857.8599999999,682220.69,15.0,43.24324324324324,51.35135135135135,36.486486486486484,40.54054054054054,43.51,49,42,21,-21
2023,TRAS,RAUB,BARAT,Luar Bandar,12,365,1967239,1172081,795158,553429,241729,784025.788,545680.994,203611.571,1155671.86,503409.97,264262.97000000003,703367,13,91,42.7,26.0,27.0,4.8,6600.0,81.66666666666667,4666.75,19585.0,0.9860000000000001,0.25583333333333336,2.4075,98.375,2.2129611315377797,40.419999806835875,69.59987826318795,30583.0,21285.73076923077,50.0,179.4903846153846,170.38795735790433,324.9035914965315,56.44005989727915,52.5,True,1.0,795158.0,1967239.0,1172081.0,553429.0,241729.0,784025.788,203611.571,1155671.86,503409.97,13.0,31.08108108108108,44.5945945945946,62.83783783783784,43.24324324324324,42.64,50,52,35,-17
2023,LEPAR HILIR,KUANTAN,PANTAI TIMUR,Luar Bandar,12,365,1684702,772378,912324,590276,322048,921447.24,596178.76,277924.133,780101.78,513662.27,319851.27,850098,14,80,45.5,26.0,10.0,12.0,6900.0,66.85833333333333,3920.5833333333335,16425.0,1.01,0.3050833333333333,2.5641666666666665,97.96666666666665,2.7563013205556777,54.15343485079261,64.70025999535252,35089.38461538462,22702.923076923078,53.84615384615385,150.79166666666669,232.70108614789464,412.4882404101291,34.15445481998516,45.00000000000001,True,1.0,912324.0,1684702.0,772378.0,590276.0,322048.0,921447.24,277924.133,780101.78,513662.27,14.0,45.94594594594595,68.91891891891892,10.81081081081081,29.72972972972973,42.23,51,47,9,-38
2023,SEPAYANG,ROMPIN,PANTAI TIMUR,Luar Bandar,12,365,1518246,930208,588038,473959,114079,587449.962,473485.041,156271.995,929277.81,402909.39,184977.38999999998,491448,15,77,51.8,27.0,24.0,14.0,5300.0,78.46666666666667,3645.9166666666665,14972.0,0.999,0.26508333333333334,2.595,98.22500000000001,2.5521826665888088,38.73140452864688,80.60006326121781,21779.185185185186,17554.037037037036,55.55555555555556,135.03395061728395,161.28673630317022,356.15674381454454,56.642740667615854,71.0,True,1.0,588038.0,1518246.0,930208.0,473959.0,114079.0,587449.962,156271.995,929277.81,402909.39,15.0,18.91891891891892,77.02702702702703,56.08108108108109,22.972972972972975,41.49,52,59,41,-18
2023,RUNCHANG,PEKAN,PANTAI TIMUR,Pinggir Bandar,12,365,3487730,1959013,1528717,843852,684865,1761081.984,972117.504,450050.789,2256782.98,1027849.97,716845.97,1922754,14,163,38.9,34.0,10.0,13.9,13000.0,73.5,8237.5,34558.0,1.152,0.29491666666666666,2.37,98.48333333333333,2.5371631736443327,43.831288545845005,55.20001412949552,44962.26470588235,24819.176470588234,41.17647058823529,242.27941176470588,185.5802124430956,280.6583657264016,54.45508145404393,49.75000000000001,True,1.0,1528717.0,3487730.0,1959013.0,843852.0,684865.0,1761081.984,450050.789,2256782.98,1027849.97,14.0,68.91891891891892,8.783783783783784,10.81081081081081,58.108108108108105,40.64,53,28,27,-1
2023,GANCHONG,PEKAN,PANTAI TIMUR,Luar Bandar,12,365,580477,270873,309604,226629,82975,288860.532,211444.85700000002,119597.538,252724.52,224129.73,123726.73,330628,12,41,42.0,20.0,26.0,5.2,2600.0,61.166666666666664,1373.25,5762.0,0.9330000000000002,0.3859166666666667,2.3866666666666667,98.05833333333334,2.9555674223199153,53.336135626390025,73.19963566362192,15480.2,11331.45,60.0,68.6625,225.45348625523394,452.1400836431922,11.314608491491043,52.0,True,1.0,309604.0,580477.0,270873.0,226629.0,82975.0,288860.532,119597.538,252724.52,224129.73,12.0,10.81081081081081,91.21621621621621,60.13513513513513,8.108108108108109,40.37,54,68,11,-57
2023,BATU SAWAR,MARAN,TENGAH,Pinggir Bandar,12,365,3701268,2261156,1440112,1212576,227536,1710853.0559999999,1440540.288,435488.961,2686253.33,1117929.16,710479.16,1897780,14,152,45.4,33.0,8.0,4.7,16300.0,62.225,8684.333333333334,36488.0,1.188,0.30224999999999996,2.4491666666666667,98.38333333333333,1.7921334839353948,38.90861185950328,84.200117768618,43639.757575757576,36744.72727272727,42.42424242424242,263.16161616161617,165.8287337350785,382.5424358880658,58.383330882646135,23.75,True,1.0,1440112.0,3701268.0,2261156.0,1212576.0,227536.0,1710853.0559999999,435488.961,2686253.33,1117929.16,14.0,64.86486486486487,13.513513513513514,2.027027027027027,60.810810810810814,38.85,55,29,39,10
2023,JENGKA 8,JERANTUT,TENGAH,Luar Bandar,12,365,818638,461476,357162,200725,156437,341804.034,192093.82499999998,115731.482,441632.54,265003.89,143039.89,379699,12,54,39.3,23.0,34.0,6.400000000000001,2900.0,77.31666666666666,1904.0833333333333,8137.0,0.957,0.3245,2.526666666666667,98.19166666666666,2.221980416137138,43.62880784913478,56.199987680660314,15528.782608695652,8727.173913043478,52.17391304347826,82.78623188405797,187.57687426145566,288.816932127961,39.994482743504356,67.0,True,1.0,357162.0,818638.0,461476.0,200725.0,156437.0,341804.034,115731.482,441632.54,265003.89,12.0,12.162162162162163,58.108108108108105,87.83783783783784,12.162162162162163,38.78,56,66,29,-37
2023,SBRG TEMERLOH,TEMERLOH,TENGAH,Pinggir Bandar,12,365,4782182,3239466,1542716,1187890,354826,1812691.3,1395770.75,412099.12100000004,3806372.58,1277681.08,845108.08,2247285,19,186,60.6,43.0,12.0,7.400000000000001,19800.0,66.18333333333334,11543.583333333334,47849.0,1.175,0.26708333333333334,2.6027272727272726,98.38333333333333,1.480990659434871,32.25966723976628,76.99991443661698,35877.11627906977,27625.3488372093,44.18604651162791,268.45542635658916,133.64273081004598,281.9309270534076,66.4331051901388,36.50000000000001,True,1.0,1542716.0,4782182.0,3239466.0,1187890.0,354826.0,1812691.3,412099.12100000004,3806372.58,1277681.08,19.0,50.0,20.27027027027027,18.91891891891892,64.86486486486487,38.58,57,26,65,39
2023,KUALA TAHAN,JERANTUT,TENGAH,Luar Bandar,12,365,1428493,898251,530242,295875,234367,520167.402,290253.375,137835.295,881184.25,371623.79,188888.79,503536,13,74,41.0,25.0,29.0,3.6,5100.0,76.70833333333333,3379.1666666666665,14256.0,0.981,0.26075,2.3816666666666664,98.41666666666667,2.0259490854830724,37.11897783188297,55.799993210647216,21209.68,11835.0,52.0,135.16666666666666,156.91501849568434,239.886492238569,57.82677799790452,52.5,True,1.0,530242.0,1428493.0,898251.0,295875.0,234367.0,520167.402,137835.295,881184.25,371623.79,13.0,16.216216216216218,54.729729729729726,73.64864864864865,24.324324324324326,38.55,58,61,51,-10
2023,JENDERAK KG,TEMERLOH,TENGAH,Pinggir Bandar,12,365,2439454,1515529,923925,753924,170001,1080992.25,882091.08,294459.354,1773168.93,777774.3200000001,499728.32,1324426,15,112,58.7,30.0,16.0,3.1,7800.0,85.68333333333334,5819.916666666667,23963.0,1.17,0.3189166666666667,2.598333333333333,97.70833333333333,1.8385394400793476,37.87425382893057,81.60012988067213,30797.5,25130.8,50.0,193.99722222222223,158.7522730852389,354.9097562358199,56.13647933702515,31.75,True,1.0,923925.0,2439454.0,1515529.0,753924.0,170001.0,1080992.25,294459.354,1773168.93,777774.3200000001,15.0,32.432432432432435,44.5945945945946,36.486486486486484,47.2972972972973,38.51,59,44,47,3
2023,SELENDANG,ROMPIN,PANTAI TIMUR,Luar Bandar,12,365,1813194,898582,914612,655776,258836,905465.88,649218.24,229559.926,889596.18,454872.3,232666.3,618547,12,86,40.9,26.0,14.0,6.5,7700.0,64.49166666666666,4192.5,17853.0,0.9899999999999999,0.25075,2.3858333333333333,98.3,2.522384634115948,50.442037641862925,71.6999120938715,35177.38461538462,25222.153846153848,46.15384615384615,161.25,218.15432319618367,428.53824098806575,48.86755246633366,37.25,True,1.0,914612.0,1813194.0,898582.0,655776.0,258836.0,905465.88,229559.926,889596.18,454872.3,12.0,47.2972972972973,33.78378378378378,27.027027027027028,35.13513513513514,38.04,60,45,16,-29
2023,MUADZAM SHAH,ROMPIN,PANTAI TIMUR,Pinggir Bandar,12,365,3904469,2698594,1205875,879082,326793,1385550.375,1010065.218,291160.581,3100684.52,944085.21,618283.21,1642133,15,173,48.1,35.0,14.0,9.2,17100.0,62.55833333333334,9125.666666666666,38873.0,1.149,0.24183333333333334,2.6666666666666665,97.59166666666665,1.7105731805627622,30.884481346887377,72.89992743858194,34453.57142857143,25116.628571428573,42.857142857142854,260.7333333333333,132.1410307922709,263.9197686689307,69.55236161852416,43.99999999999999,True,1.0,1205875.0,3904469.0,2698594.0,879082.0,326793.0,1385550.375,291160.581,3100684.52,944085.21,15.0,44.5945945945946,16.216216216216218,27.027027027027028,59.45945945945946,36.22,61,37,69,32
2023,SG AUR,ROMPIN,PANTAI TIMUR,Luar Bandar,12,365,426519,265073,161446,110429,51017,151274.902,103471.97300000001,66459.762,248373.41,175649.43,82345.43,221307,11,37,40.8,20.0,31.0,5.8,1800.0,64.91666666666667,1023.0833333333334,4254.0,0.9369999999999999,0.41241666666666665,2.580909090909091,98.38333333333333,1.6417608802376766,37.85200659290676,68.3999603582622,8072.3,5521.45,55.00000000000001,51.15416666666667,157.8033721593223,295.71902466021214,29.280098864045073,61.0,True,1.0,161446.0,426519.0,265073.0,110429.0,51017.0,151274.902,66459.762,248373.41,175649.43,11.0,1.3513513513513513,75.67567567567568,80.4054054054054,1.3513513513513513,35.74,62,74,48,-26
2023,CHINI,PEKAN,PANTAI TIMUR,Luar Bandar,12,365,857668,468917,388751,272903,115848,375533.466,263624.298,133451.08000000002,452973.85,294665.0,163662.0,434443,11,47,39.1,22.0,29.0,9.1,2900.0,81.02499999999999,2019.5,8571.0,0.9659999999999999,0.34400000000000003,2.4225,98.325,1.9676936199058508,45.32651328952462,70.19994803871887,17670.5,12404.681818181818,50.0,91.79545454545455,192.4986382768012,370.2299836864543,34.948783467301695,66.25,True,1.0,388751.0,857668.0,468917.0,272903.0,115848.0,375533.466,133451.08000000002,452973.85,294665.0,11.0,13.513513513513514,44.5945945945946,73.64864864864865,13.513513513513514,33.31,63,65,23,-42
2023,TERLA,CAMERON HIGHLANDS,BARAT,Luar Bandar,12,365,1758692,845197,913495,693343,220152,883349.6649999999,670462.681,278592.258,817305.49,536797.16,347844.16000000003,930891,12,91,41.699999999999996,27.0,14.0,8.2,6400.0,75.27499999999999,4228.0,17498.0,0.967,0.3055833333333333,2.37,97.71666666666665,2.751019094918475,51.941727147220774,75.90003229355388,33833.148148148146,25679.37037037037,44.44444444444444,156.59259259259258,216.05842005676442,449.2833167014424,34.32111168126376,41.5,True,1.0,913495.0,1758692.0,845197.0,693343.0,220152.0,883349.6649999999,278592.258,817305.49,536797.16,12.0,40.54054054054054,24.324324324324326,27.027027027027028,31.08108108108108,32.36,64,46,12,-34
2023,HABU,CAMERON HIGHLANDS,BARAT,Luar Bandar,12,365,689993,376236,313757,240023,73734,299010.421,228741.919,120727.023,358552.91000000003,265361.63,141456.63,377208,12,46,39.6,22.0,20.0,13.300000000000002,3000.0,62.98333333333333,1663.75,6898.0,0.953,0.38466666666666666,2.4341666666666666,97.96666666666665,1.8037629018417598,45.47249030062624,76.49964781662241,14261.681818181818,10910.136363636364,54.54545454545454,75.625,188.58422238918106,395.2500437409302,25.99094231308847,63.25000000000001,True,1.0,313757.0,689993.0,376236.0,240023.0,73734.0,299010.421,120727.023,358552.91000000003,265361.63,12.0,8.108108108108109,74.32432432432432,45.27027027027027,9.45945945945946,32.3,65,67,22,-45
2023,SG KERATONG,ROMPIN,PANTAI TIMUR,Luar Bandar,12,365,1080921,648708,432213,241608,190605,414492.267,231702.072,119294.289,622110.98,298231.02999999997,143487.03,381306,12,60,40.7,23.0,20.0,9.5,4700.0,63.0,2553.0833333333335,10639.0,0.959,0.27616666666666667,2.2341666666666664,98.39999999999999,1.4724490010204287,39.98562337118069,55.9002158657884,18791.869565217392,10504.695652173914,52.17391304347826,111.0036231884058,169.2905963377615,259.27070902271,52.061442477674966,53.75,True,1.0,432213.0,1080921.0,648708.0,241608.0,190605.0,414492.267,119294.289,622110.98,298231.02999999997,12.0,14.864864864864865,58.108108108108105,45.27027027027027,17.56756756756757,32.16,66,64,36,-28
2023,JENGKA 3-7,MARAN,TENGAH,Luar Bandar,12,365,1075121,501434,573687,353966,219721,577702.8089999999,356443.76199999993,173870.031,504944.04,325785.3,210563.3,564070,12,63,43.099999999999994,23.0,12.0,4.7,3900.0,75.47500000000001,2551.9166666666665,10724.0,1.007,0.3035,2.4841666666666664,98.64166666666667,2.607840741558682,53.36022643032737,61.7001954027196,24942.91304347826,15389.826086956522,52.17391304347826,110.95289855072463,224.80632204552134,380.0162739171336,35.480909924196744,29.75,True,1.0,573687.0,1075121.0,501434.0,353966.0,219721.0,577702.8089999999,173870.031,504944.04,325785.3,12.0,21.62162162162162,58.108108108108105,18.91891891891892,16.216216216216218,29.39,67,60,10,-50
2023,BENTA,LIPIS,BARAT,Luar Bandar,12,365,569158,348188,220970,161088,59882,225168.43,164148.672,71283.229,354803.56,183263.03,89113.03,237351,11,43,40.9,21.0,23.0,8.0,2200.0,70.86666666666666,1330.5833333333333,5621.0,1.019,0.32275000000000004,2.3183333333333334,98.04166666666667,1.8782648343294923,38.82401723247323,72.90039371860433,10522.380952380952,7670.857142857143,52.38095238095239,63.36111111111111,166.07001941504353,331.6868438414504,48.348029540628055,54.49999999999999,True,1.0,220970.0,569158.0,348188.0,161088.0,59882.0,225168.43,71283.229,354803.56,183263.03,11.0,2.7027027027027026,64.1891891891892,53.37837837837838,5.405405405405405,28.61,68,73,40,-33
2023,SEBERANG TEMBELING,JERANTUT,TENGAH,Luar Bandar,12,365,1792455,1101358,691097,380795,310302,685568.2239999999,377748.64,173888.92500000002,1092547.1099999999,451200.58,259374.58000000002,684215,12,90,44.3,27.0,18.0,5.0,6600.0,74.39166666666667,4264.833333333333,17747.0,0.992,0.25233333333333335,2.7325,98.26666666666667,1.9166534913908178,38.55589122181589,55.10008001771097,25596.185185185186,14103.518518518518,44.44444444444444,157.95679012345678,162.04548829575208,244.62244853712295,58.701956568261835,39.5,True,1.0,691097.0,1792455.0,1101358.0,380795.0,310302.0,685568.2239999999,173888.92500000002,1092547.1099999999,451200.58,12.0,22.972972972972975,24.324324324324326,40.54054054054054,32.432432432432435,28.24,69,57,43,-14
2023,BATU BALAI,JERANTUT,TENGAH,Pinggir Bandar,12,365,2334456,1495511,838945,619142,219803,1007572.9450000001,743589.542,210673.325,1796108.73,586359.01,355714.01,951199,11,92,33.7,28.0,16.0,6.2,10200.0,62.69166666666666,5560.916666666667,23328.0,1.201,0.25133333333333335,2.7445454545454546,97.72500000000001,2.4344123800957878,35.93749464543345,73.80007032642187,29962.321428571428,22112.214285714286,39.285714285714285,198.60416666666669,150.86451574230867,305.03594168613586,67.35392461457498,39.5,True,1.0,838945.0,2334456.0,1495511.0,619142.0,219803.0,1007572.9450000001,210673.325,1796108.73,586359.01,11.0,29.72972972972973,4.054054054054054,36.486486486486484,51.35135135135135,27.91,70,50,56,6
2023,CHENOR,MARAN,TENGAH,Luar Bandar,12,365,688882,420456,268426,214473,53953,273257.668,218333.51400000002,92744.801,428024.2,237844.79,123048.79,325847,12,48,41.1,21.0,10.0,4.3,2500.0,75.49166666666666,1660.6666666666667,6882.0,1.018,0.34541666666666665,2.5216666666666665,98.04166666666667,1.9269028375749884,38.96545417067074,79.90023321138787,12782.190476190477,10213.0,57.14285714285714,79.07936507936509,161.63749498193496,353.8321519112641,44.43192931614614,25.75,True,1.0,268426.0,688882.0,420456.0,214473.0,53953.0,273257.668,92744.801,428024.2,237844.79,12.0,5.405405405405405,83.1081081081081,10.81081081081081,10.81081081081081,26.72,71,70,38,-32
2023,MEMPATEH,TEMERLOH,TENGAH,Luar Bandar,12,365,551443,304624,246819,172774,74045,241388.982,168972.972,100056.121,297922.27,223488.91,117913.91,312475,11,41,37.2,21.0,15.0,13.199999999999998,2000.0,75.52499999999999,1358.25,5575.0,0.9780000000000001,0.4059166666666667,2.4491666666666667,98.175,2.433276255038323,44.758751131123255,70.0002836086363,11753.285714285714,8227.333333333334,52.38095238095239,64.67857142857143,181.718387631143,348.5024293447703,24.984154423903927,55.49999999999999,True,1.0,246819.0,551443.0,304624.0,172774.0,74045.0,241388.982,100056.121,297922.27,223488.91,11.0,4.054054054054054,64.1891891891892,33.108108108108105,6.756756756756757,25.3,72,72,24,-48
2023,LUBUK KAWAH,TEMERLOH,TENGAH,Luar Bandar,12,365,855751,351309,504442,392961,111481,487795.414,379993.287,142153.499,339715.8,240792.1,114978.1,306746,11,52,34.2,22.0,10.0,9.3,3700.0,63.35,2068.8333333333335,8611.0,0.967,0.28175,2.3649999999999998,98.11666666666667,3.7385785663764897,58.947287236591016,77.90013519889304,22929.18181818182,17861.863636363636,50.0,94.0378787878788,243.8292113107226,520.3925623710891,29.119546397312103,38.25000000000001,True,1.0,504442.0,855751.0,351309.0,392961.0,111481.0,487795.414,142153.499,339715.8,240792.1,11.0,20.27027027027027,44.5945945945946,10.81081081081081,14.864864864864865,23.65,73,63,6,-57
2023,SG KLAU,RAUB,BARAT,Luar Bandar,12,365,510976,252532,258444,148088,110356,264388.212,151494.02399999998,91355.363,258340.24,180718.03,94680.03,252119,10,41,35.9,20.0,10.0,4.4,1800.0,77.8,1208.8333333333333,5027.0,1.023,0.35391666666666666,2.6058333333333334,98.11666666666667,2.8643445492764465,50.57850075150301,57.299840584420615,12922.2,7404.4,50.0,60.44166666666666,213.7962222528609,335.62984801754214,30.046503788956763,26.0,True,1.0,258444.0,510976.0,252532.0,148088.0,110356.0,264388.212,91355.363,258340.24,180718.03,10.0,6.756756756756757,44.5945945945946,10.81081081081081,4.054054054054054,16.62,74,71,15,-56
2024,BENTONG (FASA 2),BENTONG,BARAT,Bandar,12,366,38889484,25351136,13538348,8204238,5334110,17667544.14,10706530.59,2946161.654,33083232.52,8465561.0,6017949.0,15459845,104,1393,351.1,193.0,39.0,7.599999999999999,159300.0,66.66666666666667,90832.83333333333,386543.0,1.305,0.21758333333333332,2.6775,98.23333333333333,1.8717193521821927,34.812362128538396,60.599993440854085,70146.88082901554,42509.00518134715,53.8860103626943,470.6364421416235,149.0468534689182,246.78246837695033,74.41132454368761,77.49999999999999,True,1.0,13538348.0,38889484.0,25351136.0,8204238.0,5334110.0,17667544.14,2946161.654,33083232.52,8465561.0,104.0,95.94594594594594,68.91891891891892,100.0,94.5945945945946,89.8,1,7,53,46
2024,BATU 9,LIPIS,BARAT,Pinggir Bandar,12,366,8406463,5685759,2720704,1670511,1050193,3321979.5840000003,2039693.931,831950.757,6942311.74,2570807.12,1694378.12,4374445,27,300,89.7,48.0,37.0,7.5,33000.0,69.59166666666667,19918.5,83718.0,1.221,0.30583333333333335,2.6391666666666667,98.06666666666666,1.8118089069080976,32.36443198524754,61.399953835477874,56681.333333333336,34802.3125,56.25,414.96875,136.59181163240203,229.1456537850758,62.96900490383337,74.25,True,1.0,2720704.0,8406463.0,5685759.0,1670511.0,1050193.0,3321979.5840000003,831950.757,6942311.74,2570807.12,27.0,85.13513513513513,77.02702702702703,92.56756756756756,89.1891891891892,85.2,2,14,61,47
2024,SG JELAI,LIPIS,BARAT,Bandar,12,366,69747911,48722045,21025866,17514546,3511320,28721332.956,23924869.836000003,3956857.427,66554313.49,13125726.84,8740691.84,22749648,151,2030,465.20000000000005,298.0,30.0,9.8,268300.0,70.99166666666666,166504.16666666666,694101.0,1.3660000000000003,0.18816666666666668,2.6566666666666667,98.66666666666667,1.2031209415515967,30.145513605418234,83.29999820221435,70556.59731543624,58773.644295302016,50.671140939597315,558.7388143176734,126.27831735942544,287.40392374368287,80.27817259061327,69.5,True,1.0,21025866.0,69747911.0,48722045.0,17514546.0,3511320.0,28721332.956,3956857.427,66554313.49,13125726.84,151.0,97.2972972972973,59.45945945945946,73.64864864864865,98.64864864864865,83.31,3,4,69,65
2024,SG GAPOI,BENTONG,BARAT,Pinggir Bandar,12,366,9210694,6218045,2992649,1924272,1068377,3657017.0779999997,2351460.384,870848.6569999999,7598450.98,2678080.06,1826789.06,4747828,26,396,84.60000000000001,51.0,34.0,5.1,38700.0,64.99166666666667,21862.25,91587.0,1.222,0.29116666666666663,2.4908333333333332,98.05833333333334,1.5088376019608307,32.49102619194601,64.29995632631825,58679.39215686275,37730.82352941176,50.98039215686274,428.671568627451,136.88659675925396,240.48639872345268,64.75492087730754,63.74999999999999,True,1.0,2992649.0,9210694.0,6218045.0,1924272.0,1068377.0,3657017.0779999997,870848.6569999999,7598450.98,2678080.06,26.0,89.1891891891892,60.810810810810814,85.13513513513513,93.24324324324324,81.89,4,12,60,48
2024,BUKIT UBI,KUANTAN,PANTAI TIMUR,Bandar,12,366,50722591,35364738,15357853,9598658,5759196,20948111.492000002,13092569.512000002,4313061.849,48237502.629999995,14254300.08,10430426.08,26896226,116,1951,376.8,238.0,36.0,14.9,178300.0,77.70833333333333,120650.16666666667,507796.0,1.364,0.28091666666666665,2.6141666666666667,98.83333333333333,1.367894865710214,30.278131888018102,62.499999186084146,64528.794117647056,40330.49579831933,48.739495798319325,506.93347338935575,127.29243087107214,217.3709515255924,70.44975526752306,91.25000000000001,True,1.0,15357853.0,50722591.0,35364738.0,9598658.0,5759196.0,20948111.492000002,4313061.849,48237502.629999995,14254300.08,116.0,93.24324324324324,43.24324324324324,89.86486486486487,95.94594594594594,80.47,5,6,68,62
2024,SG. LEMBING,KUANTAN,PANTAI TIMUR,Pinggir Bandar,12,366,8550888,5831497,2719391,1922609,796782,3151774.169,2228303.8310000002,772418.513,6758705.02,2428676.54,1832526.54,4788200,23,358,77.9,48.0,38.0,13.1,31600.0,73.91666666666667,20118.833333333332,84468.0,1.159,0.2843333333333333,2.794545454545455,98.425,1.6694219649236959,31.802439699830003,70.69998393022556,56653.979166666664,40054.354166666664,47.91666666666667,419.1423611111111,135.16643609221873,261.10013277665917,64.06594853876312,89.75,True,1.0,2719391.0,8550888.0,5831497.0,1922609.0,796782.0,3151774.169,772418.513,6758705.02,2428676.54,23.0,83.78378378378379,37.83783783783784,96.62162162162163,90.54054054054053,75.88,6,15,64,49
2024,SG BERA (KEPAYANG),BERA,TENGAH,Luar Bandar,12,366,2366907,973320,1393587,1091177,302411,1326694.824,1038800.504,428920.791,926600.64,728430.92,445237.92,1147997,21,115,68.6,28.0,29.0,6.7,9600.0,67.34166666666667,5615.0,23073.0,0.952,0.30783333333333335,2.39,98.00833333333333,3.1255544962599693,58.87797872920228,78.29988368146374,49770.96428571428,38970.607142857145,75.0,200.53571428571428,248.1900267141585,530.963120836557,21.386745426810837,60.25,True,1.0,1393587.0,2366907.0,973320.0,1091177.0,302411.0,1326694.824,428920.791,926600.64,728430.92,21.0,75.67567567567568,98.64864864864865,66.8918918918919,50.0,75.81,7,31,6,-25
2024,JENGKA UTAMA,MARAN,TENGAH,Bandar,12,366,65325664,44261408,21064256,11943433,9120823,27404597.055999998,15538406.332999999,6475165.667,57584091.82,20068632.13,13993862.129999999,36250882,184,2065,618.6,365.0,21.0,10.699999999999998,241900.0,73.76666666666667,155676.25,646877.0,1.301,0.3073333333333333,2.6566666666666667,98.27499999999999,1.9080967830100581,32.24499333064567,56.69999927839844,57710.29041095891,32721.734246575343,50.41095890410959,426.51027397260276,135.30808970539823,209.61662810539755,65.1489994967155,58.25,True,1.0,21064256.0,65325664.0,44261408.0,11943433.0,9120823.0,27404597.055999998,6475165.667,57584091.82,20068632.13,184.0,87.83783783783784,58.108108108108105,45.27027027027027,91.8918918918919,72.5,8,2,62,60
2024,ULU SUNGAI,RAUB,BARAT,Luar Bandar,12,366,1961034,783134,1177900,677294,500606,1166121.0,670521.0599999999,385395.673,775302.66,641083.63,438893.63,1127323,16,104,43.7,26.0,31.0,11.199999999999998,7400.0,72.375,4544.333333333333,19249.0,0.9899999999999999,0.32708333333333334,2.349090909090909,97.94166666666666,2.9668879726784847,60.06525129090061,57.50012734527549,45303.846153846156,26049.76923076923,61.53846153846154,174.78205128205127,259.2019364776645,407.2170588963857,17.311823746354747,74.49999999999999,True,1.0,1177900.0,1961034.0,783134.0,677294.0,500606.0,1166121.0,385395.673,775302.66,641083.63,16.0,68.91891891891892,90.54054054054053,78.37837837837837,39.189189189189186,71.76,9,39,1,-38
2024,PANCHING,KUANTAN,PANTAI TIMUR,Bandar,12,366,59042777,42286586,16756191,12835243,3920948,22972737.861,17597118.153,3960323.283,57974909.41,13950788.57,9358808.57,24101633,92,2226,310.9,224.0,29.0,4.3,213700.0,75.47500000000001,137183.5,588379.0,1.3709999999999998,0.23616666666666666,2.4308333333333336,98.325,1.5362291495737233,28.379747449887056,76.60000414175275,74804.42410714286,57300.19196428572,41.07142857142857,612.4263392857143,122.14436138456884,255.63548054507424,75.9365064784497,54.25,True,1.0,16756191.0,59042777.0,42286586.0,12835243.0,3920948.0,22972737.861,3960323.283,57974909.41,13950788.57,92.0,98.64864864864865,13.513513513513514,66.8918918918919,100.0,71.22,10,5,73,68
2024,BRINCHANG,CAMERON HIGHLANDS,BARAT,Pinggir Bandar,12,366,7481285,5190687,2290598,1614870,675728,2679999.6599999997,1889397.9,549601.164,6073103.79,1795235.49,1010862.49,2601060,28,305,104.5,56.0,38.0,15.0,30000.0,68.125,17767.416666666668,74554.0,1.17,0.24008333333333332,2.6999999999999997,98.425,1.5847760572128646,30.617708054164495,70.49993058581208,40903.53571428572,28836.964285714286,50.0,317.27529761904765,128.92127443025387,248.33171853462648,70.43957172350581,94.5,True,1.0,2290598.0,7481285.0,5190687.0,1614870.0,675728.0,2679999.6599999997,549601.164,6073103.79,1795235.49,28.0,58.108108108108105,51.35135135135135,96.62162162162163,78.37837837837837,67.16,11,18,66,48
2024,SIMPANG JENGKA,MARAN,TENGAH,Pinggir Bandar,12,366,4093137,2426850,1666287,1124746,541541,1982881.5299999998,1338447.74,431939.81799999997,2887951.5,1061122.05,638110.05,1637413,23,197,87.0,40.0,29.0,8.8,15700.0,71.24166666666666,9554.666666666666,40675.0,1.19,0.2595,2.5408333333333335,98.27499999999999,1.728438601744361,40.70928972081804,67.50013653110179,41657.175,28118.65,57.49999999999999,238.86666666666665,174.39509489254814,321.63094851370084,63.25692969566836,65.5,True,1.0,1666287.0,4093137.0,2426850.0,1124746.0,541541.0,1982881.5299999998,431939.81799999997,2887951.5,1061122.05,23.0,60.810810810810814,82.43243243243244,66.8918918918919,55.4054054054054,66.62,12,25,31,6
2024,LEPAR,PEKAN,PANTAI TIMUR,Pinggir Bandar,12,366,3496761,2291851,1204910,871149,333761,1469990.2,1062801.78,340195.859,2796058.22,987462.19,636173.1900000001,1634284,20,151,70.4,35.0,38.0,8.2,12300.0,77.65833333333333,8148.916666666667,33982.0,1.22,0.28250000000000003,2.506666666666667,98.14999999999999,1.6193900834648343,34.4578883143572,72.29992281581197,34426.0,24889.97142857143,57.14285714285714,232.82619047619048,147.86137216603433,292.0864971323588,64.68377579061999,77.49999999999999,True,1.0,1204910.0,3496761.0,2291851.0,871149.0,333761.0,1469990.2,340195.859,2796058.22,987462.19,20.0,44.5945945945946,80.4054054054054,96.62162162162163,54.054054054054056,65.37,13,37,56,19
2024,BATU EMBUN,JERANTUT,TENGAH,Luar Bandar,12,366,1582819,775847,806972,675436,131536,787604.672,659225.536,239759.812,757226.66,470140.62,298974.62,767249,17,80,63.5,24.0,38.0,11.5,6200.0,69.74166666666666,3626.0,15510.0,0.976,0.29675,2.328333333333333,98.24166666666667,2.4981659939510306,50.983214126188784,83.70005402913608,33623.833333333336,28143.166666666668,70.83333333333334,151.08333333333334,222.55157198014342,508.95023494555113,37.91282784470373,85.75,True,1.0,806972.0,1582819.0,775847.0,675436.0,131536.0,787604.672,239759.812,757226.66,470140.62,17.0,41.891891891891895,97.2972972972973,96.62162162162163,28.37837837837838,64.66,14,52,11,-41
2024,PADANG PIOL,JERANTUT,TENGAH,Pinggir Bandar,12,366,8097652,4667890,3429762,2839842,589920,4177450.116,3458927.556,837809.439,5685490.03,1979028.42,1258317.42,3253545,23,329,79.4,49.0,15.0,8.8,26900.0,82.21666666666667,19099.333333333332,78899.0,1.218,0.24458333333333335,2.6799999999999997,98.39999999999999,1.58943004840977,42.35501846708157,82.79997270947663,69995.14285714286,57955.95918367347,46.93877551020408,389.78231292517006,179.57495898635207,406.25141266052833,65.19159457570977,44.5,True,1.0,3429762.0,8097652.0,4667890.0,2839842.0,589920.0,4177450.116,837809.439,5685490.03,1979028.42,23.0,94.5945945945946,32.432432432432435,27.027027027027028,86.48648648648648,64.32,15,8,30,22
2024,MELA,LIPIS,BARAT,Pinggir Bandar,12,366,6143572,4035825,2107747,1639827,467920,2463956.2430000002,1916957.763,484260.939,4717879.43,1410304.02,911886.02,2351466,20,224,67.8,40.0,16.0,6.400000000000001,21500.0,78.03333333333333,14523.083333333334,61587.0,1.169,0.22991666666666666,2.5908333333333333,98.3,1.8242474579614434,34.30816795180394,77.79999212429196,52693.675,40995.675,50.0,363.07708333333335,145.13082047545,308.50209535470054,70.1072475266711,40.0,True,1.0,2107747.0,6143572.0,4035825.0,1639827.0,467920.0,2463956.2430000002,484260.939,4717879.43,1410304.02,20.0,81.08108108108108,51.35135135135135,33.108108108108105,82.43243243243244,64.26,16,21,58,37
2024,JAWI-JAWI,BENTONG,BARAT,Pinggir Bandar,12,366,4802613,2930109,1872504,1119757,752747,2207682.216,1320193.503,554824.276,3454598.52,1424063.73,923418.73,2384541,20,226,67.1,40.0,27.0,4.8,19800.0,66.25833333333334,11156.5,47113.0,1.179,0.29641666666666666,2.4216666666666664,98.825,1.9667501266317626,38.98927521330576,59.79997906546528,46812.6,27993.925,50.0,278.9125,167.8397346838166,274.22985301763606,58.777735770002,52.5,True,1.0,1872504.0,4802613.0,2930109.0,1119757.0,752747.0,2207682.216,554824.276,3454598.52,1424063.73,20.0,72.97297297297297,51.35135135135135,60.13513513513513,67.56756756756756,64.19,17,24,33,9
2024,PEKAN TAJAU,MARAN,TENGAH,Pinggir Bandar,12,366,3636225,2257066,1379159,1101948,277211,1555691.352,1242997.3439999998,367432.96400000004,2545970.46,967789.51,652697.51,1697997,15,154,46.3,31.0,34.0,10.800000000000002,12700.0,78.20833333333333,8338.416666666666,35720.0,1.128,0.26633333333333337,2.5272727272727273,98.35833333333333,1.8118089069080956,37.92831851714347,79.89999702717381,44489.0,35546.709677419356,48.38709677419355,268.9811827956989,165.39818710586545,361.0741709852073,61.98740224189404,78.0,True,1.0,1379159.0,3636225.0,2257066.0,1101948.0,277211.0,1555691.352,367432.96400000004,2545970.46,967789.51,15.0,66.21621621621621,40.54054054054054,85.13513513513513,60.810810810810814,62.77,18,33,39,6
2024,TRIANG,BERA,TENGAH,Bandar,12,366,70841287,46367379,24473908,15516459,8957449,30812650.172,19535221.880999997,6051157.674,58376530.18,17514102.01,10653483.01,27616182,135,2594,504.8,294.0,9.0,5.2,249600.0,77.50833333333334,164079.33333333334,702383.0,1.259,0.247,2.5575,97.76666666666667,2.3342638837089265,34.54752028996876,63.400005426186944,83244.58503401361,52777.07142857143,45.91836734693878,558.0929705215419,149.15899219483256,258.3792599594798,69.99804209671854,26.5,True,1.0,24473908.0,70841287.0,46367379.0,15516459.0,8957449.0,30812650.172,6051157.674,58376530.18,17514102.01,135.0,100.0,29.72972972972973,2.027027027027027,97.2972972972973,62.43,19,1,55,54
2024,BATU MALIM,RAUB,BARAT,Pinggir Bandar,12,366,4534374,3153844,1380530,1161026,219504,1680105.0100000002,1412968.642,313194.444,3838228.16,1026724.06,707741.0599999999,1814085,20,169,64.7,39.0,34.0,12.4,14600.0,84.84166666666667,10718.0,44852.0,1.217,0.22683333333333333,2.6033333333333335,98.14999999999999,1.611017935306367,30.445878527002847,84.10001955770609,35398.205128205125,29769.897435897437,51.28205128205128,274.8205128205128,128.8048143310319,295.9696012121991,73.25005139871622,82.0,True,1.0,1380530.0,4534374.0,3153844.0,1161026.0,219504.0,1680105.0100000002,313194.444,3838228.16,1026724.06,20.0,47.2972972972973,62.16216216216216,85.13513513513513,64.86486486486487,61.22,20,32,67,35
2024,RUNCHANG AGRO,PEKAN,PANTAI TIMUR,Pinggir Bandar,12,366,8390533,5206828,3183705,2476923,706782,3597586.65,2798922.9899999998,823374.077,5883715.64,2168541.68,1471963.68,3804852,21,296,69.4,53.0,22.0,13.1,31500.0,72.75,19702.666666666668,82019.0,1.13,0.25833333333333336,2.5940000000000003,98.75,2.0973829291560344,37.94401380698938,77.80001601907212,60069.90566037736,46734.3962264151,39.62264150943396,371.748427672956,161.58751776409284,343.48391995979574,63.14332961203407,65.75,True,1.0,3183705.0,8390533.0,5206828.0,2476923.0,706782.0,3597586.65,823374.077,5883715.64,2168541.68,21.0,91.8918918918919,6.756756756756757,48.64864864864865,83.78378378378379,60.74,21,9,38,29
2024,BUKIT BETONG,LIPIS,BARAT,Pinggir Bandar,12,366,7039652,5014677,2024975,1178535,846440,2330746.225,1356493.7850000001,523438.953,5771893.22,1820612.13,1192511.13,3057862,22,284,72.3,48.0,32.0,10.6,30300.0,63.475,16612.25,69289.0,1.151,0.2588333333333333,2.632,98.16666666666667,1.714355608243269,28.76527135148158,58.199977777503435,42186.979166666664,24552.8125,45.83333333333333,346.0885416666667,121.89649204653193,193.83533137332736,68.45727977621873,74.5,True,1.0,2024975.0,7039652.0,5014677.0,1178535.0,846440.0,2330746.225,523438.953,5771893.22,1820612.13,22.0,62.16216216216216,28.37837837837838,80.4054054054054,79.72972972972973,60.0,22,23,72,49
2024,KECHAU,LIPIS,BARAT,Pinggir Bandar,12,366,6447120,3706915,2740205,1622202,1118003,3299206.82,1953131.2079999999,632356.673,4463125.66,1488822.95,841901.95,2174907,21,279,67.2,49.0,21.0,13.9,24500.0,71.89999999999999,15176.416666666666,64098.0,1.204,0.23108333333333334,2.6941666666666664,98.99166666666667,1.494738246062642,42.502776433508295,59.2000233559168,55922.551020408166,33106.163265306124,42.857142857142854,309.72278911564626,180.55678492397746,292.04824821225986,66.64169769309161,66.25000000000001,True,1.0,2740205.0,6447120.0,3706915.0,1622202.0,1118003.0,3299206.82,632356.673,4463125.66,1488822.95,21.0,82.43243243243244,19.594594594594593,45.27027027027027,75.67567567567568,58.28,23,13,29,16
2024,BELIMBING,PEKAN,PANTAI TIMUR,Luar Bandar,12,366,1706612,942912,763700,543754,219946,772864.4,550279.0480000001,235430.80000000002,954226.9500000001,525501.91,338621.91,869593,16,86,51.1,25.0,30.0,9.6,7200.0,64.74166666666666,4062.6666666666665,17065.0,1.012,0.3085,2.389090909090909,97.91666666666667,1.802439424443406,44.749480256789475,71.19994762341233,30548.0,21750.16,64.0,162.50666666666666,187.97998030850016,365.68756153593705,44.929043347601954,69.0,True,1.0,763700.0,1706612.0,942912.0,543754.0,219946.0,772864.4,235430.80000000002,954226.9500000001,525501.91,16.0,32.432432432432435,93.91891891891892,73.64864864864865,33.78378378378378,56.25,24,54,22,-32
2024,MERAPOH,LIPIS,BARAT,Pinggir Bandar,12,366,4255718,3008741,1246977,957679,289298,1406590.0559999999,1080261.912,347526.462,3393859.85,1186468.19,826811.19,2138170,16,183,55.300000000000004,34.0,33.0,12.5,15200.0,76.45833333333333,10037.75,42607.0,1.128,0.27875,2.563333333333333,98.24166666666667,0.999507454457021,29.30121309729639,76.80005324877685,36675.794117647056,28167.029411764706,47.05882352941176,295.2279411764706,124.22873651963836,260.67687376329224,65.04074291694751,80.74999999999999,True,1.0,1246977.0,4255718.0,3008741.0,957679.0,289298.0,1406590.0559999999,347526.462,3393859.85,1186468.19,16.0,51.35135135135135,33.78378378378378,82.43243243243244,71.62162162162163,56.22,25,35,71,36
2024,BUKIT FRASER,RAUB,BARAT,Luar Bandar,12,366,1510291,702478,807813,660790,147023,800542.683,654842.89,228297.529,696155.7,426385.45,214737.44999999998,550969,20,92,66.2,26.0,29.0,13.1,5300.0,77.86666666666666,3579.9166666666665,14915.0,0.991,0.2820833333333333,2.396666666666667,98.40833333333335,3.281756274074027,53.48724186266091,81.79987200007922,31069.73076923077,25415.0,76.92307692307693,137.68910256410257,225.65134197723413,504.323794819231,38.75142442990842,76.25,True,1.0,807813.0,1510291.0,702478.0,660790.0,147023.0,800542.683,228297.529,696155.7,426385.45,20.0,33.78378378378378,100.0,66.8918918918919,22.972972972972975,55.34,26,51,9,-42
2024,SG KLOI,RAUB,BARAT,Luar Bandar,12,366,1875065,868068,1006997,826745,180252,1022101.955,839146.1749999999,312766.23,881089.05,581134.03,391813.03,1010198,17,87,63.7,25.0,11.0,8.0,6200.0,82.61666666666666,4384.75,18458.0,1.015,0.3100833333333333,2.457,97.93333333333334,3.164289378790642,53.70464490564327,82.1000459782899,40279.88,33069.8,68.0,175.39,229.65893152403217,515.1641758865567,34.04366675536372,36.5,True,1.0,1006997.0,1875065.0,868068.0,826745.0,180252.0,1022101.955,312766.23,881089.05,581134.03,17.0,55.4054054054054,95.94594594594594,10.81081081081081,40.54054054054054,54.39,27,40,8,-32
2024,SG SEMANTAN,RAUB,BARAT,Pinggir Bandar,12,366,7034494,3912706,3121788,2538014,583774,3680588.052,2992318.506,771755.576,4613080.38,1739377.33,1099795.33,2851298,22,247,60.8,52.0,11.0,9.0,29800.0,64.45833333333333,16378.166666666666,68826.0,1.179,0.24733333333333332,2.5108333333333333,98.05,1.8035948950511447,44.37828790528501,81.3000114037212,60034.38461538462,48807.96153846154,42.30769230769231,314.9647435897436,190.6066816595264,423.3968686487692,62.29466675800693,39.0,True,1.0,3121788.0,7034494.0,3912706.0,2538014.0,583774.0,3680588.052,771755.576,4613080.38,1739377.33,22.0,90.54054054054053,16.216216216216218,10.81081081081081,77.02702702702703,53.99,28,10,24,14
2024,LURAH BILUT,BENTONG,BARAT,Luar Bandar,12,366,1426931,747583,679348,548233,131115,639945.816,516435.486,215946.696,704223.2,453446.06,287512.06,741933,15,80,44.9,25.0,37.0,11.4,5200.0,74.96666666666667,3467.0,14246.0,0.9419999999999998,0.3176666666666667,2.388333333333333,98.13333333333333,2.2497811341361955,47.609029448515734,80.6998769408315,27173.92,21929.32,60.0,138.68,195.9469281799827,432.04625658629925,35.61046270557402,84.00000000000001,True,1.0,679348.0,1426931.0,747583.0,548233.0,131115.0,639945.816,215946.696,704223.2,453446.06,15.0,24.324324324324326,86.48648648648648,92.56756756756756,24.324324324324326,53.51,29,57,16,-41
2024,KUALA MEDANG,LIPIS,BARAT,Luar Bandar,12,366,2424907,988448,1436459,880550,555909,1470934.016,901683.2000000001,399523.776,1012170.74,673267.4,420222.4,1084662,14,115,51.8,28.0,10.0,6.5,9600.0,68.98333333333333,5620.083333333333,23590.0,1.024,0.2778333333333333,2.154,98.10000000000001,3.348405319225583,59.23769447653044,61.30004406669456,51302.107142857145,31448.214285714286,50.0,200.7172619047619,255.59389688764995,428.08516782489426,33.482823263592856,31.25,True,1.0,1436459.0,2424907.0,988448.0,880550.0,555909.0,1470934.016,399523.776,1012170.74,673267.4,14.0,79.72972972972973,51.35135135135135,4.72972972972973,51.35135135135135,53.38,30,29,3,-26
2024,KERTAU,MARAN,TENGAH,Pinggir Bandar,12,366,5744762,3548710,2196052,1620685,575367,2692359.752,1986959.81,462867.973,4350718.45,1213743.69,828819.69,2148388,18,237,66.0,44.0,20.0,9.2,19700.0,79.65833333333333,13349.666666666666,56017.0,1.226,0.21133333333333335,2.2616666666666667,98.56666666666666,2.243306542232743,38.22703185963143,73.79993734210301,49910.27272727273,36833.75,40.909090909090914,303.4015151515151,164.50238457889085,331.7012479384885,72.1024537912813,53.0,True,1.0,2196052.0,5744762.0,3548710.0,1620685.0,575367.0,2692359.752,462867.973,4350718.45,1213743.69,18.0,77.02702702702703,12.162162162162163,41.891891891891895,74.32432432432432,53.38,31,20,36,16
2024,SELENDANG,ROMPIN,PANTAI TIMUR,Luar Bandar,12,366,1861620,922651,938969,673243,265726,929579.31,666510.57,239968.426,913424.49,475894.17,243850.16999999998,628928,16,101,54.6,26.0,15.0,7.5,7700.0,66.05833333333334,4326.666666666667,18255.0,0.9899999999999999,0.25566666666666665,2.348333333333333,97.84166666666665,2.7724291941118433,50.438274191295754,71.7002371750292,36114.192307692305,25893.96153846154,61.53846153846154,166.4102564102564,217.01902927580892,425.14524236530343,47.899998827489284,41.25,True,1.0,938969.0,1861620.0,922651.0,673243.0,265726.0,929579.31,239968.426,913424.49,475894.17,16.0,50.0,90.54054054054053,27.027027027027028,35.13513513513514,53.31,32,45,12,-33
2024,SG BERA (TEMBANGAU),BERA,TENGAH,Pinggir Bandar,12,366,3611118,2304085,1307033,891397,415636,1496552.7850000001,1020649.5650000001,363058.025,2638177.33,1002614.25,684348.25,1762096,17,140,55.9,35.0,28.0,11.1,12200.0,80.86666666666666,8713.25,35930.0,1.145,0.27775,2.779166666666667,98.68333333333334,2.1675289659383603,36.194690951666495,68.2000377955262,37343.8,25468.485714285714,48.57142857142857,248.95,150.0052219321149,279.5180821119271,61.99594930186137,69.75,True,1.0,1307033.0,3611118.0,2304085.0,891397.0,415636.0,1496552.7850000001,363058.025,2638177.33,1002614.25,17.0,52.702702702702695,41.891891891891895,62.83783783783784,58.108108108108105,52.84,33,34,51,17
2024,ULU JEMPOL,MARAN,TENGAH,Luar Bandar,12,366,2381568,1517644,863924,649670,214254,829367.0399999999,623683.2,257605.106,1456938.24,710565.0,466267.0,1198528,17,102,59.9,31.0,36.0,9.5,9200.0,70.71666666666667,5588.833333333333,23522.0,0.96,0.29833333333333334,2.34,97.93333333333334,1.8400222330672584,36.275428625174676,75.19990184321769,27868.516129032258,20957.09677419355,54.83870967741935,180.28494623655914,154.58038350281814,317.60736793166313,51.22888668225223,77.75000000000001,True,1.0,863924.0,2381568.0,1517644.0,649670.0,214254.0,829367.0399999999,257605.106,1456938.24,710565.0,17.0,25.675675675675674,72.97297297297297,89.86486486486487,41.891891891891895,52.77,34,49,50,1
2024,NENASI,PEKAN,PANTAI TIMUR,Luar Bandar,12,366,2178866,1178749,1000117,659077,341040,1000117.0,659077.0,237618.849,1178749.0,517606.79,312688.79,813905,13,90,40.3,26.0,23.0,8.6,8600.0,69.19166666666666,5137.666666666667,21766.0,1.0,0.23775,2.5875,98.60833333333333,2.1263854663525037,45.900803445461996,65.89998970120496,38466.03846153846,25349.115384615383,50.0,197.60256410256412,194.66366054629208,350.50090779233625,56.08846412595048,55.99999999999999,True,1.0,1000117.0,2178866.0,1178749.0,659077.0,341040.0,1000117.0,237618.849,1178749.0,517606.79,13.0,54.054054054054056,51.35135135135135,50.67567567567568,47.2972972972973,51.69,35,41,18,-23
2024,KOTA GELANGGI,JERANTUT,TENGAH,Pinggir Bandar,12,366,8802628,5746756,3055872,1796853,1259019,3465358.8479999998,2037631.3019999997,717671.28,6516821.31,2067809.27,1213882.27,3142669,24,346,73.6,60.0,15.0,6.7,29700.0,80.95833333333333,20989.916666666668,87761.0,1.134,0.23491666666666666,2.5708333333333333,98.53333333333335,1.0228821431562296,34.71545088580365,58.80000863910531,50931.2,29947.55,40.0,349.83194444444445,145.5876194521973,233.89489840262226,68.26966443245932,39.24999999999999,True,1.0,3055872.0,8802628.0,5746756.0,1796853.0,1259019.0,3465358.8479999998,717671.28,6516821.31,2067809.27,24.0,78.37837837837837,8.783783783783784,27.027027027027028,81.08108108108108,51.11,36,11,54,43
2024,JANDA BAIK,BENTONG,BARAT,Pinggir Bandar,12,366,7615177,4939673,2675504,1945090,730414,3119637.664,2267974.94,541977.71,5759658.74,1541287.2,926866.2,2417772,19,236,71.9,47.0,10.0,14.300000000000002,24100.0,86.3,17780.25,74151.0,1.166,0.20225,2.4316666666666666,98.55,1.5405626677721798,35.133838648793066,72.69994737440123,56925.617021276594,41384.89361702128,40.42553191489361,378.3031914893617,150.47617440699653,298.89644700791996,73.23995622698993,50.75000000000001,True,1.0,2675504.0,7615177.0,4939673.0,1945090.0,730414.0,3119637.664,541977.71,5759658.74,1541287.2,19.0,86.48648648648648,10.81081081081081,4.72972972972973,85.13513513513513,51.01,37,16,52,36
2024,SG BILUT,RAUB,BARAT,Pinggir Bandar,12,366,5709373,3496540,2212833,1745926,466907,2602291.608,2053208.976,501321.065,4111931.05,1292122.28,809965.28,2108467,20,249,65.5,48.0,18.0,11.6,18600.0,83.825,13238.666666666666,56698.0,1.176,0.22624999999999998,2.38,98.175,1.351402189870906,38.75789863440347,78.90003448068606,46100.6875,36373.458333333336,41.66666666666667,275.80555555555554,167.14923456541445,360.33006477135206,68.5762658885051,56.00000000000001,True,1.0,2212833.0,5709373.0,3496540.0,1745926.0,466907.0,2602291.608,501321.065,4111931.05,1292122.28,20.0,71.62162162162163,14.864864864864865,39.189189189189186,66.21621621621621,50.14,38,19,34,15
2024,BERA KOMPLEKS,BERA,TENGAH,Luar Bandar,12,366,2082146,850672,1231474,955623,275851,1147733.7680000002,890640.636,311232.581,792826.31,525889.25,308812.25,804774,16,103,55.0,30.0,12.0,5.2,8600.0,66.13333333333334,5013.666666666667,20783.0,0.932,0.25325000000000003,2.169090909090909,98.74166666666667,3.2045776916495843,59.14445961042117,77.5999330883153,41049.13333333333,31854.1,53.333333333333336,167.12222222222223,245.62342929326505,520.7749092371562,33.669046628889,31.0,True,1.0,1231474.0,2082146.0,850672.0,955623.0,275851.0,1147733.7680000002,311232.581,792826.31,525889.25,16.0,59.45945945945946,67.56756756756756,16.216216216216218,36.486486486486484,49.39,39,36,4,-32
2024,SEMAMBU,KUANTAN,PANTAI TIMUR,Bandar,12,366,76731608,55685352,21046256,12943447,8102809,26939207.68,16567612.16,5760527.687,71277250.56,21001877.45,13786524.45,35369006,164,2608,584.1,437.0,15.0,9.6,286400.0,73.175,176924.91666666666,751080.0,1.28,0.27408333333333335,2.485,98.06666666666666,1.520067781582802,27.428404732506063,61.499997909366876,48160.76887871853,29618.871853546912,37.52860411899314,404.8625095347063,118.95586216186811,199.88484355906618,70.53495009277754,46.5,True,1.0,21046256.0,76731608.0,55685352.0,12943447.0,8102809.0,26939207.68,5760527.687,71277250.56,21001877.45,164.0,74.32432432432432,4.054054054054054,27.027027027027028,87.83783783783784,49.32,40,3,74,71
2024,KUALA TAHAN,JERANTUT,TENGAH,Luar Bandar,12,366,1484404,944036,540368,301525,238843,530101.008,295796.025,148833.46,926099.32,408955.66,207246.66,533504,16,76,52.5,25.0,30.0,4.6,5100.0,79.5,3484.75,14605.0,0.981,0.27591666666666664,2.504166666666667,98.04166666666667,2.339515619382212,36.40302774716317,55.799936339679626,21614.72,12061.0,64.0,139.39,155.0665040533754,236.41259712008252,55.84105817073702,56.49999999999999,True,1.0,540368.0,1484404.0,944036.0,301525.0,238843.0,530101.008,148833.46,926099.32,408955.66,16.0,17.56756756756757,93.91891891891892,73.64864864864865,25.675675675675674,49.09,41,61,48,-13
2024,LEPAR HILIR,KUANTAN,PANTAI TIMUR,Luar Bandar,12,366,1711142,791298,919844,595138,324706,929042.4400000001,601089.38,287150.77,799210.98,533871.22,339108.22,876469,16,86,52.8,26.0,11.0,13.0,6900.0,67.75,4023.9166666666665,16791.0,1.01,0.3125833333333333,2.186666666666667,97.88333333333333,2.4914855006602004,53.756146479953145,64.69988389335583,35378.61538461538,22889.923076923078,61.53846153846154,154.76602564102564,228.59419719593265,404.09885293092157,33.20021454159702,49.0,True,1.0,919844.0,1711142.0,791298.0,595138.0,324706.0,929042.4400000001,287150.77,799210.98,533871.22,16.0,45.94594594594595,90.54054054054053,10.81081081081081,29.72972972972973,47.64,42,46,7,-39
2024,KARAK,BENTONG,BARAT,Luar Bandar,12,366,2142501,1184806,957695,741256,216439,967271.95,748668.56,315702.238,1196654.06,706740.27,425139.27,1092881,16,104,66.0,29.0,17.0,14.9,7800.0,75.06666666666666,5044.416666666667,21525.0,1.01,0.33041666666666664,2.3141666666666665,98.27499999999999,1.9542300661680423,44.6998624504726,77.4000073092164,33023.96551724138,25560.55172413793,55.172413793103445,173.94540229885058,189.85247716121785,401.4913420751667,40.94030232931312,62.75000000000001,True,1.0,957695.0,2142501.0,1184806.0,741256.0,216439.0,967271.95,315702.238,1196654.06,706740.27,16.0,39.189189189189186,75.67567567567568,36.486486486486484,37.83783783783784,47.57,43,43,23,-20
2024,SEKOR,PEKAN,PANTAI TIMUR,Luar Bandar,12,366,1475061,712546,762515,589423,173092,744214.64,575276.848,232691.842,695444.91,450207.68,256516.68,664589,15,79,52.5,25.0,23.0,8.4,5700.0,70.71666666666667,3439.75,14575.0,0.976,0.30483333333333335,2.3641666666666667,98.43333333333334,2.807821866921698,51.69379435833501,77.29985639626761,30500.6,23576.92,60.0,137.59,221.67744748891636,468.18674473181386,35.26335824357389,55.49999999999999,True,1.0,762515.0,1475061.0,712546.0,589423.0,173092.0,744214.64,232691.842,695444.91,450207.68,15.0,31.08108108108108,86.48648648648648,50.67567567567568,21.62162162162162,47.43,44,55,10,-45
2024,JENDERAK UTARA,TEMERLOH,TENGAH,Pinggir Bandar,12,366,7808856,5233360,2575496,1583931,991565,2969546.8880000003,1826272.443,702921.358,6034064.09,2129775.21,1429090.21,3695407,22,341,70.0,61.0,24.0,10.800000000000002,29800.0,71.58333333333333,18236.25,77420.0,1.153,0.27291666666666664,2.6375,98.60833333333333,1.4119350573098632,32.98173253546998,61.500037274373554,42221.24590163935,25966.081967213115,36.0655737704918,298.9549180327869,141.22947426142986,237.31196533656055,64.70413342924901,63.000000000000014,True,1.0,2575496.0,7808856.0,5233360.0,1583931.0,991565.0,2969546.8880000003,702921.358,6034064.09,2129775.21,22.0,63.51351351351351,1.3513513513513513,53.37837837837838,72.97297297297297,47.36,45,17,59,42
2024,LEPAR UTARA,JERANTUT,TENGAH,Luar Bandar,12,366,2157377,1291727,865650,655296,210354,854396.55,646777.152,198017.182,1274934.57,493108.26,285303.26,740929,13,99,48.6,27.0,30.0,10.9,7500.0,78.55,5080.916666666667,21439.0,0.987,0.229,2.42,97.93333333333334,2.1963295828184886,40.125114896469185,75.69987870386414,32061.11111111111,24270.222222222223,48.148148148148145,188.1820987654321,170.37280018369387,352.3825220858828,61.32285753299481,72.24999999999999,True,1.0,865650.0,2157377.0,1291727.0,655296.0,210354.0,854396.55,198017.182,1274934.57,493108.26,13.0,36.486486486486484,39.189189189189186,73.64864864864865,44.5945945945946,45.81,46,48,32,-16
2024,SG TEMAU,LIPIS,BARAT,Pinggir Bandar,12,366,4773370,3235104,1538266,1022947,515319,1845919.2,1227536.4,335834.2,3882124.8,1041722.76,677857.76,1754493,17,222,64.8,38.0,15.0,14.0,19100.0,68.275,11161.333333333334,47210.0,1.2,0.21824999999999997,2.4408333333333334,97.97500000000001,1.2290671505682924,32.22599547070518,66.50000715090889,40480.68421052631,26919.657894736843,44.73684210526316,293.719298245614,137.8209891291363,250.4124798533579,73.16617023749468,57.49999999999999,True,1.0,1538266.0,4773370.0,3235104.0,1022947.0,515319.0,1845919.2,335834.2,3882124.8,1041722.76,17.0,56.75675675675676,24.324324324324326,27.027027027027028,70.27027027027027,44.73,47,26,63,37
2024,JENGKA 8,JERANTUT,TENGAH,Luar Bandar,12,366,847687,478140,369547,207686,161861,353656.479,198755.50199999998,119200.74399999999,457579.99,273435.23,153487.23,396364,13,48,47.2,23.0,35.0,7.400000000000001,2900.0,79.85000000000001,1988.6666666666667,8322.0,0.957,0.32216666666666666,2.4533333333333336,98.81666666666666,2.115079338006167,43.59474664587283,56.200158572522575,16067.260869565218,9029.826086956522,56.52173913043478,86.46376811594203,185.82651692926584,285.34097591268556,40.243184585060206,71.00000000000001,True,1.0,369547.0,847687.0,478140.0,207686.0,161861.0,353656.479,119200.74399999999,457579.99,273435.23,13.0,12.162162162162163,78.37837837837837,87.83783783783784,12.162162162162163,43.85,48,66,26,-40
2024,TRAS,RAUB,BARAT,Luar Bandar,12,366,2027962,1261406,766556,533523,233033,755824.216,526053.678,192491.12900000002,1243746.32,508858.63,280392.63,722400,13,91,46.9,26.0,28.0,5.8,6600.0,83.94166666666666,4736.416666666667,20037.0,0.9860000000000001,0.2509166666666667,2.3775,98.14166666666667,2.23423771828742,37.79932760081303,69.60000313088672,29482.923076923078,20520.115384615383,50.0,182.1698717948718,161.84302479018947,307.7670773800373,59.08662226232758,56.49999999999999,True,1.0,766556.0,2027962.0,1261406.0,533523.0,233033.0,755824.216,192491.12900000002,1243746.32,508858.63,13.0,29.72972972972973,51.35135135135135,62.83783783783784,43.24324324324324,43.78,49,53,41,-12
2024,BUKIT SAGU,KUANTAN,PANTAI TIMUR,Pinggir Bandar,12,366,5496243,3442911,2053332,1620080,433252,2402398.44,1895493.5999999999,546732.095,4028205.87,1462077.2,941705.2,2446718,17,192,62.1,45.0,13.0,4.8,22600.0,66.43333333333334,12932.833333333334,54683.0,1.17,0.2659166666666667,2.6508333333333334,98.85000000000001,1.7541941083292278,37.358828567077545,78.9000512337995,45629.6,36001.77777777778,37.77777777777778,287.3962962962963,158.76892147892315,342.2643726508778,63.70400999390827,31.5,True,1.0,2053332.0,5496243.0,3442911.0,1620080.0,433252.0,2402398.44,546732.095,4028205.87,1462077.2,17.0,70.27027027027027,5.405405405405405,18.91891891891892,68.91891891891892,43.58,50,22,43,21
2024,SBRG TEMERLOH,TEMERLOH,TENGAH,Pinggir Bandar,12,366,4886579,3352052,1534527,1181586,352941,1803069.225,1388363.55,410477.195,3938661.13,1306204.75,873453.75,2256822,21,204,85.5,43.0,13.0,8.4,19800.0,67.40833333333333,11439.25,48978.0,1.175,0.2675,2.6183333333333336,97.72500000000001,1.452166615367493,31.402889424278214,77.0000136849987,35686.67441860465,27478.74418604651,48.837209302325576,266.02906976744185,134.14577004611317,282.2192931512405,66.83632567293242,40.5,True,1.0,1534527.0,4886579.0,3352052.0,1181586.0,352941.0,1803069.225,410477.195,3938661.13,1306204.75,21.0,48.64864864864865,44.5945945945946,18.91891891891892,59.45945945945946,43.31,51,27,65,38
2024,RUNCHANG,PEKAN,PANTAI TIMUR,Pinggir Bandar,12,366,3525806,2008939,1516867,837312,679555,1747430.784,964583.4239999999,451347.45,2314297.72,1049425.73,737635.73,1903756,15,154,51.0,34.0,11.0,14.9,13000.0,74.08333333333333,8376.666666666666,35378.0,1.152,0.2976666666666667,2.3825,97.97500000000001,2.320837753654459,43.021850890264524,55.200093350306915,44613.73529411765,24626.823529411766,44.11764705882353,246.37254901960782,181.0824114604059,273.1083611123796,54.654679001282524,53.75000000000001,True,1.0,1516867.0,3525806.0,2008939.0,837312.0,679555.0,1747430.784,451347.45,2314297.72,1049425.73,15.0,67.56756756756756,21.62162162162162,10.81081081081081,56.75675675675676,43.11,52,28,28,0
2024,TERLA,CAMERON HIGHLANDS,BARAT,Luar Bandar,12,366,1817591,922415,895176,679440,215736,865635.1919999999,657018.48,278206.334,891975.31,564098.6,367041.6,952782,14,85,45.9,27.0,15.0,9.2,6400.0,77.58333333333333,4313.083333333333,17868.0,0.967,0.3103333333333333,2.5208333333333335,98.16666666666667,2.249629599141453,49.250684009768975,75.90015818118448,33154.666666666664,25164.444444444445,51.85185185185185,159.74382716049382,207.5489692215546,430.40982497972084,36.758496151647975,45.49999999999999,True,1.0,895176.0,1817591.0,922415.0,679440.0,215736.0,865635.1919999999,278206.334,891975.31,564098.6,14.0,40.54054054054054,63.51351351351351,27.027027027027028,31.08108108108108,42.16,53,47,15,-32
2024,CHINI,PEKAN,PANTAI TIMUR,Luar Bandar,12,366,885387,484819,400568,281199,119369,386948.68799999997,271638.234,139612.671,468335.14999999997,308415.1,175519.1,454219,12,54,38.1,22.0,30.0,10.1,2900.0,83.375,2121.25,8766.0,0.9659999999999999,0.3489166666666667,2.5508333333333333,98.13333333333333,2.141137477363305,45.24213705419212,70.20006590641289,18207.636363636364,12781.772727272728,54.54545454545454,96.42045454545455,188.83582793164408,362.1936493522803,34.14649743885335,70.24999999999999,True,1.0,400568.0,885387.0,484819.0,281199.0,119369.0,386948.68799999997,139612.671,468335.14999999997,308415.1,12.0,13.513513513513514,71.62162162162163,73.64864864864865,14.864864864864865,40.27,54,65,20,-45
2024,BATU SAWAR,MARAN,TENGAH,Pinggir Bandar,12,366,3775153,2344758,1430395,1204392,226003,1699309.26,1430817.696,436725.21499999997,2785572.5,1152826.58,732008.5800000001,1907217,14,141,48.4,33.0,9.0,5.7,16300.0,63.25,8884.916666666666,37318.0,1.188,0.3055833333333333,2.6283333333333334,98.39166666666667,2.2912878474779204,37.88972261521586,84.19995875265224,43345.30303030303,36496.72727272727,42.42424242424242,269.23989898989896,160.9913805231713,370.36796720173675,58.614375321410584,27.750000000000004,True,1.0,1430395.0,3775153.0,2344758.0,1204392.0,226003.0,1699309.26,436725.21499999997,2785572.5,1152826.58,14.0,64.86486486486487,17.56756756756757,2.027027027027027,62.16216216216216,40.07,55,30,40,10
2024,KARAK INDAH,BENTONG,BARAT,Luar Bandar,12,366,492077,201934,290143,183371,106772,285790.855,180620.435,92203.21800000001,198905.02000000002,156146.58,65038.58,168654,12,43,39.8,20.0,30.0,10.699999999999998,2100.0,64.01666666666667,1183.5,5013.0,0.985,0.31775000000000003,2.5283333333333333,97.73333333333333,3.7647890198039464,58.96292653385547,63.20021506636383,14507.15,9168.55,60.0,59.175,245.15673848753696,423.3322021142254,21.496913451455388,71.74999999999999,True,1.0,290143.0,492077.0,201934.0,183371.0,106772.0,285790.855,92203.21800000001,198905.02000000002,156146.58,12.0,8.108108108108109,86.48648648648648,73.64864864864865,2.7027027027027026,40.0,56,69,5,-64
2024,SG TEKAM UTARA,JERANTUT,TENGAH,Luar Bandar,12,366,1240842,704438,536404,453797,82607,546595.676,462419.1429999999,155996.361,717822.33,360293.61,186492.61,482463,13,70,46.9,24.0,26.0,11.699999999999998,4600.0,73.64999999999999,2912.3333333333335,12237.0,1.019,0.29041666666666666,2.325833333333333,98.2,2.7251216264210814,43.22903318875409,84.59985384150752,22350.166666666668,18908.208333333332,54.166666666666664,121.34722222222223,184.18358704360764,425.735096827699,49.80741125732324,68.24999999999999,True,1.0,536404.0,1240842.0,704438.0,453797.0,82607.0,546595.676,155996.361,717822.33,360293.61,13.0,18.91891891891892,70.27027027027027,58.108108108108105,18.91891891891892,39.59,57,62,27,-35
2024,MUADZAM SHAH,ROMPIN,PANTAI TIMUR,Pinggir Bandar,12,366,3986387,2804642,1181745,861492,320253,1357825.0050000001,989854.308,288570.532,3222533.65,972009.54,633850.54,1646697,16,152,50.7,35.0,15.0,10.2,17100.0,63.699999999999996,9524.583333333334,39729.0,1.149,0.24375,2.519090909090909,98.56666666666666,1.5059478038361047,29.64451268780477,72.89999111483442,33764.142857142855,24614.057142857142,45.714285714285715,272.1309523809524,124.07314405704535,247.12926500951306,69.83710193375327,48.0,True,1.0,1181745.0,3986387.0,2804642.0,861492.0,320253.0,1357825.0050000001,288570.532,3222533.65,972009.54,16.0,43.24324324324324,27.027027027027028,27.027027027027028,63.51351351351351,38.99,58,38,70,32
2024,MEMPAGA,BENTONG,BARAT,Luar Bandar,12,366,1511116,822929,688187,396394,291793,683369.691,393619.24199999997,194841.47699999998,817168.51,427486.95,228912.95,593507,12,80,39.4,24.0,25.0,5.599999999999999,5000.0,82.55833333333334,3574.4166666666665,15017.0,0.993,0.2833333333333333,2.3925,97.94166666666666,2.8059865655524083,45.54163942410774,57.599751230406845,28674.458333333332,16516.416666666668,50.0,148.93402777777777,192.53127549949875,302.99873149847144,47.68680574830276,51.5,True,1.0,688187.0,1511116.0,822929.0,396394.0,291793.0,683369.691,194841.47699999998,817168.51,427486.95,12.0,27.027027027027028,51.35135135135135,56.08108108108109,27.027027027027028,38.92,59,56,19,-37
2024,GANCHONG,PEKAN,PANTAI TIMUR,Luar Bandar,12,366,598593,299487,299106,218943,80163,279065.89800000004,204273.81900000002,112495.575,279421.36,224959.02000000002,127188.01999999999,328554,11,43,37.2,20.0,27.0,6.2,2600.0,62.89166666666667,1414.9166666666667,5889.0,0.9330000000000002,0.37633333333333335,2.268333333333333,97.77499999999999,2.3145128422563763,49.96817537124557,73.1991334175844,14955.3,10947.15,55.00000000000001,70.74583333333334,211.39478178926908,422.78455835994123,19.49111549668213,56.00000000000001,True,1.0,299106.0,598593.0,299487.0,218943.0,80163.0,279065.89800000004,112495.575,279421.36,224959.02000000002,11.0,10.81081081081081,74.32432432432432,60.13513513513513,8.108108108108109,36.15,60,68,14,-54
2024,KG BANTAL,JERANTUT,TENGAH,Pinggir Bandar,12,366,2630651,1655505,975146,716733,258413,1111666.44,817075.6199999999,319902.33999999997,1887275.7,862528.52,566562.52,1475055,14,119,41.7,30.0,14.0,5.900000000000001,9500.0,75.64166666666667,6014.666666666667,25980.0,1.14,0.32766666666666666,2.563333333333333,98.54166666666667,1.8331955871117687,37.06861913647991,73.50007075863512,32504.866666666665,23891.1,46.666666666666664,200.4888888888889,162.128020394591,325.5852724305977,54.2976937603764,35.75000000000001,True,1.0,975146.0,2630651.0,1655505.0,716733.0,258413.0,1111666.44,319902.33999999997,1887275.7,862528.52,14.0,37.83783783783784,31.08108108108108,21.62162162162162,48.64864864864865,34.53,61,42,45,3
2024,LUBUK KAWAH,TEMERLOH,TENGAH,Luar Bandar,12,366,887691,360262,527429,410867,116562,510023.843,397308.38899999997,150582.83299999998,348373.35,253298.61,122040.61,315796,13,53,43.6,22.0,11.0,10.3,3700.0,65.52499999999999,2092.9166666666665,8825.0,0.967,0.2853333333333333,2.1,98.43333333333334,3.70874274212606,59.41583276162539,77.89996378659497,23974.045454545456,18675.772727272728,59.09090909090909,95.13257575757575,252.00668922954412,536.3746438513983,27.29104852595642,42.25,True,1.0,527429.0,887691.0,360262.0,410867.0,116562.0,510023.843,150582.83299999998,348373.35,253298.61,13.0,20.27027027027027,83.78378378378379,10.81081081081081,13.513513513513514,33.24,62,63,2,-61
2024,JENGKA 3-7,MARAN,TENGAH,Luar Bandar,12,366,1120658,555510,565148,348695,216453,569104.036,351135.865,177225.184,559398.58,351524.1,230080.1,600109,12,59,35.0,23.0,13.0,5.7,3900.0,78.50833333333334,2624.6666666666665,10989.0,1.007,0.31375000000000003,2.3854545454545457,98.52499999999999,3.4885092761374397,50.430015223199234,61.699767140642805,24571.652173913044,15160.652173913044,52.17391304347826,114.1159420289855,215.3218186436373,362.9865046615339,37.16035174776454,33.75,True,1.0,565148.0,1120658.0,555510.0,348695.0,216453.0,569104.036,177225.184,559398.58,351524.1,12.0,22.972972972972975,64.86486486486487,18.91891891891892,17.56756756756757,31.82,63,60,13,-47
2024,BATU BALAI,JERANTUT,TENGAH,Pinggir Bandar,12,366,2391391,1570815,820576,605587,214989,985511.7760000001,727309.9870000001,215476.029,1886548.8,627635.36,378996.36,974579,12,101,41.0,28.0,17.0,7.2,10200.0,64.04166666666667,5648.416666666667,23854.0,1.201,0.26266666666666666,2.6525,98.8,0.8768054965543278,34.31375295800645,73.80023300705845,29306.285714285714,21628.10714285714,42.857142857142854,201.72916666666669,145.27540166123248,292.93329215281324,66.7310296982511,43.50000000000001,True,1.0,820576.0,2391391.0,1570815.0,605587.0,214989.0,985511.7760000001,215476.029,1886548.8,627635.36,12.0,28.37837837837838,19.594594594594593,36.486486486486484,52.702702702702695,31.45,64,50,57,7
2024,JENDERAK KG,TEMERLOH,TENGAH,Pinggir Bandar,12,366,2483127,1539989,943138,769599,173539,1103471.46,900430.83,299913.05,1801787.13,789594.1,529049.1,1359664,12,111,38.2,30.0,17.0,4.1,7800.0,86.925,5836.75,24472.0,1.17,0.3183333333333333,2.651818181818182,98.45833333333333,2.121248917429771,37.98186721822927,81.5998295053322,31437.933333333334,25653.3,40.0,194.55833333333334,161.58615667965907,360.2569080732807,56.17717060727367,35.75,True,1.0,943138.0,2483127.0,1539989.0,769599.0,173539.0,1103471.46,299913.05,1801787.13,789594.1,12.0,35.13513513513514,8.783783783783784,36.486486486486484,45.94594594594595,30.44,65,44,37,-7
2024,MEMPATEH,TEMERLOH,TENGAH,Luar Bandar,12,366,575011,322150,252861,177003,75859,247298.058,173108.934,103940.711,315062.68,236143.5,122378.5,315154,12,39,38.0,21.0,16.0,14.199999999999998,2000.0,78.55,1380.5,5693.0,0.9780000000000001,0.4111666666666667,2.51,97.925,2.2797361622997014,43.97498482637723,70.000118642258,12041.0,8428.714285714286,57.14285714285714,65.73809523809524,183.16624411445127,350.31854697454594,25.04872363810274,59.5,True,1.0,252861.0,575011.0,322150.0,177003.0,75859.0,247298.058,103940.711,315062.68,236143.5,12.0,4.054054054054054,80.4054054054054,33.108108108108105,6.756756756756757,29.36,66,71,25,-46
2024,HABU,CAMERON HIGHLANDS,BARAT,Luar Bandar,12,366,712770,392101,320669,245311,75358,305597.557,233781.38299999997,123153.274,373672.25,273868.47,149573.47,386501,11,47,39.2,22.0,21.0,14.300000000000002,3000.0,64.89999999999999,1661.9166666666667,7051.0,0.953,0.38433333333333336,2.609166666666667,98.25833333333333,2.0513114799753813,44.98912692733982,76.49975519928648,14575.863636363636,11150.5,50.0,75.54166666666667,192.95131123702552,403.2985812845298,26.708908675985448,67.25000000000001,True,1.0,320669.0,712770.0,392101.0,245311.0,75358.0,305597.557,123153.274,373672.25,273868.47,11.0,9.45945945945946,51.35135135135135,45.27027027027027,9.45945945945946,27.09,67,67,21,-46
2024,SG KERATONG,ROMPIN,PANTAI TIMUR,Luar Bandar,12,366,1102258,679920,422338,236087,186251,405022.142,226407.433,113345.489,652043.28,295606.07,147890.07,381395,11,48,40.4,23.0,21.0,10.5,4700.0,64.03333333333333,2605.5,10893.0,0.959,0.26816666666666666,2.665,97.85000000000001,1.6132735400890688,38.31571192951196,55.90001373307635,18362.521739130436,10264.652173913044,47.82608695652174,113.28260869565217,162.0947994626751,247.5710796727813,54.664655082404956,57.75,True,1.0,422338.0,1102258.0,679920.0,236087.0,186251.0,405022.142,113345.489,652043.28,295606.07,11.0,14.864864864864865,36.486486486486484,45.27027027027027,16.216216216216218,26.55,68,64,35,-29
2024,SEPAYANG,ROMPIN,PANTAI TIMUR,Luar Bandar,12,366,1529852,959267,570585,459891,110694,570014.415,459431.109,147559.70500000002,958307.72,395763.04,191940.04,499397,12,77,40.2,27.0,25.0,15.0,5300.0,78.86666666666666,3611.3333333333335,15314.0,0.999,0.2588333333333333,2.6283333333333334,98.55833333333334,2.076911313961339,37.296745044618696,80.5999106180499,21132.777777777777,17033.0,44.44444444444444,133.7530864197531,157.99843086579287,347.9415138135257,58.70188335746684,75.0,True,1.0,570585.0,1529852.0,959267.0,459891.0,110694.0,570014.415,147559.70500000002,958307.72,395763.04,12.0,16.216216216216218,22.972972972972975,56.08108108108109,20.27027027027027,26.49,69,59,44,-15
2024,SG AUR,ROMPIN,PANTAI TIMUR,Luar Bandar,12,366,434840,275427,159413,109038,50375,149369.981,102168.606,67040.071,258075.12,182793.42,85970.42,223316,9,35,33.8,20.0,32.0,6.8,1800.0,65.96666666666667,1021.0833333333334,4356.0,0.9369999999999999,0.42175,2.57,98.425,2.1840156232097425,36.660150860086475,68.39969136770527,7970.65,5451.9,45.0,51.05416666666667,156.12143964743328,291.7666198843241,29.170460135793014,65.0,True,1.0,159413.0,434840.0,275427.0,109038.0,50375.0,149369.981,67040.071,258075.12,182793.42,9.0,1.3513513513513513,25.675675675675674,80.4054054054054,1.3513513513513513,23.24,70,74,46,-28
2024,CHENOR,MARAN,TENGAH,Luar Bandar,12,366,719560,448711,270849,216410,54439,275724.282,220305.38,95146.45999999999,456787.8,252852.21,133039.21,345081,11,49,36.5,21.0,11.0,5.3,2500.0,78.60833333333333,1679.0833333333333,7046.0,1.018,0.3518333333333333,2.725,97.99166666666667,2.020950871308461,37.64091945077547,79.9006088263202,12897.57142857143,10305.238095238095,52.38095238095239,79.9563492063492,161.30765794828528,352.1469966780274,44.645585981061664,29.75,True,1.0,270849.0,719560.0,448711.0,216410.0,54439.0,275724.282,95146.45999999999,456787.8,252852.21,11.0,6.756756756756757,66.21621621621621,10.81081081081081,10.81081081081081,23.04,71,70,42,-28
2024,SEBERANG TEMBELING,JERANTUT,TENGAH,Luar Bandar,12,366,1800869,1141826,659043,363133,295910,653770.656,360227.936,165911.486,1132691.3900000001,453281.02,277914.02,720902,10,84,37.3,27.0,19.0,6.0,6600.0,74.54166666666667,4349.5,18147.0,0.992,0.25175,2.595833333333333,98.49166666666667,2.253818308936409,36.595832345384366,55.10004658269643,24409.0,13449.37037037037,37.03703703703704,161.09259259259258,151.52155420163237,228.11051078668046,59.98194883427163,43.5,True,1.0,659043.0,1800869.0,1141826.0,363133.0,295910.0,653770.656,165911.486,1132691.3900000001,453281.02,10.0,21.62162162162162,2.7027027027027026,40.54054054054054,32.432432432432435,22.3,72,58,47,-11
2024,BENTA,LIPIS,BARAT,Luar Bandar,12,366,574475,365393,209082,152421,56661,213054.55799999996,155316.99899999998,65428.174999999996,372335.47,179920.43,92380.43,238866,10,39,33.7,21.0,24.0,9.0,2200.0,71.325,1356.6666666666667,5759.0,1.019,0.3143333333333333,2.529166666666667,97.81666666666666,1.8004208262278996,36.39531746377127,72.90010617843717,9956.285714285714,7258.142857142857,47.61904761904761,64.60317460317461,154.1144963144963,306.966206146534,51.67786995958241,58.5,True,1.0,209082.0,574475.0,365393.0,152421.0,56661.0,213054.55799999996,65428.174999999996,372335.47,179920.43,10.0,2.7027027027027026,35.13513513513514,53.37837837837838,5.405405405405405,21.35,73,73,49,-24
2024,SG KLAU,RAUB,BARAT,Luar Bandar,12,366,514710,272177,242533,138972,103561,248111.259,142168.356,86244.76699999999,278437.08,182762.43,101114.43,258692,10,37,32.3,20.0,11.0,5.400000000000001,1800.0,78.10000000000001,1218.0833333333333,5151.0,1.023,0.35525,2.6016666666666666,98.04166666666667,1.9342996540130855,47.1203201802957,57.300243678179875,12126.65,6948.6,50.0,60.90416666666666,199.11035096120958,311.72326854986954,34.36131782447942,30.000000000000004,True,1.0,242533.0,514710.0,272177.0,138972.0,103561.0,248111.259,86244.76699999999,278437.08,182762.43,10.0,5.405405405405405,51.35135135135135,10.81081081081081,4.054054054054054,17.77,74,72,17,-55
2025,BENTONG (FASA 2),BENTONG,BARAT,Bandar,12,365,39906231,26581141,13325090,8075005,5250085,17389242.45,10537881.525,2866991.685,34688389.03,8578281.68,6201642.68,15554387,112,1491,388.9,193.0,40.0,8.6,159300.0,68.64166666666667,93382.75,396425.0,1.305,0.21516666666666664,2.3372727272727274,98.21666666666665,1.601703638459546,33.391001019364616,60.600003452134274,69041.9170984456,41839.40414507772,58.03108808290155,483.8484455958549,142.6932704380627,236.90993646966933,75.27045239091059,81.5,True,1.0,13325090.0,39906231.0,26581141.0,8075005.0,5250085.0,17389242.45,2866991.685,34688389.03,8578281.68,112.0,95.94594594594594,87.83783783783784,100.0,94.5945945945946,94.53,1,7,57,50
2025,SG GAPOI,BENTONG,BARAT,Pinggir Bandar,12,365,9370126,6238605,3131521,2013568,1117953,3826718.662,2460580.096,936530.879,7623575.31,2803827.89,1918557.89,4786556,27,413,99.6,51.0,35.0,6.099999999999999,38700.0,66.31666666666668,22218.166666666668,93968.0,1.222,0.29933333333333334,2.4990909090909095,98.3,1.56231665590985,33.42026563997111,64.29999990419991,61402.37254901961,39481.72549019608,52.94117647058824,435.6503267973856,140.94416731053417,248.2934231387639,63.22161484622364,67.75,True,1.0,3131521.0,9370126.0,6238605.0,2013568.0,1117953.0,3826718.662,936530.879,7623575.31,2803827.89,27.0,91.8918918918919,70.27027027027027,85.13513513513513,93.24324324324324,85.34,2,10,55,45
2025,SG JELAI,LIPIS,BARAT,Bandar,12,365,72022750,50384003,21638747,18025075,3613672,29558528.402000003,24622252.450000003,4367456.808,68824548.1,14540331.39,9825521.39,24594896,146,2641,473.1,298.0,31.0,10.800000000000002,268300.0,73.51666666666667,169819.0,709295.0,1.3660000000000003,0.20199999999999999,2.4791666666666665,98.27499999999999,1.8705047123137324,30.04432210655661,83.29999421870407,72613.24496644296,60486.828859060406,48.99328859060403,569.8624161073825,127.42241445303529,290.8023667745521,78.87333547199854,73.50000000000001,True,1.0,21638747.0,72022750.0,50384003.0,18025075.0,3613672.0,29558528.402000003,4367456.808,68824548.1,14540331.39,146.0,97.2972972972973,50.0,73.64864864864865,97.2972972972973,80.74,3,2,66,64
2025,BUKIT UBI,KUANTAN,PANTAI TIMUR,Bandar,12,365,53203096,37643408,15559688,9724807,5834883,21223414.432,13264636.748000002,4438115.724,51345608.51,15169496.219999999,11264184.22,28265482,110,2004,374.9,238.0,37.0,15.9,178300.0,81.74166666666666,123414.83333333333,521400.0,1.364,0.28550000000000003,2.8181818181818183,97.80833333333334,1.435481125130547,29.24583185910835,62.50001285372817,65376.84033613445,40860.533613445376,46.21848739495798,518.5497198879551,126.07631983729671,215.8841537090901,70.45609807692588,95.25000000000001,True,1.0,15559688.0,53203096.0,37643408.0,9724807.0,5834883.0,21223414.432,4438115.724,51345608.51,15169496.219999999,110.0,93.24324324324324,33.78378378378378,89.86486486486487,95.94594594594594,78.11,4,6,68,62
2025,SG. LEMBING,KUANTAN,PANTAI TIMUR,Pinggir Bandar,12,365,8833601,6154429,2679172,1894174,784998,3105160.348,2195347.666,763075.494,7132983.21,2516153.28,1927905.28,4815104,23,338,60.2,48.0,39.0,14.1,31600.0,76.59166666666665,20686.666666666668,86814.0,1.159,0.28491666666666665,2.7025,98.20833333333333,1.5945693823573535,30.329330020678995,70.6999774557214,55816.083333333336,39461.958333333336,47.91666666666667,430.97222222222223,129.51202062520142,250.86292982045651,64.72509178947023,93.75,True,1.0,2679172.0,8833601.0,6154429.0,1894174.0,784998.0,3105160.348,763075.494,7132983.21,2516153.28,23.0,85.13513513513513,43.24324324324324,96.62162162162163,91.8918918918919,77.97,5,15,64,49
2025,SG BERA (KEPAYANG),BERA,TENGAH,Luar Bandar,12,365,2387908,1012211,1375697,1077171,298526,1309663.544,1025466.7919999999,434968.94,963624.88,754889.72,463821.72,1154185,19,115,58.4,28.0,30.0,7.7,9600.0,68.13333333333334,5757.25,23588.0,0.952,0.3165833333333333,2.3241666666666667,98.43333333333334,3.1617385896197856,57.61097161197165,78.3000180999159,49132.03571428572,38470.392857142855,67.85714285714286,205.61607142857142,238.95036692865517,512.5977549450752,21.661453988195078,64.25,True,1.0,1375697.0,2387908.0,1012211.0,1077171.0,298526.0,1309663.544,434968.94,963624.88,754889.72,19.0,77.02702702702703,95.27027027027027,66.8918918918919,50.0,75.51,6,32,3,-29
2025,BATU 9,LIPIS,BARAT,Pinggir Bandar,12,365,8593288,5875193,2718095,1668910,1049185,3318793.995,2037739.11,855173.062,7173610.65,2704773.32,1851408.32,4636544,22,314,78.4,48.0,38.0,8.5,33000.0,71.33333333333333,20076.75,85307.0,1.221,0.3145,2.486666666666667,97.71666666666665,1.6042320923297249,31.630442270758298,61.399987859144,56626.979166666664,34768.958333333336,45.83333333333333,418.265625,135.3852092594668,227.74384122846385,62.29550986294468,78.25,True,1.0,2718095.0,8593288.0,5875193.0,1668910.0,1049185.0,3318793.995,855173.062,7173610.65,2704773.32,22.0,86.48648648648648,31.08108108108108,92.56756756756756,89.1891891891892,74.26,7,14,61,47
2025,KECHAU,LIPIS,BARAT,Pinggir Bandar,12,365,6508113,3724952,2783161,1647631,1135530,3350925.8439999996,1983747.724,659041.045,4484842.22,1541047.39,867955.39,2189440,26,239,89.3,49.0,22.0,14.9,24500.0,72.77499999999999,15713.75,65520.0,1.204,0.23683333333333334,2.3191666666666664,97.80833333333334,2.2328640393409134,42.764484882177065,59.19998878972507,56799.204081632655,33625.12244897959,53.06122448979592,320.6887755102041,177.1162835096651,287.2679999520532,65.63876019700868,70.25000000000001,True,1.0,2783161.0,6508113.0,3724952.0,1647631.0,1135530.0,3350925.8439999996,659041.045,4484842.22,1541047.39,26.0,87.83783783783784,71.62162162162163,45.27027027027027,75.67567567567568,73.45,8,13,27,14
2025,ULU SUNGAI,RAUB,BARAT,Luar Bandar,12,365,1975550,855623,1119927,643958,475969,1108727.73,637518.42,360549.017,847066.77,636059.85,438235.85,1106941,17,100,62.800000000000004,26.0,32.0,12.199999999999998,7400.0,73.14999999999999,4763.083333333333,19695.0,0.9899999999999999,0.32225,2.330833333333333,97.875,3.1961506203367187,56.68937764166942,57.49999776771164,43074.11538461538,24767.615384615383,65.38461538461539,183.19551282051282,235.12647619714122,370.40470839631575,24.910305476863417,78.49999999999999,True,1.0,1119927.0,1975550.0,855623.0,643958.0,475969.0,1108727.73,360549.017,847066.77,636059.85,17.0,66.21621621621621,93.24324324324324,78.37837837837837,40.54054054054054,71.55,9,39,5,-34
2025,BRINCHANG,CAMERON HIGHLANDS,BARAT,Pinggir Bandar,12,365,7782060,5507680,2274380,1603437,670943,2661024.5999999996,1876021.2899999998,555414.53,6443985.6,1897346.79,1091778.79,2747911,29,346,102.4,56.0,39.0,16.0,30000.0,71.09166666666667,18330.0,76629.0,1.17,0.244,2.5500000000000003,98.39166666666667,1.3224174374182602,29.225937605209936,70.4999604287762,40613.92857142857,28632.803571428572,51.78571428571429,327.32142857142856,124.0796508456083,239.6605609488151,70.55631548897315,98.5,True,1.0,2274380.0,7782060.0,5507680.0,1603437.0,670943.0,2661024.5999999996,555414.53,6443985.6,1897346.79,29.0,59.45945945945946,64.86486486486487,96.62162162162163,78.37837837837837,71.08,10,18,69,51
2025,PANCHING,KUANTAN,PANTAI TIMUR,Bandar,12,365,60406812,44044545,16362267,12533497,3828770,22432668.057,17183424.387,3938197.715,60385071.21,14527847.78,10064630.78,25266352,84,2285,263.2,224.0,30.0,5.3,213700.0,77.43333333333334,144666.0,601235.0,1.3709999999999998,0.24008333333333334,2.703333333333333,98.325,1.3406240066747745,27.086791138721246,76.60000292135558,73045.83482142857,55953.111607142855,37.5,645.8303571428571,113.10374932603376,237.36294599425906,75.94132541555382,58.25,True,1.0,16362267.0,60406812.0,44044545.0,12533497.0,3828770.0,22432668.057,3938197.715,60385071.21,14527847.78,84.0,98.64864864864865,8.783783783783784,66.8918918918919,100.0,70.03,11,5,72,67
2025,SG SEMANTAN,RAUB,BARAT,Pinggir Bandar,12,365,7076835,3973979,3102856,2522622,580234,3658267.224,2974171.338,800646.4750000001,4685321.25,1825472.0499999998,1169797.05,2946842,28,324,98.9,52.0,12.0,10.0,29800.0,65.05833333333334,16930.583333333332,70086.0,1.179,0.258,2.4983333333333335,98.53333333333335,2.75267087929105,43.845250030557445,81.30000232044284,59670.307692307695,48511.96153846154,53.84615384615385,325.588141025641,183.26929078049093,408.21352782794054,61.038486955403535,43.0,True,1.0,3102856.0,7076835.0,3973979.0,2522622.0,580234.0,3658267.224,800646.4750000001,4685321.25,1825472.0499999998,28.0,90.54054054054053,75.67567567567568,10.81081081081081,77.02702702702703,68.85,12,11,21,10
2025,BUKIT BETONG,LIPIS,BARAT,Pinggir Bandar,12,365,7243247,5297293,1945954,1132546,813408,2239793.054,1303560.446,505230.184,6097184.2700000005,1880059.33,1252517.33,3139204,24,290,81.8,48.0,33.0,11.6,30300.0,65.45833333333333,17280.833333333332,71134.0,1.151,0.26008333333333333,2.4054545454545457,98.89166666666667,1.2593889812367765,26.865768901709412,58.200039672058026,40540.708333333336,23594.708333333332,50.0,360.0173611111111,112.6076481651155,179.55533124895544,69.16512201787202,78.49999999999999,True,1.0,1945954.0,7243247.0,5297293.0,1132546.0,813408.0,2239793.054,505230.184,6097184.2700000005,1880059.33,24.0,58.108108108108105,56.08108108108109,80.4054054054054,79.72972972972973,65.3,13,23,73,50
2025,PEKAN TAJAU,MARAN,TENGAH,Pinggir Bandar,12,365,3675732,2323944,1351788,1080080,271708,1524816.8639999998,1218330.24,361215.511,2621408.84,982761.64,677057.64,1700687,15,165,46.3,31.0,35.0,11.800000000000002,12700.0,79.3,8851.5,36613.0,1.128,0.2674166666666667,2.3733333333333335,98.28333333333335,1.4871163880191596,36.776021755666626,79.90010267882242,43606.06451612903,34841.290322580644,48.38709677419355,285.53225806451616,152.71852228435858,334.30755099940495,62.51017296485502,82.0,True,1.0,1351788.0,3675732.0,2323944.0,1080080.0,271708.0,1524816.8639999998,361215.511,2621408.84,982761.64,15.0,67.56756756756756,45.94594594594595,85.13513513513513,64.86486486486487,65.27,14,33,40,7
2025,RUNCHANG AGRO,PEKAN,PANTAI TIMUR,Pinggir Bandar,12,365,8418690,5274301,3144389,2446335,698054,3553159.5699999994,2764358.55,834263.125,5959960.13,2234299.46,1554011.46,3874546,24,298,74.8,53.0,23.0,14.1,31500.0,73.19166666666666,19741.333333333332,83890.0,1.13,0.26575,2.665,98.55833333333334,2.1368874277293797,37.35009841198571,77.80001138535977,59328.09433962264,46157.264150943396,45.28301886792453,372.4779874213836,159.27946440632178,339.50531902098186,62.51150324389838,69.75,True,1.0,3144389.0,8418690.0,5274301.0,2446335.0,698054.0,3553159.5699999994,834263.125,5959960.13,2234299.46,24.0,89.1891891891892,29.72972972972973,48.64864864864865,82.43243243243244,65.2,15,9,37,28
2025,BATU EMBUN,JERANTUT,TENGAH,Luar Bandar,12,365,1604438,825304,779134,652136,126998,760434.784,636484.736,234304.309,805496.72,482219.23,322252.23,811300,17,81,54.4,24.0,39.0,12.5,6200.0,70.875,3771.5833333333335,15899.0,0.976,0.30041666666666667,2.590909090909091,98.04166666666667,2.663843202228802,48.561178431326105,83.70010806870192,32463.916666666668,27172.333333333332,70.83333333333334,157.14930555555557,206.58008351930002,473.719871654983,40.1339300301558,89.75,True,1.0,779134.0,1604438.0,825304.0,652136.0,126998.0,760434.784,234304.309,805496.72,482219.23,17.0,37.83783783783784,98.64864864864865,96.62162162162163,29.72972972972973,63.58,16,52,15,-37
2025,KUALA MEDANG,LIPIS,BARAT,Luar Bandar,12,365,2457733,1079578,1378155,844809,533346,1411230.72,865084.416,402272.79000000004,1105487.87,717272.25,440422.25,1102869,19,124,69.9,28.0,11.0,7.5,9600.0,70.125,5676.166666666667,24114.0,1.024,0.29191666666666666,2.275,97.55833333333334,2.2755618686781105,56.07423589136818,61.29999891158832,49219.82142857143,30171.75,67.85714285714286,202.7202380952381,242.79678186569572,407.7655469617615,35.11713068366821,35.25,True,1.0,1378155.0,2457733.0,1079578.0,844809.0,533346.0,1411230.72,402272.79000000004,1105487.87,717272.25,19.0,78.37837837837837,95.27027027027027,4.72972972972973,48.64864864864865,63.41,17,30,6,-24
2025,BATU MALIM,RAUB,BARAT,Pinggir Bandar,12,365,4628557,3224034,1404523,1181204,223319,1709304.4910000002,1437525.2680000002,323665.658,3923649.38,1066557.81,745612.81,1870966,20,190,62.7,39.0,35.0,13.4,14600.0,86.86666666666667,11084.75,45733.0,1.217,0.2305,2.410833333333333,98.36666666666667,1.6599561878117588,30.344727309180808,84.10001117817222,36013.41025641026,30287.28205128205,51.28205128205128,284.22435897435895,126.70768398024313,291.9484284684592,72.81719881912588,86.00000000000001,True,1.0,1404523.0,4628557.0,3224034.0,1181204.0,223319.0,1709304.4910000002,323665.658,3923649.38,1066557.81,20.0,50.0,62.16216216216216,85.13513513513513,63.51351351351351,62.09,18,29,63,34
2025,PADANG PIOL,JERANTUT,TENGAH,Pinggir Bandar,12,365,8159697,4830049,3329648,2756950,572698,4055511.264,3357965.1,816858.521,5882999.7,2001602.34,1317338.34,3278244,21,274,65.0,49.0,16.0,9.8,26900.0,83.125,18947.583333333332,80387.0,1.218,0.24525,2.2425,98.175,2.1198198894331495,40.80602502764502,82.80004372834607,67952.0,56264.28571428572,42.857142857142854,386.6853741496598,175.7294289949026,398.6412165790472,65.97650106968389,48.5,True,1.0,3329648.0,8159697.0,4830049.0,2756950.0,572698.0,4055511.264,816858.521,5882999.7,2001602.34,21.0,94.5945945945946,22.2972972972973,27.027027027027028,86.48648648648648,61.79,19,8,30,22
2025,SG BILUT,RAUB,BARAT,Pinggir Bandar,12,365,5823979,3612386,2211593,1744946,466647,2600833.368,2052056.4959999998,515156.255,4248165.91,1354125.78,845383.78,2110968,24,248,83.39999999999999,48.0,19.0,12.6,18600.0,85.81666666666666,13783.5,57853.0,1.176,0.23258333333333334,2.1183333333333336,97.80833333333334,2.281729142292721,37.9739178317779,78.89996034532575,46074.854166666664,36353.041666666664,50.0,287.15625,160.452207349367,346.84035060780934,68.12446103358519,60.0,True,1.0,2211593.0,5823979.0,3612386.0,1744946.0,466647.0,2600833.368,515156.255,4248165.91,1354125.78,24.0,74.32432432432432,56.08108108108109,39.189189189189186,66.21621621621621,61.52,20,19,34,15
2025,JENGKA UTAMA,MARAN,TENGAH,Bandar,12,365,66001229,46135469,19865760,11263886,8601874,25845353.759999998,14654315.685999999,6211756.018,60022245.18,20640338.02,14550705.02,36488306,155,1979,610.5,365.0,22.0,11.699999999999998,241900.0,74.72500000000001,155351.16666666666,663174.0,1.301,0.3124166666666667,2.64,98.45,1.156110249539771,30.099075882359706,56.70000040270294,54426.739726027394,30859.961643835617,42.465753424657535,425.6196347031963,127.87647770052152,198.6464749894741,65.6121860185304,62.24999999999999,True,1.0,19865760.0,66001229.0,46135469.0,11263886.0,8601874.0,25845353.759999998,6211756.018,60022245.18,20640338.02,155.0,82.43243243243244,18.91891891891892,45.27027027027027,90.54054054054053,60.34,21,4,65,61
2025,MERAPOH,LIPIS,BARAT,Pinggir Bandar,12,365,4413791,3207097,1206694,926741,279953,1361150.832,1045363.8479999999,346992.744,3617605.41,1269463.8,904577.8,2275135,17,173,60.9,34.0,34.0,13.5,15200.0,79.51666666666667,10354.583333333334,43554.0,1.128,0.28741666666666665,2.345,98.23333333333333,1.4627703065406306,27.33917396632509,76.8000006629684,35491.0,27257.08823529412,50.0,304.546568627451,116.53718562633294,245.20701187295458,64.90872673700476,84.75,True,1.0,1206694.0,4413791.0,3207097.0,926741.0,279953.0,1361150.832,346992.744,3617605.41,1269463.8,17.0,47.2972972972973,56.08108108108109,82.43243243243244,70.27027027027027,59.97,22,36,71,35
2025,LEPAR UTARA,JERANTUT,TENGAH,Luar Bandar,12,365,2212091,1310015,902076,682872,219204,890349.012,673994.664,213706.911,1292984.82,523651.07,313239.07,783073,15,102,49.6,27.0,31.0,11.9,7500.0,80.81666666666666,5157.583333333333,21991.0,0.987,0.237,2.4966666666666666,98.36666666666667,1.9463057469488323,40.77933502735647,75.70005188032938,33410.22222222222,25291.555555555555,55.55555555555556,191.0216049382716,174.90284532484532,362.74395794816473,59.500601870948486,76.25,True,1.0,902076.0,2212091.0,1310015.0,682872.0,219204.0,890349.012,213706.911,1292984.82,523651.07,15.0,41.891891891891895,83.1081081081081,73.64864864864865,44.5945945945946,58.95,23,47,31,-16
2025,JAWI-JAWI,BENTONG,BARAT,Pinggir Bandar,12,365,4838028,3001140,1836888,1098459,738429,2165690.952,1295083.161,543825.073,3538344.0700000003,1433830.65,959063.65,2395605,18,196,59.1,40.0,28.0,5.8,19800.0,66.94166666666666,11647.916666666666,48162.0,1.179,0.29641666666666666,2.3925,98.21666666666665,1.9508156802173329,37.96770088970134,59.79999869344239,45922.2,27461.475,45.0,291.19791666666663,157.7009908781971,258.37038488960974,59.47735376678618,56.49999999999999,True,1.0,1836888.0,4838028.0,3001140.0,1098459.0,738429.0,2165690.952,543825.073,3538344.0700000003,1433830.65,18.0,72.97297297297297,28.37837837837838,60.13513513513513,67.56756756756756,58.45,24,24,35,11
2025,TRIANG,BERA,TENGAH,Bandar,12,365,72885898,48910798,23975100,15200214,8774886,30184650.9,19137069.426,5879020.438,61578694.69,17882236.74,10986825.74,27395371,112,2702,306.7,294.0,10.0,6.2,249600.0,80.0,170282.66666666666,718555.0,1.259,0.24549999999999997,2.374166666666667,97.925,1.712432259222024,32.894017440794926,63.40000250259644,81547.95918367348,51701.4081632653,38.095238095238095,579.1927437641723,140.7958923202205,244.56054590293917,70.96035109217091,30.500000000000004,True,1.0,23975100.0,72885898.0,48910798.0,15200214.0,8774886.0,30184650.9,5879020.438,61578694.69,17882236.74,112.0,100.0,10.81081081081081,2.027027027027027,98.64864864864865,57.91,25,1,59,58
2025,NENASI,PEKAN,PANTAI TIMUR,Luar Bandar,12,365,2245011,1257689,987322,650646,336676,987322.0,650646.0,246001.354,1257689.0,558611.9199999999,346935.92,871392,14,105,53.4,26.0,24.0,9.6,8600.0,71.51666666666667,5257.25,22224.0,1.0,0.24875,2.4133333333333336,98.0,2.368911653954707,43.97849275571478,65.90008122983181,37973.92307692308,25024.846153846152,53.84615384615385,202.20192307692307,187.8019877312283,339.0730478523787,55.58425652128627,60.0,True,1.0,987322.0,2245011.0,1257689.0,650646.0,336676.0,987322.0,246001.354,1257689.0,558611.9199999999,14.0,54.054054054054056,75.67567567567568,50.67567567567568,47.2972972972973,57.77,26,40,19,-21
2025,LEPAR,PEKAN,PANTAI TIMUR,Pinggir Bandar,12,365,3522191,2340766,1181425,854171,327254,1441338.5,1042088.62,335340.91000000003,2855734.52,1000167.39,667947.39,1672398,17,142,53.0,35.0,39.0,9.2,12300.0,78.40833333333333,8331.25,34842.0,1.22,0.2838333333333333,2.4808333333333334,98.39999999999999,1.8186533479473217,33.54233203139751,72.30006136657003,33755.0,24404.885714285716,48.57142857142857,238.03571428571428,141.80645161290323,280.89356585721777,64.97687782266259,81.5,True,1.0,1181425.0,3522191.0,2340766.0,854171.0,327254.0,1441338.5,335340.91000000003,2855734.52,1000167.39,17.0,43.24324324324324,47.2972972972973,96.62162162162163,54.054054054054056,56.55,27,37,54,17
2025,KERTAU,MARAN,TENGAH,Pinggir Bandar,12,365,5788030,3678866,2109164,1556563,552601,2585835.064,1908346.238,464063.053,4510289.7,1274687.54,876273.54,2194925,19,232,63.0,44.0,21.0,10.2,19700.0,80.45,13718.25,57078.0,1.226,0.22024999999999997,2.787,98.175,2.2260169620089405,36.44010138164453,73.7999984828112,47935.545454545456,35376.431818181816,43.18181818181818,311.77840909090907,153.7487653308549,310.86736022332013,71.73823357732432,57.00000000000001,True,1.0,2109164.0,5788030.0,3678866.0,1556563.0,552601.0,2585835.064,464063.053,4510289.7,1274687.54,19.0,75.67567567567568,25.675675675675674,41.891891891891895,74.32432432432432,56.22,28,20,42,22
2025,JENDERAK UTARA,TEMERLOH,TENGAH,Pinggir Bandar,12,365,8055568,5484513,2571055,1581199,989856,2964426.415,1823122.4470000002,712938.5700000001,6323643.5,2232915.55,1507977.55,3783918,28,272,101.1,61.0,25.0,11.800000000000002,29800.0,74.03333333333333,18869.25,79128.0,1.153,0.2773333333333334,2.4990909090909095,98.91666666666667,1.8557649733637158,31.91649552210347,61.50000680654439,42148.44262295082,25921.29508196721,45.90163934426229,309.33196721311475,136.25634299190483,229.5826307243012,64.68941441749523,67.00000000000001,True,1.0,2571055.0,8055568.0,5484513.0,1581199.0,989856.0,2964426.415,712938.5700000001,6323643.5,2232915.55,28.0,63.51351351351351,32.432432432432435,53.37837837837838,72.97297297297297,55.14,29,17,60,43
2025,BUKIT SAGU,KUANTAN,PANTAI TIMUR,Pinggir Bandar,12,365,5727548,3714852,2012696,1588018,424678,2354854.32,1857981.0599999998,553932.6510000001,4346376.84,1576381.49,1026311.49,2558060,22,213,72.2,45.0,14.0,5.8,22600.0,69.44166666666666,13283.25,56027.0,1.17,0.27516666666666667,2.611666666666667,98.59166666666665,1.7495237447183543,35.14062213009825,78.90004253001943,44726.57777777778,35289.28888888889,48.888888888888886,295.18333333333334,151.5213520787458,327.53537323887923,63.731136345738484,35.5,True,1.0,2012696.0,5727548.0,3714852.0,1588018.0,424678.0,2354854.32,553932.6510000001,4346376.84,1576381.49,22.0,68.91891891891892,48.64864864864865,18.91891891891892,68.91891891891892,53.85,30,22,50,28
2025,MELA,LIPIS,BARAT,Pinggir Bandar,12,365,6292474,4212702,2079772,1618062,461710,2431253.468,1891514.4780000001,467727.609,4924648.65,1415405.13,913276.13,2290855,15,251,42.2,40.0,17.0,7.400000000000001,21500.0,80.175,15136.333333333334,62858.0,1.169,0.22491666666666665,2.620833333333333,97.95833333333333,1.504135712768047,33.05173767901147,77.79997038136872,51994.3,40451.55,37.5,378.40833333333336,137.40262943469355,292.8745342559272,71.25875914010638,44.00000000000001,True,1.0,2079772.0,6292474.0,4212702.0,1618062.0,461710.0,2431253.468,467727.609,4924648.65,1415405.13,15.0,81.08108108108108,8.783783783783784,33.108108108108105,83.78378378378379,53.82,31,21,58,37
2025,LURAH BILUT,BENTONG,BARAT,Luar Bandar,12,365,1443500,768567,674933,544671,130262,635786.8859999999,513080.08199999994,219939.535,723990.1,470070.73,304802.73,757216,15,80,45.4,25.0,38.0,12.4,5200.0,76.03333333333333,3465.75,14570.0,0.9419999999999998,0.32566666666666666,2.2963636363636364,98.64999999999999,2.7990664027980343,46.756702459300314,80.70001022323697,26997.32,21786.84,60.0,138.63,194.74370626848446,430.57038593911653,35.07221576648631,88.0,True,1.0,674933.0,1443500.0,768567.0,544671.0,130262.0,635786.8859999999,219939.535,723990.1,470070.73,15.0,24.324324324324326,89.1891891891892,92.56756756756756,21.62162162162162,53.78,32,56,16,-40
2025,KOTA GELANGGI,JERANTUT,TENGAH,Pinggir Bandar,12,365,8979478,5980004,2999474,1763689,1235785,3401403.516,2000023.326,739627.086,6781324.55,2213904.14,1325063.1400000001,3317507,24,303,73.7,60.0,16.0,7.7,29700.0,82.79166666666667,21690.666666666668,89730.0,1.134,0.24658333333333335,2.8341666666666665,98.05833333333334,1.7406024731962695,33.403656649083615,58.79994292332589,49991.23333333333,29394.816666666666,40.0,361.5111111111111,138.28408532087533,222.7697623033369,67.35292458462263,43.25,True,1.0,2999474.0,8979478.0,5980004.0,1763689.0,1235785.0,3401403.516,739627.086,6781324.55,2213904.14,24.0,79.72972972972973,14.18918918918919,27.027027027027028,81.08108108108108,53.01,33,12,56,44
2025,BERA KOMPLEKS,BERA,TENGAH,Luar Bandar,12,365,2174201,907318,1266883,983100,283783,1180734.956,916249.2000000001,327091.594,845620.37,561747.03,335376.03,840595,16,97,59.0,30.0,13.0,6.2,8600.0,69.25833333333334,5111.833333333333,21246.0,0.932,0.25825000000000004,2.4066666666666667,98.08333333333333,3.0598573941815137,58.26889970154553,77.5999046478641,42229.433333333334,32770.0,53.333333333333336,170.39444444444445,247.83339310749568,526.8999362657064,33.569832287743964,35.0,True,1.0,1266883.0,2174201.0,907318.0,983100.0,283783.0,1180734.956,327091.594,845620.37,561747.03,16.0,64.86486486486487,72.97297297297297,16.216216216216218,35.13513513513514,52.7,34,35,1,-34
2025,BUKIT FRASER,RAUB,BARAT,Luar Bandar,12,365,1542573,748032,794541,649934,144607,787390.131,644084.594,219395.117,741299.72,425957.1,219589.1,551241,16,75,53.6,26.0,30.0,14.1,5300.0,79.71666666666667,3703.0833333333335,15274.0,0.991,0.27666666666666667,2.35,97.78333333333335,2.4940383462824456,51.507513744892464,81.7999322879499,30559.26923076923,24997.46153846154,61.53846153846154,142.42628205128204,214.56200913653035,480.85363887492247,42.53915271949651,80.25,True,1.0,794541.0,1542573.0,748032.0,649934.0,144607.0,787390.131,219395.117,741299.72,425957.1,16.0,31.08108108108108,90.54054054054053,66.8918918918919,25.675675675675674,52.3,35,51,8,-43
2025,SELENDANG,ROMPIN,PANTAI TIMUR,Luar Bandar,12,365,1881768,949904,931864,668146,263718,922545.36,661464.54,249011.32200000001,940404.96,502338.42,261990.42,660837,15,89,44.9,26.0,16.0,8.5,7700.0,66.96666666666667,4466.833333333333,18716.0,0.9899999999999999,0.26708333333333334,2.315,98.39166666666667,2.7851744953767197,49.52066354619698,71.69994763184327,35840.92307692308,25697.923076923078,57.692307692307686,171.80128205128204,208.61848438491103,409.8064220666475,46.58275515688475,45.25,True,1.0,931864.0,1881768.0,949904.0,668146.0,263718.0,922545.36,249011.32200000001,940404.96,502338.42,15.0,48.64864864864865,86.48648648648648,27.027027027027028,36.486486486486484,51.96,36,45,14,-31
2025,KARAK,BENTONG,BARAT,Luar Bandar,12,365,2230492,1249009,981483,759669,221814,991297.8300000001,767265.69,329494.507,1261499.09,748723.64,463285.64,1160447,16,98,53.199999999999996,29.0,18.0,15.9,7800.0,78.33333333333333,5182.0,22058.0,1.01,0.33558333333333334,2.4208333333333334,97.625,2.0128940419809545,44.00298230166259,77.40011798472311,33844.24137931035,26195.48275862069,55.172413793103445,178.68965517241378,189.40235430335778,401.6373854702527,40.648103043815915,66.75,True,1.0,981483.0,2230492.0,1249009.0,759669.0,221814.0,991297.8300000001,329494.507,1261499.09,748723.64,16.0,44.5945945945946,81.08108108108108,36.486486486486484,37.83783783783784,51.08,37,42,18,-24
2025,ULU JEMPOL,MARAN,TENGAH,Luar Bandar,12,365,2459104,1617026,842078,633243,208835,808394.8799999999,607913.28,253704.124,1552344.96,740849.37,495230.37,1241711,16,121,57.3,31.0,37.0,10.5,9200.0,73.18333333333334,5780.416666666667,24048.0,0.96,0.30116666666666664,2.748333333333333,97.8,1.758528999597177,34.24328535922027,75.20004085132256,27163.8064516129,20427.1935483871,51.61290322580645,186.46505376344086,145.67773372738412,300.136206230887,52.27546781869926,81.75000000000001,True,1.0,842078.0,2459104.0,1617026.0,633243.0,208835.0,808394.8799999999,253704.124,1552344.96,740849.37,16.0,25.675675675675674,63.51351351351351,89.86486486486487,41.891891891891895,50.41,38,50,52,2
2025,SEKOR,PEKAN,PANTAI TIMUR,Luar Bandar,12,365,1486534,736165,750369,580035,170334,732360.144,566114.16,236084.28,718497.04,467349.65,270059.65,676729,17,82,50.8,25.0,24.0,9.4,5700.0,71.425,3559.3333333333335,14888.0,0.976,0.3149166666666667,2.3436363636363637,98.39999999999999,2.834353648728506,50.47775563828342,77.29996841553955,30014.76,23201.4,68.0,142.37333333333333,210.81728788162576,446.47040259450364,34.95454762068331,59.5,True,1.0,750369.0,1486534.0,736165.0,580035.0,170334.0,732360.144,236084.28,718497.04,467349.65,17.0,29.72972972972973,97.2972972972973,50.67567567567568,24.324324324324326,50.0,39,55,11,-44
2025,BELIMBING,PEKAN,PANTAI TIMUR,Luar Bandar,12,365,1780924,1008965,771959,549633,222326,781222.5079999999,556228.596,235137.993,1021072.59,541997.85,351243.85,883994,13,83,54.0,25.0,31.0,10.6,7200.0,67.76666666666667,4104.416666666667,17430.0,1.012,0.30475,2.215,97.94166666666666,2.3145619390495824,43.34598219800508,71.19976579067023,30878.36,21985.32,52.0,164.17666666666668,188.08007634052746,366.8837639818338,46.91877391400743,73.0,True,1.0,771959.0,1780924.0,1008965.0,549633.0,222326.0,781222.5079999999,235137.993,1021072.59,541997.85,13.0,33.78378378378378,66.21621621621621,73.64864864864865,33.78378378378378,49.86,40,53,24,-29
2025,SIMPANG JENGKA,MARAN,TENGAH,Pinggir Bandar,12,365,4241960,2590891,1651069,1114473,536596,1964772.1099999999,1326222.8699999999,422737.264,3083160.29,1086787.06,666914.06,1677600,16,172,53.5,40.0,30.0,9.8,15700.0,73.99166666666666,9943.416666666666,41750.0,1.19,0.25616666666666665,2.5391666666666666,98.10833333333333,2.613064496067034,38.92231421324105,67.50008630771941,41276.725,27861.825,40.0,248.58541666666665,166.04644614108162,307.0725875510437,64.7508738509343,69.5,True,1.0,1651069.0,4241960.0,2590891.0,1114473.0,536596.0,1964772.1099999999,422737.264,3083160.29,1086787.06,16.0,60.810810810810814,14.18918918918919,66.8918918918919,55.4054054054054,49.56,41,25,32,7
2025,TERLA,CAMERON HIGHLANDS,BARAT,Luar Bandar,12,365,1891016,938226,952790,723168,229622,921347.9299999999,699303.456,295606.746,907264.56,587075.39,393666.39,989687,15,99,48.6,27.0,16.0,10.2,6400.0,80.95,4369.666666666667,18379.0,0.967,0.3105,2.6675,98.8,2.4216667188053966,50.38508399717401,75.90004093241951,35288.51851851852,26784.0,55.55555555555556,161.83950617283952,218.04638034937827,453.41723818311584,35.291709179073415,49.5,True,1.0,952790.0,1891016.0,938226.0,723168.0,229622.0,921347.9299999999,295606.746,907264.56,587075.39,15.0,45.94594594594595,83.1081081081081,27.027027027027028,31.08108108108108,49.22,42,43,12,-31
2025,RUNCHANG,PEKAN,PANTAI TIMUR,Pinggir Bandar,12,365,3709182,2178599,1530583,844883,685700,1763231.616,973305.2159999999,471153.452,2509746.05,1141063.68,818657.6799999999,2040461,16,152,60.0,34.0,12.0,15.9,13000.0,78.14999999999999,8668.666666666666,36293.0,1.152,0.30775,2.5658333333333334,98.48333333333333,2.631971262622892,41.264704724653576,55.20007735614468,45017.14705882353,24849.5,47.05882352941176,254.96078431372547,176.56498500346075,267.02468028979615,54.5346956517772,57.75,True,1.0,1530583.0,3709182.0,2178599.0,844883.0,685700.0,1763231.616,471153.452,2509746.05,1141063.68,16.0,70.27027027027027,36.486486486486484,10.81081081081081,58.108108108108105,48.11,43,27,29,2
2025,JANDA BAIK,BENTONG,BARAT,Pinggir Bandar,12,365,7694291,5102328,2591963,1884357,707606,3022228.858,2197160.2619999996,544596.6209999999,5949314.45,1615954.47,985954.47,2455755,17,308,48.0,47.0,11.0,15.300000000000002,24100.0,87.47500000000001,18010.0,75856.0,1.166,0.21,2.585,98.35833333333333,1.9369415128605263,33.686833523712586,72.69999610333943,55148.14893617021,40092.70212765958,36.17021276595745,383.1914893617021,143.91799000555247,286.6530770576468,72.83797177673137,54.75000000000001,True,1.0,2591963.0,7694291.0,5102328.0,1884357.0,707606.0,3022228.858,544596.6209999999,5949314.45,1615954.47,17.0,83.78378378378379,2.7027027027027026,4.72972972972973,85.13513513513513,47.91,44,16,53,37
2025,SG TEMAU,LIPIS,BARAT,Pinggir Bandar,12,365,4890840,3430920,1459920,970847,489073,1751904.0,1165016.4,320814.207,4117104.0,1073846.52,699609.52,1761207,18,183,62.5,38.0,16.0,15.0,19100.0,70.11666666666666,11653.166666666666,48220.0,1.2,0.21991666666666668,2.5309090909090908,98.16666666666667,1.705316997102316,29.85008710160218,66.50001369938079,38418.94736842105,25548.605263157893,47.368421052631575,306.66228070175436,125.2809679772308,228.25167360979543,73.91743031023749,61.5,True,1.0,1459920.0,4890840.0,3430920.0,970847.0,489073.0,1751904.0,320814.207,4117104.0,1073846.52,18.0,55.4054054054054,37.83783783783784,27.027027027027028,71.62162162162163,47.77,45,28,67,39
2025,SG BERA (TEMBANGAU),BERA,TENGAH,Pinggir Bandar,12,365,3731892,2413149,1318743,899383,419360,1509960.7349999999,1029793.535,369815.558,2763055.65,1046978.03,735580.03,1838174,15,161,48.3,35.0,29.0,12.1,12200.0,83.78333333333333,8743.333333333334,36860.0,1.145,0.2804166666666667,2.4766666666666666,97.8,1.890867205247049,35.337115865089345,68.20002077736147,37678.37142857143,25696.657142857144,42.857142857142854,249.80952380952382,150.82840259245137,281.821923030724,62.107964419753905,73.75,True,1.0,1318743.0,3731892.0,2413149.0,899383.0,419360.0,1509960.7349999999,369815.558,2763055.65,1046978.03,15.0,52.702702702702695,22.2972972972973,62.83783783783784,56.75675675675676,47.74,46,34,49,15
2025,SEMAMBU,KUANTAN,PANTAI TIMUR,Bandar,12,365,77636329,57745487,19890842,12232868,7657975,25460277.76,15658071.040000001,5475437.453,73914223.36,21354675.9,14212999.9,35580192,136,3112,488.4,437.0,16.0,10.6,286400.0,74.21666666666667,181203.58333333334,765403.0,1.28,0.27516666666666667,2.374166666666667,98.44166666666666,1.2332207155790622,25.620533912673793,61.50000085466467,45516.800915331805,27992.83295194508,31.12128146453089,414.65350877192986,109.77068794169357,184.95609321181598,71.10884085733834,50.5,True,1.0,19890842.0,77636329.0,57745487.0,12232868.0,7657975.0,25460277.76,5475437.453,73914223.36,21354675.9,136.0,71.62162162162163,1.3513513513513513,27.027027027027028,87.83783783783784,47.57,47,3,74,71
2025,KUALA TAHAN,JERANTUT,TENGAH,Luar Bandar,12,365,1488252,950332,537920,300159,237761,527699.52,294455.979,147753.152,932275.71,408940.68,212370.68,532692,14,67,53.0,25.0,31.0,5.599999999999999,5100.0,79.93333333333334,3486.4166666666665,14932.0,0.981,0.27491666666666664,2.4654545454545453,98.41666666666667,2.0192070150672934,36.14441640259848,55.79993307555027,21516.8,12006.36,56.00000000000001,139.45666666666665,154.29022157420465,235.873535289108,56.13522098521692,60.5,True,1.0,537920.0,1488252.0,950332.0,300159.0,237761.0,527699.52,147753.152,932275.71,408940.68,14.0,16.216216216216218,85.13513513513513,73.64864864864865,22.972972972972975,45.95,48,62,43,-19
2025,MEMPAGA,BENTONG,BARAT,Luar Bandar,12,365,1527874,862623,665251,383184,282067,660594.243,380501.712,193453.109,856584.66,444058.07,242430.07,608615,13,86,41.8,24.0,26.0,6.599999999999999,5000.0,83.69166666666666,3694.3333333333335,15439.0,0.993,0.29075,2.4833333333333334,98.55833333333334,2.254070392275567,43.540959529385276,57.599913416139174,27718.791666666668,15966.0,54.166666666666664,153.93055555555557,180.07335558964178,284.17012850731527,48.1594650550945,55.49999999999999,True,1.0,665251.0,1527874.0,862623.0,383184.0,282067.0,660594.243,193453.109,856584.66,444058.07,13.0,27.027027027027028,78.37837837837837,56.08108108108109,27.027027027027028,45.68,49,58,22,-36
2025,SG TEKAM UTARA,JERANTUT,TENGAH,Luar Bandar,12,365,1287939,723083,564856,477869,86987,575588.264,486948.51099999994,169479.959,736821.6,386742.01,200110.01,503865,15,65,50.0,24.0,27.0,12.699999999999998,4600.0,76.7,2903.25,12528.0,1.019,0.30033333333333334,2.3625,98.2,1.882676206087944,43.85735659841033,84.60014587788747,23535.666666666668,19911.208333333332,62.5,120.96875,194.5598897786963,450.95328924009345,47.51212369452795,72.24999999999999,True,1.0,564856.0,1287939.0,723083.0,477869.0,86987.0,575588.264,169479.959,736821.6,386742.01,15.0,18.91891891891892,91.8918918918919,58.108108108108105,18.91891891891892,45.0,50,60,20,-40
2025,KARAK INDAH,BENTONG,BARAT,Luar Bandar,12,365,510716,215301,295415,186702,108713,290983.775,183901.47,98416.365,212071.52,170144.78,69190.78,173754,16,47,55.6,20.0,31.0,11.699999999999998,2100.0,66.63333333333334,1219.75,5109.0,0.985,0.33383333333333337,2.4475000000000002,98.04166666666667,2.413158373031769,57.843302344159966,63.19990521808304,14770.75,9335.1,80.0,60.9875,242.19307235089158,419.3583347137719,19.77009454169046,75.74999999999999,True,1.0,295415.0,510716.0,215301.0,186702.0,108713.0,290983.775,98416.365,212071.52,170144.78,16.0,9.45945945945946,100.0,73.64864864864865,2.7027027027027026,43.92,51,69,2,-67
2025,SG KLOI,RAUB,BARAT,Luar Bandar,12,365,1895399,909502,985897,809423,176474,1000685.4549999998,821564.345,301800.30799999996,923144.56,580439.65,395473.65,990243,12,76,37.9,25.0,12.0,9.0,6200.0,83.74166666666666,4503.5,18871.0,1.015,0.3065,2.265,98.31666666666666,2.1468087662360347,52.015274884074536,82.10015853583083,39435.88,32376.92,48.0,180.14,218.91795270345287,492.41640063816425,37.123645076779745,40.5,True,1.0,985897.0,1895399.0,909502.0,809423.0,176474.0,1000685.4549999998,301800.30799999996,923144.56,580439.65,12.0,56.75675675675676,44.5945945945946,10.81081081081081,39.189189189189186,41.89,52,41,7,-34
2025,LEPAR HILIR,KUANTAN,PANTAI TIMUR,Luar Bandar,12,365,1688025,835383,852642,551658,300984,861168.42,557174.5800000001,269208.955,843736.8300000001,532425.37,341133.37,855436,14,79,46.8,26.0,12.0,14.0,6900.0,67.05833333333334,4075.4166666666665,17129.0,1.01,0.3153333333333333,2.3841666666666668,98.7,2.948908375324774,50.51121873195006,64.69983885382142,32793.92307692308,21217.615384615383,53.84615384615385,156.74679487179486,209.21590839382478,370.8557687325021,36.89674895429183,53.0,True,1.0,852642.0,1688025.0,835383.0,551658.0,300984.0,861168.42,269208.955,843736.8300000001,532425.37,14.0,40.54054054054054,75.67567567567568,10.81081081081081,28.37837837837838,41.55,53,49,10,-39
2025,BATU SAWAR,MARAN,TENGAH,Pinggir Bandar,12,365,3819505,2441973,1377532,1159880,217652,1636508.0159999998,1377937.44,424236.536,2901063.92,1175974.52,764037.52,1925967,13,156,47.4,33.0,10.0,6.7,16300.0,64.2,9153.5,38055.0,1.188,0.30833333333333335,2.5574999999999997,98.39999999999999,1.734913324182003,36.06572055803042,84.19985887805147,41743.393939393936,35147.878787878784,39.39393939393939,277.3787878787879,150.49237996394822,347.16266178593264,59.46402587365258,31.75,True,1.0,1377532.0,3819505.0,2441973.0,1159880.0,217652.0,1636508.0159999998,424236.536,2901063.92,1175974.52,13.0,62.16216216216216,12.162162162162163,2.027027027027027,60.810810810810814,37.43,54,31,44,13
2025,JENDERAK KG,TEMERLOH,TENGAH,Pinggir Bandar,12,365,2533160,1606754,926406,755946,170460,1083895.02,884456.82,296571.612,1879902.1800000002,811286.98,539260.98,1364955,14,112,49.5,30.0,18.0,5.1,7800.0,88.97500000000001,5946.25,25107.0,1.17,0.32008333333333333,2.495,98.20833333333333,2.313776265342137,36.571160132009034,81.59986010453301,30880.2,25198.2,46.666666666666664,198.20833333333334,155.7966785789363,348.3010185422492,56.844191754700766,39.75,True,1.0,926406.0,2533160.0,1606754.0,755946.0,170460.0,1083895.02,296571.612,1879902.1800000002,811286.98,14.0,35.13513513513514,35.13513513513514,36.486486486486484,45.94594594594595,37.03,55,46,41,-5
2025,CHINI,PEKAN,PANTAI TIMUR,Luar Bandar,12,365,901999,514157,387842,272264,115578,374655.372,263007.024,136563.641,496675.65,317566.44,184118.44,462017,11,45,44.9,22.0,31.0,11.1,2900.0,85.22500000000001,2125.6666666666665,8936.0,0.9659999999999999,0.353,2.5749999999999997,98.45,1.4164349186559466,42.99805210427062,70.19972050474162,17629.18181818182,12375.636363636364,50.0,96.62121212121211,182.45664105378705,350.9152111290361,36.061604791779104,74.25,True,1.0,387842.0,901999.0,514157.0,272264.0,115578.0,374655.372,136563.641,496675.65,317566.44,11.0,13.513513513513514,56.08108108108109,73.64864864864865,13.513513513513514,36.18,56,65,26,-39
2025,SBRG TEMERLOH,TEMERLOH,TENGAH,Pinggir Bandar,12,365,5070588,3500788,1569800,1208745,361055,1844515.0,1420275.375,421212.847,4113425.93,1358642.68,930826.68,2320131,16,173,55.9,43.0,14.0,9.4,19800.0,70.125,12113.25,50179.0,1.175,0.2678333333333333,2.5749999999999997,98.28333333333335,1.8133135582700697,30.958934151226643,76.99993629761754,36506.976744186046,28110.3488372093,37.2093023255814,281.70348837209303,129.59362681361318,273.3890687459023,66.97053251667522,44.5,True,1.0,1569800.0,5070588.0,3500788.0,1208745.0,361055.0,1844515.0,421212.847,4113425.93,1358642.68,16.0,51.35135135135135,6.756756756756757,18.91891891891892,62.16216216216216,35.34,57,26,62,36
2025,TRAS,RAUB,BARAT,Luar Bandar,12,365,2048408,1290678,757730,527380,230350,747121.78,519996.68,189327.33,1272608.51,511348.7,286595.7,723184,11,102,34.9,26.0,29.0,6.8,6600.0,85.00833333333334,4929.25,20474.0,0.9860000000000001,0.25,2.3608333333333333,98.625,1.8215877190467158,36.991165822433814,69.59998944214958,29143.46153846154,20283.846153846152,42.30769230769231,189.58653846153845,153.7211543338236,293.1230333881964,59.81885269649816,60.5,True,1.0,757730.0,2048408.0,1290678.0,527380.0,230350.0,747121.78,189327.33,1272608.51,511348.7,11.0,28.37837837837838,17.56756756756757,62.83783783783784,43.24324324324324,34.8,58,54,38,-16
2025,JENGKA 8,JERANTUT,TENGAH,Luar Bandar,12,365,855342,496927,358415,201429,156986,343003.15499999997,192767.55299999999,117634.833,475559.14,280504.72,157056.72,393889,11,51,37.7,23.0,36.0,8.4,2900.0,80.80833333333332,1990.6666666666667,8518.0,0.957,0.32858333333333334,2.7418181818181817,98.25833333333333,2.384593860343492,41.90312179221878,56.1999358285786,15583.260869565218,8757.782608695652,47.82608695652174,86.55072463768116,180.04772270596115,277.2238482782666,41.015807203284965,75.0,True,1.0,358415.0,855342.0,496927.0,201429.0,156986.0,343003.15499999997,117634.833,475559.14,280504.72,11.0,12.162162162162163,41.21621621621622,87.83783783783784,12.162162162162163,34.56,59,66,28,-38
2025,BATU BALAI,JERANTUT,TENGAH,Pinggir Bandar,12,365,2438875,1581889,856986,632457,224529,1029240.186,759580.8570000001,218990.872,1899848.7,622230.89,384007.89,970843,12,99,42.0,28.0,18.0,8.2,10200.0,65.54166666666667,5819.583333333333,24327.0,1.201,0.25508333333333333,2.265,98.19166666666666,1.5149757473806351,35.13857823791707,73.8001554284434,30606.64285714286,22587.75,42.857142857142854,207.8422619047619,147.25899620534116,297.74621392303385,67.24839772767169,47.5,True,1.0,856986.0,2438875.0,1581889.0,632457.0,224529.0,1029240.186,218990.872,1899848.7,622230.89,12.0,32.432432432432435,22.2972972972973,36.486486486486484,52.702702702702695,33.75,60,48,51,3
2025,HABU,CAMERON HIGHLANDS,BARAT,Luar Bandar,12,365,732740,415031,317709,243047,74662,302776.67699999997,231623.791,120592.463,395524.56,278057.86,157902.86,394687,12,45,42.2,22.0,22.0,15.300000000000002,3000.0,66.90833333333333,1733.1666666666667,7242.0,0.953,0.3794166666666667,2.5208333333333335,98.26666666666667,2.4683450473398696,43.35903594726642,76.49987881992641,14441.318181818182,11047.59090909091,54.54545454545454,78.78030303030303,183.31127993076257,384.19974523366966,29.698964837986296,71.25000000000001,True,1.0,317709.0,732740.0,415031.0,243047.0,74662.0,302776.67699999997,120592.463,395524.56,278057.86,12.0,8.108108108108109,79.72972972972973,45.27027027027027,9.45945945945946,33.65,61,67,23,-44
2025,KG BANTAL,JERANTUT,TENGAH,Pinggir Bandar,12,365,2683384,1731448,951936,699673,252263,1085207.04,797627.22,312822.219,1973850.72,881440.16,596615.16,1490218,13,108,40.3,30.0,15.0,6.900000000000001,9500.0,77.39999999999999,6232.333333333333,26509.0,1.14,0.32841666666666663,2.341666666666667,98.64999999999999,2.106195766319126,35.47520593399975,73.50000420196315,31731.2,23322.433333333334,43.333333333333336,207.74444444444444,152.7415093330481,307.5753856929652,55.34413260998785,39.75,True,1.0,951936.0,2683384.0,1731448.0,699673.0,252263.0,1085207.04,312822.219,1973850.72,881440.16,13.0,36.486486486486484,27.027027027027028,21.62162162162162,51.35135135135135,33.38,62,44,48,4
2025,JENGKA 3-7,MARAN,TENGAH,Luar Bandar,12,365,1107527,555837,551690,340394,211296,555551.83,342776.758,178949.707,559727.86,359316.2,238180.2,594860,12,58,38.7,23.0,14.0,6.7,3900.0,77.79166666666667,2668.4166666666665,11193.0,1.007,0.32416666666666666,2.433,98.06666666666666,2.1452378550047673,49.812781087955415,61.700230201743736,23986.521739130436,14799.739130434782,52.17391304347826,116.01811594202898,206.74807157802692,349.4905098665987,35.8051964753014,37.75,True,1.0,551690.0,1107527.0,555837.0,340394.0,211296.0,555551.83,178949.707,559727.86,359316.2,12.0,21.62162162162162,67.56756756756756,18.91891891891892,16.216216216216218,31.76,63,61,13,-48
2025,GANCHONG,PEKAN,PANTAI TIMUR,Luar Bandar,12,365,607322,299765,307557,225131,82426,286950.68100000004,210047.223,118661.757,279680.74,234009.03,134153.03,335401,10,36,32.5,20.0,28.0,7.2,2600.0,63.975,1411.25,6009.0,0.9330000000000002,0.38483333333333336,2.5191666666666666,97.80833333333334,2.1012802735186917,50.64150483598486,73.1997645964813,15377.85,11256.55,50.0,70.5625,217.93232949512844,437.0574032056493,16.32994463615907,60.0,True,1.0,307557.0,607322.0,299765.0,225131.0,82426.0,286950.68100000004,118661.757,279680.74,234009.03,10.0,10.81081081081081,56.08108108108109,60.13513513513513,8.108108108108109,31.59,64,68,9,-59
2025,MUADZAM SHAH,ROMPIN,PANTAI TIMUR,Pinggir Bandar,12,365,4085543,2942148,1143395,833535,309860,1313760.855,957731.7150000001,282534.322,3380528.05,1010592.8200000001,677065.8200000001,1686446,13,154,41.4,35.0,16.0,11.199999999999998,17100.0,65.46666666666667,9693.25,40816.0,1.149,0.24691666666666667,2.561666666666667,98.48333333333333,1.0503967504392484,27.986365582249412,72.90000393564779,32668.428571428572,23815.285714285714,37.142857142857146,276.95,117.95785727181286,235.59255505084212,70.10547449828141,52.0,True,1.0,1143395.0,4085543.0,2942148.0,833535.0,309860.0,1313760.855,282534.322,3380528.05,1010592.8200000001,13.0,39.189189189189186,5.405405405405405,27.027027027027028,59.45945945945946,31.35,65,38,70,32
2025,SG AUR,ROMPIN,PANTAI TIMUR,Luar Bandar,12,365,446697,286240,160457,109750,50707,150348.209,102835.75,68597.121,268206.89,191026.74,93911.74,236740,10,34,30.5,20.0,33.0,7.8,1800.0,67.97500000000001,1026.6666666666667,4437.0,0.9369999999999999,0.42849999999999994,2.5872727272727274,98.14999999999999,2.3207887896274864,35.92076955967916,68.39838710682614,8022.85,5487.5,50.0,51.333333333333336,156.2892857142857,292.87493328589215,28.77634873585836,69.0,True,1.0,160457.0,446697.0,286240.0,109750.0,50707.0,150348.209,68597.121,268206.89,191026.74,10.0,1.3513513513513513,56.08108108108109,80.4054054054054,1.3513513513513513,30.84,66,74,46,-28
2025,BENTA,LIPIS,BARAT,Luar Bandar,12,365,602169,385433,216736,158000,58736,220853.98399999997,161001.99999999997,70462.091,392756.24,195595.88999999998,100191.89,251834,11,38,38.400000000000006,21.0,25.0,10.0,2200.0,74.99166666666666,1381.8333333333333,5903.0,1.019,0.32475,2.589166666666667,98.16666666666667,1.7331002174243595,35.99255358545525,72.89974900339584,10320.761904761905,7523.809523809524,52.38095238095239,65.8015873015873,156.84670124231096,313.2626069198653,50.199164244978014,62.5,True,1.0,216736.0,602169.0,385433.0,158000.0,58736.0,220853.98399999997,70462.091,392756.24,195595.88999999998,11.0,2.7027027027027026,68.91891891891892,53.37837837837838,5.405405405405405,29.8,67,73,45,-28
2025,SG KERATONG,ROMPIN,PANTAI TIMUR,Luar Bandar,12,365,1126596,695187,431409,241159,190250,413721.23099999997,231271.481,120042.74,666684.33,313341.78,158475.78,394721,11,56,39.3,23.0,22.0,11.5,4700.0,65.64166666666667,2700.0833333333335,11152.0,0.959,0.27875,2.715,98.60833333333333,1.3449118479617468,38.29314146331072,55.90031733227633,18756.91304347826,10485.173913043478,47.82608695652174,117.39492753623189,159.77617974753863,244.69970274044476,52.99997826557584,61.75000000000001,True,1.0,431409.0,1126596.0,695187.0,241159.0,190250.0,413721.23099999997,120042.74,666684.33,313341.78,11.0,14.864864864864865,41.21621621621622,45.27027027027027,17.56756756756757,27.94,68,64,33,-31
2025,LUBUK KAWAH,TEMERLOH,TENGAH,Luar Bandar,12,365,908527,386064,522463,406999,115464,505221.721,393568.033,148383.96,373323.9,258007.74,127694.74,319862,11,46,42.4,22.0,12.0,11.300000000000002,3700.0,67.28333333333333,2140.75,9017.0,0.967,0.2843333333333333,2.2925,97.83333333333333,3.181325719465602,57.50660134481419,77.90006182255968,23748.31818181818,18499.954545454544,50.0,97.30681818181819,244.05605512086885,520.8762132078278,30.889037642647583,46.25000000000001,True,1.0,522463.0,908527.0,386064.0,406999.0,115464.0,505221.721,148383.96,373323.9,258007.74,11.0,20.27027027027027,56.08108108108109,10.81081081081081,14.864864864864865,26.52,69,63,4,-59
2025,SEPAYANG,ROMPIN,PANTAI TIMUR,Luar Bandar,12,365,1608286,1016674,591612,476840,114773,591020.388,476363.16,147446.817,1015657.34,400571.56,205331.56,516935,11,73,41.1,27.0,26.0,16.0,5300.0,83.14999999999999,3737.6666666666665,15724.0,0.999,0.24941666666666665,2.4041666666666663,98.56666666666666,1.3800252522942105,36.78524839487504,80.60012305362298,21911.555555555555,17660.74074074074,40.74074074074074,138.4320987654321,158.2837777579595,349.5258072516123,60.56036379356053,79.0,True,1.0,591612.0,1608286.0,1016674.0,476840.0,114773.0,591020.388,147446.817,1015657.34,400571.56,11.0,17.56756756756757,16.216216216216218,56.08108108108109,20.27027027027027,25.34,70,59,39,-20
2025,SEBERANG TEMBELING,JERANTUT,TENGAH,Luar Bandar,12,365,1895342,1221647,673695,371206,302489,668305.44,368236.352,167692.09100000001,1211873.83,471389.78,289723.78,726560,10,79,36.0,27.0,20.0,7.0,6600.0,78.66666666666667,4377.0,18645.0,0.992,0.24883333333333332,2.4745454545454546,97.95,2.2010156057987635,35.54477239463907,55.10000816393175,24951.666666666668,13748.37037037037,37.03703703703704,162.11111111111111,153.91706648389308,232.35155122824477,61.10240453001613,47.5,True,1.0,673695.0,1895342.0,1221647.0,371206.0,302489.0,668305.44,167692.09100000001,1211873.83,471389.78,10.0,22.972972972972975,4.054054054054054,40.54054054054054,32.432432432432435,23.18,71,57,47,-10
2025,MEMPATEH,TEMERLOH,TENGAH,Luar Bandar,12,365,592118,336779,255339,178737,76602,249721.542,174804.786,100448.151,329369.88,233271.62,131958.62,329296,10,38,31.6,21.0,17.0,15.199999999999998,2000.0,81.11666666666666,1395.1666666666667,5854.0,0.9780000000000001,0.3938333333333333,2.5058333333333334,98.325,2.1370469571279185,43.12299237651955,69.99988250913492,12159.0,8511.285714285714,47.61904761904761,66.43650793650794,183.0168438657269,350.9906182957143,29.176395850160926,63.5,True,1.0,255339.0,592118.0,336779.0,178737.0,76602.0,249721.542,100448.151,329369.88,233271.62,10.0,5.405405405405405,39.189189189189186,33.108108108108105,6.756756756756757,19.59,72,71,25,-46
2025,SG KLAU,RAUB,BARAT,Luar Bandar,12,365,528586,286442,242144,138748,103396,247713.31199999998,141939.204,86688.28199999999,293030.18,188780.49,103323.49,260759,10,39,35.6,20.0,12.0,6.400000000000001,1800.0,80.39166666666667,1238.6666666666667,5265.0,1.023,0.35874999999999996,2.535,98.14999999999999,2.60116524005312,45.8097641632582,57.29978855557024,12107.2,6937.4,50.0,61.93333333333334,195.4876210979548,306.8876535381984,35.576434481936296,34.0,True,1.0,242144.0,528586.0,286442.0,138748.0,103396.0,247713.31199999998,86688.28199999999,293030.18,188780.49,10.0,4.054054054054054,56.08108108108109,10.81081081081081,4.054054054054054,18.41,73,72,17,-55
2025,CHENOR,MARAN,TENGAH,Luar Bandar,12,365,726748,451034,275714,220294,55420,280676.852,224259.29200000002,95849.371,459152.61,252769.72,143331.72,356574,9,43,27.2,21.0,12.0,6.3,2500.0,79.66666666666667,1711.1666666666667,7178.0,1.018,0.3481666666666667,2.5333333333333337,98.175,1.7180635681610927,37.93804730112777,79.89946103571091,13129.238095238095,10490.190476190477,42.857142857142854,81.48412698412699,161.126327067303,352.70977236551204,44.94864790162033,33.75,True,1.0,275714.0,726748.0,451034.0,220294.0,55420.0,280676.852,95849.371,459152.61,252769.72,9.0,6.756756756756757,22.2972972972973,10.81081081081081,10.81081081081081,12.06,74,70,36,-34
